time	I(L21)	I(L22)	I(R2)	I(R10)	I(R30)
0.000000000000000e+000	-3.297555e-021	-5.882238e-022	-6.776264e-021	-7.300207e-021	-2.596169e-020
2.823107199787331e-010	-3.945408e-018	2.797012e-018	1.419963e-018	1.365447e-018	1.506986e-018
5.823107199787321e-010	-2.664152e-018	5.731670e-018	1.653461e-018	1.548807e-018	1.719443e-018
8.823107199787310e-010	-1.926389e-018	6.614246e-018	1.897828e-018	1.758209e-018	1.903501e-018
1.000000000000000e-009	-2.947647e-018	5.549007e-018	1.955574e-018	1.868699e-018	1.804873e-018
1.179500000000018e-009	-1.063165e-018	7.296068e-018	2.113274e-018	1.847429e-018	2.074491e-018
1.479500000000048e-009	-1.588681e-018	6.490342e-018	2.171747e-018	1.975712e-018	2.280333e-018
1.779500000000078e-009	-5.257985e-019	7.332850e-018	2.408015e-018	2.150943e-018	2.510399e-018
2.079500000000063e-009	-5.051419e-019	7.106697e-018	2.518406e-018	2.318065e-018	2.674668e-018
2.379500000000031e-009	-6.469202e-019	6.667163e-018	2.669518e-018	2.449098e-018	2.815187e-018
2.679499999999999e-009	-4.496128e-019	6.640958e-018	2.775738e-018	2.499326e-018	2.995846e-018
2.979499999999967e-009	3.463725e-019	7.244745e-018	2.965307e-018	2.612453e-018	3.069206e-018
3.279499999999935e-009	2.960569e-019	7.023214e-018	3.011787e-018	2.719258e-018	3.269065e-018
3.579499999999903e-009	5.273682e-019	7.065096e-018	3.019024e-018	2.789375e-018	3.407803e-018
3.879499999999935e-009	-3.538203e-019	6.026945e-018	3.159267e-018	2.920664e-018	3.528629e-018
3.892071428571376e-009	-3.687607e-019	6.006567e-018	3.173183e-018	2.904418e-018	3.526654e-018
3.904642857142817e-009	-3.583959e-019	6.011656e-018	3.178638e-018	2.891274e-018	3.525383e-018
3.917214285714258e-009	-3.227258e-019	6.042211e-018	3.175633e-018	2.881234e-018	3.524818e-018
3.929785714285698e-009	-2.617504e-019	6.098233e-018	3.164168e-018	2.874298e-018	3.524957e-018
3.942357142857139e-009	-1.754699e-019	6.179721e-018	3.144243e-018	2.870464e-018	3.525800e-018
3.954928571428580e-009	-6.388404e-020	6.286676e-018	3.115858e-018	2.869734e-018	3.527348e-018
3.967500000000021e-009	7.300703e-020	6.419098e-018	3.079013e-018	2.872108e-018	3.529601e-018
3.982071428571436e-009	-1.175554e-019	6.178936e-018	3.121346e-018	2.878696e-018	3.531060e-018
3.996642857142852e-009	-2.038410e-019	5.997143e-018	3.155272e-018	2.889665e-018	3.533135e-018
4.011214285714267e-009	-1.858497e-019	5.873716e-018	3.180790e-018	2.905015e-018	3.535827e-018
4.025785714285682e-009	-6.358152e-020	5.808658e-018	3.197900e-018	2.924745e-018	3.539135e-018
4.040357142857098e-009	1.629635e-019	5.801966e-018	3.206603e-018	2.948856e-018	3.543059e-018
4.054928571428513e-009	4.937854e-019	5.853642e-018	3.206898e-018	2.977348e-018	3.547600e-018
4.069499999999929e-009	9.288841e-019	5.963686e-018	3.198786e-018	3.010220e-018	3.552757e-018
4.173499999999961e-009	1.295927e-018	4.959181e-018	3.198938e-018	2.985798e-018	3.586050e-018
4.473500000000053e-009	3.231248e-018	5.028918e-018	3.288770e-018	3.080213e-018	3.736008e-018
4.773500000000145e-009	3.827427e-018	5.033797e-018	3.308886e-018	3.085708e-018	3.891549e-018
5.073500000000237e-009	-3.749149e-019	3.186552e-018	4.720314e-018	4.462575e-018	5.516085e-018
5.373500000000329e-009	2.458285e-019	8.430893e-018	5.404660e-018	5.072692e-018	6.338760e-018
5.673500000000421e-009	1.880807e-018	1.067481e-017	5.261515e-018	4.895548e-018	6.078797e-018
5.973500000000513e-009	1.598599e-018	1.026053e-017	6.168136e-018	5.708738e-018	7.125714e-018
5.998500000000521e-009	2.740690e-019	8.931459e-018	5.965117e-018	5.626507e-018	7.009844e-018
5.999500000000521e-009	3.306851e-018	1.191881e-017	6.859293e-017	6.825676e-017	5.346594e-018
6.000500000000522e-009	8.532304e-018	1.709339e-017	4.795052e-016	4.796587e-016	3.623177e-018
6.001500000000522e-009	9.771018e-018	1.846495e-017	1.717007e-015	1.718516e-015	4.376051e-018
6.003928571429094e-009	7.562822e-018	1.382269e-017	9.660851e-015	9.668607e-015	5.054288e-018
6.006357142857667e-009	3.987269e-018	1.485786e-017	2.589491e-014	2.591355e-014	5.653133e-018
6.008785714286239e-009	-9.556406e-019	2.157046e-017	5.041918e-014	5.045335e-014	6.172587e-018
6.011214285714811e-009	-7.265907e-018	3.396048e-017	8.323366e-014	8.328799e-014	6.612649e-018
6.013642857143383e-009	-1.494353e-017	5.202793e-017	1.243384e-013	1.244175e-013	6.973320e-018
6.016071428571955e-009	-2.398851e-017	7.577281e-017	1.737333e-013	1.738418e-013	7.254600e-018
6.018500000000527e-009	-3.440085e-017	1.051951e-016	2.314184e-013	2.315611e-013	7.456488e-018
6.054785714286253e-009	1.573595e-016	-2.420081e-015	2.328464e-012	2.329834e-012	-4.093647e-018
6.091071428571978e-009	-2.598957e-015	5.693132e-015	5.835736e-012	5.839056e-012	1.875474e-017
6.127357142857704e-009	-8.303350e-015	2.444483e-014	1.075323e-011	1.075923e-011	7.600165e-017
6.163642857143429e-009	-1.695582e-014	5.383502e-014	1.708096e-011	1.709034e-011	1.676471e-016
6.199928571429154e-009	-2.855637e-014	9.386370e-014	2.481891e-011	2.483241e-011	2.936910e-016
6.236214285714880e-009	-4.310499e-014	1.445309e-013	3.396709e-011	3.398543e-011	4.541335e-016
6.272500000000605e-009	-6.060169e-014	2.058365e-013	4.452549e-011	4.454939e-011	6.489745e-016
6.273500000000605e-009	-6.114586e-014	2.078288e-013	4.482510e-011	4.484915e-011	6.562985e-016
6.316214285714904e-009	-8.764073e-014	3.038180e-013	5.859384e-011	5.862503e-011	9.657937e-016
6.358928571429203e-009	-1.171832e-013	4.201409e-013	7.350636e-011	7.354513e-011	1.359103e-015
6.401642857143502e-009	-1.497733e-013	5.567974e-013	8.956265e-011	8.960943e-011	1.836225e-015
6.444357142857801e-009	-1.854110e-013	7.137875e-013	1.067627e-010	1.068179e-010	2.397161e-015
6.487071428572100e-009	-2.240963e-013	8.911112e-013	1.251065e-010	1.251707e-010	3.041910e-015
6.529785714286398e-009	-2.658292e-013	1.088768e-012	1.445941e-010	1.446676e-010	3.770473e-015
6.572500000000697e-009	-3.106097e-013	1.306759e-012	1.652255e-010	1.653088e-010	4.582849e-015
6.573500000000697e-009	-3.116501e-013	1.312072e-012	1.657145e-010	1.657980e-010	4.602910e-015
6.873500000000789e-009	-6.414274e-013	3.327284e-012	3.314266e-010	3.315833e-010	1.281897e-014
6.900000418282007e-009	-6.704982e-013	3.541414e-012	3.476407e-010	3.478040e-010	1.374645e-014
7.144713296168485e-009	-9.240507e-013	5.742368e-012	5.071109e-010	5.073366e-010	2.378834e-014
7.444713296168577e-009	-1.185630e-012	8.886812e-012	7.231080e-010	7.234086e-010	3.947105e-014
7.744713296168425e-009	-1.391926e-012	1.239633e-011	9.580619e-010	9.584324e-010	5.851324e-014
7.766713296168414e-009	-1.405140e-012	1.266543e-011	9.759710e-010	9.763467e-010	6.003484e-014
7.767713296168413e-009	-1.405735e-012	1.267769e-011	9.767871e-010	9.771630e-010	6.010371e-014
7.767993970497466e-009	-1.405902e-012	1.268114e-011	9.770162e-010	9.773922e-010	6.012281e-014
7.768226161086782e-009	-1.406039e-012	1.268399e-011	9.772058e-010	9.775818e-010	6.013868e-014
7.768883066583345e-009	-1.406427e-012	1.269205e-011	9.777438e-010	9.781199e-010	6.018355e-014
7.770551613840212e-009	-1.407422e-012	1.271253e-011	9.791475e-010	9.795241e-010	6.030175e-014
7.771551613840212e-009	-1.408018e-012	1.272482e-011	9.800289e-010	9.804058e-010	6.037071e-014
7.772551613840211e-009	-1.408616e-012	1.273711e-011	9.809573e-010	9.813345e-010	6.043946e-014
7.773551613840211e-009	-1.409219e-012	1.274942e-011	9.819460e-010	9.823236e-010	6.050988e-014
7.775551613840210e-009	-1.410449e-012	1.277410e-011	9.841585e-010	9.845369e-010	6.064982e-014
7.777551613840209e-009	-1.411717e-012	1.279891e-011	9.867756e-010	9.871551e-010	6.078975e-014
7.779551613840208e-009	-1.413055e-012	1.282389e-011	9.899064e-010	9.902873e-010	6.093056e-014
7.781551613840207e-009	-1.414478e-012	1.284913e-011	9.936598e-010	9.940425e-010	6.107184e-014
7.783551613840205e-009	-1.416030e-012	1.287472e-011	9.981442e-010	9.985293e-010	6.121448e-014
7.785551613840204e-009	-1.417734e-012	1.290074e-011	1.003468e-009	1.003855e-009	6.135803e-014
7.787551613840203e-009	-1.419643e-012	1.292731e-011	1.009738e-009	1.010129e-009	6.150354e-014
7.789551613840202e-009	-1.421787e-012	1.295457e-011	1.017060e-009	1.017455e-009	6.165052e-014
7.792551613840201e-009	-1.425567e-012	1.299701e-011	1.030250e-009	1.030652e-009	6.187507e-014
7.795551613840199e-009	-1.430179e-012	1.304178e-011	1.046402e-009	1.046813e-009	6.210780e-014
7.798551613840198e-009	-1.435816e-012	1.308946e-011	1.065867e-009	1.066289e-009	6.234851e-014
7.801551613840196e-009	-1.442696e-012	1.314068e-011	1.088991e-009	1.089426e-009	6.259755e-014
7.806408756697337e-009	-1.453722e-012	1.322272e-011	1.131858e-009	1.132317e-009	6.299907e-014
7.811265899554477e-009	-1.472992e-012	1.332885e-011	1.189890e-009	1.190382e-009	6.346928e-014
7.816123042411618e-009	-1.500505e-012	1.345906e-011	1.263087e-009	1.263619e-009	6.400817e-014
7.820980185268757e-009	-1.536262e-012	1.361336e-011	1.351449e-009	1.352031e-009	6.461574e-014
7.825837328125897e-009	-1.580262e-012	1.379173e-011	1.454975e-009	1.455615e-009	6.529200e-014
7.830694470983038e-009	-1.632505e-012	1.399419e-011	1.573667e-009	1.574373e-009	6.603694e-014
7.835551613840178e-009	-1.692992e-012	1.422073e-011	1.707523e-009	1.708304e-009	6.685056e-014
7.840694470983033e-009	-1.770541e-012	1.449971e-011	1.871764e-009	1.872638e-009	6.782258e-014
7.845837328125887e-009	-1.870102e-012	1.484579e-011	2.060284e-009	2.061263e-009	6.899097e-014
7.850980185268741e-009	-1.991677e-012	1.525895e-011	2.273084e-009	2.274182e-009	7.035572e-014
7.856123042411597e-009	-2.135264e-012	1.573922e-011	2.510163e-009	2.511393e-009	7.191684e-014
7.861265899554451e-009	-2.300864e-012	1.628658e-011	2.771522e-009	2.772898e-009	7.367433e-014
7.866408756697305e-009	-2.488477e-012	1.690103e-011	3.057161e-009	3.058695e-009	7.562818e-014
7.871551613840160e-009	-2.698103e-012	1.758258e-011	3.367078e-009	3.368784e-009	7.777840e-014
7.873551613840159e-009	-2.789215e-012	1.787781e-011	3.494922e-009	3.496699e-009	7.870443e-014
7.875551613840158e-009	-2.884794e-012	1.818697e-011	3.626597e-009	3.628447e-009	7.967227e-014
7.882837328125868e-009	-3.263667e-012	1.940186e-011	4.144151e-009	4.146287e-009	8.344674e-014
7.890123042411579e-009	-3.717123e-012	2.086004e-011	4.706353e-009	4.708799e-009	8.796373e-014
7.897408756697289e-009	-4.245163e-012	2.256153e-011	5.313202e-009	5.315981e-009	9.322326e-014
7.904694470982999e-009	-4.847786e-012	2.450632e-011	5.964699e-009	5.967834e-009	9.922532e-014
7.911980185268709e-009	-5.524993e-012	2.669440e-011	6.660843e-009	6.664359e-009	1.059699e-013
7.919265899554421e-009	-6.276784e-012	2.912579e-011	7.401635e-009	7.405554e-009	1.134570e-013
7.926551613840131e-009	-7.103158e-012	3.180049e-011	8.187074e-009	8.191421e-009	1.216867e-013
7.935265899554413e-009	-8.213250e-012	3.540049e-011	9.177139e-009	9.182023e-009	1.327585e-013
7.943980185268693e-009	-9.439424e-012	3.942593e-011	1.019740e-008	1.020283e-008	1.452154e-013
7.952694470982974e-009	-1.078168e-011	4.387681e-011	1.124784e-008	1.125384e-008	1.590575e-013
7.961408756697256e-009	-1.224002e-011	4.875311e-011	1.232848e-008	1.233506e-008	1.742848e-013
7.970123042411538e-009	-1.381444e-011	5.405485e-011	1.343931e-008	1.344648e-008	1.908973e-013
7.978837328125818e-009	-1.550494e-011	5.978202e-011	1.458033e-008	1.458811e-008	2.088949e-013
7.987551613840099e-009	-1.731153e-011	6.593462e-011	1.575155e-008	1.575994e-008	2.282776e-013
7.991123042411527e-009	-1.808067e-011	6.857972e-011	1.623112e-008	1.623977e-008	2.366543e-013
7.994694470982953e-009	-1.886607e-011	7.129322e-011	1.671210e-008	1.672100e-008	2.452686e-013
7.998265899554380e-009	-1.966773e-011	7.407512e-011	1.719449e-008	1.720364e-008	2.541206e-013
8.001837328125806e-009	-2.048565e-011	7.692543e-011	1.767829e-008	1.768769e-008	2.632102e-013
8.005408756697233e-009	-2.131983e-011	7.984413e-011	1.816349e-008	1.817315e-008	2.725375e-013
8.008980185268659e-009	-2.217026e-011	8.283124e-011	1.865010e-008	1.866002e-008	2.821024e-013
8.012551613840086e-009	-2.303696e-011	8.588674e-011	1.913812e-008	1.914829e-008	2.919050e-013
8.013551613840086e-009	-2.328205e-011	8.675369e-011	1.927472e-008	1.928496e-008	2.946921e-013
8.014551613840085e-009	-2.352830e-011	8.762580e-011	1.941137e-008	1.942169e-008	2.974976e-013
8.016551613840084e-009	-2.402422e-011	8.938542e-011	1.968478e-008	1.969523e-008	3.031605e-013
8.017980185268654e-009	-2.438130e-011	9.065495e-011	1.988017e-008	1.989073e-008	3.072518e-013
8.019408756697226e-009	-2.474058e-011	9.193469e-011	2.007553e-008	2.008619e-008	3.113800e-013
8.020837328125796e-009	-2.510206e-011	9.322465e-011	2.027085e-008	2.028161e-008	3.155452e-013
8.022265899554367e-009	-2.546574e-011	9.452483e-011	2.046613e-008	2.047699e-008	3.197474e-013
8.023694470982937e-009	-2.583162e-011	9.583523e-011	2.066138e-008	2.067234e-008	3.239865e-013
8.025123042411509e-009	-2.619971e-011	9.715584e-011	2.085658e-008	2.086764e-008	3.282626e-013
8.026551613840079e-009	-2.657000e-011	9.848666e-011	2.105175e-008	2.106291e-008	3.325757e-013
8.027551613840079e-009	-2.683024e-011	9.942337e-011	2.118828e-008	2.119951e-008	3.356130e-013
8.027961081515119e-009	-2.693707e-011	9.980820e-011	2.124417e-008	2.125543e-008	3.368610e-013
8.027996380564761e-009	-2.694629e-011	9.984143e-011	2.124898e-008	2.126025e-008	3.369691e-013
8.028031679614403e-009	-2.695552e-011	9.987467e-011	2.125380e-008	2.126507e-008	3.370770e-013
8.028066978664045e-009	-2.696474e-011	9.990792e-011	2.125862e-008	2.126989e-008	3.371850e-013
8.028102277713685e-009	-2.697397e-011	9.994118e-011	2.126344e-008	2.127471e-008	3.372928e-013
8.028137576763327e-009	-2.698320e-011	9.997445e-011	2.126825e-008	2.127953e-008	3.374006e-013
8.028172875812969e-009	-2.699243e-011	1.000077e-010	2.127307e-008	2.128435e-008	3.375084e-013
8.028208174862611e-009	-2.700166e-011	1.000410e-010	2.127789e-008	2.128917e-008	3.376161e-013
8.028214996189908e-009	-2.700344e-011	1.000474e-010	2.127882e-008	2.129010e-008	3.376370e-013
8.030978011399211e-009	-2.773066e-011	1.026735e-010	2.165564e-008	2.166711e-008	3.461681e-013
8.033741026608512e-009	-2.846479e-011	1.053348e-010	2.203189e-008	2.204356e-008	3.548317e-013
8.036504041817815e-009	-2.920583e-011	1.080316e-010	2.240759e-008	2.241945e-008	3.636277e-013
8.039267057027116e-009	-2.995378e-011	1.107637e-010	2.278272e-008	2.279478e-008	3.725561e-013
8.042030072236419e-009	-3.070865e-011	1.135311e-010	2.315730e-008	2.316954e-008	3.816171e-013
8.044793087445720e-009	-3.147042e-011	1.163339e-010	2.353131e-008	2.354375e-008	3.908104e-013
8.047556102655023e-009	-3.223911e-011	1.191721e-010	2.390476e-008	2.391739e-008	4.001363e-013
8.052698959797877e-009	-3.368845e-011	1.245502e-010	2.459834e-008	2.461132e-008	4.178519e-013
8.057841816940731e-009	-3.515468e-011	1.300352e-010	2.528927e-008	2.530260e-008	4.359949e-013
8.062984674083585e-009	-3.663780e-011	1.356272e-010	2.597755e-008	2.599123e-008	4.545653e-013
8.068127531226441e-009	-3.813781e-011	1.413261e-010	2.666320e-008	2.667722e-008	4.735632e-013
8.073270388369295e-009	-3.965471e-011	1.471320e-010	2.734620e-008	2.736056e-008	4.929884e-013
8.078413245512150e-009	-4.118851e-011	1.530449e-010	2.802655e-008	2.804126e-008	5.128411e-013
8.083556102655004e-009	-4.273919e-011	1.590647e-010	2.870426e-008	2.871931e-008	5.331212e-013
8.089556102655001e-009	-4.456480e-011	1.662123e-010	2.949109e-008	2.950653e-008	5.572999e-013
8.095556102654998e-009	-4.640139e-011	1.734764e-010	3.027337e-008	3.028919e-008	5.819949e-013
8.101556102654995e-009	-4.824895e-011	1.808570e-010	3.105109e-008	3.106730e-008	6.072060e-013
8.107556102654991e-009	-5.010750e-011	1.883541e-010	3.182427e-008	3.184086e-008	6.329333e-013
8.113556102654988e-009	-5.197701e-011	1.959676e-010	3.259290e-008	3.260986e-008	6.591768e-013
8.119556102654985e-009	-5.385751e-011	2.036975e-010	3.335698e-008	3.337431e-008	6.859366e-013
8.125556102654982e-009	-5.574898e-011	2.115440e-010	3.411650e-008	3.413421e-008	7.132125e-013
8.130698959797836e-009	-5.737314e-011	2.183476e-010	3.476350e-008	3.478152e-008	7.369690e-013
8.135841816940690e-009	-5.899798e-011	2.252171e-010	3.540671e-008	3.542504e-008	7.610568e-013
8.140984674083545e-009	-6.062352e-011	2.321525e-010	3.604615e-008	3.606478e-008	7.854760e-013
8.146127531226401e-009	-6.224975e-011	2.391538e-010	3.668180e-008	3.670074e-008	8.102265e-013
8.151270388369255e-009	-6.387667e-011	2.462211e-010	3.731368e-008	3.733292e-008	8.353084e-013
8.156413245512109e-009	-6.550428e-011	2.533542e-010	3.794178e-008	3.796131e-008	8.607216e-013
8.161556102654963e-009	-6.713258e-011	2.605532e-010	3.856610e-008	3.858593e-008	8.864661e-013
8.162556102654963e-009	-6.744855e-011	2.619586e-010	3.868702e-008	3.870690e-008	8.915059e-013
8.163556102654962e-009	-6.776441e-011	2.633662e-010	3.880778e-008	3.882773e-008	8.965559e-013
8.164556102654962e-009	-6.808018e-011	2.647758e-010	3.892840e-008	3.894840e-008	9.016174e-013
8.166698959797818e-009	-6.875663e-011	2.678041e-010	3.918643e-008	3.920656e-008	9.125056e-013
8.168841816940673e-009	-6.943239e-011	2.708415e-010	3.944359e-008	3.946384e-008	9.234453e-013
8.170984674083529e-009	-7.010746e-011	2.738880e-010	3.969988e-008	3.972025e-008	9.344363e-013
8.173127531226387e-009	-7.078184e-011	2.769435e-010	3.995530e-008	3.997578e-008	9.454786e-013
8.175270388369242e-009	-7.145553e-011	2.800082e-010	4.020984e-008	4.023045e-008	9.565723e-013
8.177413245512098e-009	-7.212854e-011	2.830819e-010	4.046352e-008	4.048424e-008	9.677174e-013
8.179556102654954e-009	-7.280086e-011	2.861648e-010	4.071632e-008	4.073716e-008	9.789139e-013
8.182556102654952e-009	-7.374032e-011	2.904942e-010	4.106838e-008	4.108937e-008	9.946710e-013
8.183556102654952e-009	-7.405304e-011	2.919409e-010	4.118526e-008	4.120631e-008	9.999439e-013
8.184556102654951e-009	-7.436559e-011	2.933890e-010	4.130196e-008	4.132307e-008	1.005224e-012
8.184754844671793e-009	-7.442767e-011	2.936770e-010	4.132513e-008	4.134624e-008	1.006275e-012
8.184948597725725e-009	-7.448819e-011	2.939579e-010	4.134769e-008	4.136882e-008	1.007301e-012
8.184982810259959e-009	-7.449887e-011	2.940075e-010	4.135168e-008	4.137281e-008	1.007481e-012
8.184985546397939e-009	-7.449973e-011	2.940115e-010	4.135200e-008	4.137312e-008	1.007496e-012
8.184990169710685e-009	-7.450117e-011	2.940182e-010	4.135253e-008	4.137366e-008	1.007520e-012
8.184995968410086e-009	-7.450298e-011	2.940266e-010	4.135321e-008	4.137434e-008	1.007551e-012
8.185002963912981e-009	-7.450517e-011	2.940367e-010	4.135402e-008	4.137516e-008	1.007588e-012
8.185010610797859e-009	-7.450755e-011	2.940478e-010	4.135491e-008	4.137604e-008	1.007629e-012
8.185018551867994e-009	-7.451004e-011	2.940593e-010	4.135584e-008	4.137697e-008	1.007671e-012
8.185027925534393e-009	-7.451296e-011	2.940729e-010	4.135693e-008	4.137806e-008	1.007720e-012
8.185038553264773e-009	-7.451628e-011	2.940883e-010	4.135817e-008	4.137930e-008	1.007777e-012
8.185066874810722e-009	-7.452512e-011	2.941294e-010	4.136146e-008	4.138260e-008	1.007926e-012
8.185321741339645e-009	-7.460470e-011	2.944991e-010	4.139112e-008	4.141227e-008	1.009277e-012
8.185576607868569e-009	-7.468425e-011	2.948689e-010	4.142076e-008	4.144192e-008	1.010628e-012
8.185831474397492e-009	-7.476380e-011	2.952388e-010	4.145038e-008	4.147156e-008	1.011980e-012
8.186086340926414e-009	-7.484332e-011	2.956089e-010	4.147999e-008	4.150118e-008	1.013333e-012
8.186341207455337e-009	-7.492283e-011	2.959791e-010	4.150958e-008	4.153078e-008	1.014686e-012
8.186596073984261e-009	-7.500232e-011	2.963493e-010	4.153915e-008	4.156037e-008	1.016040e-012
8.186850940513183e-009	-7.508179e-011	2.967197e-010	4.156870e-008	4.158994e-008	1.017394e-012
8.201993797656033e-009	-7.980959e-011	3.190477e-010	4.329317e-008	4.331519e-008	1.099437e-012
8.217136654798882e-009	-8.441833e-011	3.415448e-010	4.496895e-008	4.499172e-008	1.183228e-012
8.232279511941731e-009	-8.890800e-011	3.642109e-010	4.659604e-008	4.661953e-008	1.268768e-012
8.247422369084581e-009	-9.327860e-011	3.870461e-010	4.817443e-008	4.819860e-008	1.356058e-012
8.262565226227430e-009	-9.753014e-011	4.100504e-010	4.970412e-008	4.972895e-008	1.445097e-012
8.277708083370279e-009	-1.016626e-010	4.332237e-010	5.118512e-008	5.121058e-008	1.535884e-012
8.292850940513128e-009	-1.056760e-010	4.565662e-010	5.261743e-008	5.264348e-008	1.628421e-012
8.293850940513128e-009	-1.059334e-010	4.580995e-010	5.271079e-008	5.273686e-008	1.634550e-012
8.321993797655970e-009	-1.128974e-010	5.015742e-010	5.524293e-008	5.527001e-008	1.810575e-012
8.350136654798812e-009	-1.192532e-010	5.444218e-010	5.765795e-008	5.768595e-008	1.988347e-012
8.378279511941655e-009	-1.250009e-010	5.866420e-010	5.995582e-008	5.998468e-008	2.167865e-012
8.406422369084498e-009	-1.301404e-010	6.282350e-010	6.213657e-008	6.216619e-008	2.349130e-012
8.434565226227341e-009	-1.346719e-010	6.692008e-010	6.420018e-008	6.423048e-008	2.532142e-012
8.462708083370183e-009	-1.385951e-010	7.095393e-010	6.614665e-008	6.617757e-008	2.716900e-012
8.490850940513025e-009	-1.419103e-010	7.492506e-010	6.797599e-008	6.800744e-008	2.903405e-012
8.505422369084447e-009	-1.433959e-010	7.692859e-010	6.889447e-008	6.892617e-008	2.999390e-012
8.519993797655867e-009	-1.447414e-010	7.890386e-010	6.979096e-008	6.982291e-008	3.095220e-012
8.534565226227289e-009	-1.459466e-010	8.085087e-010	7.066547e-008	7.069764e-008	3.190893e-012
8.549136654798709e-009	-1.470116e-010	8.276962e-010	7.151800e-008	7.155038e-008	3.286409e-012
8.563708083370130e-009	-1.479363e-010	8.466010e-010	7.234854e-008	7.238112e-008	3.381769e-012
8.578279511941550e-009	-1.487208e-010	8.652233e-010	7.315710e-008	7.318986e-008	3.476972e-012
8.592850940512972e-009	-1.493651e-010	8.835629e-010	7.394368e-008	7.397661e-008	3.572019e-012
8.593850940512972e-009	-1.494054e-010	8.848100e-010	7.399706e-008	7.403000e-008	3.578525e-012
8.625993797655812e-009	-1.502777e-010	9.241202e-010	7.565158e-008	7.568484e-008	3.787371e-012
8.658136654798652e-009	-1.506999e-010	9.620101e-010	7.723213e-008	7.726565e-008	3.993935e-012
8.690279511941492e-009	-1.506721e-010	9.984796e-010	7.873869e-008	7.877243e-008	4.198218e-012
8.722422369084334e-009	-1.501943e-010	1.033529e-009	8.017128e-008	8.020519e-008	4.400220e-012
8.754565226227174e-009	-1.492665e-010	1.067158e-009	8.152990e-008	8.156393e-008	4.599941e-012
8.786708083370014e-009	-1.478886e-010	1.099366e-009	8.281454e-008	8.284863e-008	4.797380e-012
8.818850940512855e-009	-1.460606e-010	1.130155e-009	8.402520e-008	8.405932e-008	4.992538e-012
8.819850940512854e-009	-1.460023e-010	1.131093e-009	8.406278e-008	8.409689e-008	4.998552e-012
8.820131614841906e-009	-1.459858e-010	1.131356e-009	8.407353e-008	8.410765e-008	5.000239e-012
8.820363814573757e-009	-1.459722e-010	1.131573e-009	8.408139e-008	8.411550e-008	5.001635e-012
8.820686403611553e-009	-1.459529e-010	1.131875e-009	8.408718e-008	8.412128e-008	5.003574e-012
8.821020647936574e-009	-1.459330e-010	1.132187e-009	8.409359e-008	8.412769e-008	5.005582e-012
8.821689136586617e-009	-1.458936e-010	1.132812e-009	8.412355e-008	8.415767e-008	5.009597e-012
8.822689136586616e-009	-1.458367e-010	1.133750e-009	8.421775e-008	8.425194e-008	5.015609e-012
8.823689136586616e-009	-1.457837e-010	1.134696e-009	8.438395e-008	8.441826e-008	5.021637e-012
8.824689136586615e-009	-1.457366e-010	1.135654e-009	8.463876e-008	8.467324e-008	5.027695e-012
8.825689136586615e-009	-1.456978e-010	1.136632e-009	8.499273e-008	8.502744e-008	5.033800e-012
8.826689136586614e-009	-1.456698e-010	1.137636e-009	8.545750e-008	8.549252e-008	5.039969e-012
8.827689136586614e-009	-1.456555e-010	1.138673e-009	8.604601e-008	8.608140e-008	5.046224e-012
8.828689136586613e-009	-1.456581e-010	1.139753e-009	8.677228e-008	8.680814e-008	5.052586e-012
8.829689136586613e-009	-1.456809e-010	1.140885e-009	8.765122e-008	8.768764e-008	5.059081e-012
8.830689136586612e-009	-1.457279e-010	1.142078e-009	8.869835e-008	8.873543e-008	5.065737e-012
8.832689136586611e-009	-1.459109e-010	1.144697e-009	9.136061e-008	9.139936e-008	5.079655e-012
8.834689136586610e-009	-1.462441e-010	1.147712e-009	9.488477e-008	9.492570e-008	5.094617e-012
8.836689136586609e-009	-1.467688e-010	1.151238e-009	9.938893e-008	9.943261e-008	5.110939e-012
8.838689136586608e-009	-1.475303e-010	1.155404e-009	1.049770e-007	1.050241e-007	5.128975e-012
8.840689136586607e-009	-1.485770e-010	1.160347e-009	1.117346e-007	1.117858e-007	5.149109e-012
8.842689136586606e-009	-1.499595e-010	1.166213e-009	1.197268e-007	1.197828e-007	5.171751e-012
8.844689136586605e-009	-1.517293e-010	1.173153e-009	1.289985e-007	1.290599e-007	5.197325e-012
8.846689136586604e-009	-1.539385e-010	1.181320e-009	1.395753e-007	1.396429e-007	5.226268e-012
8.848689136586603e-009	-1.566388e-010	1.190867e-009	1.514663e-007	1.515409e-007	5.259020e-012
8.850689136586602e-009	-1.598809e-010	1.201945e-009	1.646664e-007	1.647487e-007	5.296020e-012
8.851689136586601e-009	-1.617072e-010	1.208068e-009	1.717251e-007	1.718115e-007	5.316142e-012
8.852345635021715e-009	-1.629842e-010	1.212310e-009	1.765247e-007	1.766139e-007	5.329973e-012
8.852818116020410e-009	-1.639534e-010	1.215505e-009	1.800840e-007	1.801753e-007	5.340325e-012
8.853394923102852e-009	-1.651844e-010	1.219543e-009	1.845311e-007	1.846250e-007	5.353343e-012
8.853747597543363e-009	-1.659641e-010	1.222089e-009	1.873048e-007	1.874003e-007	5.361520e-012
8.854214903913398e-009	-1.670270e-010	1.225549e-009	1.910343e-007	1.911318e-007	5.372594e-012
8.854358384986273e-009	-1.673593e-010	1.226628e-009	1.921887e-007	1.922869e-007	5.376042e-012
8.854406596069762e-009	-1.674724e-010	1.226995e-009	1.925785e-007	1.926770e-007	5.377213e-012
8.854444609770767e-009	-1.675619e-010	1.227285e-009	1.928864e-007	1.929851e-007	5.378139e-012
8.854460056950717e-009	-1.675984e-010	1.227403e-009	1.930116e-007	1.931104e-007	5.378514e-012
8.854464837955969e-009	-1.676097e-010	1.227440e-009	1.930504e-007	1.931491e-007	5.378631e-012
8.854465784970516e-009	-1.676119e-010	1.227447e-009	1.930581e-007	1.931568e-007	5.378655e-012
8.854466118844021e-009	-1.676127e-010	1.227450e-009	1.930608e-007	1.931595e-007	5.378664e-012
8.854466620374120e-009	-1.676139e-010	1.227454e-009	1.930649e-007	1.931636e-007	5.378677e-012
8.854467115367040e-009	-1.676150e-010	1.227457e-009	1.930689e-007	1.931676e-007	5.378688e-012
8.854467637231457e-009	-1.676163e-010	1.227461e-009	1.930731e-007	1.931719e-007	5.378700e-012
8.854468211003631e-009	-1.676176e-010	1.227466e-009	1.930778e-007	1.931765e-007	5.378715e-012
8.854468760855997e-009	-1.676189e-010	1.227470e-009	1.930822e-007	1.931810e-007	5.378729e-012
8.854469319910707e-009	-1.676203e-010	1.227474e-009	1.930867e-007	1.931855e-007	5.378743e-012
8.854469862724497e-009	-1.676215e-010	1.227478e-009	1.930912e-007	1.931899e-007	5.378756e-012
8.854470518031059e-009	-1.676231e-010	1.227483e-009	1.930965e-007	1.931952e-007	5.378773e-012
8.854471236777675e-009	-1.676248e-010	1.227489e-009	1.931023e-007	1.932011e-007	5.378789e-012
8.854472112484924e-009	-1.676269e-010	1.227496e-009	1.931094e-007	1.932082e-007	5.378810e-012
8.854473101493933e-009	-1.676292e-010	1.227503e-009	1.931174e-007	1.932162e-007	5.378835e-012
8.854474346726718e-009	-1.676321e-010	1.227513e-009	1.931275e-007	1.932263e-007	5.378865e-012
8.854475856170484e-009	-1.676357e-010	1.227524e-009	1.931398e-007	1.932385e-007	5.378903e-012
8.854477907118294e-009	-1.676406e-010	1.227540e-009	1.931564e-007	1.932552e-007	5.378952e-012
8.854485206565497e-009	-1.676578e-010	1.227596e-009	1.932156e-007	1.933144e-007	5.379130e-012
8.854917912605105e-009	-1.687071e-010	1.230988e-009	1.967530e-007	1.968538e-007	5.389917e-012
8.855350618644715e-009	-1.697871e-010	1.234470e-009	2.003286e-007	2.004315e-007	5.400957e-012
8.855783324684324e-009	-1.708981e-010	1.238041e-009	2.039426e-007	2.040475e-007	5.412251e-012
8.856216030723934e-009	-1.720399e-010	1.241702e-009	2.075949e-007	2.077019e-007	5.423798e-012
8.856648736763543e-009	-1.732125e-010	1.245452e-009	2.112854e-007	2.113946e-007	5.435599e-012
8.857081442803153e-009	-1.744160e-010	1.249293e-009	2.150143e-007	2.151255e-007	5.447653e-012
8.857514148842762e-009	-1.756503e-010	1.253223e-009	2.187815e-007	2.188949e-007	5.459961e-012
8.858514148842761e-009	-1.786283e-010	1.262670e-009	2.276403e-007	2.277587e-007	5.489442e-012
8.860514148842760e-009	-1.851312e-010	1.283165e-009	2.460017e-007	2.461306e-007	5.552948e-012
8.863514148842758e-009	-1.963039e-010	1.318071e-009	2.751246e-007	2.752701e-007	5.660071e-012
8.865799863128471e-009	-2.059258e-010	1.347896e-009	2.986232e-007	2.987820e-007	5.750844e-012
8.868085577414185e-009	-2.167006e-010	1.381183e-009	3.231109e-007	3.232835e-007	5.851629e-012
8.870371291699898e-009	-2.286283e-010	1.417930e-009	3.485877e-007	3.487747e-007	5.962426e-012
8.872657005985611e-009	-2.417089e-010	1.458138e-009	3.750536e-007	3.752555e-007	6.083236e-012
8.874942720271323e-009	-2.559425e-010	1.501806e-009	4.025085e-007	4.027260e-007	6.214059e-012
8.877228434557038e-009	-2.713289e-010	1.548936e-009	4.309526e-007	4.311861e-007	6.354894e-012
8.879514148842750e-009	-2.878682e-010	1.599526e-009	4.603858e-007	4.606358e-007	6.505742e-012
8.881514148842749e-009	-3.034354e-010	1.647165e-009	4.868214e-007	4.870863e-007	6.647653e-012
8.882514148842749e-009	-3.115401e-010	1.671966e-009	5.002617e-007	5.005342e-007	6.721484e-012
8.882794823133237e-009	-3.138581e-010	1.679060e-009	5.040638e-007	5.043385e-007	6.742595e-012
8.883025407459039e-009	-3.157862e-010	1.684960e-009	5.072077e-007	5.074842e-007	6.760151e-012
8.883349302444438e-009	-3.185214e-010	1.693329e-009	5.116644e-007	5.119434e-007	6.785047e-012
8.883684336829299e-009	-3.213889e-010	1.702101e-009	5.163306e-007	5.166122e-007	6.811135e-012
8.884354405599021e-009	-3.272186e-010	1.719934e-009	5.257914e-007	5.260785e-007	6.864153e-012
8.885354405599020e-009	-3.361172e-010	1.747150e-009	5.401721e-007	5.404673e-007	6.945039e-012
8.886354405599020e-009	-3.452623e-010	1.775117e-009	5.548736e-007	5.551772e-007	7.028116e-012
8.887354405599019e-009	-3.546813e-010	1.803918e-009	5.699301e-007	5.702422e-007	7.113629e-012
8.888354405599019e-009	-3.643804e-010	1.833574e-009	5.853468e-007	5.856677e-007	7.201637e-012
8.889354405599018e-009	-3.743659e-010	1.864102e-009	6.011269e-007	6.014567e-007	7.292198e-012
8.890354405599018e-009	-3.846438e-010	1.895524e-009	6.172712e-007	6.176102e-007	7.385370e-012
8.891354405599017e-009	-3.952200e-010	1.927857e-009	6.337785e-007	6.341270e-007	7.481213e-012
8.892354405599017e-009	-4.061006e-010	1.961122e-009	6.506460e-007	6.510040e-007	7.579782e-012
8.893354405599016e-009	-4.172911e-010	1.995338e-009	6.678686e-007	6.682364e-007	7.681138e-012
8.894354405599016e-009	-4.287972e-010	2.030521e-009	6.854398e-007	6.858175e-007	7.785335e-012
8.895354405599015e-009	-4.406240e-010	2.066691e-009	7.033510e-007	7.037389e-007	7.892428e-012
8.896354405599015e-009	-4.527765e-010	2.103863e-009	7.215922e-007	7.219905e-007	8.002470e-012
8.897354405599014e-009	-4.652594e-010	2.142055e-009	7.401516e-007	7.405604e-007	8.115512e-012
8.898354405599014e-009	-4.780769e-010	2.181281e-009	7.590157e-007	7.594351e-007	8.231603e-012
8.899354405599013e-009	-4.912329e-010	2.221556e-009	7.781697e-007	7.785999e-007	8.350790e-012
8.900354405599013e-009	-5.047311e-010	2.262893e-009	7.975975e-007	7.980387e-007	8.473115e-012
8.901354405599012e-009	-5.185745e-010	2.305303e-009	8.172821e-007	8.177344e-007	8.598618e-012
8.902354405599012e-009	-5.327657e-010	2.348799e-009	8.372058e-007	8.376694e-007	8.727339e-012
8.903354405599011e-009	-5.473071e-010	2.393389e-009	8.573510e-007	8.578259e-007	8.859311e-012
8.904354405599011e-009	-5.622005e-010	2.439083e-009	8.776995e-007	8.781859e-007	8.994565e-012
8.907354405599009e-009	-6.090058e-010	2.582855e-009	9.397930e-007	9.403142e-007	9.420283e-012
8.910354405599007e-009	-6.590112e-010	2.736769e-009	1.003128e-006	1.003684e-006	9.876377e-012
8.913354405599006e-009	-7.122131e-010	2.900900e-009	1.067347e-006	1.067940e-006	1.036324e-011
8.916354405599004e-009	-7.685892e-010	3.075268e-009	1.132181e-006	1.132810e-006	1.088111e-011
8.919354405599003e-009	-8.281048e-010	3.259856e-009	1.197440e-006	1.198105e-006	1.143009e-011
8.922354405599001e-009	-8.907164e-010	3.454615e-009	1.262989e-006	1.263691e-006	1.201022e-011
8.925354405599000e-009	-9.563746e-010	3.659480e-009	1.328736e-006	1.329474e-006	1.262147e-011
8.927640119884712e-009	-1.008481e-009	3.822422e-009	1.378982e-006	1.379748e-006	1.310820e-011
8.929925834170427e-009	-1.062232e-009	3.991028e-009	1.429210e-006	1.430005e-006	1.361274e-011
8.932211548456139e-009	-1.117629e-009	4.165300e-009	1.479422e-006	1.480244e-006	1.413510e-011
8.934497262741852e-009	-1.174671e-009	4.345237e-009	1.529616e-006	1.530467e-006	1.467528e-011
8.936782977027564e-009	-1.233358e-009	4.530838e-009	1.579794e-006	1.580672e-006	1.523327e-011
8.939068691313279e-009	-1.293691e-009	4.722105e-009	1.629954e-006	1.630860e-006	1.580908e-011
8.941354405598991e-009	-1.355670e-009	4.919037e-009	1.680096e-006	1.681030e-006	1.640271e-011
8.945068691313276e-009	-1.459944e-009	5.251357e-009	1.761534e-006	1.762513e-006	1.740612e-011
8.948782977027558e-009	-1.567760e-009	5.597019e-009	1.842219e-006	1.843243e-006	1.845350e-011
8.952497262741842e-009	-1.679118e-009	5.956021e-009	1.922152e-006	1.923220e-006	1.954483e-011
8.956211548456127e-009	-1.794018e-009	6.328365e-009	2.001333e-006	2.002445e-006	2.068013e-011
8.959925834170411e-009	-1.912459e-009	6.714050e-009	2.079762e-006	2.080917e-006	2.185938e-011
8.963640119884694e-009	-2.034442e-009	7.113076e-009	2.157439e-006	2.158636e-006	2.308260e-011
8.967354405598978e-009	-2.159967e-009	7.525443e-009	2.234364e-006	2.235603e-006	2.434978e-011
8.976925834170402e-009	-2.503390e-009	8.660517e-009	2.427342e-006	2.428687e-006	2.784898e-011
8.986497262741825e-009	-2.855120e-009	9.846692e-009	2.609746e-006	2.611190e-006	3.154906e-011
8.996068691313249e-009	-3.215159e-009	1.108397e-008	2.781573e-006	2.783110e-006	3.545001e-011
9.005640119884672e-009	-3.583505e-009	1.237235e-008	2.942825e-006	2.944448e-006	3.955184e-011
9.015211548456096e-009	-3.960158e-009	1.371183e-008	3.093502e-006	3.095203e-006	4.385455e-011
9.024782977027519e-009	-4.345119e-009	1.510241e-008	3.233602e-006	3.235377e-006	4.835814e-011
9.034354405598943e-009	-4.738388e-009	1.654410e-008	3.363127e-006	3.364969e-006	5.306260e-011
9.042782977027509e-009	-5.079558e-009	1.782474e-008	3.467223e-006	3.469116e-006	5.729207e-011
9.051211548456077e-009	-5.414730e-009	1.910946e-008	3.564876e-006	3.566818e-006	6.158021e-011
9.059640119884644e-009	-5.743905e-009	2.039825e-008	3.656089e-006	3.658075e-006	6.592704e-011
9.068068691313212e-009	-6.067083e-009	2.169112e-008	3.740859e-006	3.742887e-006	7.033254e-011
9.076497262741778e-009	-6.384264e-009	2.298807e-008	3.819189e-006	3.821253e-006	7.479672e-011
9.084925834170346e-009	-6.695447e-009	2.428910e-008	3.891077e-006	3.893174e-006	7.931958e-011
9.093354405598912e-009	-7.000633e-009	2.559420e-008	3.956524e-006	3.958649e-006	8.390112e-011
9.095550834170340e-009	-7.078029e-009	2.593120e-008	3.973046e-006	3.975178e-006	8.509351e-011
9.097747262741767e-009	-7.154771e-009	2.626761e-008	3.989263e-006	3.991403e-006	8.628724e-011
9.099943691313195e-009	-7.230860e-009	2.660344e-008	4.005177e-006	4.007322e-006	8.748233e-011
9.102140119884622e-009	-7.306296e-009	2.693869e-008	4.020785e-006	4.022938e-006	8.867877e-011
9.104336548456050e-009	-7.381079e-009	2.727335e-008	4.036089e-006	4.038248e-006	8.987657e-011
9.106532977027477e-009	-7.455209e-009	2.760743e-008	4.051089e-006	4.053254e-006	9.107571e-011
9.108729405598905e-009	-7.528686e-009	2.794092e-008	4.065784e-006	4.067956e-006	9.227621e-011
9.109229405598905e-009	-7.545296e-009	2.801670e-008	4.069082e-006	4.071255e-006	9.254959e-011
9.110354405598905e-009	-7.582581e-009	2.818712e-008	4.076456e-006	4.078632e-006	9.316479e-011
9.110604405598905e-009	-7.590835e-009	2.822496e-008	4.078073e-006	4.080250e-006	9.330154e-011
9.111104405598906e-009	-7.607314e-009	2.830060e-008	4.081294e-006	4.083472e-006	9.357507e-011
9.111775394745627e-009	-7.629371e-009	2.840205e-008	4.085598e-006	4.087776e-006	9.394222e-011
9.115684681090505e-009	-7.756629e-009	2.899169e-008	4.110255e-006	4.112443e-006	9.608246e-011
9.116684681090504e-009	-7.788825e-009	2.914212e-008	4.116431e-006	4.118622e-006	9.663025e-011
9.118684681090503e-009	-7.852771e-009	2.944245e-008	4.128605e-006	4.130800e-006	9.772616e-011
9.121684681090502e-009	-7.947568e-009	2.989158e-008	4.146465e-006	4.148667e-006	9.937066e-011
9.124559681090502e-009	-8.037178e-009	3.032048e-008	4.163137e-006	4.165346e-006	1.009472e-010
9.124684681090502e-009	-8.041042e-009	3.033909e-008	4.163850e-006	4.166060e-006	1.010157e-010
9.124934681090502e-009	-8.048764e-009	3.037629e-008	4.165271e-006	4.167481e-006	1.011528e-010
9.125983420659797e-009	-8.081051e-009	3.053223e-008	4.171120e-006	4.173332e-006	1.017280e-010
9.126932236625992e-009	-8.110114e-009	3.067312e-008	4.176251e-006	4.178465e-006	1.022484e-010
9.127881052592186e-009	-8.139028e-009	3.081380e-008	4.181243e-006	4.183458e-006	1.027687e-010
9.128829868558381e-009	-8.167792e-009	3.095427e-008	4.186095e-006	4.188312e-006	1.032889e-010
9.129778684524576e-009	-8.196405e-009	3.109451e-008	4.190807e-006	4.193025e-006	1.038091e-010
9.130727500490771e-009	-8.224870e-009	3.123454e-008	4.195379e-006	4.197599e-006	1.043291e-010
9.131676316456965e-009	-8.253184e-009	3.137436e-008	4.199812e-006	4.202033e-006	1.048491e-010
9.132625132423160e-009	-8.281349e-009	3.151396e-008	4.204105e-006	4.206328e-006	1.053689e-010
9.133625132423160e-009	-8.310876e-009	3.166083e-008	4.208481e-006	4.210704e-006	1.059166e-010
9.134016666812039e-009	-8.322392e-009	3.171827e-008	4.210143e-006	4.212367e-006	1.061310e-010
9.134123905303780e-009	-8.325538e-009	3.173399e-008	4.210587e-006	4.212810e-006	1.061897e-010
9.134196598706777e-009	-8.327669e-009	3.174465e-008	4.210884e-006	4.213108e-006	1.062295e-010
9.134274940465703e-009	-8.329964e-009	3.175612e-008	4.211204e-006	4.213427e-006	1.062724e-010
9.134288252307172e-009	-8.330354e-009	3.175807e-008	4.211258e-006	4.213482e-006	1.062797e-010
9.134288525133394e-009	-8.330362e-009	3.175812e-008	4.211259e-006	4.213483e-006	1.062798e-010
9.135030584456287e-009	-8.352023e-009	3.186672e-008	4.214212e-006	4.216437e-006	1.066859e-010
9.135772643779181e-009	-8.373583e-009	3.197515e-008	4.217058e-006	4.219284e-006	1.070919e-010
9.136514703102075e-009	-8.395042e-009	3.208341e-008	4.219797e-006	4.222024e-006	1.074976e-010
9.137256762424967e-009	-8.416402e-009	3.219151e-008	4.222429e-006	4.224656e-006	1.079032e-010
9.137998821747861e-009	-8.437661e-009	3.229944e-008	4.224954e-006	4.227181e-006	1.083086e-010
9.138740881070754e-009	-8.458820e-009	3.240720e-008	4.227372e-006	4.229599e-006	1.087138e-010
9.139482940393648e-009	-8.479879e-009	3.251479e-008	4.229682e-006	4.231910e-006	1.091189e-010
9.139610742351280e-009	-8.483492e-009	3.253330e-008	4.230066e-006	4.232294e-006	1.091886e-010
9.140925369806037e-009	-8.520428e-009	3.272326e-008	4.233806e-006	4.236034e-006	1.099054e-010
9.142239997260792e-009	-8.556999e-009	3.291256e-008	4.237326e-006	4.239554e-006	1.106212e-010
9.143554624715549e-009	-8.593205e-009	3.310118e-008	4.240625e-006	4.242854e-006	1.113361e-010
9.144869252170304e-009	-8.629046e-009	3.328913e-008	4.243704e-006	4.245933e-006	1.120500e-010
9.146183879625061e-009	-8.664522e-009	3.347640e-008	4.246562e-006	4.248791e-006	1.127630e-010
9.147498507079817e-009	-8.699633e-009	3.366301e-008	4.249200e-006	4.251428e-006	1.134750e-010
9.148813134534574e-009	-8.734379e-009	3.384894e-008	4.251617e-006	4.253845e-006	1.141861e-010
9.149813134534573e-009	-8.760574e-009	3.398991e-008	4.253330e-006	4.255558e-006	1.147262e-010
9.150211548584320e-009	-8.770956e-009	3.404597e-008	4.253979e-006	4.256206e-006	1.149412e-010
9.150332895294837e-009	-8.774106e-009	3.406302e-008	4.254169e-006	4.256396e-006	1.150067e-010
9.150453386445400e-009	-8.777230e-009	3.407995e-008	4.254354e-006	4.256581e-006	1.150716e-010
9.150469532613450e-009	-8.777648e-009	3.408221e-008	4.254378e-006	4.256606e-006	1.150803e-010
9.150475555603142e-009	-8.777804e-009	3.408306e-008	4.254388e-006	4.256615e-006	1.150836e-010
9.150480283429437e-009	-8.777927e-009	3.408372e-008	4.254395e-006	4.256622e-006	1.150861e-010
9.150486579660116e-009	-8.778089e-009	3.408461e-008	4.254405e-006	4.256632e-006	1.150895e-010
9.150493810898561e-009	-8.778277e-009	3.408562e-008	4.254416e-006	4.256643e-006	1.150934e-010
9.150500943026083e-009	-8.778462e-009	3.408662e-008	4.254427e-006	4.256654e-006	1.150973e-010
9.150507850246690e-009	-8.778641e-009	3.408759e-008	4.254437e-006	4.256665e-006	1.151010e-010
9.150514674687274e-009	-8.778817e-009	3.408855e-008	4.254448e-006	4.256675e-006	1.151047e-010
9.150521550378563e-009	-8.778995e-009	3.408952e-008	4.254458e-006	4.256686e-006	1.151084e-010
9.150528441452183e-009	-8.779174e-009	3.409048e-008	4.254469e-006	4.256697e-006	1.151121e-010
9.150535343992398e-009	-8.779352e-009	3.409145e-008	4.254480e-006	4.256707e-006	1.151158e-010
9.150542231162936e-009	-8.779531e-009	3.409242e-008	4.254490e-006	4.256718e-006	1.151195e-010
9.150549738304958e-009	-8.779725e-009	3.409347e-008	4.254502e-006	4.256729e-006	1.151236e-010
9.150558461312771e-009	-8.779951e-009	3.409470e-008	4.254515e-006	4.256743e-006	1.151283e-010
9.150568503769307e-009	-8.780210e-009	3.409611e-008	4.254531e-006	4.256758e-006	1.151337e-010
9.150580338010761e-009	-8.780517e-009	3.409777e-008	4.254549e-006	4.256776e-006	1.151401e-010
9.150611928516991e-009	-8.781335e-009	3.410220e-008	4.254598e-006	4.256825e-006	1.151571e-010
9.153651660650785e-009	-8.858864e-009	3.452668e-008	4.259292e-006	4.261518e-006	1.167926e-010
9.156691392784581e-009	-8.934468e-009	3.494736e-008	4.263978e-006	4.266203e-006	1.184219e-010
9.159731124918375e-009	-9.008148e-009	3.536422e-008	4.268655e-006	4.270879e-006	1.200449e-010
9.162770857052169e-009	-9.079904e-009	3.577728e-008	4.273323e-006	4.275546e-006	1.216617e-010
9.165810589185963e-009	-9.149735e-009	3.618653e-008	4.277983e-006	4.280205e-006	1.232723e-010
9.168850321319759e-009	-9.217641e-009	3.659198e-008	4.282634e-006	4.284855e-006	1.248767e-010
9.171890053453553e-009	-9.283623e-009	3.699361e-008	4.287277e-006	4.289497e-006	1.264748e-010
9.189461482024974e-009	-9.619396e-009	3.922872e-008	4.313988e-006	4.316202e-006	1.355775e-010
9.207032910596392e-009	-9.911387e-009	4.136617e-008	4.340499e-006	4.342707e-006	1.445027e-010
9.224604339167812e-009	-1.015960e-008	4.340595e-008	4.366810e-006	4.369013e-006	1.532506e-010
9.242175767739231e-009	-1.036402e-008	4.534808e-008	4.392921e-006	4.395118e-006	1.618210e-010
9.259747196310651e-009	-1.052467e-008	4.719255e-008	4.418832e-006	4.421023e-006	1.702140e-010
9.277318624882069e-009	-1.064153e-008	4.893935e-008	4.444544e-006	4.446728e-006	1.784296e-010
9.294890053453489e-009	-1.071461e-008	5.058849e-008	4.470056e-006	4.472233e-006	1.864678e-010
9.305032910596341e-009	-1.074747e-008	5.151174e-008	4.484704e-006	4.486878e-006	1.910443e-010
9.315175767739193e-009	-1.077216e-008	5.241228e-008	4.499296e-006	4.501465e-006	1.955731e-010
9.325318624882044e-009	-1.078869e-008	5.329013e-008	4.513830e-006	4.515995e-006	2.000543e-010
9.335461482024898e-009	-1.079705e-008	5.414528e-008	4.528306e-006	4.530468e-006	2.044879e-010
9.345604339167749e-009	-1.079725e-008	5.497774e-008	4.542725e-006	4.544882e-006	2.088738e-010
9.355747196310601e-009	-1.078928e-008	5.578750e-008	4.557086e-006	4.559239e-006	2.132121e-010
9.365890053453452e-009	-1.077314e-008	5.657456e-008	4.571390e-006	4.573539e-006	2.175027e-010
9.366890053453452e-009	-1.077132e-008	5.665127e-008	4.572797e-006	4.574946e-006	2.179236e-010
9.400032910596292e-009	-1.065511e-008	5.904565e-008	4.619097e-006	4.621233e-006	2.315702e-010
9.433175767739131e-009	-1.050784e-008	6.129554e-008	4.664888e-006	4.667010e-006	2.448465e-010
9.466318624881971e-009	-1.032949e-008	6.340095e-008	4.710171e-006	4.712278e-006	2.577525e-010
9.499461482024812e-009	-1.012008e-008	6.536188e-008	4.754945e-006	4.757038e-006	2.702882e-010
9.532604339167652e-009	-9.879595e-009	6.717833e-008	4.799210e-006	4.801287e-006	2.824535e-010
9.565747196310492e-009	-9.608039e-009	6.885029e-008	4.842966e-006	4.845028e-006	2.942485e-010
9.598890053453331e-009	-9.305412e-009	7.037777e-008	4.886213e-006	4.888259e-006	3.056732e-010
9.608461482024755e-009	-9.221672e-009	7.081072e-008	4.898631e-006	4.900672e-006	3.089341e-010
9.618032910596178e-009	-9.137574e-009	7.123634e-008	4.911012e-006	4.913048e-006	3.121723e-010
9.627604339167602e-009	-9.053119e-009	7.165464e-008	4.923356e-006	4.925388e-006	3.153878e-010
9.637175767739025e-009	-8.968308e-009	7.206561e-008	4.935664e-006	4.937692e-006	3.185806e-010
9.646747196310449e-009	-8.883140e-009	7.246926e-008	4.947936e-006	4.949958e-006	3.217506e-010
9.656318624881872e-009	-8.797615e-009	7.286558e-008	4.960171e-006	4.962189e-006	3.248980e-010
9.665890053453296e-009	-8.711734e-009	7.325458e-008	4.972370e-006	4.974383e-006	3.280226e-010
9.666890053453296e-009	-8.702777e-009	7.329488e-008	4.973643e-006	4.975655e-006	3.283479e-010
9.703747196310420e-009	-8.367987e-009	7.471398e-008	5.020247e-006	5.022240e-006	3.401368e-010
9.740604339167544e-009	-8.040672e-009	7.606465e-008	5.066373e-006	5.068346e-006	3.516774e-010
9.777461482024668e-009	-7.720832e-009	7.734692e-008	5.112021e-006	5.113974e-006	3.629697e-010
9.814318624881790e-009	-7.408467e-009	7.856077e-008	5.157191e-006	5.159124e-006	3.740137e-010
9.851175767738914e-009	-7.103577e-009	7.970621e-008	5.201883e-006	5.203796e-006	3.848093e-010
9.888032910596038e-009	-6.806162e-009	8.078323e-008	5.246098e-006	5.247989e-006	3.953566e-010
9.924890053453162e-009	-6.516221e-009	8.179185e-008	5.289835e-006	5.291703e-006	4.056556e-010
9.966890053453140e-009	-6.203651e-009	8.290120e-008	5.339170e-006	5.341013e-006	4.171999e-010
1.000960433916740e-008	-5.902061e-009	8.396150e-008	5.388743e-006	5.390561e-006	4.286642e-010
1.005231862488167e-008	-5.615308e-009	8.497914e-008	5.437776e-006	5.439567e-006	4.399354e-010
1.009503291059593e-008	-5.343392e-009	8.595411e-008	5.486268e-006	5.488031e-006	4.510134e-010
1.013774719631019e-008	-5.086314e-009	8.688642e-008	5.534219e-006	5.535954e-006	4.618982e-010
1.018046148202446e-008	-4.844073e-009	8.777608e-008	5.581628e-006	5.583335e-006	4.725898e-010
1.022317576773872e-008	-4.616670e-009	8.862307e-008	5.628497e-006	5.630175e-006	4.830882e-010
1.026589005345298e-008	-4.404104e-009	8.942740e-008	5.674825e-006	5.676473e-006	4.933934e-010
1.026689005345298e-008	-4.399257e-009	8.944605e-008	5.675904e-006	5.677551e-006	4.936336e-010
1.030960433916725e-008	-4.200373e-009	9.022251e-008	5.721717e-006	5.723334e-006	5.037950e-010
1.035231862488151e-008	-4.011994e-009	9.097384e-008	5.767045e-006	5.768632e-006	5.138295e-010
1.039503291059577e-008	-3.834119e-009	9.170001e-008	5.811887e-006	5.813444e-006	5.237368e-010
1.043774719631004e-008	-3.666748e-009	9.240104e-008	5.856245e-006	5.857770e-006	5.335172e-010
1.048046148202430e-008	-3.509880e-009	9.307692e-008	5.900117e-006	5.901610e-006	5.431705e-010
1.052317576773856e-008	-3.363517e-009	9.372766e-008	5.943504e-006	5.944965e-006	5.526968e-010
1.056589005345283e-008	-3.227658e-009	9.435325e-008	5.986406e-006	5.987833e-006	5.620961e-010
1.056689005345283e-008	-3.224540e-009	9.436773e-008	5.987405e-006	5.988832e-006	5.623152e-010
1.060960433916709e-008	-3.096724e-009	9.497423e-008	6.029835e-006	6.031229e-006	5.716123e-010
1.065231862488135e-008	-2.975340e-009	9.556348e-008	6.071820e-006	6.073181e-006	5.808163e-010
1.069503291059562e-008	-2.860389e-009	9.613547e-008	6.113360e-006	6.114687e-006	5.899273e-010
1.073774719630988e-008	-2.751870e-009	9.669021e-008	6.154454e-006	6.155747e-006	5.989453e-010
1.078046148202415e-008	-2.649784e-009	9.722770e-008	6.195103e-006	6.196361e-006	6.078702e-010
1.082317576773841e-008	-2.554131e-009	9.774794e-008	6.235307e-006	6.236530e-006	6.167021e-010
1.086589005345267e-008	-2.464911e-009	9.825093e-008	6.275066e-006	6.276252e-006	6.254410e-010
1.086689005345267e-008	-2.462855e-009	9.826257e-008	6.275992e-006	6.277178e-006	6.256448e-010
1.100004397861896e-008	-2.211318e-009	9.974221e-008	6.397209e-006	6.398282e-006	6.523855e-010
1.100080388698593e-008	-2.209999e-009	9.975027e-008	6.397889e-006	6.398961e-006	6.525359e-010
1.100156379535290e-008	-2.208681e-009	9.975832e-008	6.398569e-006	6.399640e-006	6.526863e-010
1.100232370371987e-008	-2.207365e-009	9.976637e-008	6.399249e-006	6.400319e-006	6.528367e-010
1.100308361208684e-008	-2.206050e-009	9.977442e-008	6.399928e-006	6.400999e-006	6.529871e-010
1.100384352045381e-008	-2.204736e-009	9.978246e-008	6.400608e-006	6.401677e-006	6.531374e-010
1.100460342882078e-008	-2.203423e-009	9.979050e-008	6.401287e-006	6.402356e-006	6.532877e-010
1.100536333718775e-008	-2.202111e-009	9.979853e-008	6.401966e-006	6.403035e-006	6.534380e-010
1.116036333718767e-008	-1.957615e-009	1.013527e-007	6.537819e-006	6.538751e-006	6.836017e-010
1.120307762290193e-008	-1.897834e-009	1.017521e-007	6.574314e-006	6.575208e-006	6.917455e-010
1.124579190861619e-008	-1.840278e-009	1.021406e-007	6.610423e-006	6.611279e-006	6.998221e-010
1.128850619433046e-008	-1.784946e-009	1.025182e-007	6.646147e-006	6.646964e-006	7.078314e-010
1.133122048004472e-008	-1.731837e-009	1.028849e-007	6.681484e-006	6.682262e-006	7.157734e-010
1.137393476575898e-008	-1.680954e-009	1.032407e-007	6.716435e-006	6.717174e-006	7.236482e-010
1.141664905147325e-008	-1.632294e-009	1.035857e-007	6.751001e-006	6.751699e-006	7.314558e-010
1.145936333718751e-008	-1.585858e-009	1.039197e-007	6.785180e-006	6.785839e-006	7.391960e-010
1.146036333718751e-008	-1.584782e-009	1.039274e-007	6.785976e-006	6.786634e-006	7.393765e-010
1.150307762290177e-008	-1.539926e-009	1.042514e-007	6.819774e-006	6.820392e-006	7.470515e-010
1.154579190861604e-008	-1.496398e-009	1.045660e-007	6.853211e-006	6.853788e-006	7.546635e-010
1.158850619433030e-008	-1.454201e-009	1.048712e-007	6.886287e-006	6.886824e-006	7.622125e-010
1.163122048004456e-008	-1.413333e-009	1.051671e-007	6.919002e-006	6.919498e-006	7.696984e-010
1.167393476575883e-008	-1.373794e-009	1.054536e-007	6.951356e-006	6.951811e-006	7.771214e-010
1.171664905147309e-008	-1.335585e-009	1.057308e-007	6.983349e-006	6.983763e-006	7.844813e-010
1.175936333718735e-008	-1.298705e-009	1.059985e-007	7.014982e-006	7.015353e-006	7.917781e-010
1.176036333718735e-008	-1.297849e-009	1.060047e-007	7.015718e-006	7.016089e-006	7.919483e-010
1.189836333718728e-008	-1.180509e-009	1.068100e-007	7.115545e-006	7.115779e-006	8.151125e-010
1.189936333718728e-008	-1.179602e-009	1.068155e-007	7.116255e-006	7.116489e-006	8.152783e-010
1.190036333718728e-008	-1.178694e-009	1.068209e-007	7.116965e-006	7.117198e-006	8.154441e-010
1.190064401151633e-008	-1.178438e-009	1.068225e-007	7.117164e-006	7.117397e-006	8.154906e-010
1.190074716090177e-008	-1.178345e-009	1.068231e-007	7.117238e-006	7.117470e-006	8.155077e-010
1.190082245346962e-008	-1.178276e-009	1.068235e-007	7.117291e-006	7.117523e-006	8.155202e-010
1.190090282201600e-008	-1.178203e-009	1.068239e-007	7.117348e-006	7.117580e-006	8.155335e-010
1.190091698344258e-008	-1.178190e-009	1.068240e-007	7.117358e-006	7.117590e-006	8.155359e-010
1.190363978637813e-008	-1.175704e-009	1.068389e-007	7.119291e-006	7.119520e-006	8.159870e-010
1.190636258931369e-008	-1.173203e-009	1.068537e-007	7.121222e-006	7.121449e-006	8.164380e-010
1.190908539224925e-008	-1.170686e-009	1.068685e-007	7.123151e-006	7.123376e-006	8.168888e-010
1.191180819518480e-008	-1.168154e-009	1.068833e-007	7.125080e-006	7.125301e-006	8.173394e-010
1.191453099812036e-008	-1.165608e-009	1.068980e-007	7.127007e-006	7.127225e-006	8.177899e-010
1.191725380105591e-008	-1.163045e-009	1.069127e-007	7.128932e-006	7.129148e-006	8.182401e-010
1.191997660399147e-008	-1.160468e-009	1.069273e-007	7.130856e-006	7.131070e-006	8.186901e-010
1.203097660399141e-008	-1.040191e-009	1.074916e-007	7.208149e-006	7.208252e-006	8.368848e-010
1.207369088970568e-008	-9.846976e-010	1.076915e-007	7.237293e-006	7.237352e-006	8.438130e-010
1.211640517541994e-008	-9.277979e-010	1.078841e-007	7.266119e-006	7.266135e-006	8.506921e-010
1.215911946113420e-008	-8.694916e-010	1.080692e-007	7.294627e-006	7.294600e-006	8.575221e-010
1.220183374684847e-008	-8.097786e-010	1.082470e-007	7.322818e-006	7.322747e-006	8.643031e-010
1.224454803256273e-008	-7.486591e-010	1.084174e-007	7.350690e-006	7.350576e-006	8.710349e-010
1.228726231827699e-008	-6.861329e-010	1.085804e-007	7.378245e-006	7.378087e-006	8.777177e-010
1.232997660399126e-008	-6.222001e-010	1.087360e-007	7.405481e-006	7.405280e-006	8.843514e-010
1.233097660399126e-008	-6.207468e-010	1.087396e-007	7.406115e-006	7.405913e-006	8.845060e-010
1.263097660399110e-008	-2.120579e-010	1.096601e-007	7.588883e-006	7.588369e-006	9.294513e-010
1.276997660399103e-008	-4.703675e-011	1.099852e-007	7.668673e-006	7.668013e-006	9.492800e-010
1.278526231827673e-008	-5.297695e-011	1.100252e-007	7.677264e-006	7.676587e-006	9.513565e-010
1.280054803256244e-008	-4.274985e-011	1.100586e-007	7.685820e-006	7.685126e-006	9.534708e-010
1.281583374684815e-008	-1.635545e-011	1.100856e-007	7.694340e-006	7.693630e-006	9.556229e-010
1.283111946113385e-008	2.620625e-011	1.101062e-007	7.702824e-006	7.702098e-006	9.578128e-010
1.284640517541956e-008	8.493525e-011	1.101202e-007	7.711272e-006	7.710531e-006	9.600405e-010
1.286169088970526e-008	1.598315e-010	1.101277e-007	7.719685e-006	7.718928e-006	9.623059e-010
1.287697660399097e-008	2.508951e-010	1.101288e-007	7.728062e-006	7.727289e-006	9.646091e-010
1.293097660399094e-008	1.563986e-009	1.098058e-007	7.757378e-006	7.756546e-006	9.756079e-010
1.296569088970521e-008	3.637553e-009	1.092084e-007	7.775990e-006	7.775123e-006	9.863037e-010
1.300040517541948e-008	5.851287e-009	1.086240e-007	7.794428e-006	7.793524e-006	9.977644e-010
1.303511946113375e-008	8.205188e-009	1.080526e-007	7.812691e-006	7.811749e-006	1.009990e-009
1.306983374684801e-008	1.069926e-008	1.074941e-007	7.830778e-006	7.829800e-006	1.022981e-009
1.310454803256228e-008	1.333349e-008	1.069486e-007	7.848691e-006	7.847676e-006	1.036737e-009
1.313926231827655e-008	1.610790e-008	1.064161e-007	7.866429e-006	7.865377e-006	1.051257e-009
1.317397660399082e-008	1.902247e-008	1.058965e-007	7.883991e-006	7.882903e-006	1.066543e-009
1.323097660399079e-008	2.278985e-008	1.054556e-007	7.912465e-006	7.911315e-006	1.089291e-009
1.353097660399063e-008	3.625708e-008	1.055683e-007	8.054961e-006	8.053491e-006	1.195704e-009
1.383097660399047e-008	4.418695e-008	1.065851e-007	8.185631e-006	8.183842e-006	1.285825e-009
1.385204431093367e-008	4.463326e-008	1.066448e-007	8.194382e-006	8.192570e-006	1.291703e-009
1.387311201787686e-008	4.507028e-008	1.067018e-007	8.203078e-006	8.201244e-006	1.297534e-009
1.389417972482006e-008	4.549799e-008	1.067560e-007	8.211720e-006	8.209863e-006	1.303318e-009
1.391524743176325e-008	4.591642e-008	1.068076e-007	8.220309e-006	8.218429e-006	1.309055e-009
1.393631513870644e-008	4.632555e-008	1.068563e-007	8.228843e-006	8.226942e-006	1.314746e-009
1.395738284564964e-008	4.672538e-008	1.069024e-007	8.237324e-006	8.235400e-006	1.320389e-009
1.397845055259283e-008	4.711592e-008	1.069457e-007	8.245750e-006	8.243804e-006	1.325987e-009
1.399173626687854e-008	4.735865e-008	1.069715e-007	8.251037e-006	8.249077e-006	1.329495e-009
1.400502198116425e-008	4.759856e-008	1.069962e-007	8.256303e-006	8.254329e-006	1.332988e-009
1.401830769544996e-008	4.783564e-008	1.070198e-007	8.261548e-006	8.259560e-006	1.336465e-009
1.403159340973566e-008	4.806990e-008	1.070422e-007	8.266772e-006	8.264770e-006	1.339926e-009
1.404487912402137e-008	4.830134e-008	1.070635e-007	8.271975e-006	8.269959e-006	1.343371e-009
1.405816483830708e-008	4.852995e-008	1.070837e-007	8.277157e-006	8.275127e-006	1.346800e-009
1.407145055259278e-008	4.875574e-008	1.071028e-007	8.282318e-006	8.280274e-006	1.350213e-009
1.412645055259276e-008	4.966477e-008	1.071700e-007	8.303466e-006	8.301363e-006	1.364184e-009
1.442645055259260e-008	5.402018e-008	1.072286e-007	8.412732e-006	8.410315e-006	1.436402e-009
1.472645055259244e-008	5.765321e-008	1.068565e-007	8.512172e-006	8.509443e-006	1.503013e-009
1.502645055259250e-008	6.079821e-008	1.061642e-007	8.602368e-006	8.599333e-006	1.564989e-009
1.532645055259284e-008	6.357680e-008	1.052299e-007	8.683874e-006	8.680538e-006	1.622849e-009
1.562645055259318e-008	6.605765e-008	1.041053e-007	8.757203e-006	8.753574e-006	1.676873e-009
1.592645055259352e-008	6.828289e-008	1.028246e-007	8.822841e-006	8.818924e-006	1.727217e-009
1.599945055259360e-008	6.878918e-008	1.024923e-007	8.837700e-006	8.833716e-006	1.738923e-009
1.600145055259360e-008	6.880287e-008	1.024830e-007	8.838101e-006	8.834116e-006	1.739241e-009
1.601359340973647e-008	6.888575e-008	1.024270e-007	8.840530e-006	8.836533e-006	1.741166e-009
1.602573626687934e-008	6.896828e-008	1.023707e-007	8.842947e-006	8.838939e-006	1.743086e-009
1.603787912402221e-008	6.905046e-008	1.023143e-007	8.845353e-006	8.841333e-006	1.745000e-009
1.605002198116509e-008	6.913229e-008	1.022576e-007	8.847747e-006	8.843716e-006	1.746909e-009
1.606216483830796e-008	6.921376e-008	1.022007e-007	8.850129e-006	8.846087e-006	1.748811e-009
1.607430769545083e-008	6.929488e-008	1.021436e-007	8.852500e-006	8.848447e-006	1.750708e-009
1.608645055259370e-008	6.937565e-008	1.020864e-007	8.854860e-006	8.850795e-006	1.752599e-009
1.622645055259386e-008	7.028205e-008	1.014119e-007	8.881239e-006	8.877047e-006	1.773982e-009
1.650000000000000e-008	7.192555e-008	1.000242e-007	8.928543e-006	8.924106e-006	1.813565e-009
1.652350000000003e-008	7.205912e-008	9.990099e-008	8.932353e-006	8.927896e-006	1.816830e-009
1.682350000000037e-008	7.366310e-008	9.827695e-008	8.977594e-006	8.972879e-006	1.856663e-009
1.683435714285752e-008	7.371765e-008	9.821651e-008	8.979116e-006	8.974392e-006	1.858040e-009
1.684521428571468e-008	7.377203e-008	9.815593e-008	8.980630e-006	8.975897e-006	1.859413e-009
1.685607142857183e-008	7.382626e-008	9.809521e-008	8.982136e-006	8.977394e-006	1.860782e-009
1.686692857142899e-008	7.388032e-008	9.803436e-008	8.983634e-006	8.978883e-006	1.862146e-009
1.687778571428614e-008	7.393422e-008	9.797337e-008	8.985124e-006	8.980365e-006	1.863507e-009
1.688864285714330e-008	7.398796e-008	9.791225e-008	8.986606e-006	8.981838e-006	1.864863e-009
1.689950000000045e-008	7.404154e-008	9.785099e-008	8.988080e-006	8.983304e-006	1.866214e-009
1.690050000000045e-008	7.404649e-008	9.784534e-008	8.988216e-006	8.983438e-006	1.866338e-009
1.690250000000046e-008	7.405637e-008	9.783403e-008	8.988486e-006	8.983708e-006	1.866587e-009
1.692107142857191e-008	7.414786e-008	9.772873e-008	8.990984e-006	8.986193e-006	1.868888e-009
1.693964285714335e-008	7.424004e-008	9.762272e-008	8.993459e-006	8.988656e-006	1.871180e-009
1.695821428571481e-008	7.433289e-008	9.751602e-008	8.995910e-006	8.991097e-006	1.873463e-009
1.697678571428625e-008	7.442642e-008	9.740861e-008	8.998337e-006	8.993515e-006	1.875738e-009
1.699535714285770e-008	7.452064e-008	9.730051e-008	9.000741e-006	8.995911e-006	1.878004e-009
1.701392857142915e-008	7.461554e-008	9.719170e-008	9.003121e-006	8.998284e-006	1.880261e-009
1.703250000000060e-008	7.471112e-008	9.708219e-008	9.005478e-006	9.000635e-006	1.882509e-009
1.704535714285776e-008	7.477799e-008	9.700594e-008	9.007096e-006	9.002250e-006	1.884062e-009
1.705821428571492e-008	7.484504e-008	9.692947e-008	9.008704e-006	9.003854e-006	1.885611e-009
1.707107142857208e-008	7.491228e-008	9.685277e-008	9.010301e-006	9.005448e-006	1.887155e-009
1.708392857142923e-008	7.497971e-008	9.677585e-008	9.011887e-006	9.007032e-006	1.888695e-009
1.709678571428639e-008	7.504732e-008	9.669870e-008	9.013462e-006	9.008604e-006	1.890231e-009
1.710964285714355e-008	7.511512e-008	9.662133e-008	9.015027e-006	9.010167e-006	1.891762e-009
1.712250000000071e-008	7.518311e-008	9.654374e-008	9.016581e-006	9.011718e-006	1.893290e-009
1.712350000000071e-008	7.518839e-008	9.653770e-008	9.016702e-006	9.011838e-006	1.893408e-009
1.716607142857218e-008	7.541521e-008	9.627948e-008	9.021768e-006	9.016897e-006	1.898438e-009
1.720864285714366e-008	7.563623e-008	9.602130e-008	9.026723e-006	9.021846e-006	1.903399e-009
1.725121428571514e-008	7.585144e-008	9.576318e-008	9.031566e-006	9.026683e-006	1.908290e-009
1.729378571428661e-008	7.606085e-008	9.550511e-008	9.036299e-006	9.031410e-006	1.913111e-009
1.733635714285809e-008	7.626445e-008	9.524709e-008	9.040920e-006	9.036026e-006	1.917864e-009
1.737892857142957e-008	7.646225e-008	9.498912e-008	9.045430e-006	9.040531e-006	1.922547e-009
1.742150000000104e-008	7.665425e-008	9.473121e-008	9.049830e-006	9.044926e-006	1.927160e-009
1.742350000000105e-008	7.666301e-008	9.471910e-008	9.050033e-006	9.045130e-006	1.927375e-009
1.772350000000139e-008	7.781654e-008	9.289128e-008	9.078013e-006	9.073089e-006	1.957664e-009
1.776950000000144e-008	7.796902e-008	9.260718e-008	9.081849e-006	9.076924e-006	1.961982e-009
1.778492857143003e-008	7.801893e-008	9.251159e-008	9.083110e-006	9.078185e-006	1.963411e-009
1.780035714285862e-008	7.806828e-008	9.241583e-008	9.084357e-006	9.079432e-006	1.964831e-009
1.781578571428720e-008	7.811709e-008	9.231990e-008	9.085592e-006	9.080666e-006	1.966242e-009
1.783121428571580e-008	7.816535e-008	9.222381e-008	9.086813e-006	9.081887e-006	1.967643e-009
1.784664285714438e-008	7.821307e-008	9.212755e-008	9.088022e-006	9.083095e-006	1.969035e-009
1.786207142857297e-008	7.826023e-008	9.203112e-008	9.089217e-006	9.084291e-006	1.970418e-009
1.787750000000156e-008	7.830685e-008	9.193453e-008	9.090400e-006	9.085473e-006	1.971791e-009
1.802350000000173e-008	7.872482e-008	9.101180e-008	9.100954e-006	9.096029e-006	1.984341e-009
1.804592857143032e-008	7.878552e-008	9.086865e-008	9.102475e-006	9.097551e-006	1.986198e-009
1.806835714285892e-008	7.884542e-008	9.072514e-008	9.103970e-006	9.099047e-006	1.988037e-009
1.809078571428752e-008	7.890453e-008	9.058128e-008	9.105438e-006	9.100517e-006	1.989857e-009
1.811321428571612e-008	7.896283e-008	9.043706e-008	9.106881e-006	9.101960e-006	1.991660e-009
1.813564285714471e-008	7.902034e-008	9.029249e-008	9.108297e-006	9.103378e-006	1.993444e-009
1.815807142857331e-008	7.907705e-008	9.014756e-008	9.109688e-006	9.104770e-006	1.995210e-009
1.818050000000190e-008	7.913296e-008	9.000227e-008	9.111052e-006	9.106136e-006	1.996957e-009
1.832350000000207e-008	7.947300e-008	8.906812e-008	9.119156e-006	9.114251e-006	2.007683e-009
1.862350000000241e-008	8.010120e-008	8.706925e-008	9.132898e-006	9.128032e-006	2.027899e-009
1.866421428571674e-008	8.017817e-008	8.679438e-008	9.134435e-006	9.129575e-006	2.030410e-009
1.870492857143107e-008	8.025328e-008	8.651883e-008	9.135896e-006	9.131042e-006	2.032867e-009
1.874564285714540e-008	8.032654e-008	8.624258e-008	9.137279e-006	9.132433e-006	2.035269e-009
1.878635714285974e-008	8.039794e-008	8.596565e-008	9.138586e-006	9.133747e-006	2.037618e-009
1.882707142857407e-008	8.046748e-008	8.568803e-008	9.139817e-006	9.134985e-006	2.039913e-009
1.886778571428840e-008	8.053517e-008	8.540972e-008	9.140971e-006	9.136147e-006	2.042154e-009
1.890850000000273e-008	8.060100e-008	8.513071e-008	9.142048e-006	9.137233e-006	2.044340e-009
1.892350000000275e-008	8.062482e-008	8.502778e-008	9.142428e-006	9.137617e-006	2.045133e-009
1.893678571428848e-008	8.064571e-008	8.493654e-008	9.142758e-006	9.137949e-006	2.045828e-009
1.895007142857421e-008	8.066640e-008	8.484524e-008	9.143081e-006	9.138274e-006	2.046519e-009
1.896335714285994e-008	8.068690e-008	8.475389e-008	9.143396e-006	9.138592e-006	2.047203e-009
1.897664285714566e-008	8.070721e-008	8.466248e-008	9.143703e-006	9.138903e-006	2.047882e-009
1.898992857143139e-008	8.072732e-008	8.457101e-008	9.144003e-006	9.139206e-006	2.048555e-009
1.900321428571712e-008	8.074724e-008	8.447949e-008	9.144296e-006	9.139501e-006	2.049223e-009
1.901650000000285e-008	8.076697e-008	8.438791e-008	9.144581e-006	9.139790e-006	2.049885e-009
1.922350000000309e-008	8.104983e-008	8.295441e-008	9.148049e-006	9.143309e-006	2.059486e-009
1.924982341747813e-008	8.108254e-008	8.277126e-008	9.148360e-006	9.143628e-006	2.060611e-009
1.927614683495317e-008	8.111452e-008	8.258794e-008	9.148643e-006	9.143918e-006	2.061715e-009
1.930247025242822e-008	8.114577e-008	8.240445e-008	9.148899e-006	9.144180e-006	2.062797e-009
1.932879366990326e-008	8.117631e-008	8.222079e-008	9.149126e-006	9.144414e-006	2.063858e-009
1.935511708737831e-008	8.120612e-008	8.203696e-008	9.149325e-006	9.144621e-006	2.064898e-009
1.938144050485335e-008	8.123522e-008	8.185296e-008	9.149496e-006	9.144799e-006	2.065917e-009
1.940776392232839e-008	8.126359e-008	8.166879e-008	9.149639e-006	9.144950e-006	2.066914e-009
1.949676392232849e-008	8.135425e-008	8.104504e-008	9.149921e-006	9.145259e-006	2.070131e-009
1.979163631843699e-008	8.159752e-008	7.896777e-008	9.148682e-006	9.144120e-006	2.079094e-009
2.009163631843733e-008	8.179596e-008	7.683062e-008	9.144153e-006	9.139704e-006	2.085728e-009
2.039163631843767e-008	8.198113e-008	7.467608e-008	9.136523e-006	9.132201e-006	2.090119e-009
2.069163631843801e-008	8.207574e-008	7.253183e-008	9.125983e-006	9.121799e-006	2.092123e-009
2.073435060415234e-008	8.183011e-008	7.230357e-008	9.124254e-006	9.120091e-006	2.091445e-009
2.077706488986667e-008	8.177431e-008	7.201614e-008	9.122472e-006	9.118329e-006	2.091300e-009
2.081977917558101e-008	8.190836e-008	7.166956e-008	9.120636e-006	9.116515e-006	2.091689e-009
2.086249346129534e-008	8.223224e-008	7.126381e-008	9.118747e-006	9.114646e-006	2.092611e-009
2.090520774700968e-008	8.274596e-008	7.079890e-008	9.116803e-006	9.112725e-006	2.094066e-009
2.094792203272401e-008	8.344952e-008	7.027483e-008	9.114806e-006	9.110750e-006	2.096055e-009
2.099063631843835e-008	8.434291e-008	6.969160e-008	9.112756e-006	9.108721e-006	2.098577e-009
2.099163631843835e-008	8.437523e-008	6.967508e-008	9.112708e-006	9.108673e-006	2.098674e-009
2.129163631843869e-008	9.417550e-008	6.572300e-008	9.096864e-006	9.092989e-006	2.133904e-009
2.149863631843892e-008	9.776251e-008	6.445315e-008	9.084519e-006	9.080759e-006	2.151914e-009
2.149963631843892e-008	9.777563e-008	6.444802e-008	9.084457e-006	9.080697e-006	2.151989e-009
2.150063631843893e-008	9.778873e-008	6.444290e-008	9.084394e-006	9.080635e-006	2.152063e-009
2.150163631843893e-008	9.780179e-008	6.443778e-008	9.084332e-006	9.080573e-006	2.152137e-009
2.150463631843893e-008	9.784078e-008	6.442247e-008	9.084145e-006	9.080387e-006	2.152358e-009
2.150763631843893e-008	9.787950e-008	6.440720e-008	9.083957e-006	9.080201e-006	2.152578e-009
2.151063631843894e-008	9.791794e-008	6.439197e-008	9.083770e-006	9.080015e-006	2.152797e-009
2.151363631843894e-008	9.795611e-008	6.437677e-008	9.083582e-006	9.079829e-006	2.153016e-009
2.151663631843894e-008	9.799401e-008	6.436162e-008	9.083393e-006	9.079643e-006	2.153233e-009
2.151963631843895e-008	9.803164e-008	6.434650e-008	9.083205e-006	9.079456e-006	2.153449e-009
2.152263631843895e-008	9.806899e-008	6.433142e-008	9.083016e-006	9.079269e-006	2.153665e-009
2.159163631843903e-008	9.886014e-008	6.399203e-008	9.078618e-006	9.074911e-006	2.158364e-009
2.163435060415336e-008	9.928285e-008	6.378842e-008	9.075838e-006	9.072155e-006	2.161021e-009
2.167706488986770e-008	9.967681e-008	6.358275e-008	9.073015e-006	9.069357e-006	2.163537e-009
2.171977917558203e-008	1.000420e-007	6.337502e-008	9.070149e-006	9.066516e-006	2.165911e-009
2.176249346129637e-008	1.003785e-007	6.316523e-008	9.067240e-006	9.063632e-006	2.168144e-009
2.180520774701070e-008	1.006862e-007	6.295337e-008	9.064289e-006	9.060706e-006	2.170236e-009
2.184792203272503e-008	1.009651e-007	6.273946e-008	9.061295e-006	9.057738e-006	2.172186e-009
2.189063631843937e-008	1.012153e-007	6.252348e-008	9.058258e-006	9.054726e-006	2.173995e-009
2.189163631843937e-008	1.012211e-007	6.251833e-008	9.058186e-006	9.054655e-006	2.174037e-009
2.189292203272508e-008	1.012286e-007	6.251171e-008	9.058094e-006	9.054564e-006	2.174090e-009
2.189420774701080e-008	1.012360e-007	6.250509e-008	9.058002e-006	9.054473e-006	2.174143e-009
2.189549346129652e-008	1.012434e-007	6.249847e-008	9.057909e-006	9.054381e-006	2.174195e-009
2.189677917558223e-008	1.012508e-007	6.249184e-008	9.057817e-006	9.054290e-006	2.174248e-009
2.189806488986795e-008	1.012581e-007	6.248521e-008	9.057725e-006	9.054198e-006	2.174301e-009
2.189935060415366e-008	1.012655e-007	6.247858e-008	9.057633e-006	9.054107e-006	2.174354e-009
2.190063631843938e-008	1.012728e-007	6.247194e-008	9.057540e-006	9.054015e-006	2.174406e-009
2.190435060415367e-008	1.012939e-007	6.245275e-008	9.057274e-006	9.053751e-006	2.174557e-009
2.190806488986796e-008	1.013149e-007	6.243353e-008	9.057007e-006	9.053486e-006	2.174708e-009
2.191177917558225e-008	1.013357e-007	6.241427e-008	9.056739e-006	9.053221e-006	2.174857e-009
2.191549346129654e-008	1.013564e-007	6.239499e-008	9.056472e-006	9.052956e-006	2.175006e-009
2.191920774701083e-008	1.013769e-007	6.237568e-008	9.056203e-006	9.052690e-006	2.175153e-009
2.192292203272512e-008	1.013973e-007	6.235634e-008	9.055935e-006	9.052423e-006	2.175300e-009
2.192663631843941e-008	1.014176e-007	6.233697e-008	9.055666e-006	9.052156e-006	2.175446e-009
2.219163631843971e-008	1.025718e-007	6.088062e-008	9.035693e-006	9.032347e-006	2.183888e-009
2.240000000000000e-008	1.031767e-007	5.964733e-008	9.018916e-006	9.015703e-006	2.188175e-009
2.247561636865616e-008	1.033474e-007	5.918535e-008	9.012602e-006	9.009438e-006	2.189292e-009
2.277561636865650e-008	1.038226e-007	5.730170e-008	8.986418e-006	8.983451e-006	2.191684e-009
2.281633065437083e-008	1.038652e-007	5.704141e-008	8.982728e-006	8.979788e-006	2.191772e-009
2.285704494008516e-008	1.039034e-007	5.678057e-008	8.979008e-006	8.976095e-006	2.191809e-009
2.289775922579949e-008	1.039374e-007	5.651920e-008	8.975256e-006	8.972371e-006	2.191795e-009
2.293847351151383e-008	1.039671e-007	5.625729e-008	8.971473e-006	8.968616e-006	2.191730e-009
2.297918779722816e-008	1.039925e-007	5.599485e-008	8.967660e-006	8.964830e-006	2.191614e-009
2.301990208294249e-008	1.040136e-007	5.573186e-008	8.963815e-006	8.961014e-006	2.191446e-009
2.306061636865682e-008	1.040304e-007	5.546833e-008	8.959940e-006	8.957167e-006	2.191227e-009
2.307561636865684e-008	1.040357e-007	5.537123e-008	8.958506e-006	8.955742e-006	2.191135e-009
2.326661636865705e-008	1.040592e-007	5.413236e-008	8.939885e-006	8.937253e-006	2.189388e-009
2.326761636865706e-008	1.040591e-007	5.412586e-008	8.939785e-006	8.937155e-006	2.189376e-009
2.326789704298611e-008	1.040591e-007	5.412404e-008	8.939757e-006	8.937128e-006	2.189373e-009
2.326812923576265e-008	1.040590e-007	5.412253e-008	8.939734e-006	8.937105e-006	2.189370e-009
2.326878613621911e-008	1.040590e-007	5.411827e-008	8.939669e-006	8.937040e-006	2.189362e-009
2.327045467932116e-008	1.040588e-007	5.410743e-008	8.939503e-006	8.936876e-006	2.189342e-009
2.327245467932116e-008	1.040586e-007	5.409445e-008	8.939305e-006	8.936679e-006	2.189318e-009
2.327445467932116e-008	1.040584e-007	5.408146e-008	8.939107e-006	8.936481e-006	2.189294e-009
2.327645467932117e-008	1.040582e-007	5.406847e-008	8.938909e-006	8.936285e-006	2.189270e-009
2.327845467932117e-008	1.040580e-007	5.405548e-008	8.938710e-006	8.936088e-006	2.189245e-009
2.328045467932117e-008	1.040578e-007	5.404249e-008	8.938512e-006	8.935892e-006	2.189221e-009
2.328245467932117e-008	1.040575e-007	5.402951e-008	8.938315e-006	8.935695e-006	2.189196e-009
2.328445467932118e-008	1.040573e-007	5.401652e-008	8.938117e-006	8.935499e-006	2.189172e-009
2.328645467932118e-008	1.040571e-007	5.400354e-008	8.937921e-006	8.935303e-006	2.189147e-009
2.328845467932118e-008	1.040568e-007	5.399055e-008	8.937724e-006	8.935109e-006	2.189122e-009
2.329145467932118e-008	1.040564e-007	5.397107e-008	8.937430e-006	8.934817e-006	2.189084e-009
2.329445467932119e-008	1.040560e-007	5.395159e-008	8.937138e-006	8.934527e-006	2.189046e-009
2.329745467932119e-008	1.040555e-007	5.393212e-008	8.936846e-006	8.934237e-006	2.189008e-009
2.330045467932119e-008	1.040551e-007	5.391264e-008	8.936557e-006	8.933950e-006	2.188970e-009
2.330616896503549e-008	1.040541e-007	5.387554e-008	8.936007e-006	8.933405e-006	2.188896e-009
2.331188325074978e-008	1.040531e-007	5.383846e-008	8.935468e-006	8.932869e-006	2.188822e-009
2.331759753646407e-008	1.040521e-007	5.380140e-008	8.934939e-006	8.932344e-006	2.188746e-009
2.332331182217836e-008	1.040509e-007	5.376436e-008	8.934421e-006	8.931830e-006	2.188670e-009
2.332902610789266e-008	1.040497e-007	5.372734e-008	8.933912e-006	8.931325e-006	2.188593e-009
2.333474039360695e-008	1.040484e-007	5.369033e-008	8.933414e-006	8.930831e-006	2.188515e-009
2.334045467932124e-008	1.040470e-007	5.365335e-008	8.932926e-006	8.930347e-006	2.188436e-009
2.334474039360696e-008	1.040459e-007	5.362564e-008	8.932570e-006	8.929994e-006	2.188376e-009
2.334902610789268e-008	1.040448e-007	5.359796e-008	8.932222e-006	8.929649e-006	2.188316e-009
2.335331182217840e-008	1.040436e-007	5.357030e-008	8.931883e-006	8.929313e-006	2.188256e-009
2.335759753646412e-008	1.040424e-007	5.354267e-008	8.931553e-006	8.928986e-006	2.188195e-009
2.336188325074983e-008	1.040411e-007	5.351506e-008	8.931232e-006	8.928668e-006	2.188134e-009
2.336616896503556e-008	1.040398e-007	5.348749e-008	8.930919e-006	8.928358e-006	2.188072e-009
2.337045467932127e-008	1.040385e-007	5.345994e-008	8.930615e-006	8.928057e-006	2.188010e-009
2.337145467932127e-008	1.040381e-007	5.345352e-008	8.930545e-006	8.927989e-006	2.187995e-009
2.337345467932128e-008	1.040375e-007	5.344068e-008	8.930409e-006	8.927853e-006	2.187966e-009
2.337545467932128e-008	1.040368e-007	5.342785e-008	8.930273e-006	8.927719e-006	2.187936e-009
2.338345467932129e-008	1.040341e-007	5.337658e-008	8.929753e-006	8.927205e-006	2.187818e-009
2.339145467932130e-008	1.040311e-007	5.332550e-008	8.929269e-006	8.926727e-006	2.187699e-009
2.339945467932131e-008	1.040280e-007	5.327460e-008	8.928821e-006	8.926285e-006	2.187578e-009
2.340745467932132e-008	1.040247e-007	5.322389e-008	8.928409e-006	8.925879e-006	2.187456e-009
2.341545467932132e-008	1.040212e-007	5.317336e-008	8.928032e-006	8.925508e-006	2.187334e-009
2.342345467932133e-008	1.040175e-007	5.312303e-008	8.927691e-006	8.925173e-006	2.187209e-009
2.343145467932134e-008	1.040136e-007	5.307288e-008	8.927385e-006	8.924873e-006	2.187084e-009
2.344245467932136e-008	1.040080e-007	5.300431e-008	8.927032e-006	8.924528e-006	2.186910e-009
2.345345467932137e-008	1.040019e-007	5.293627e-008	8.926730e-006	8.924233e-006	2.186735e-009
2.346445467932138e-008	1.039955e-007	5.286877e-008	8.926478e-006	8.923991e-006	2.186557e-009
2.347545467932139e-008	1.039888e-007	5.280179e-008	8.926279e-006	8.923799e-006	2.186379e-009
2.348645467932141e-008	1.039816e-007	5.273535e-008	8.926130e-006	8.923659e-006	2.186198e-009
2.349745467932142e-008	1.039741e-007	5.266944e-008	8.926033e-006	8.923570e-006	2.186016e-009
2.350845467932143e-008	1.039662e-007	5.260405e-008	8.925987e-006	8.923533e-006	2.185832e-009
2.351931182217859e-008	1.039580e-007	5.254015e-008	8.925974e-006	8.923528e-006	2.185650e-009
2.353016896503574e-008	1.039494e-007	5.247679e-008	8.925978e-006	8.923541e-006	2.185466e-009
2.354102610789290e-008	1.039405e-007	5.241398e-008	8.926001e-006	8.923572e-006	2.185282e-009
2.355188325075005e-008	1.039313e-007	5.235172e-008	8.926041e-006	8.923620e-006	2.185095e-009
2.356274039360721e-008	1.039217e-007	5.229001e-008	8.926098e-006	8.923686e-006	2.184908e-009
2.357359753646436e-008	1.039118e-007	5.222885e-008	8.926173e-006	8.923769e-006	2.184720e-009
2.358445467932152e-008	1.039015e-007	5.216825e-008	8.926266e-006	8.923870e-006	2.184530e-009
2.359059753646438e-008	1.038956e-007	5.213418e-008	8.926316e-006	8.923925e-006	2.184422e-009
2.359674039360724e-008	1.038896e-007	5.210026e-008	8.926366e-006	8.923980e-006	2.184313e-009
2.360288325075011e-008	1.038834e-007	5.206650e-008	8.926415e-006	8.924034e-006	2.184205e-009
2.360902610789297e-008	1.038772e-007	5.203289e-008	8.926464e-006	8.924088e-006	2.184096e-009
2.361516896503584e-008	1.038709e-007	5.199943e-008	8.926513e-006	8.924141e-006	2.183986e-009
2.362131182217870e-008	1.038645e-007	5.196613e-008	8.926561e-006	8.924194e-006	2.183876e-009
2.362745467932157e-008	1.038580e-007	5.193298e-008	8.926609e-006	8.924247e-006	2.183765e-009
2.363159753646443e-008	1.038535e-007	5.191069e-008	8.926639e-006	8.924280e-006	2.183691e-009
2.363574039360729e-008	1.038491e-007	5.188847e-008	8.926669e-006	8.924313e-006	2.183616e-009
2.363988325075015e-008	1.038446e-007	5.186631e-008	8.926697e-006	8.924344e-006	2.183541e-009
2.364402610789301e-008	1.038400e-007	5.184421e-008	8.926724e-006	8.924374e-006	2.183465e-009
2.364816896503588e-008	1.038354e-007	5.182217e-008	8.926749e-006	8.924403e-006	2.183390e-009
2.365231182217874e-008	1.038308e-007	5.180019e-008	8.926774e-006	8.924431e-006	2.183314e-009
2.365645467932160e-008	1.038261e-007	5.177827e-008	8.926797e-006	8.924457e-006	2.183238e-009
2.365845467932160e-008	1.038239e-007	5.176770e-008	8.926808e-006	8.924469e-006	2.183201e-009
2.366045467932160e-008	1.038216e-007	5.175715e-008	8.926818e-006	8.924481e-006	2.183164e-009
2.366245467932160e-008	1.038193e-007	5.174661e-008	8.926828e-006	8.924492e-006	2.183127e-009
2.366445467932161e-008	1.038170e-007	5.173609e-008	8.926837e-006	8.924503e-006	2.183091e-009
2.366645467932161e-008	1.038147e-007	5.172557e-008	8.926846e-006	8.924514e-006	2.183054e-009
2.366845467932161e-008	1.038124e-007	5.171507e-008	8.926854e-006	8.924524e-006	2.183016e-009
2.367045467932161e-008	1.038101e-007	5.170458e-008	8.926862e-006	8.924533e-006	2.182979e-009
2.367145467932162e-008	1.038089e-007	5.169935e-008	8.926867e-006	8.924539e-006	2.182961e-009
2.367574039360733e-008	1.038039e-007	5.167693e-008	8.926883e-006	8.924558e-006	2.182881e-009
2.368002610789305e-008	1.037989e-007	5.165456e-008	8.926896e-006	8.924575e-006	2.182801e-009
2.368431182217877e-008	1.037939e-007	5.163224e-008	8.926908e-006	8.924589e-006	2.182721e-009
2.368859753646449e-008	1.037888e-007	5.160997e-008	8.926917e-006	8.924602e-006	2.182641e-009
2.369288325075021e-008	1.037836e-007	5.158776e-008	8.926924e-006	8.924612e-006	2.182560e-009
2.369716896503593e-008	1.037784e-007	5.156559e-008	8.926928e-006	8.924620e-006	2.182479e-009
2.370145467932165e-008	1.037732e-007	5.154347e-008	8.926931e-006	8.924626e-006	2.182398e-009
2.370245467932165e-008	1.037720e-007	5.153832e-008	8.926932e-006	8.924627e-006	2.182379e-009
2.370345467932165e-008	1.037708e-007	5.153317e-008	8.926932e-006	8.924628e-006	2.182360e-009
2.370545467932165e-008	1.037684e-007	5.152287e-008	8.926931e-006	8.924629e-006	2.182322e-009
2.370774039360737e-008	1.037656e-007	5.151112e-008	8.926930e-006	8.924630e-006	2.182279e-009
2.371002610789309e-008	1.037627e-007	5.149937e-008	8.926929e-006	8.924630e-006	2.182235e-009
2.371231182217880e-008	1.037599e-007	5.148764e-008	8.926926e-006	8.924629e-006	2.182191e-009
2.371459753646452e-008	1.037571e-007	5.147592e-008	8.926922e-006	8.924627e-006	2.182147e-009
2.371688325075024e-008	1.037542e-007	5.146422e-008	8.926918e-006	8.924624e-006	2.182104e-009
2.371916896503596e-008	1.037514e-007	5.145252e-008	8.926912e-006	8.924620e-006	2.182060e-009
2.372145467932167e-008	1.037485e-007	5.144084e-008	8.926905e-006	8.924615e-006	2.182016e-009
2.372216896503596e-008	1.037476e-007	5.143719e-008	8.926903e-006	8.924613e-006	2.182002e-009
2.372288325075024e-008	1.037467e-007	5.143354e-008	8.926900e-006	8.924612e-006	2.181988e-009
2.372359753646453e-008	1.037458e-007	5.142989e-008	8.926897e-006	8.924610e-006	2.181974e-009
2.372431182217882e-008	1.037449e-007	5.142625e-008	8.926895e-006	8.924608e-006	2.181961e-009
2.372502610789311e-008	1.037440e-007	5.142260e-008	8.926892e-006	8.924605e-006	2.181947e-009
2.372574039360739e-008	1.037431e-007	5.141896e-008	8.926889e-006	8.924603e-006	2.181933e-009
2.372645467932168e-008	1.037422e-007	5.141532e-008	8.926886e-006	8.924600e-006	2.181919e-009
2.372783839874112e-008	1.037405e-007	5.140827e-008	8.926880e-006	8.924595e-006	2.181892e-009
2.372795668090529e-008	1.037403e-007	5.140766e-008	8.926880e-006	8.924595e-006	2.181890e-009
2.372807391711751e-008	1.037402e-007	5.140707e-008	8.926879e-006	8.924594e-006	2.181888e-009
2.372808933447091e-008	1.037402e-007	5.140699e-008	8.926879e-006	8.924594e-006	2.181888e-009
2.372809538693581e-008	1.037402e-007	5.140696e-008	8.926879e-006	8.924594e-006	2.181888e-009
2.372810022494423e-008	1.037402e-007	5.140693e-008	8.926879e-006	8.924594e-006	2.181887e-009
2.372810659293777e-008	1.037402e-007	5.140690e-008	8.926879e-006	8.924594e-006	2.181887e-009
2.372811378807551e-008	1.037401e-007	5.140686e-008	8.926879e-006	8.924594e-006	2.181887e-009
2.372812092021427e-008	1.037401e-007	5.140683e-008	8.926879e-006	8.924594e-006	2.181887e-009
2.372812781097535e-008	1.037401e-007	5.140679e-008	8.926879e-006	8.924594e-006	2.181887e-009
2.372813465081099e-008	1.037401e-007	5.140676e-008	8.926879e-006	8.924594e-006	2.181887e-009
2.372814151797323e-008	1.037401e-007	5.140672e-008	8.926879e-006	8.924594e-006	2.181887e-009
2.372814841742147e-008	1.037401e-007	5.140669e-008	8.926879e-006	8.924594e-006	2.181886e-009
2.372815531221454e-008	1.037401e-007	5.140665e-008	8.926879e-006	8.924594e-006	2.181886e-009
2.372816220540402e-008	1.037401e-007	5.140662e-008	8.926879e-006	8.924594e-006	2.181886e-009
2.372816989373190e-008	1.037401e-007	5.140658e-008	8.926879e-006	8.924594e-006	2.181886e-009
2.372817873227146e-008	1.037401e-007	5.140653e-008	8.926879e-006	8.924594e-006	2.181886e-009
2.372818901941908e-008	1.037401e-007	5.140648e-008	8.926879e-006	8.924594e-006	2.181886e-009
2.372821555565711e-008	1.037400e-007	5.140635e-008	8.926878e-006	8.924594e-006	2.181885e-009
2.372826949901644e-008	1.037400e-007	5.140607e-008	8.926878e-006	8.924594e-006	2.181884e-009
2.372832344237577e-008	1.037399e-007	5.140579e-008	8.926877e-006	8.924594e-006	2.181883e-009
2.372837738573510e-008	1.037398e-007	5.140552e-008	8.926877e-006	8.924593e-006	2.181882e-009
2.372843132909443e-008	1.037397e-007	5.140524e-008	8.926877e-006	8.924593e-006	2.181881e-009
2.372848527245376e-008	1.037397e-007	5.140497e-008	8.926877e-006	8.924593e-006	2.181880e-009
2.372853921581309e-008	1.037396e-007	5.140469e-008	8.926876e-006	8.924593e-006	2.181879e-009
2.372859315917242e-008	1.037395e-007	5.140442e-008	8.926876e-006	8.924592e-006	2.181878e-009
2.373231055454433e-008	1.037348e-007	5.138550e-008	8.926856e-006	8.924575e-006	2.181806e-009
2.373602794991625e-008	1.037301e-007	5.136660e-008	8.926833e-006	8.924555e-006	2.181733e-009
2.373974534528816e-008	1.037254e-007	5.134773e-008	8.926807e-006	8.924532e-006	2.181661e-009
2.374346274066008e-008	1.037206e-007	5.132887e-008	8.926777e-006	8.924505e-006	2.181588e-009
2.374718013603199e-008	1.037158e-007	5.131005e-008	8.926744e-006	8.924475e-006	2.181515e-009
2.375089753140391e-008	1.037110e-007	5.129124e-008	8.926708e-006	8.924441e-006	2.181442e-009
2.375461492677583e-008	1.037061e-007	5.127246e-008	8.926669e-006	8.924404e-006	2.181368e-009
2.377104349820442e-008	1.036845e-007	5.118983e-008	8.926451e-006	8.924199e-006	2.181041e-009
2.378747206963301e-008	1.036625e-007	5.110734e-008	8.926179e-006	8.923939e-006	2.180709e-009
2.380390064106160e-008	1.036403e-007	5.102499e-008	8.925853e-006	8.923625e-006	2.180371e-009
2.382032921249019e-008	1.036178e-007	5.094278e-008	8.925472e-006	8.923257e-006	2.180029e-009
2.383675778391878e-008	1.035949e-007	5.086072e-008	8.925037e-006	8.922835e-006	2.179681e-009
2.385318635534737e-008	1.035718e-007	5.077879e-008	8.924548e-006	8.922358e-006	2.179327e-009
2.386961492677596e-008	1.035483e-007	5.069701e-008	8.924004e-006	8.921827e-006	2.178969e-009
2.388032921249026e-008	1.035329e-007	5.064358e-008	8.923626e-006	8.921458e-006	2.178731e-009
2.389104349820455e-008	1.035174e-007	5.059010e-008	8.923230e-006	8.921070e-006	2.178492e-009
2.390175778391885e-008	1.035018e-007	5.053657e-008	8.922816e-006	8.920663e-006	2.178249e-009
2.391247206963315e-008	1.034861e-007	5.048299e-008	8.922383e-006	8.920238e-006	2.178004e-009
2.392318635534745e-008	1.034702e-007	5.042935e-008	8.921931e-006	8.919795e-006	2.177757e-009
2.393390064106174e-008	1.034543e-007	5.037566e-008	8.921462e-006	8.919333e-006	2.177506e-009
2.394461492677604e-008	1.034383e-007	5.032192e-008	8.920973e-006	8.918853e-006	2.177253e-009
2.394561492677604e-008	1.034368e-007	5.031689e-008	8.920927e-006	8.918808e-006	2.177230e-009
2.397718635534751e-008	1.033890e-007	5.015813e-008	8.919370e-006	8.917275e-006	2.176469e-009
2.400875778391897e-008	1.033404e-007	4.999831e-008	8.917700e-006	8.915628e-006	2.175683e-009
2.404032921249044e-008	1.032909e-007	4.983743e-008	8.915914e-006	8.913866e-006	2.174872e-009
2.407190064106190e-008	1.032405e-007	4.967549e-008	8.914015e-006	8.911990e-006	2.174036e-009
2.410347206963337e-008	1.031893e-007	4.951250e-008	8.912001e-006	8.910000e-006	2.173174e-009
2.413504349820483e-008	1.031371e-007	4.934845e-008	8.909873e-006	8.907896e-006	2.172288e-009
2.416661492677630e-008	1.030841e-007	4.918334e-008	8.907631e-006	8.905678e-006	2.171376e-009
2.424561492677639e-008	1.029470e-007	4.876476e-008	8.901688e-006	8.899793e-006	2.168977e-009
2.429474534739713e-008	1.028585e-007	4.850083e-008	8.897746e-006	8.895888e-006	2.167401e-009
2.429487783818640e-008	1.028583e-007	4.850012e-008	8.897735e-006	8.895877e-006	2.167397e-009
2.429490858360428e-008	1.028582e-007	4.849995e-008	8.897732e-006	8.895875e-006	2.167396e-009
2.429492277583737e-008	1.028582e-007	4.849987e-008	8.897732e-006	8.895874e-006	2.167396e-009
2.429492776736245e-008	1.028582e-007	4.849985e-008	8.897731e-006	8.895874e-006	2.167396e-009
2.429493775041263e-008	1.028582e-007	4.849979e-008	8.897731e-006	8.895874e-006	2.167395e-009
2.429494006704951e-008	1.028582e-007	4.849978e-008	8.897731e-006	8.895874e-006	2.167395e-009
2.429494202957954e-008	1.028582e-007	4.849977e-008	8.897731e-006	8.895873e-006	2.167395e-009
2.429528921786257e-008	1.028575e-007	4.849789e-008	8.897691e-006	8.895834e-006	2.167384e-009
2.429563640614558e-008	1.028569e-007	4.849602e-008	8.897650e-006	8.895794e-006	2.167372e-009
2.429598359442860e-008	1.028563e-007	4.849414e-008	8.897609e-006	8.895753e-006	2.167361e-009
2.429633078271162e-008	1.028556e-007	4.849226e-008	8.897566e-006	8.895711e-006	2.167350e-009
2.429667797099464e-008	1.028550e-007	4.849039e-008	8.897523e-006	8.895668e-006	2.167338e-009
2.429702515927766e-008	1.028544e-007	4.848851e-008	8.897478e-006	8.895623e-006	2.167327e-009
2.429737234756068e-008	1.028537e-007	4.848663e-008	8.897433e-006	8.895578e-006	2.167315e-009
2.429837234756068e-008	1.028519e-007	4.848122e-008	8.897348e-006	8.895494e-006	2.167283e-009
2.429937234756068e-008	1.028501e-007	4.847582e-008	8.897314e-006	8.895459e-006	2.167250e-009
2.430037234756069e-008	1.028482e-007	4.847042e-008	8.897337e-006	8.895484e-006	2.167217e-009
2.430137234756069e-008	1.028464e-007	4.846503e-008	8.897432e-006	8.895579e-006	2.167184e-009
2.430237234756069e-008	1.028445e-007	4.845966e-008	8.897608e-006	8.895756e-006	2.167151e-009
2.430337234756069e-008	1.028427e-007	4.845431e-008	8.897880e-006	8.896030e-006	2.167118e-009
2.430437234756069e-008	1.028408e-007	4.844900e-008	8.898262e-006	8.896413e-006	2.167086e-009
2.430537234756069e-008	1.028389e-007	4.844372e-008	8.898769e-006	8.896921e-006	2.167053e-009
2.430637234756069e-008	1.028370e-007	4.843849e-008	8.899417e-006	8.897570e-006	2.167020e-009
2.430737234756069e-008	1.028350e-007	4.843333e-008	8.900221e-006	8.898376e-006	2.166988e-009
2.430837234756069e-008	1.028331e-007	4.842824e-008	8.901196e-006	8.899353e-006	2.166956e-009
2.431037234756070e-008	1.028290e-007	4.841833e-008	8.903718e-006	8.901878e-006	2.166892e-009
2.431237234756070e-008	1.028248e-007	4.840886e-008	8.907089e-006	8.905253e-006	2.166829e-009
2.431537234756070e-008	1.028180e-007	4.839579e-008	8.913935e-006	8.912106e-006	2.166738e-009
2.431837234756071e-008	1.028106e-007	4.838446e-008	8.923120e-006	8.921299e-006	2.166651e-009
2.432137234756071e-008	1.028024e-007	4.837536e-008	8.934774e-006	8.932963e-006	2.166570e-009
2.432337234756071e-008	1.027963e-007	4.837078e-008	8.943938e-006	8.942136e-006	2.166520e-009
2.432537234756071e-008	1.027898e-007	4.836755e-008	8.954215e-006	8.952421e-006	2.166473e-009
2.432637234756072e-008	1.027864e-007	4.836649e-008	8.959767e-006	8.957977e-006	2.166451e-009
2.432737234756072e-008	1.027828e-007	4.836582e-008	8.965590e-006	8.963805e-006	2.166431e-009
2.432837234756072e-008	1.027790e-007	4.836552e-008	8.971660e-006	8.969880e-006	2.166411e-009
2.432903526560668e-008	1.027765e-007	4.836554e-008	8.975824e-006	8.974046e-006	2.166399e-009
2.432952451556286e-008	1.027745e-007	4.836570e-008	8.978989e-006	8.977214e-006	2.166390e-009
2.433010731729807e-008	1.027722e-007	4.836603e-008	8.982847e-006	8.981075e-006	2.166380e-009
2.433046334174631e-008	1.027707e-007	4.836630e-008	8.985252e-006	8.983482e-006	2.166374e-009
2.433094400905382e-008	1.027687e-007	4.836676e-008	8.988547e-006	8.986780e-006	2.166366e-009
2.433108699994965e-008	1.027681e-007	4.836691e-008	8.989536e-006	8.987769e-006	2.166364e-009
2.433113613296577e-008	1.027679e-007	4.836697e-008	8.989877e-006	8.988110e-006	2.166363e-009
2.433117464810960e-008	1.027678e-007	4.836702e-008	8.990145e-006	8.988379e-006	2.166363e-009
2.433119050162444e-008	1.027677e-007	4.836703e-008	8.990256e-006	8.988489e-006	2.166362e-009
2.433119545985790e-008	1.027677e-007	4.836704e-008	8.990291e-006	8.988523e-006	2.166362e-009
2.433119635514123e-008	1.027677e-007	4.836704e-008	8.990297e-006	8.988530e-006	2.166362e-009
2.433119669545879e-008	1.027677e-007	4.836704e-008	8.990299e-006	8.988532e-006	2.166362e-009
2.433119721868147e-008	1.027677e-007	4.836704e-008	8.990302e-006	8.988536e-006	2.166362e-009
2.433119771257562e-008	1.027677e-007	4.836705e-008	8.990306e-006	8.988540e-006	2.166362e-009
2.433119823001820e-008	1.027677e-007	4.836705e-008	8.990310e-006	8.988543e-006	2.166362e-009
2.433119880160463e-008	1.027677e-007	4.836705e-008	8.990313e-006	8.988547e-006	2.166362e-009
2.433119935248587e-008	1.027677e-007	4.836705e-008	8.990318e-006	8.988551e-006	2.166362e-009
2.433119991182743e-008	1.027677e-007	4.836705e-008	8.990321e-006	8.988554e-006	2.166362e-009
2.433120045497693e-008	1.027677e-007	4.836705e-008	8.990325e-006	8.988559e-006	2.166362e-009
2.433120104038979e-008	1.027677e-007	4.836705e-008	8.990330e-006	8.988563e-006	2.166362e-009
2.433120171977649e-008	1.027677e-007	4.836705e-008	8.990334e-006	8.988567e-006	2.166362e-009
2.433120250196857e-008	1.027677e-007	4.836705e-008	8.990340e-006	8.988573e-006	2.166362e-009
2.433120342005371e-008	1.027676e-007	4.836705e-008	8.990346e-006	8.988579e-006	2.166362e-009
2.433120450770228e-008	1.027676e-007	4.836705e-008	8.990353e-006	8.988587e-006	2.166362e-009
2.433120585007741e-008	1.027676e-007	4.836705e-008	8.990362e-006	8.988596e-006	2.166362e-009
2.433120755865787e-008	1.027676e-007	4.836706e-008	8.990375e-006	8.988608e-006	2.166362e-009
2.433120987385326e-008	1.027676e-007	4.836706e-008	8.990391e-006	8.988624e-006	2.166362e-009
2.433170047372581e-008	1.027655e-007	4.836774e-008	8.993835e-006	8.992071e-006	2.166355e-009
2.433219107359835e-008	1.027633e-007	4.836853e-008	8.997319e-006	8.995557e-006	2.166348e-009
2.433268167347090e-008	1.027611e-007	4.836943e-008	9.000842e-006	8.999083e-006	2.166341e-009
2.433317227334345e-008	1.027589e-007	4.837045e-008	9.004403e-006	9.002647e-006	2.166335e-009
2.433366287321600e-008	1.027566e-007	4.837158e-008	9.008004e-006	9.006250e-006	2.166328e-009
2.433415347308854e-008	1.027543e-007	4.837282e-008	9.011643e-006	9.009892e-006	2.166323e-009
2.433464407296109e-008	1.027520e-007	4.837417e-008	9.015322e-006	9.013574e-006	2.166317e-009
2.433664407296109e-008	1.027420e-007	4.838094e-008	9.030747e-006	9.029010e-006	2.166298e-009
2.433964407296110e-008	1.027256e-007	4.839501e-008	9.055142e-006	9.053422e-006	2.166281e-009
2.434192978724681e-008	1.027121e-007	4.840879e-008	9.074773e-006	9.073068e-006	2.166276e-009
2.434421550153253e-008	1.026974e-007	4.842579e-008	9.095173e-006	9.093483e-006	2.166281e-009
2.434650121581825e-008	1.026818e-007	4.844599e-008	9.116343e-006	9.114668e-006	2.166295e-009
2.434878693010396e-008	1.026650e-007	4.846941e-008	9.138283e-006	9.136622e-006	2.166318e-009
2.435107264438968e-008	1.026472e-007	4.849604e-008	9.160991e-006	9.159347e-006	2.166350e-009
2.435335835867540e-008	1.026283e-007	4.852588e-008	9.184470e-006	9.182842e-006	2.166391e-009
2.435564407296111e-008	1.026083e-007	4.855893e-008	9.208718e-006	9.207106e-006	2.166441e-009
2.435692978724683e-008	1.025965e-007	4.857917e-008	9.222635e-006	9.221033e-006	2.166475e-009
2.435821550153255e-008	1.025843e-007	4.860055e-008	9.236753e-006	9.235161e-006	2.166511e-009
2.435950121581826e-008	1.025718e-007	4.862310e-008	9.251071e-006	9.249490e-006	2.166551e-009
2.436078693010398e-008	1.025589e-007	4.864680e-008	9.265589e-006	9.264018e-006	2.166595e-009
2.436207264438969e-008	1.025456e-007	4.867166e-008	9.280308e-006	9.278747e-006	2.166641e-009
2.436335835867541e-008	1.025319e-007	4.869767e-008	9.295228e-006	9.293677e-006	2.166691e-009
2.436464407296112e-008	1.025179e-007	4.872484e-008	9.310348e-006	9.308807e-006	2.166745e-009
2.436564407296113e-008	1.025068e-007	4.874670e-008	9.322207e-006	9.320674e-006	2.166788e-009
2.436592474745129e-008	1.025036e-007	4.875296e-008	9.325555e-006	9.324024e-006	2.166801e-009
2.436615566332402e-008	1.025009e-007	4.875818e-008	9.328325e-006	9.326796e-006	2.166811e-009
2.436647928679937e-008	1.024972e-007	4.876558e-008	9.332243e-006	9.330717e-006	2.166826e-009
2.436681415531745e-008	1.024934e-007	4.877334e-008	9.336346e-006	9.334823e-006	2.166842e-009
2.436748389235362e-008	1.024855e-007	4.878915e-008	9.344660e-006	9.343143e-006	2.166875e-009
2.436848389235362e-008	1.024736e-007	4.881334e-008	9.357291e-006	9.355783e-006	2.166926e-009
2.436948389235362e-008	1.024614e-007	4.883825e-008	9.370187e-006	9.368688e-006	2.166978e-009
2.437048389235362e-008	1.024490e-007	4.886396e-008	9.383376e-006	9.381885e-006	2.167033e-009
2.437148389235362e-008	1.024364e-007	4.889050e-008	9.396859e-006	9.395379e-006	2.167090e-009
2.437248389235362e-008	1.024234e-007	4.891787e-008	9.410640e-006	9.409167e-006	2.167150e-009
2.437348389235363e-008	1.024102e-007	4.894609e-008	9.424714e-006	9.423253e-006	2.167212e-009
2.437448389235363e-008	1.023967e-007	4.897519e-008	9.439082e-006	9.437629e-006	2.167277e-009
2.437548389235363e-008	1.023829e-007	4.900518e-008	9.453737e-006	9.452295e-006	2.167345e-009
2.437648389235363e-008	1.023688e-007	4.903607e-008	9.468673e-006	9.467240e-006	2.167415e-009
2.437748389235363e-008	1.023544e-007	4.906789e-008	9.483882e-006	9.482459e-006	2.167487e-009
2.437848389235363e-008	1.023397e-007	4.910063e-008	9.499354e-006	9.497942e-006	2.167563e-009
2.437948389235363e-008	1.023247e-007	4.913434e-008	9.515077e-006	9.513677e-006	2.167641e-009
2.438048389235363e-008	1.023094e-007	4.916900e-008	9.531040e-006	9.529650e-006	2.167722e-009
2.438148389235363e-008	1.022938e-007	4.920463e-008	9.547228e-006	9.545848e-006	2.167806e-009
2.438248389235364e-008	1.022779e-007	4.924125e-008	9.563626e-006	9.562257e-006	2.167893e-009
2.438348389235364e-008	1.022616e-007	4.927887e-008	9.580219e-006	9.578862e-006	2.167983e-009
2.438548389235364e-008	1.022282e-007	4.935713e-008	9.613927e-006	9.612593e-006	2.168172e-009
2.438748389235364e-008	1.021934e-007	4.943945e-008	9.648227e-006	9.646915e-006	2.168373e-009
2.439048389235364e-008	1.021389e-007	4.957066e-008	9.700527e-006	9.699250e-006	2.168698e-009
2.439148389235365e-008	1.021201e-007	4.961646e-008	9.718135e-006	9.716869e-006	2.168812e-009
2.439248389235365e-008	1.021009e-007	4.966330e-008	9.735810e-006	9.734556e-006	2.168929e-009
2.439348389235365e-008	1.020815e-007	4.971118e-008	9.753541e-006	9.752299e-006	2.169050e-009
2.439448389235365e-008	1.020617e-007	4.976009e-008	9.771322e-006	9.770091e-006	2.169174e-009
2.439648389235365e-008	1.020212e-007	4.986102e-008	9.806995e-006	9.805788e-006	2.169431e-009
2.439848389235365e-008	1.019794e-007	4.996608e-008	9.842774e-006	9.841591e-006	2.169700e-009
2.440048389235366e-008	1.019363e-007	5.007524e-008	9.878617e-006	9.877457e-006	2.169982e-009
2.440248389235366e-008	1.018920e-007	5.018849e-008	9.914493e-006	9.913356e-006	2.170276e-009
2.440448389235366e-008	1.018466e-007	5.030580e-008	9.950377e-006	9.949264e-006	2.170583e-009
2.440748389235366e-008	1.017761e-007	5.048930e-008	1.000418e-005	1.000310e-005	2.171067e-009
2.441048389235367e-008	1.017030e-007	5.068175e-008	1.005792e-005	1.005688e-005	2.171579e-009
2.441348389235367e-008	1.016273e-007	5.088305e-008	1.011157e-005	1.011056e-005	2.172118e-009
2.441591246378224e-008	1.015640e-007	5.105257e-008	1.015496e-005	1.015398e-005	2.172575e-009
2.441834103521082e-008	1.014993e-007	5.122757e-008	1.019820e-005	1.019725e-005	2.173049e-009
2.442076960663939e-008	1.014330e-007	5.140805e-008	1.024130e-005	1.024038e-005	2.173541e-009
2.442319817806797e-008	1.013653e-007	5.159401e-008	1.028427e-005	1.028337e-005	2.174051e-009
2.442562674949654e-008	1.012959e-007	5.178544e-008	1.032709e-005	1.032622e-005	2.174578e-009
2.442805532092512e-008	1.012251e-007	5.198235e-008	1.036977e-005	1.036893e-005	2.175123e-009
2.443048389235369e-008	1.011527e-007	5.218473e-008	1.041231e-005	1.041150e-005	2.175685e-009
2.443505532092513e-008	1.010122e-007	5.258106e-008	1.049203e-005	1.049127e-005	2.176792e-009
2.443962674949656e-008	1.008677e-007	5.299368e-008	1.057052e-005	1.056981e-005	2.177955e-009
2.444419817806799e-008	1.007191e-007	5.342261e-008	1.064777e-005	1.064711e-005	2.179173e-009
2.444876960663942e-008	1.005666e-007	5.386784e-008	1.072379e-005	1.072318e-005	2.180447e-009
2.445334103521086e-008	1.004101e-007	5.432937e-008	1.079857e-005	1.079801e-005	2.181776e-009
2.445791246378229e-008	1.002496e-007	5.480720e-008	1.087212e-005	1.087160e-005	2.183160e-009
2.446248389235373e-008	1.000851e-007	5.530133e-008	1.094444e-005	1.094396e-005	2.184600e-009
2.446591246378230e-008	9.995999e-008	5.568059e-008	1.099744e-005	1.099700e-005	2.185712e-009
2.446934103521088e-008	9.983365e-008	5.606651e-008	1.104945e-005	1.104905e-005	2.186849e-009
2.447276960663945e-008	9.970607e-008	5.645911e-008	1.110047e-005	1.110009e-005	2.188011e-009
2.447619817806803e-008	9.957727e-008	5.685837e-008	1.115049e-005	1.115014e-005	2.189198e-009
2.447962674949660e-008	9.944723e-008	5.726430e-008	1.119951e-005	1.119920e-005	2.190411e-009
2.448305532092518e-008	9.931596e-008	5.767690e-008	1.124754e-005	1.124726e-005	2.191648e-009
2.448648389235375e-008	9.918347e-008	5.809617e-008	1.129457e-005	1.129432e-005	2.192911e-009
2.448748389235375e-008	9.914476e-008	5.821928e-008	1.130808e-005	1.130784e-005	2.193283e-009
2.449748389235377e-008	9.874876e-008	5.949138e-008	1.143746e-005	1.143730e-005	2.197148e-009
2.450748389235378e-008	9.835512e-008	6.078491e-008	1.155870e-005	1.155861e-005	2.201133e-009
2.451748389235379e-008	9.796384e-008	6.209987e-008	1.167178e-005	1.167176e-005	2.205238e-009
2.452748389235380e-008	9.757491e-008	6.343626e-008	1.177671e-005	1.177675e-005	2.209464e-009
2.453748389235381e-008	9.718835e-008	6.479409e-008	1.187349e-005	1.187359e-005	2.213809e-009
2.454748389235382e-008	9.680414e-008	6.617335e-008	1.196211e-005	1.196227e-005	2.218274e-009
2.455748389235383e-008	9.642229e-008	6.757404e-008	1.204259e-005	1.204279e-005	2.222860e-009
2.456219817806813e-008	9.624748e-008	6.822875e-008	1.207858e-005	1.207881e-005	2.225027e-009
2.456691246378241e-008	9.607506e-008	6.888227e-008	1.211331e-005	1.211356e-005	2.227203e-009
2.457162674949671e-008	9.590505e-008	6.953458e-008	1.214678e-005	1.214704e-005	2.229389e-009
2.457634103521100e-008	9.573745e-008	7.018570e-008	1.217898e-005	1.217926e-005	2.231584e-009
2.458105532092529e-008	9.557225e-008	7.083561e-008	1.220992e-005	1.221022e-005	2.233788e-009
2.458576960663958e-008	9.540945e-008	7.148433e-008	1.223959e-005	1.223990e-005	2.236001e-009
2.459048389235387e-008	9.524905e-008	7.213184e-008	1.226800e-005	1.226833e-005	2.238224e-009
2.459148389235387e-008	9.521543e-008	7.226868e-008	1.227391e-005	1.227424e-005	2.238696e-009
2.459248389235387e-008	9.518194e-008	7.240541e-008	1.227976e-005	1.228010e-005	2.239168e-009
2.459348389235387e-008	9.514854e-008	7.254204e-008	1.228557e-005	1.228591e-005	2.239640e-009
2.459385889235388e-008	9.513606e-008	7.259324e-008	1.228772e-005	1.228806e-005	2.239817e-009
2.459435889235388e-008	9.511945e-008	7.266147e-008	1.229057e-005	1.229091e-005	2.240053e-009
2.459497095913894e-008	9.509916e-008	7.274495e-008	1.229405e-005	1.229439e-005	2.240342e-009
2.459577934749107e-008	9.507243e-008	7.285514e-008	1.229862e-005	1.229897e-005	2.240724e-009
2.459658773584321e-008	9.504579e-008	7.296524e-008	1.230316e-005	1.230351e-005	2.241107e-009
2.459739612419534e-008	9.501923e-008	7.307526e-008	1.230768e-005	1.230803e-005	2.241489e-009
2.459820451254748e-008	9.499275e-008	7.318518e-008	1.231217e-005	1.231252e-005	2.241871e-009
2.459901290089961e-008	9.496635e-008	7.329503e-008	1.231663e-005	1.231698e-005	2.242254e-009
2.459982128925175e-008	9.494004e-008	7.340479e-008	1.232106e-005	1.232142e-005	2.242636e-009
2.460062967760388e-008	9.491381e-008	7.351446e-008	1.232546e-005	1.232582e-005	2.243019e-009
2.460162967760388e-008	9.488148e-008	7.364999e-008	1.233087e-005	1.233123e-005	2.243492e-009
2.460362967760389e-008	9.481722e-008	7.392062e-008	1.234152e-005	1.234189e-005	2.244440e-009
2.460562967760389e-008	9.475349e-008	7.419064e-008	1.235200e-005	1.235238e-005	2.245387e-009
2.460862967760389e-008	9.465889e-008	7.459451e-008	1.236739e-005	1.236777e-005	2.246810e-009
2.460962967760389e-008	9.462762e-008	7.472882e-008	1.237243e-005	1.237282e-005	2.247284e-009
2.461062967760389e-008	9.459649e-008	7.486295e-008	1.237741e-005	1.237780e-005	2.247758e-009
2.461162967760390e-008	9.456550e-008	7.499692e-008	1.238232e-005	1.238271e-005	2.248233e-009
2.461262967760390e-008	9.453465e-008	7.513070e-008	1.238710e-005	1.238749e-005	2.248707e-009
2.461538358385390e-008	9.445041e-008	7.549818e-008	1.239954e-005	1.239994e-005	2.250013e-009
2.461547733385390e-008	9.444756e-008	7.551066e-008	1.239994e-005	1.240034e-005	2.250058e-009
2.461562085804195e-008	9.444320e-008	7.552976e-008	1.240055e-005	1.240095e-005	2.250126e-009
2.461575052735828e-008	9.443927e-008	7.554702e-008	1.240111e-005	1.240150e-005	2.250187e-009
2.461586167248657e-008	9.443590e-008	7.556181e-008	1.240158e-005	1.240198e-005	2.250240e-009
2.461600986599095e-008	9.443141e-008	7.558152e-008	1.240221e-005	1.240260e-005	2.250310e-009
2.461617681496356e-008	9.442636e-008	7.560372e-008	1.240291e-005	1.240331e-005	2.250389e-009
2.461826520770595e-008	9.436357e-008	7.588083e-008	1.241130e-005	1.241170e-005	2.251380e-009
2.461926520770595e-008	9.433371e-008	7.601322e-008	1.241513e-005	1.241554e-005	2.251853e-009
2.461956328684524e-008	9.432483e-008	7.605264e-008	1.241625e-005	1.241665e-005	2.251995e-009
2.461962072183514e-008	9.432313e-008	7.606023e-008	1.241646e-005	1.241687e-005	2.252022e-009
2.461964883767013e-008	9.432229e-008	7.606394e-008	1.241656e-005	1.241697e-005	2.252035e-009
2.461966095051495e-008	9.432193e-008	7.606555e-008	1.241661e-005	1.241701e-005	2.252041e-009
2.461966402440463e-008	9.432184e-008	7.606595e-008	1.241662e-005	1.241702e-005	2.252042e-009
2.461966457997514e-008	9.432182e-008	7.606602e-008	1.241662e-005	1.241703e-005	2.252043e-009
2.461966503854625e-008	9.432181e-008	7.606609e-008	1.241662e-005	1.241703e-005	2.252043e-009
2.461966566942368e-008	9.432179e-008	7.606616e-008	1.241662e-005	1.241703e-005	2.252043e-009
2.461966693117853e-008	9.432176e-008	7.606634e-008	1.241663e-005	1.241703e-005	2.252044e-009
2.461966927942100e-008	9.432168e-008	7.606664e-008	1.241664e-005	1.241704e-005	2.252045e-009
2.461967186073540e-008	9.432161e-008	7.606698e-008	1.241665e-005	1.241705e-005	2.252046e-009
2.462004061508811e-008	9.431067e-008	7.611568e-008	1.241800e-005	1.241841e-005	2.252220e-009
2.462040936944082e-008	9.429976e-008	7.616434e-008	1.241933e-005	1.241974e-005	2.252395e-009
2.462077812379353e-008	9.428888e-008	7.621296e-008	1.242065e-005	1.242106e-005	2.252570e-009
2.462114687814624e-008	9.427801e-008	7.626154e-008	1.242194e-005	1.242235e-005	2.252744e-009
2.462151563249896e-008	9.426717e-008	7.631009e-008	1.242322e-005	1.242363e-005	2.252919e-009
2.462188438685167e-008	9.425636e-008	7.635861e-008	1.242447e-005	1.242488e-005	2.253093e-009
2.462225314120438e-008	9.424556e-008	7.640708e-008	1.242571e-005	1.242612e-005	2.253268e-009
2.462325314120438e-008	9.421640e-008	7.653837e-008	1.242890e-005	1.242931e-005	2.253741e-009
2.462465743002532e-008	9.417570e-008	7.672229e-008	1.243308e-005	1.243350e-005	2.254404e-009
2.462477994493756e-008	9.417217e-008	7.673831e-008	1.243343e-005	1.243384e-005	2.254462e-009
2.462625868983990e-008	9.412978e-008	7.693120e-008	1.243732e-005	1.243773e-005	2.255160e-009
2.462773743474223e-008	9.408782e-008	7.712332e-008	1.244094e-005	1.244135e-005	2.255857e-009
2.462921617964457e-008	9.404628e-008	7.731466e-008	1.244428e-005	1.244470e-005	2.256552e-009
2.463069492454691e-008	9.400517e-008	7.750523e-008	1.244734e-005	1.244776e-005	2.257247e-009
2.463217366944925e-008	9.396448e-008	7.769502e-008	1.245013e-005	1.245055e-005	2.257940e-009
2.463365241435158e-008	9.392421e-008	7.788403e-008	1.245264e-005	1.245306e-005	2.258633e-009
2.463513115925392e-008	9.388437e-008	7.807227e-008	1.245488e-005	1.245530e-005	2.259324e-009
2.463613115925392e-008	9.385766e-008	7.819909e-008	1.245626e-005	1.245668e-005	2.259791e-009
2.463648554927303e-008	9.384824e-008	7.824394e-008	1.245672e-005	1.245714e-005	2.259956e-009
2.463659685008256e-008	9.384529e-008	7.825801e-008	1.245685e-005	1.245727e-005	2.260008e-009
2.463670599473952e-008	9.384240e-008	7.827180e-008	1.245699e-005	1.245741e-005	2.260058e-009
2.463671972255473e-008	9.384204e-008	7.827354e-008	1.245700e-005	1.245742e-005	2.260065e-009
2.463672580177971e-008	9.384188e-008	7.827430e-008	1.245701e-005	1.245743e-005	2.260068e-009
2.463673091155286e-008	9.384175e-008	7.827495e-008	1.245702e-005	1.245744e-005	2.260070e-009
2.463673743492715e-008	9.384157e-008	7.827578e-008	1.245702e-005	1.245745e-005	2.260073e-009
2.463674456311387e-008	9.384139e-008	7.827668e-008	1.245703e-005	1.245745e-005	2.260076e-009
2.463675168203152e-008	9.384119e-008	7.827757e-008	1.245704e-005	1.245746e-005	2.260080e-009
2.463675854447975e-008	9.384102e-008	7.827844e-008	1.245705e-005	1.245747e-005	2.260083e-009
2.463676541137380e-008	9.384083e-008	7.827931e-008	1.245706e-005	1.245748e-005	2.260086e-009
2.463677226628649e-008	9.384065e-008	7.828017e-008	1.245707e-005	1.245749e-005	2.260089e-009
2.463677917899519e-008	9.384047e-008	7.828105e-008	1.245708e-005	1.245750e-005	2.260093e-009
2.463678606108580e-008	9.384029e-008	7.828191e-008	1.245708e-005	1.245750e-005	2.260096e-009
2.463679307198943e-008	9.384010e-008	7.828280e-008	1.245709e-005	1.245751e-005	2.260099e-009
2.463680148507872e-008	9.383988e-008	7.828386e-008	1.245710e-005	1.245752e-005	2.260103e-009
2.463681086037527e-008	9.383963e-008	7.828505e-008	1.245711e-005	1.245753e-005	2.260107e-009
2.463682215425618e-008	9.383933e-008	7.828648e-008	1.245713e-005	1.245755e-005	2.260113e-009
2.463685142470354e-008	9.383856e-008	7.829017e-008	1.245716e-005	1.245758e-005	2.260126e-009
2.463756393007992e-008	9.381981e-008	7.837999e-008	1.245804e-005	1.245846e-005	2.260458e-009
2.463827643545629e-008	9.380115e-008	7.846962e-008	1.245891e-005	1.245933e-005	2.260789e-009
2.463898894083267e-008	9.378260e-008	7.855905e-008	1.245978e-005	1.246021e-005	2.261120e-009
2.463970144620905e-008	9.376414e-008	7.864828e-008	1.246066e-005	1.246108e-005	2.261451e-009
2.464041395158543e-008	9.374579e-008	7.873732e-008	1.246153e-005	1.246195e-005	2.261781e-009
2.464112645696181e-008	9.372753e-008	7.882616e-008	1.246240e-005	1.246282e-005	2.262111e-009
2.464183896233819e-008	9.370937e-008	7.891481e-008	1.246327e-005	1.246369e-005	2.262440e-009
2.464869610519534e-008	9.354059e-008	7.975656e-008	1.247161e-005	1.247204e-005	2.265594e-009
2.465555324805249e-008	9.338009e-008	8.058128e-008	1.247992e-005	1.248035e-005	2.268718e-009
2.466241039090964e-008	9.322787e-008	8.138896e-008	1.248820e-005	1.248863e-005	2.271812e-009
2.466926753376679e-008	9.308394e-008	8.217960e-008	1.249644e-005	1.249687e-005	2.274876e-009
2.467612467662394e-008	9.294828e-008	8.295321e-008	1.250465e-005	1.250509e-005	2.277911e-009
2.468298181948109e-008	9.282092e-008	8.370979e-008	1.251283e-005	1.251327e-005	2.280915e-009
2.468983896233824e-008	9.270183e-008	8.444933e-008	1.252098e-005	1.252142e-005	2.283890e-009
2.469083896233824e-008	9.268496e-008	8.455603e-008	1.252217e-005	1.252261e-005	2.284322e-009
2.471298181948112e-008	9.236613e-008	8.681075e-008	1.254823e-005	1.254868e-005	2.293698e-009
2.473512467662401e-008	9.209618e-008	8.894331e-008	1.257402e-005	1.257447e-005	2.302823e-009
2.475726753376689e-008	9.187512e-008	9.095374e-008	1.259952e-005	1.259998e-005	2.311699e-009
2.477941039090977e-008	9.170294e-008	9.284201e-008	1.262474e-005	1.262521e-005	2.320324e-009
2.480155324805266e-008	9.157965e-008	9.460814e-008	1.264968e-005	1.265015e-005	2.328699e-009
2.482369610519554e-008	9.150525e-008	9.625212e-008	1.267433e-005	1.267481e-005	2.336823e-009
2.484583896233842e-008	9.147973e-008	9.777396e-008	1.269870e-005	1.269919e-005	2.344698e-009
2.486526753376701e-008	9.147360e-008	9.904478e-008	1.271989e-005	1.272038e-005	2.351441e-009
2.488469610519561e-008	9.148225e-008	1.002595e-007	1.274090e-005	1.274140e-005	2.358042e-009
2.490412467662420e-008	9.150569e-008	1.014183e-007	1.276174e-005	1.276224e-005	2.364502e-009
2.492355324805279e-008	9.154392e-008	1.025209e-007	1.278239e-005	1.278291e-005	2.370819e-009
2.494298181948139e-008	9.159692e-008	1.035675e-007	1.280288e-005	1.280340e-005	2.376995e-009
2.496241039090998e-008	9.166471e-008	1.045580e-007	1.282318e-005	1.282371e-005	2.383028e-009
2.498183896233857e-008	9.174729e-008	1.054925e-007	1.284331e-005	1.284384e-005	2.388920e-009
2.499083896233858e-008	9.178645e-008	1.059143e-007	1.285258e-005	1.285312e-005	2.391614e-009
2.501998181948147e-008	9.193253e-008	1.072010e-007	1.288235e-005	1.288291e-005	2.400132e-009
2.504912467662436e-008	9.208424e-008	1.084174e-007	1.291180e-005	1.291237e-005	2.408425e-009
2.507826753376725e-008	9.224158e-008	1.095634e-007	1.294092e-005	1.294150e-005	2.416491e-009
2.510741039091015e-008	9.240456e-008	1.106391e-007	1.296972e-005	1.297032e-005	2.424331e-009
2.513655324805304e-008	9.257316e-008	1.116444e-007	1.299819e-005	1.299880e-005	2.431944e-009
2.516569610519592e-008	9.274739e-008	1.125793e-007	1.302634e-005	1.302697e-005	2.439332e-009
2.519483896233881e-008	9.292725e-008	1.134439e-007	1.305416e-005	1.305481e-005	2.446493e-009
2.520841039091026e-008	9.300714e-008	1.138352e-007	1.306703e-005	1.306768e-005	2.449773e-009
2.522198181948170e-008	9.308592e-008	1.142169e-007	1.307984e-005	1.308049e-005	2.453014e-009
2.523555324805315e-008	9.316358e-008	1.145891e-007	1.309258e-005	1.309324e-005	2.456217e-009
2.524912467662459e-008	9.324012e-008	1.149516e-007	1.310526e-005	1.310593e-005	2.459381e-009
2.526269610519603e-008	9.331555e-008	1.153046e-007	1.311788e-005	1.311856e-005	2.462507e-009
2.527626753376748e-008	9.338985e-008	1.156479e-007	1.313044e-005	1.313112e-005	2.465594e-009
2.528983896233892e-008	9.346304e-008	1.159817e-007	1.314293e-005	1.314363e-005	2.468643e-009
2.529083896233892e-008	9.346836e-008	1.160060e-007	1.314385e-005	1.314454e-005	2.468866e-009
2.531912467662467e-008	9.361598e-008	1.166705e-007	1.316969e-005	1.317040e-005	2.475091e-009
2.534741039091042e-008	9.375580e-008	1.173068e-007	1.319529e-005	1.319601e-005	2.481182e-009
2.537569610519616e-008	9.388783e-008	1.179148e-007	1.322065e-005	1.322138e-005	2.487140e-009
2.540398181948191e-008	9.401207e-008	1.184946e-007	1.324576e-005	1.324650e-005	2.492963e-009
2.543226753376765e-008	9.412851e-008	1.190462e-007	1.327063e-005	1.327139e-005	2.498652e-009
2.546055324805340e-008	9.423715e-008	1.195695e-007	1.329526e-005	1.329603e-005	2.504207e-009
2.548883896233915e-008	9.433801e-008	1.200646e-007	1.331965e-005	1.332043e-005	2.509629e-009
2.550326753376773e-008	9.438604e-008	1.203106e-007	1.333201e-005	1.333279e-005	2.512355e-009
2.551769610519632e-008	9.443198e-008	1.205514e-007	1.334430e-005	1.334510e-005	2.515053e-009
2.553212467662491e-008	9.447585e-008	1.207870e-007	1.335654e-005	1.335734e-005	2.517723e-009
2.554655324805350e-008	9.451764e-008	1.210175e-007	1.336873e-005	1.336953e-005	2.520365e-009
2.556098181948209e-008	9.455734e-008	1.212428e-007	1.338085e-005	1.338166e-005	2.522978e-009
2.557541039091068e-008	9.459497e-008	1.214630e-007	1.339292e-005	1.339373e-005	2.525564e-009
2.558983896233926e-008	9.463051e-008	1.216780e-007	1.340493e-005	1.340575e-005	2.528121e-009
2.559083896233926e-008	9.463290e-008	1.216928e-007	1.340576e-005	1.340658e-005	2.528297e-009
2.563355324805360e-008	9.472419e-008	1.222968e-007	1.344095e-005	1.344179e-005	2.535690e-009
2.567626753376793e-008	9.480043e-008	1.228699e-007	1.347567e-005	1.347653e-005	2.542890e-009
2.571898181948227e-008	9.486163e-008	1.234121e-007	1.350993e-005	1.351080e-005	2.549899e-009
2.576169610519660e-008	9.490778e-008	1.239235e-007	1.354372e-005	1.354461e-005	2.556716e-009
2.580441039091094e-008	9.493890e-008	1.244040e-007	1.357704e-005	1.357795e-005	2.563341e-009
2.584712467662527e-008	9.495497e-008	1.248536e-007	1.360990e-005	1.361082e-005	2.569775e-009
2.588983896233960e-008	9.495599e-008	1.252723e-007	1.364229e-005	1.364322e-005	2.576017e-009
2.589083896233960e-008	9.495591e-008	1.252820e-007	1.364304e-005	1.364397e-005	2.576161e-009
2.593355324805394e-008	9.494471e-008	1.256788e-007	1.367498e-005	1.367593e-005	2.582247e-009
2.597626753376827e-008	9.492369e-008	1.260561e-007	1.370650e-005	1.370747e-005	2.588191e-009
2.601898181948261e-008	9.489284e-008	1.264137e-007	1.373760e-005	1.373858e-005	2.593993e-009
2.606169610519694e-008	9.485217e-008	1.267518e-007	1.376828e-005	1.376927e-005	2.599654e-009
2.610441039091128e-008	9.480168e-008	1.270702e-007	1.379853e-005	1.379954e-005	2.605174e-009
2.614712467662561e-008	9.474136e-008	1.273690e-007	1.382836e-005	1.382938e-005	2.610552e-009
2.618983896233994e-008	9.467122e-008	1.276483e-007	1.385777e-005	1.385880e-005	2.615788e-009
2.619083896233994e-008	9.466952e-008	1.276547e-007	1.385845e-005	1.385949e-005	2.615910e-009
2.623355324805428e-008	9.459200e-008	1.279183e-007	1.388745e-005	1.388850e-005	2.621023e-009
2.627626753376861e-008	9.450829e-008	1.281679e-007	1.391606e-005	1.391712e-005	2.626021e-009
2.631898181948295e-008	9.441840e-008	1.284035e-007	1.394428e-005	1.394535e-005	2.630905e-009
2.636169610519728e-008	9.432233e-008	1.286250e-007	1.397211e-005	1.397319e-005	2.635674e-009
2.640441039091162e-008	9.422007e-008	1.288325e-007	1.399956e-005	1.400065e-005	2.640328e-009
2.644712467662595e-008	9.411163e-008	1.290259e-007	1.402661e-005	1.402771e-005	2.644868e-009
2.648983896234028e-008	9.399701e-008	1.292053e-007	1.405328e-005	1.405439e-005	2.649292e-009
2.649083896234028e-008	9.399429e-008	1.292094e-007	1.405390e-005	1.405501e-005	2.649395e-009
2.649983896234029e-008	9.396968e-008	1.292459e-007	1.405947e-005	1.406058e-005	2.650314e-009
2.650083896234030e-008	9.396693e-008	1.292499e-007	1.406009e-005	1.406120e-005	2.650416e-009
2.650383896234030e-008	9.395868e-008	1.292619e-007	1.406194e-005	1.406306e-005	2.650721e-009
2.679083896234062e-008	9.307153e-008	1.301529e-007	1.423087e-005	1.423205e-005	2.677599e-009
2.683355324805496e-008	9.292499e-008	1.302445e-007	1.425463e-005	1.425582e-005	2.681218e-009
2.687626753376929e-008	9.277568e-008	1.303271e-007	1.427805e-005	1.427925e-005	2.684743e-009
2.691898181948363e-008	9.262359e-008	1.304006e-007	1.430114e-005	1.430235e-005	2.688176e-009
2.696169610519796e-008	9.246872e-008	1.304651e-007	1.432389e-005	1.432511e-005	2.691516e-009
2.700441039091230e-008	9.231108e-008	1.305204e-007	1.434631e-005	1.434753e-005	2.694764e-009
2.704712467662663e-008	9.215067e-008	1.305666e-007	1.436839e-005	1.436962e-005	2.697918e-009
2.708983896234096e-008	9.198749e-008	1.306038e-007	1.439013e-005	1.439137e-005	2.700979e-009
2.709083896234096e-008	9.198364e-008	1.306046e-007	1.439064e-005	1.439188e-005	2.701050e-009
2.739083896234130e-008	9.077984e-008	1.306401e-007	1.453436e-005	1.453564e-005	2.720046e-009
2.739883896234131e-008	9.074687e-008	1.306357e-007	1.453798e-005	1.453927e-005	2.720494e-009
2.739983896234131e-008	9.074275e-008	1.306352e-007	1.453843e-005	1.453972e-005	2.720550e-009
2.740011963667036e-008	9.074159e-008	1.306350e-007	1.453856e-005	1.453985e-005	2.720566e-009
2.740022278605581e-008	9.074117e-008	1.306350e-007	1.453860e-005	1.453989e-005	2.720572e-009
2.740029807862366e-008	9.074085e-008	1.306349e-007	1.453864e-005	1.453993e-005	2.720576e-009
2.740037844717004e-008	9.074053e-008	1.306349e-007	1.453868e-005	1.453996e-005	2.720580e-009
2.740039260859661e-008	9.074047e-008	1.306349e-007	1.453868e-005	1.453997e-005	2.720581e-009
2.740240128416845e-008	9.073220e-008	1.306337e-007	1.453959e-005	1.454088e-005	2.720693e-009
2.740440995974028e-008	9.072393e-008	1.306325e-007	1.454050e-005	1.454178e-005	2.720805e-009
2.740641863531211e-008	9.071566e-008	1.306314e-007	1.454140e-005	1.454269e-005	2.720917e-009
2.740842731088395e-008	9.070739e-008	1.306301e-007	1.454231e-005	1.454360e-005	2.721029e-009
2.741043598645579e-008	9.069913e-008	1.306289e-007	1.454321e-005	1.454450e-005	2.721140e-009
2.741244466202762e-008	9.069087e-008	1.306277e-007	1.454412e-005	1.454541e-005	2.721251e-009
2.741445333759946e-008	9.068261e-008	1.306264e-007	1.454502e-005	1.454631e-005	2.721362e-009
2.766145333759974e-008	8.970606e-008	1.303364e-007	1.465113e-005	1.465246e-005	2.733800e-009
2.770416762331407e-008	8.954563e-008	1.302606e-007	1.466850e-005	1.466983e-005	2.735714e-009
2.774688190902840e-008	8.938493e-008	1.301789e-007	1.468558e-005	1.468692e-005	2.737554e-009
2.778959619474274e-008	8.922394e-008	1.300914e-007	1.470239e-005	1.470373e-005	2.739318e-009
2.783231048045707e-008	8.906268e-008	1.299980e-007	1.471893e-005	1.472027e-005	2.741008e-009
2.787502476617141e-008	8.890115e-008	1.298987e-007	1.473519e-005	1.473654e-005	2.742622e-009
2.791773905188574e-008	8.873934e-008	1.297936e-007	1.475117e-005	1.475252e-005	2.744162e-009
2.796045333760008e-008	8.857725e-008	1.296826e-007	1.476687e-005	1.476823e-005	2.745626e-009
2.796145333760008e-008	8.857344e-008	1.296800e-007	1.476724e-005	1.476860e-005	2.745660e-009
2.826145333760042e-008	8.739615e-008	1.287537e-007	1.487015e-005	1.487154e-005	2.753738e-009
2.826473905188613e-008	8.738273e-008	1.287422e-007	1.487121e-005	1.487259e-005	2.753805e-009
2.826802476617185e-008	8.736931e-008	1.287307e-007	1.487226e-005	1.487365e-005	2.753871e-009
2.827131048045757e-008	8.735587e-008	1.287191e-007	1.487332e-005	1.487470e-005	2.753937e-009
2.827459619474329e-008	8.734242e-008	1.287075e-007	1.487437e-005	1.487576e-005	2.754002e-009
2.827788190902901e-008	8.732896e-008	1.286959e-007	1.487542e-005	1.487681e-005	2.754067e-009
2.828116762331473e-008	8.731548e-008	1.286843e-007	1.487647e-005	1.487786e-005	2.754131e-009
2.828445333760044e-008	8.730199e-008	1.286726e-007	1.487752e-005	1.487891e-005	2.754195e-009
2.829773905188617e-008	8.721127e-008	1.286369e-007	1.488174e-005	1.488313e-005	2.754343e-009
2.831102476617190e-008	8.715683e-008	1.285885e-007	1.488594e-005	1.488733e-005	2.754588e-009
2.832431048045763e-008	8.713867e-008	1.285274e-007	1.489012e-005	1.489151e-005	2.754930e-009
2.833759619474336e-008	8.715679e-008	1.284534e-007	1.489427e-005	1.489566e-005	2.755369e-009
2.835088190902909e-008	8.721119e-008	1.283668e-007	1.489840e-005	1.489979e-005	2.755904e-009
2.836416762331482e-008	8.730187e-008	1.282674e-007	1.490250e-005	1.490390e-005	2.756537e-009
2.837745333760055e-008	8.742883e-008	1.281552e-007	1.490658e-005	1.490798e-005	2.757266e-009
2.840359619474343e-008	8.813782e-008	1.277729e-007	1.491454e-005	1.491594e-005	2.759961e-009
2.842973905188632e-008	8.906268e-008	1.273461e-007	1.492241e-005	1.492381e-005	2.763429e-009
2.845588190902921e-008	9.020341e-008	1.268746e-007	1.493019e-005	1.493159e-005	2.767669e-009
2.848202476617210e-008	9.156000e-008	1.263586e-007	1.493788e-005	1.493929e-005	2.772681e-009
2.850816762331498e-008	9.313246e-008	1.257979e-007	1.494548e-005	1.494689e-005	2.778465e-009
2.853431048045787e-008	9.492078e-008	1.251927e-007	1.495299e-005	1.495440e-005	2.785022e-009
2.856045333760076e-008	9.692498e-008	1.245429e-007	1.496041e-005	1.496182e-005	2.792351e-009
2.856145333760076e-008	9.699620e-008	1.245209e-007	1.496069e-005	1.496210e-005	2.792622e-009
2.871945333760094e-008	1.071426e-007	1.219235e-007	1.500367e-005	1.500510e-005	2.835451e-009
2.886145333760110e-008	1.133918e-007	1.209500e-007	1.503965e-005	1.504108e-005	2.868819e-009
2.916145333760144e-008	1.254930e-007	1.192125e-007	1.510775e-005	1.510920e-005	2.939107e-009
2.919673905188719e-008	1.266500e-007	1.190908e-007	1.511508e-005	1.511653e-005	2.946860e-009
2.923202476617295e-008	1.277312e-007	1.189795e-007	1.512226e-005	1.512372e-005	2.954362e-009
2.926731048045870e-008	1.287366e-007	1.188789e-007	1.512932e-005	1.513077e-005	2.961613e-009
2.930259619474445e-008	1.296662e-007	1.187887e-007	1.513623e-005	1.513769e-005	2.968613e-009
2.933788190903021e-008	1.305200e-007	1.187091e-007	1.514301e-005	1.514447e-005	2.975361e-009
2.937316762331596e-008	1.312979e-007	1.186401e-007	1.514965e-005	1.515111e-005	2.981857e-009
2.940845333760172e-008	1.320001e-007	1.185815e-007	1.515615e-005	1.515762e-005	2.988103e-009
2.946145333760178e-008	1.329926e-007	1.184763e-007	1.516568e-005	1.516714e-005	2.997152e-009
2.947759619474465e-008	1.332740e-007	1.184431e-007	1.516852e-005	1.516998e-005	2.999820e-009
2.949373905188753e-008	1.335477e-007	1.184088e-007	1.517133e-005	1.517280e-005	3.002450e-009
2.950988190903040e-008	1.338137e-007	1.183735e-007	1.517412e-005	1.517559e-005	3.005044e-009
2.952602476617328e-008	1.340719e-007	1.183370e-007	1.517688e-005	1.517835e-005	3.007601e-009
2.954216762331616e-008	1.343225e-007	1.182995e-007	1.517961e-005	1.518108e-005	3.010122e-009
2.955831048045903e-008	1.345653e-007	1.182608e-007	1.518232e-005	1.518378e-005	3.012605e-009
2.957445333760191e-008	1.348004e-007	1.182211e-007	1.518499e-005	1.518646e-005	3.015052e-009
2.965745333760200e-008	1.359150e-007	1.179935e-007	1.519834e-005	1.519981e-005	3.027122e-009
2.965845333760200e-008	1.359275e-007	1.179905e-007	1.519850e-005	1.520001e-005	3.027262e-009
2.965873401193105e-008	1.359310e-007	1.179897e-007	1.519854e-005	1.520000e-005	3.027302e-009
2.965896621188507e-008	1.359339e-007	1.179890e-007	1.519858e-005	1.519973e-005	3.027334e-009
2.966001270708481e-008	1.359485e-007	1.179779e-007	1.519874e-005	1.519613e-005	3.027453e-009
2.966105920228455e-008	1.359534e-007	1.179910e-007	1.519890e-005	1.519030e-005	3.027632e-009
2.966210569748428e-008	1.359486e-007	1.180281e-007	1.519907e-005	1.518225e-005	3.027872e-009
2.966315219268402e-008	1.359343e-007	1.180895e-007	1.519923e-005	1.517197e-005	3.028172e-009
2.966419868788376e-008	1.359102e-007	1.181750e-007	1.519939e-005	1.515947e-005	3.028533e-009
2.966524518308350e-008	1.358765e-007	1.182846e-007	1.519956e-005	1.514475e-005	3.028954e-009
2.966629167828323e-008	1.358332e-007	1.184184e-007	1.519972e-005	1.512781e-005	3.029436e-009
2.966729167828323e-008	1.357745e-007	1.185929e-007	1.519992e-005	1.510984e-005	3.030021e-009
2.966757235261229e-008	1.357552e-007	1.186494e-007	1.519990e-005	1.510444e-005	3.030205e-009
2.966780455256102e-008	1.357377e-007	1.187004e-007	1.519964e-005	1.509977e-005	3.030369e-009
2.966885104774477e-008	1.356483e-007	1.189572e-007	1.519601e-005	1.507707e-005	3.031175e-009
2.966989754292853e-008	1.355332e-007	1.192847e-007	1.519016e-005	1.505222e-005	3.032174e-009
2.967094403811228e-008	1.353925e-007	1.196827e-007	1.518207e-005	1.502523e-005	3.033364e-009
2.967199053329603e-008	1.352262e-007	1.201514e-007	1.517175e-005	1.499608e-005	3.034746e-009
2.967303702847978e-008	1.350342e-007	1.206906e-007	1.515919e-005	1.496477e-005	3.036320e-009
2.967408352366354e-008	1.348166e-007	1.213005e-007	1.514441e-005	1.493132e-005	3.038086e-009
2.967513001884729e-008	1.345733e-007	1.219811e-007	1.512738e-005	1.489572e-005	3.040043e-009
2.967613001884729e-008	1.343053e-007	1.227313e-007	1.510896e-005	1.485967e-005	3.042190e-009
2.967713001884729e-008	1.340059e-007	1.235695e-007	1.508849e-005	1.482168e-005	3.044579e-009
2.967813001884729e-008	1.336734e-007	1.245005e-007	1.506597e-005	1.478177e-005	3.047224e-009
2.967913001884729e-008	1.333064e-007	1.255292e-007	1.504142e-005	1.473994e-005	3.050140e-009
2.968013001884729e-008	1.329031e-007	1.266604e-007	1.501484e-005	1.469622e-005	3.053340e-009
2.968113001884730e-008	1.324620e-007	1.278987e-007	1.498624e-005	1.465062e-005	3.056838e-009
2.968313001884730e-008	1.314600e-007	1.307163e-007	1.492305e-005	1.455386e-005	3.064784e-009
2.968513001884730e-008	1.302877e-007	1.340200e-007	1.485195e-005	1.444982e-005	3.074090e-009
2.968713001884730e-008	1.289328e-007	1.378479e-007	1.477305e-005	1.433867e-005	3.084866e-009
2.968913001884730e-008	1.273827e-007	1.422381e-007	1.468647e-005	1.422057e-005	3.097224e-009
2.969113001884731e-008	1.256253e-007	1.472281e-007	1.459236e-005	1.409571e-005	3.111276e-009
2.969313001884731e-008	1.236483e-007	1.528558e-007	1.449086e-005	1.396430e-005	3.127133e-009
2.969613001884731e-008	1.202449e-007	1.625747e-007	1.432512e-005	1.375534e-005	3.154548e-009
2.969913001884732e-008	1.162805e-007	1.739381e-007	1.414371e-005	1.353282e-005	3.186649e-009
2.970213001884732e-008	1.117158e-007	1.870704e-007	1.394726e-005	1.329752e-005	3.223812e-009
2.970513001884732e-008	1.065124e-007	2.020943e-007	1.373649e-005	1.305026e-005	3.266408e-009
2.970604073313304e-008	1.048009e-007	2.070465e-007	1.366968e-005	1.297286e-005	3.280465e-009
2.970695144741875e-008	1.030252e-007	2.121909e-007	1.360173e-005	1.289455e-005	3.295078e-009
2.970786216170447e-008	1.011853e-007	2.175277e-007	1.353262e-005	1.281532e-005	3.310248e-009
2.970877287599018e-008	9.928109e-008	2.230567e-007	1.346236e-005	1.273517e-005	3.325973e-009
2.970968359027590e-008	9.731262e-008	2.287780e-007	1.339095e-005	1.265411e-005	3.342256e-009
2.971059430456162e-008	9.527990e-008	2.346916e-007	1.331839e-005	1.257212e-005	3.359094e-009
2.971150501884733e-008	9.318292e-008	2.407974e-007	1.324468e-005	1.248922e-005	3.376490e-009
2.971400501884733e-008	8.702223e-008	2.587776e-007	1.303632e-005	1.226072e-005	3.427788e-009
2.971491573313305e-008	8.465063e-008	2.657111e-007	1.295847e-005	1.217733e-005	3.447590e-009
2.971582644741876e-008	8.220577e-008	2.728671e-007	1.287970e-005	1.209385e-005	3.468043e-009
2.971673716170448e-008	7.968762e-008	2.802455e-007	1.280001e-005	1.201028e-005	3.489147e-009
2.971764787599019e-008	7.709620e-008	2.878465e-007	1.271940e-005	1.192661e-005	3.510902e-009
2.971855859027591e-008	7.443151e-008	2.956699e-007	1.263786e-005	1.184286e-005	3.533307e-009
2.971946930456163e-008	7.169354e-008	3.037159e-007	1.255540e-005	1.175902e-005	3.556363e-009
2.972038001884734e-008	6.888230e-008	3.119843e-007	1.247202e-005	1.167508e-005	3.580070e-009
2.972288001884734e-008	6.071234e-008	3.360678e-007	1.224217e-005	1.144443e-005	3.649223e-009
2.972645144741878e-008	4.809195e-008	3.733089e-007	1.191108e-005	1.111305e-005	3.756203e-009
2.973002287599021e-008	3.411436e-008	4.148100e-007	1.158007e-005	1.078330e-005	3.875949e-009
2.973359430456164e-008	1.877957e-008	4.605711e-007	1.124913e-005	1.045516e-005	4.008461e-009
2.973716573313307e-008	2.087588e-009	5.105923e-007	1.091827e-005	1.012864e-005	4.153740e-009
2.974073716170451e-008	-1.596160e-008	5.648735e-007	1.058748e-005	9.803748e-006	4.311784e-009
2.974430859027594e-008	-3.536798e-008	6.234147e-007	1.025676e-005	9.480472e-006	4.482595e-009
2.974788001884737e-008	-5.613156e-008	6.862160e-007	9.926126e-006	9.158816e-006	4.666172e-009
2.974888001884737e-008	-6.221634e-008	7.046916e-007	9.834360e-006	9.069818e-006	4.720334e-009
2.975402287599023e-008	-9.548479e-008	8.057455e-007	9.361874e-006	8.614118e-006	5.016570e-009
2.975916573313310e-008	-1.314929e-007	9.161190e-007	8.900269e-006	8.171258e-006	5.342383e-009
2.976430859027596e-008	-1.702406e-007	1.035812e-006	8.449544e-006	7.741237e-006	5.697774e-009
2.976945144741883e-008	-2.117280e-007	1.164825e-006	8.009700e-006	7.324055e-006	6.082742e-009
2.977459430456169e-008	-2.559550e-007	1.303157e-006	7.580737e-006	6.919713e-006	6.497288e-009
2.977973716170455e-008	-3.029216e-007	1.450809e-006	7.162654e-006	6.528210e-006	6.941411e-009
2.978488001884741e-008	-3.526279e-007	1.607780e-006	6.755452e-006	6.149546e-006	7.415111e-009
2.979116573313313e-008	-4.170605e-007	1.812737e-006	6.282145e-006	5.712117e-006	8.036885e-009
2.979745144741885e-008	-4.835786e-007	2.026847e-006	5.833731e-006	5.298766e-006	8.692269e-009
2.980373716170458e-008	-5.521823e-007	2.250109e-006	5.410209e-006	4.909494e-006	9.381262e-009
2.981002287599030e-008	-6.228716e-007	2.482524e-006	5.011580e-006	4.544299e-006	1.010387e-008
2.981630859027602e-008	-6.956464e-007	2.724091e-006	4.637843e-006	4.203182e-006	1.086008e-008
2.982259430456174e-008	-7.705067e-007	2.974812e-006	4.288999e-006	3.886144e-006	1.164990e-008
2.982888001884746e-008	-8.474526e-007	3.234684e-006	3.965048e-006	3.593183e-006	1.247334e-008
2.983616573313318e-008	-9.375113e-007	3.543018e-006	3.623430e-006	3.283910e-006	1.345958e-008
2.984345144741890e-008	-1.026918e-006	3.854074e-006	3.307314e-006	2.997480e-006	1.446562e-008
2.985073716170462e-008	-1.115673e-006	4.167854e-006	3.016698e-006	2.733893e-006	1.549145e-008
2.985802287599035e-008	-1.203775e-006	4.484356e-006	2.751584e-006	2.493149e-006	1.653708e-008
2.986530859027607e-008	-1.291225e-006	4.803582e-006	2.511970e-006	2.275248e-006	1.760250e-008
2.987259430456180e-008	-1.378024e-006	5.125530e-006	2.297858e-006	2.080190e-006	1.868771e-008
2.987988001884752e-008	-1.464170e-006	5.450202e-006	2.109247e-006	1.907975e-006	1.979271e-008
2.988588001884752e-008	-1.533151e-006	5.715310e-006	1.966391e-006	1.776867e-006	2.070556e-008
2.989188001884753e-008	-1.600488e-006	5.978437e-006	1.833223e-006	1.654290e-006	2.162044e-008
2.989788001884754e-008	-1.666182e-006	6.239583e-006	1.709744e-006	1.540245e-006	2.253734e-008
2.990388001884754e-008	-1.730232e-006	6.498748e-006	1.595954e-006	1.434732e-006	2.345628e-008
2.990988001884755e-008	-1.792639e-006	6.755932e-006	1.491854e-006	1.337750e-006	2.437725e-008
2.991588001884756e-008	-1.853403e-006	7.011135e-006	1.397442e-006	1.249299e-006	2.530024e-008
2.992188001884757e-008	-1.912524e-006	7.264358e-006	1.312719e-006	1.169380e-006	2.622527e-008
2.992330859027614e-008	-1.926280e-006	7.324056e-006	1.293165e-006	1.150901e-006	2.644480e-008
2.992473716170471e-008	-1.939927e-006	7.383580e-006	1.273985e-006	1.132752e-006	2.666424e-008
2.992616573313328e-008	-1.953467e-006	7.442930e-006	1.255180e-006	1.114934e-006	2.688358e-008
2.992759430456186e-008	-1.966899e-006	7.502107e-006	1.236748e-006	1.097446e-006	2.710282e-008
2.992902287599043e-008	-1.980223e-006	7.561110e-006	1.218690e-006	1.080289e-006	2.732197e-008
2.993045144741900e-008	-1.993438e-006	7.619939e-006	1.201007e-006	1.063462e-006	2.754102e-008
2.993188001884758e-008	-2.006546e-006	7.678594e-006	1.183698e-006	1.046966e-006	2.775997e-008
2.993288001884758e-008	-2.015655e-006	7.719540e-006	1.171766e-006	1.035576e-006	2.791314e-008
2.993388001884758e-008	-2.024711e-006	7.760395e-006	1.159972e-006	1.024300e-006	2.806625e-008
2.993588001884758e-008	-2.042655e-006	7.841827e-006	1.136721e-006	1.002034e-006	2.837223e-008
2.993659430456187e-008	-2.049010e-006	7.870818e-006	1.128524e-006	9.941686e-007	2.848144e-008
2.993730859027616e-008	-2.055336e-006	7.899757e-006	1.120385e-006	9.863551e-007	2.859059e-008
2.993802287599044e-008	-2.061632e-006	7.928644e-006	1.112306e-006	9.785933e-007	2.869969e-008
2.993873716170472e-008	-2.067899e-006	7.957479e-006	1.104285e-006	9.708833e-007	2.880873e-008
2.993945144741901e-008	-2.074137e-006	7.986263e-006	1.096324e-006	9.632249e-007	2.891772e-008
2.994016573313330e-008	-2.080345e-006	8.014994e-006	1.088421e-006	9.556183e-007	2.902667e-008
2.994088001884759e-008	-2.086523e-006	8.043673e-006	1.080577e-006	9.480633e-007	2.913555e-008
2.994188001884759e-008	-2.095122e-006	8.083729e-006	1.069864e-006	9.377497e-007	2.928788e-008
2.994388001884759e-008	-2.112135e-006	8.163505e-006	1.049650e-006	9.182851e-007	2.959214e-008
2.994459430456188e-008	-2.118152e-006	8.191887e-006	1.042816e-006	9.117033e-007	2.970067e-008
2.994530859027617e-008	-2.124136e-006	8.220206e-006	1.036168e-006	9.052991e-007	2.980911e-008
2.994602287599045e-008	-2.130087e-006	8.248460e-006	1.029704e-006	8.990727e-007	2.991747e-008
2.994673716170473e-008	-2.136005e-006	8.276651e-006	1.023426e-006	8.930240e-007	3.002573e-008
2.994745144741902e-008	-2.141889e-006	8.304779e-006	1.017333e-006	8.871529e-007	3.013391e-008
2.994816573313331e-008	-2.147741e-006	8.332843e-006	1.011425e-006	8.814596e-007	3.024199e-008
2.994888001884760e-008	-2.153559e-006	8.360844e-006	1.005703e-006	8.759440e-007	3.034999e-008
2.994988001884760e-008	-2.161657e-006	8.399950e-006	9.979225e-007	8.684420e-007	3.050104e-008
2.995020995782651e-008	-2.164315e-006	8.412825e-006	9.954256e-007	8.660006e-007	3.055083e-008
2.995034504964548e-008	-2.165400e-006	8.418090e-006	9.944208e-007	8.649920e-007	3.057121e-008
2.995041448378964e-008	-2.165957e-006	8.420795e-006	9.939069e-007	8.645040e-007	3.058168e-008
2.995048391793381e-008	-2.166513e-006	8.423498e-006	9.933960e-007	8.640168e-007	3.059215e-008
2.995055335207797e-008	-2.167069e-006	8.426201e-006	9.928881e-007	8.635304e-007	3.060262e-008
2.995062278622212e-008	-2.167625e-006	8.428904e-006	9.923834e-007	8.630447e-007	3.061309e-008
2.995069222036628e-008	-2.168181e-006	8.431605e-006	9.918816e-007	8.625597e-007	3.062355e-008
2.995076165451045e-008	-2.168736e-006	8.434306e-006	9.913829e-007	8.620756e-007	3.063402e-008
2.995083108865461e-008	-2.169290e-006	8.437007e-006	9.908873e-007	8.615921e-007	3.064449e-008
2.995084148083384e-008	-2.169373e-006	8.437411e-006	9.908234e-007	8.615201e-007	3.064605e-008
2.995085187301306e-008	-2.169456e-006	8.437815e-006	9.907546e-007	8.614481e-007	3.064762e-008
2.995086226519229e-008	-2.169539e-006	8.438219e-006	9.906809e-007	8.613762e-007	3.064918e-008
2.995087265737152e-008	-2.169622e-006	8.438623e-006	9.906023e-007	8.613044e-007	3.065075e-008
2.995088304955075e-008	-2.169705e-006	8.439027e-006	9.905189e-007	8.612326e-007	3.065232e-008
2.995089344172997e-008	-2.169788e-006	8.439431e-006	9.904306e-007	8.611609e-007	3.065388e-008
2.995090383390920e-008	-2.169871e-006	8.439835e-006	9.903374e-007	8.610892e-007	3.065545e-008
2.995216251293502e-008	-2.179859e-006	8.488649e-006	9.816680e-007	8.527505e-007	3.084494e-008
2.995342119196084e-008	-2.189738e-006	8.537241e-006	9.735784e-007	8.449723e-007	3.103407e-008
2.995467987098666e-008	-2.199509e-006	8.585612e-006	9.660685e-007	8.377546e-007	3.122283e-008
2.995593855001249e-008	-2.209171e-006	8.633760e-006	9.591384e-007	8.310975e-007	3.141121e-008
2.995719722903831e-008	-2.218726e-006	8.681686e-006	9.527880e-007	8.250009e-007	3.159923e-008
2.995845590806413e-008	-2.228172e-006	8.729391e-006	9.470174e-007	8.194649e-007	3.178687e-008
2.995971458708995e-008	-2.237510e-006	8.776873e-006	9.418266e-007	8.144893e-007	3.197415e-008
2.996071458708995e-008	-2.244859e-006	8.814449e-006	9.380469e-007	8.108703e-007	3.212267e-008
2.996102560349377e-008	-2.247131e-006	8.826108e-006	9.370921e-007	8.098110e-007	3.216882e-008
2.996115789593087e-008	-2.248094e-006	8.831060e-006	9.368352e-007	8.093776e-007	3.218843e-008
2.996120392655322e-008	-2.248429e-006	8.832782e-006	9.366859e-007	8.092288e-007	3.219526e-008
2.996120961178155e-008	-2.248470e-006	8.832994e-006	9.366472e-007	8.092105e-007	3.219610e-008
2.996121302781205e-008	-2.248495e-006	8.833122e-006	9.366225e-007	8.091995e-007	3.219661e-008
2.996121787249961e-008	-2.248530e-006	8.833304e-006	9.365967e-007	8.091840e-007	3.219732e-008
2.996122472144650e-008	-2.248580e-006	8.833559e-006	9.365671e-007	8.091620e-007	3.219834e-008
2.996123221124271e-008	-2.248635e-006	8.833839e-006	9.365393e-007	8.091380e-007	3.219945e-008
2.996123922661332e-008	-2.248686e-006	8.834102e-006	9.365154e-007	8.091156e-007	3.220049e-008
2.996124608942658e-008	-2.248735e-006	8.834359e-006	9.364928e-007	8.090936e-007	3.220151e-008
2.996125287968795e-008	-2.248785e-006	8.834612e-006	9.364704e-007	8.090719e-007	3.220251e-008
2.996125979416614e-008	-2.248835e-006	8.834872e-006	9.364475e-007	8.090498e-007	3.220354e-008
2.996126667301729e-008	-2.248885e-006	8.835128e-006	9.364246e-007	8.090278e-007	3.220456e-008
2.996127359057794e-008	-2.248935e-006	8.835387e-006	9.364014e-007	8.090058e-007	3.220558e-008
2.996128046184290e-008	-2.248985e-006	8.835644e-006	9.363783e-007	8.089838e-007	3.220660e-008
2.996128736541442e-008	-2.249035e-006	8.835902e-006	9.363550e-007	8.089618e-007	3.220762e-008
2.996129424268855e-008	-2.249085e-006	8.836159e-006	9.363318e-007	8.089399e-007	3.220864e-008
2.996130199636206e-008	-2.249142e-006	8.836450e-006	9.363055e-007	8.089153e-007	3.220979e-008
2.996131084737983e-008	-2.249206e-006	8.836781e-006	9.362755e-007	8.088871e-007	3.221110e-008
2.996132121547396e-008	-2.249281e-006	8.837168e-006	9.362403e-007	8.088542e-007	3.221264e-008
2.996134791236073e-008	-2.249475e-006	8.838166e-006	9.361495e-007	8.087697e-007	3.221659e-008
2.996137798408117e-008	-2.249693e-006	8.839290e-006	9.360473e-007	8.086747e-007	3.222105e-008
2.996140805580161e-008	-2.249911e-006	8.840414e-006	9.359450e-007	8.085801e-007	3.222551e-008
2.996143812752205e-008	-2.250129e-006	8.841537e-006	9.358428e-007	8.084858e-007	3.222996e-008
2.996146819924249e-008	-2.250347e-006	8.842661e-006	9.357405e-007	8.083920e-007	3.223442e-008
2.996149827096293e-008	-2.250565e-006	8.843785e-006	9.356383e-007	8.082985e-007	3.223887e-008
2.996152834268338e-008	-2.250783e-006	8.844908e-006	9.355361e-007	8.082054e-007	3.224333e-008
2.996155841440382e-008	-2.251001e-006	8.846031e-006	9.354339e-007	8.081126e-007	3.224778e-008
2.996173207977840e-008	-2.252257e-006	8.852517e-006	9.348437e-007	8.074514e-007	3.227350e-008
2.996177616559171e-008	-2.252576e-006	8.854162e-006	9.346940e-007	8.072504e-007	3.228003e-008
2.996180845577691e-008	-2.252810e-006	8.855367e-006	9.345843e-007	8.072557e-007	3.228481e-008
2.996181166569013e-008	-2.252833e-006	8.855487e-006	9.345734e-007	8.072926e-007	3.228529e-008
2.996181429246668e-008	-2.252852e-006	8.855584e-006	9.345645e-007	8.073325e-007	3.228568e-008
2.996181771641918e-008	-2.252876e-006	8.855713e-006	9.345529e-007	8.073658e-007	3.228618e-008
2.996182456432416e-008	-2.252926e-006	8.855968e-006	9.345296e-007	8.074018e-007	3.228720e-008
2.996183201882596e-008	-2.252980e-006	8.856246e-006	9.345043e-007	8.074152e-007	3.228830e-008
2.996183937605237e-008	-2.253033e-006	8.856520e-006	9.344793e-007	8.074114e-007	3.228939e-008
2.996184607454520e-008	-2.253081e-006	8.856770e-006	9.344565e-007	8.073999e-007	3.229038e-008
2.996185296883209e-008	-2.253131e-006	8.857028e-006	9.344332e-007	8.073839e-007	3.229140e-008
2.996185975564587e-008	-2.253180e-006	8.857281e-006	9.344101e-007	8.073660e-007	3.229241e-008
2.996186673829344e-008	-2.253230e-006	8.857542e-006	9.343864e-007	8.073463e-007	3.229344e-008
2.996187357693050e-008	-2.253280e-006	8.857796e-006	9.343632e-007	8.073263e-007	3.229446e-008
2.996188051904270e-008	-2.253330e-006	8.858055e-006	9.343396e-007	8.073056e-007	3.229548e-008
2.996188736258167e-008	-2.253379e-006	8.858311e-006	9.343163e-007	8.072848e-007	3.229649e-008
2.996189428960796e-008	-2.253429e-006	8.858569e-006	9.342928e-007	8.072637e-007	3.229752e-008
2.996190114893470e-008	-2.253479e-006	8.858825e-006	9.342696e-007	8.072427e-007	3.229854e-008
2.996190806618581e-008	-2.253529e-006	8.859083e-006	9.342461e-007	8.072214e-007	3.229956e-008
2.996191590588934e-008	-2.253585e-006	8.859375e-006	9.342194e-007	8.071972e-007	3.230072e-008
2.996192487318176e-008	-2.253650e-006	8.859710e-006	9.341890e-007	8.071694e-007	3.230205e-008
2.996193536954851e-008	-2.253726e-006	8.860102e-006	9.341534e-007	8.071370e-007	3.230360e-008
2.996196248808909e-008	-2.253921e-006	8.861113e-006	9.340613e-007	8.070530e-007	3.230762e-008
2.996207272071233e-008	-2.254716e-006	8.865223e-006	9.336873e-007	8.067114e-007	3.232393e-008
2.996218295333558e-008	-2.255510e-006	8.869330e-006	9.333134e-007	8.063700e-007	3.234024e-008
2.996229318595882e-008	-2.256302e-006	8.873435e-006	9.329397e-007	8.060287e-007	3.235655e-008
2.996240341858205e-008	-2.257094e-006	8.877538e-006	9.325662e-007	8.056875e-007	3.237285e-008
2.996251365120529e-008	-2.257884e-006	8.881639e-006	9.321930e-007	8.053465e-007	3.238915e-008
2.996262388382853e-008	-2.258674e-006	8.885737e-006	9.318199e-007	8.050057e-007	3.240545e-008
2.996273411645177e-008	-2.259462e-006	8.889833e-006	9.314471e-007	8.046650e-007	3.242174e-008
2.996626782358541e-008	-2.284283e-006	9.020212e-006	9.195876e-007	7.938290e-007	3.294235e-008
2.996980153071905e-008	-2.308290e-006	9.148832e-006	9.078976e-007	7.831492e-007	3.345975e-008
2.997333523785269e-008	-2.331484e-006	9.275695e-006	8.963770e-007	7.726258e-007	3.397392e-008
2.997686894498633e-008	-2.353864e-006	9.400801e-006	8.850257e-007	7.622586e-007	3.448488e-008
2.998040265211996e-008	-2.375431e-006	9.524149e-006	8.738438e-007	7.520478e-007	3.499263e-008
2.998393635925360e-008	-2.396184e-006	9.645739e-006	8.628313e-007	7.419932e-007	3.549715e-008
2.998747006638724e-008	-2.416124e-006	9.765572e-006	8.519881e-007	7.320950e-007	3.599845e-008
3.000975578067298e-008	-2.518363e-006	1.047278e-005	7.883138e-007	6.740183e-007	3.907618e-008
3.003204149495872e-008	-2.601036e-006	1.113061e-005	7.292717e-007	6.202059e-007	4.204784e-008
3.005432720924446e-008	-2.664145e-006	1.173906e-005	6.748619e-007	5.706575e-007	4.491343e-008
3.007661292353020e-008	-2.707688e-006	1.229814e-005	6.250845e-007	5.253734e-007	4.767295e-008
3.009889863781594e-008	-2.731666e-006	1.280785e-005	5.799394e-007	4.843534e-007	5.032640e-008
3.012118435210168e-008	-2.736079e-006	1.326817e-005	5.394266e-007	4.475976e-007	5.287377e-008
3.014347006638742e-008	-2.720928e-006	1.367913e-005	5.035461e-007	4.151059e-007	5.531508e-008
3.015632720924457e-008	-2.709604e-006	1.390429e-005	4.838840e-007	3.973102e-007	5.668763e-008
3.016918435210173e-008	-2.695388e-006	1.411931e-005	4.651289e-007	3.803464e-007	5.803295e-008
3.018204149495889e-008	-2.678281e-006	1.432419e-005	4.472808e-007	3.642145e-007	5.935103e-008
3.019489863781605e-008	-2.658282e-006	1.451893e-005	4.303397e-007	3.489145e-007	6.064188e-008
3.020775578067320e-008	-2.635392e-006	1.470353e-005	4.143056e-007	3.344463e-007	6.190549e-008
3.022061292353036e-008	-2.609611e-006	1.487800e-005	3.991785e-007	3.208101e-007	6.314188e-008
3.023347006638752e-008	-2.580937e-006	1.504233e-005	3.849584e-007	3.080057e-007	6.435103e-008
3.023447006638752e-008	-2.578669e-006	1.505484e-005	3.838749e-007	3.070303e-007	6.444416e-008
3.027018435210185e-008	-2.484024e-006	1.545497e-005	3.493780e-007	2.760476e-007	6.764712e-008
3.030589863781617e-008	-2.384497e-006	1.581298e-005	3.183433e-007	2.482240e-007	7.070082e-008
3.034161292353050e-008	-2.280086e-006	1.612888e-005	2.907709e-007	2.235595e-007	7.360527e-008
3.037732720924482e-008	-2.170791e-006	1.640267e-005	2.666607e-007	2.020540e-007	7.636047e-008
3.041304149495915e-008	-2.056614e-006	1.663435e-005	2.460127e-007	1.837076e-007	7.896642e-008
3.044875578067348e-008	-1.937553e-006	1.682391e-005	2.288270e-007	1.685203e-007	8.142311e-008
3.048447006638780e-008	-1.813608e-006	1.697135e-005	2.151035e-007	1.564921e-007	8.373054e-008
3.048847006638781e-008	-1.800364e-006	1.698759e-005	2.135593e-007	1.551369e-007	8.398445e-008
3.048947006638781e-008	-1.796932e-006	1.699172e-005	2.131768e-007	1.548014e-007	8.404810e-008
3.048975074071686e-008	-1.796063e-006	1.699279e-005	2.130697e-007	1.547075e-007	8.406617e-008
3.048998293963831e-008	-1.796080e-006	1.699293e-005	2.129813e-007	1.546299e-007	8.408040e-008
3.049063981205850e-008	-1.808016e-006	1.698144e-005	2.127316e-007	1.544109e-007	8.411811e-008
3.049130833581096e-008	-1.835078e-006	1.695484e-005	2.124783e-007	1.541886e-007	8.418352e-008
3.049230833581096e-008	-1.895299e-006	1.689532e-005	2.121006e-007	1.538569e-007	8.434402e-008
3.049330833581096e-008	-1.978455e-006	1.681288e-005	2.117242e-007	1.535264e-007	8.459293e-008
3.049430833581096e-008	-2.085648e-006	1.670644e-005	2.113493e-007	1.531969e-007	8.494857e-008
3.049530833581097e-008	-2.215905e-006	1.657697e-005	2.109759e-007	1.528684e-007	8.542160e-008
3.049630833581097e-008	-2.368136e-006	1.642557e-005	2.106039e-007	1.525409e-007	8.602364e-008
3.049730833581097e-008	-2.541090e-006	1.625351e-005	2.102335e-007	1.522143e-007	8.676758e-008
3.049830833581097e-008	-2.733370e-006	1.606217e-005	2.098645e-007	1.518886e-007	8.766745e-008
3.050030833581097e-008	-3.169726e-006	1.562793e-005	2.091309e-007	1.512397e-007	8.999561e-008
3.050230833581097e-008	-3.664024e-006	1.513605e-005	2.084032e-007	1.505938e-007	9.313460e-008
3.050430833581098e-008	-4.202400e-006	1.460044e-005	2.076812e-007	1.499508e-007	9.721320e-008
3.050630833581098e-008	-4.771159e-006	1.403481e-005	2.069649e-007	1.493104e-007	1.023540e-007
3.050830833581098e-008	-5.357512e-006	1.345196e-005	2.062543e-007	1.486726e-007	1.086664e-007
3.051030833581098e-008	-5.950139e-006	1.286322e-005	2.055494e-007	1.480374e-007	1.162419e-007
3.051230833581098e-008	-6.539529e-006	1.227809e-005	2.048500e-007	1.474046e-007	1.251518e-007
3.051430833581099e-008	-7.118148e-006	1.170408e-005	2.041561e-007	1.467744e-007	1.354465e-007
3.051630833581099e-008	-7.680423e-006	1.114676e-005	2.034677e-007	1.461468e-007	1.471569e-007
3.051830833581099e-008	-8.222623e-006	1.060984e-005	2.027847e-007	1.455219e-007	1.602962e-007
3.051930833581099e-008	-8.485484e-006	1.034974e-005	2.024452e-007	1.452105e-007	1.674016e-007
3.052030833581099e-008	-8.742651e-006	1.009540e-005	2.021071e-007	1.448997e-007	1.748624e-007
3.052130833581099e-008	-8.994632e-006	9.846307e-006	2.017702e-007	1.445896e-007	1.826370e-007
3.052184695764272e-008	-9.127422e-006	9.715103e-006	2.015892e-007	1.444229e-007	1.869793e-007
3.052250097353770e-008	-9.285425e-006	9.559052e-006	2.013701e-007	1.442208e-007	1.924043e-007
3.052284881734017e-008	-9.368567e-006	9.476960e-006	2.012538e-007	1.441134e-007	1.953496e-007
3.052330471519623e-008	-9.477434e-006	9.369481e-006	2.011016e-007	1.439728e-007	1.992663e-007
3.052346938398291e-008	-9.517010e-006	9.330411e-006	2.010467e-007	1.439220e-007	2.006915e-007
3.052351722066873e-008	-9.528603e-006	9.318964e-006	2.010308e-007	1.439073e-007	2.011073e-007
3.052355260907509e-008	-9.537222e-006	9.310453e-006	2.010190e-007	1.438964e-007	2.014152e-007
3.052356678714367e-008	-9.540679e-006	9.307040e-006	2.010142e-007	1.438920e-007	2.015387e-007
3.052357095891674e-008	-9.541697e-006	9.306035e-006	2.010129e-007	1.438907e-007	2.015750e-007
3.052357166773946e-008	-9.541870e-006	9.305864e-006	2.010126e-007	1.438905e-007	2.015812e-007
3.052357197243262e-008	-9.541945e-006	9.305791e-006	2.010125e-007	1.438904e-007	2.015838e-007
3.052357242380779e-008	-9.542055e-006	9.305682e-006	2.010124e-007	1.438903e-007	2.015878e-007
3.052357298297073e-008	-9.542191e-006	9.305548e-006	2.010122e-007	1.438901e-007	2.015926e-007
3.052357357579758e-008	-9.542336e-006	9.305405e-006	2.010120e-007	1.438899e-007	2.015978e-007
3.052357412736734e-008	-9.542470e-006	9.305271e-006	2.010118e-007	1.438898e-007	2.016026e-007
3.052357475629051e-008	-9.542623e-006	9.305120e-006	2.010116e-007	1.438896e-007	2.016081e-007
3.052357546080418e-008	-9.542796e-006	9.304950e-006	2.010114e-007	1.438894e-007	2.016142e-007
3.052357630813119e-008	-9.543002e-006	9.304747e-006	2.010111e-007	1.438891e-007	2.016216e-007
3.052357727799680e-008	-9.543239e-006	9.304513e-006	2.010107e-007	1.438888e-007	2.016300e-007
3.052357847501718e-008	-9.543531e-006	9.304224e-006	2.010104e-007	1.438884e-007	2.016405e-007
3.052357993445357e-008	-9.543887e-006	9.303873e-006	2.010099e-007	1.438880e-007	2.016532e-007
3.052358187759451e-008	-9.544362e-006	9.303404e-006	2.010092e-007	1.438874e-007	2.016701e-007
3.052358865365954e-008	-9.546015e-006	9.301771e-006	2.010070e-007	1.438853e-007	2.017292e-007
3.052499572714972e-008	-9.899296e-006	8.952897e-006	2.005397e-007	1.434527e-007	2.142583e-007
3.052640280063990e-008	-1.026252e-005	8.594237e-006	2.000750e-007	1.430214e-007	2.272565e-007
3.052780987413008e-008	-1.063568e-005	8.225791e-006	1.996129e-007	1.425913e-007	2.407237e-007
3.052921694762025e-008	-1.101878e-005	7.847560e-006	1.991532e-007	1.421623e-007	2.546599e-007
3.053062402111043e-008	-1.141182e-005	7.459542e-006	1.986961e-007	1.417346e-007	2.690652e-007
3.053203109460061e-008	-1.181480e-005	7.061738e-006	1.982415e-007	1.413082e-007	2.839395e-007
3.053343816809078e-008	-1.222773e-005	6.654149e-006	1.977894e-007	1.408829e-007	2.992828e-007
3.053543816809079e-008	-1.283213e-005	6.057629e-006	1.971512e-007	1.402804e-007	3.219148e-007
3.053743816809079e-008	-1.344585e-005	5.452149e-006	1.965179e-007	1.396799e-007	3.454192e-007
3.053943816809079e-008	-1.406890e-005	4.837710e-006	1.958895e-007	1.390814e-007	3.697962e-007
3.054143816809079e-008	-1.470127e-005	4.214310e-006	1.952661e-007	1.384849e-007	3.950458e-007
3.054343816809080e-008	-1.534296e-005	3.581950e-006	1.946475e-007	1.378905e-007	4.211678e-007
3.054543816809080e-008	-1.599397e-005	2.940631e-006	1.940338e-007	1.372980e-007	4.481624e-007
3.054743816809080e-008	-1.665430e-005	2.290351e-006	1.934251e-007	1.367076e-007	4.760295e-007
3.054843816809080e-008	-1.698193e-005	1.967871e-006	1.931222e-007	1.364129e-007	4.902150e-007
3.054871884253500e-008	-1.707379e-005	1.877472e-006	1.930374e-007	1.363303e-007	4.942329e-007
3.054894921281327e-008	-1.714853e-005	1.803938e-006	1.929680e-007	1.362625e-007	4.975545e-007
3.054927328441630e-008	-1.725058e-005	1.703599e-006	1.928703e-007	1.361672e-007	5.022712e-007
3.054960842718309e-008	-1.735183e-005	1.604115e-006	1.927695e-007	1.360688e-007	5.072102e-007
3.055027871271667e-008	-1.754474e-005	1.414783e-006	1.925684e-007	1.358722e-007	5.172308e-007
3.055127871271667e-008	-1.781286e-005	1.152036e-006	1.922692e-007	1.355793e-007	5.324724e-007
3.055227871271667e-008	-1.805636e-005	9.139550e-007	1.919711e-007	1.352870e-007	5.480742e-007
3.055327871271667e-008	-1.827196e-005	7.038208e-007	1.916742e-007	1.349955e-007	5.640752e-007
3.055427871271667e-008	-1.845853e-005	5.227324e-007	1.913784e-007	1.347048e-007	5.804826e-007
3.055527871271667e-008	-1.861530e-005	3.714563e-007	1.910837e-007	1.344150e-007	5.973011e-007
3.055627871271667e-008	-1.874186e-005	2.504044e-007	1.907902e-007	1.341261e-007	6.145330e-007
3.055727871271667e-008	-1.883810e-005	1.596596e-007	1.904979e-007	1.338382e-007	6.321781e-007
3.055827871271667e-008	-1.890423e-005	9.900322e-008	1.902067e-007	1.335514e-007	6.502345e-007
3.055927871271668e-008	-1.894073e-005	6.794162e-008	1.899167e-007	1.332658e-007	6.686984e-007
3.056027871271668e-008	-1.894834e-005	6.572478e-008	1.896277e-007	1.329813e-007	6.875641e-007
3.056127871271668e-008	-1.892805e-005	9.135665e-008	1.893399e-007	1.326981e-007	7.068246e-007
3.056227871271668e-008	-1.888108e-005	1.435988e-007	1.890533e-007	1.324162e-007	7.264707e-007
3.056327871271668e-008	-1.880891e-005	2.209723e-007	1.887677e-007	1.321357e-007	7.464917e-007
3.056427871271668e-008	-1.871323e-005	3.217639e-007	1.884833e-007	1.318565e-007	7.668750e-007
3.056527871271668e-008	-1.859598e-005	4.440427e-007	1.881999e-007	1.315788e-007	7.876064e-007
3.056627871271668e-008	-1.845927e-005	5.856879e-007	1.879177e-007	1.313026e-007	8.086699e-007
3.056727871271668e-008	-1.830535e-005	7.444299e-007	1.876365e-007	1.310279e-007	8.300482e-007
3.056827871271669e-008	-1.813660e-005	9.179003e-007	1.873565e-007	1.307547e-007	8.517229e-007
3.056927871271669e-008	-1.795542e-005	1.103687e-006	1.870776e-007	1.304830e-007	8.736748e-007
3.057127871271669e-008	-1.756530e-005	1.502663e-006	1.865229e-007	1.299445e-007	9.183323e-007
3.057427871271669e-008	-1.694400e-005	2.136370e-006	1.856990e-007	1.291485e-007	9.869173e-007
3.057727871271670e-008	-1.632397e-005	2.767750e-006	1.848846e-007	1.283665e-007	1.057005e-006
3.058027871271670e-008	-1.574111e-005	3.360962e-006	1.840797e-007	1.275981e-007	1.128209e-006
3.058327871271670e-008	-1.521607e-005	3.895433e-006	1.832841e-007	1.268428e-007	1.200239e-006
3.058627871271671e-008	-1.475714e-005	4.362966e-006	1.824977e-007	1.261000e-007	1.272886e-006
3.058927871271671e-008	-1.436396e-005	4.764010e-006	1.817204e-007	1.253689e-007	1.346002e-006
3.059227871271671e-008	-1.403096e-005	5.104211e-006	1.809521e-007	1.246491e-007	1.419478e-006
3.059456442700243e-008	-1.382095e-005	5.319270e-006	1.803727e-007	1.241084e-007	1.475736e-006
3.059685014128814e-008	-1.362870e-005	5.516309e-006	1.797984e-007	1.235732e-007	1.532030e-006
3.059913585557386e-008	-1.345421e-005	5.695329e-006	1.792290e-007	1.230437e-007	1.588362e-006
3.060142156985958e-008	-1.329748e-005	5.856329e-006	1.786646e-007	1.225198e-007	1.644730e-006
3.060370728414530e-008	-1.315851e-005	5.999308e-006	1.781052e-007	1.220016e-007	1.701135e-006
3.060599299843101e-008	-1.303730e-005	6.124269e-006	1.775507e-007	1.214890e-007	1.757576e-006
3.060827871271673e-008	-1.293385e-005	6.231209e-006	1.770012e-007	1.209821e-007	1.814054e-006
3.061227871271674e-008	-1.276792e-005	6.402747e-006	1.760515e-007	1.201077e-007	1.912993e-006
3.061627871271674e-008	-1.261184e-005	6.563904e-006	1.751157e-007	1.192480e-007	2.010903e-006
3.062027871271674e-008	-1.246561e-005	6.714679e-006	1.741937e-007	1.184029e-007	2.107786e-006
3.062427871271675e-008	-1.232922e-005	6.855072e-006	1.732857e-007	1.175725e-007	2.203641e-006
3.062827871271675e-008	-1.220269e-005	6.985083e-006	1.723915e-007	1.167566e-007	2.298469e-006
3.063227871271676e-008	-1.208601e-005	7.104713e-006	1.715112e-007	1.159554e-007	2.392269e-006
3.063627871271676e-008	-1.197918e-005	7.213961e-006	1.706447e-007	1.151689e-007	2.485041e-006
3.064556442700249e-008	-1.173842e-005	7.458323e-006	1.686882e-007	1.134002e-007	2.693657e-006
3.065485014128821e-008	-1.151483e-005	7.683606e-006	1.667931e-007	1.116938e-007	2.890407e-006
3.066413585557393e-008	-1.130840e-005	7.889808e-006	1.649596e-007	1.100498e-007	3.075290e-006
3.067342156985966e-008	-1.111915e-005	8.076931e-006	1.631877e-007	1.084680e-007	3.248306e-006
3.068270728414539e-008	-1.094706e-005	8.244973e-006	1.614772e-007	1.069486e-007	3.409455e-006
3.069199299843111e-008	-1.079214e-005	8.393935e-006	1.598283e-007	1.054915e-007	3.558737e-006
3.070127871271684e-008	-1.065439e-005	8.523816e-006	1.582409e-007	1.040968e-007	3.696153e-006
3.070927871271685e-008	-1.054588e-005	8.624550e-006	1.569142e-007	1.029351e-007	3.804134e-006
3.071727871271685e-008	-1.044513e-005	8.716684e-006	1.556229e-007	1.018077e-007	3.905431e-006
3.072527871271686e-008	-1.035212e-005	8.800218e-006	1.543670e-007	1.007148e-007	4.000047e-006
3.073327871271687e-008	-1.026687e-005	8.875153e-006	1.531464e-007	9.965623e-008	4.087979e-006
3.074127871271688e-008	-1.018937e-005	8.941489e-006	1.519612e-007	9.863208e-008	4.169228e-006
3.074927871271689e-008	-1.011962e-005	8.999224e-006	1.508113e-007	9.764231e-008	4.243795e-006
3.075727871271690e-008	-1.005763e-005	9.048361e-006	1.496968e-007	9.668693e-008	4.311679e-006
3.075956442700262e-008	-1.004053e-005	9.061703e-006	1.493834e-007	9.641867e-008	4.330465e-006
3.076185014128833e-008	-1.002393e-005	9.074485e-006	1.490725e-007	9.615277e-008	4.348877e-006
3.076413585557405e-008	-1.000785e-005	9.086707e-006	1.487641e-007	9.588924e-008	4.366915e-006
3.076642156985977e-008	-9.992274e-006	9.098370e-006	1.484581e-007	9.562806e-008	4.384579e-006
3.076870728414549e-008	-9.977209e-006	9.109473e-006	1.481546e-007	9.536924e-008	4.401869e-006
3.077099299843120e-008	-9.962653e-006	9.120016e-006	1.478536e-007	9.511278e-008	4.418784e-006
3.077327871271692e-008	-9.948606e-006	9.129999e-006	1.475551e-007	9.485868e-008	4.435326e-006
3.077427871271692e-008	-9.943187e-006	9.133626e-006	1.474252e-007	9.474820e-008	4.442460e-006
3.077527871271692e-008	-9.938821e-006	9.136195e-006	1.472957e-007	9.463806e-008	4.449536e-006
3.077565371271692e-008	-9.938563e-006	9.135776e-006	1.472473e-007	9.459690e-008	4.452157e-006
3.077615371271692e-008	-9.939064e-006	9.134373e-006	1.471828e-007	9.454212e-008	4.455627e-006
3.077684924334794e-008	-9.939280e-006	9.132897e-006	1.470934e-007	9.446611e-008	4.460432e-006
3.077880452258571e-008	-9.936817e-006	9.131802e-006	1.468431e-007	9.425343e-008	4.473810e-006
3.078080452258571e-008	-9.934739e-006	9.130215e-006	1.465888e-007	9.403750e-008	4.487246e-006
3.078192952258571e-008	-9.933710e-006	9.129170e-006	1.464465e-007	9.391677e-008	4.494692e-006
3.078305452258571e-008	-9.932667e-006	9.128131e-006	1.463048e-007	9.379654e-008	4.502064e-006
3.078417952258571e-008	-9.931611e-006	9.127096e-006	1.461636e-007	9.367682e-008	4.509361e-006
3.078530452258572e-008	-9.930541e-006	9.126067e-006	1.460230e-007	9.355760e-008	4.516584e-006
3.078642952258572e-008	-9.929457e-006	9.125043e-006	1.458829e-007	9.343888e-008	4.523731e-006
3.078755452258572e-008	-9.928361e-006	9.124025e-006	1.457434e-007	9.332067e-008	4.530804e-006
3.078867952258572e-008	-9.927250e-006	9.123011e-006	1.456044e-007	9.320296e-008	4.537802e-006
3.078880452258571e-008	-9.927042e-006	9.122983e-006	1.455890e-007	9.318992e-008	4.538573e-006
3.078905452258571e-008	-9.926294e-006	9.123258e-006	1.455582e-007	9.316386e-008	4.540110e-006
3.079016491706432e-008	-9.923104e-006	9.124338e-006	1.454218e-007	9.304840e-008	4.546806e-006
3.079097856453706e-008	-9.921309e-006	9.124582e-006	1.453222e-007	9.296411e-008	4.551576e-006
3.079179221200981e-008	-9.919641e-006	9.124694e-006	1.452229e-007	9.288008e-008	4.556241e-006
3.079260585948256e-008	-9.918101e-006	9.124674e-006	1.451238e-007	9.279629e-008	4.560800e-006
3.079341950695531e-008	-9.916689e-006	9.124522e-006	1.450250e-007	9.271276e-008	4.565253e-006
3.079423315442805e-008	-9.915405e-006	9.124239e-006	1.449265e-007	9.262949e-008	4.569601e-006
3.079504680190080e-008	-9.914248e-006	9.123823e-006	1.448283e-007	9.254646e-008	4.573843e-006
3.079586044937355e-008	-9.913218e-006	9.123276e-006	1.447303e-007	9.246369e-008	4.577980e-006
3.079686044937355e-008	-9.912361e-006	9.122190e-006	1.446103e-007	9.236233e-008	4.582907e-006
3.079786044937355e-008	-9.912202e-006	9.120400e-006	1.444907e-007	9.226133e-008	4.587639e-006
3.079886044937355e-008	-9.912903e-006	9.117745e-006	1.443714e-007	9.216065e-008	4.592182e-006
3.079917130515245e-008	-9.913392e-006	9.116648e-006	1.443344e-007	9.212943e-008	4.593546e-006
3.079925025086851e-008	-9.913577e-006	9.116309e-006	1.443250e-007	9.212150e-008	4.593884e-006
3.079929319348236e-008	-9.913672e-006	9.116130e-006	1.443199e-007	9.211720e-008	4.594067e-006
3.079931675172756e-008	-9.913710e-006	9.116046e-006	1.443171e-007	9.211484e-008	4.594167e-006
3.079932498840661e-008	-9.913721e-006	9.116018e-006	1.443161e-007	9.211401e-008	4.594202e-006
3.079932678974959e-008	-9.913723e-006	9.116013e-006	1.443159e-007	9.211383e-008	4.594210e-006
3.079932720454691e-008	-9.913723e-006	9.116012e-006	1.443159e-007	9.211379e-008	4.594212e-006
3.079932764409601e-008	-9.913724e-006	9.116010e-006	1.443158e-007	9.211374e-008	4.594213e-006
3.079932818879242e-008	-9.913724e-006	9.116009e-006	1.443157e-007	9.211369e-008	4.594216e-006
3.079932915585578e-008	-9.913726e-006	9.116005e-006	1.443156e-007	9.211359e-008	4.594220e-006
3.079933004020082e-008	-9.913727e-006	9.116003e-006	1.443155e-007	9.211350e-008	4.594223e-006
3.079933130290055e-008	-9.913728e-006	9.115999e-006	1.443154e-007	9.211338e-008	4.594229e-006
3.079933258740181e-008	-9.913730e-006	9.115995e-006	1.443152e-007	9.211325e-008	4.594234e-006
3.079933458743122e-008	-9.913731e-006	9.115989e-006	1.443150e-007	9.211305e-008	4.594243e-006
3.079933693977595e-008	-9.913734e-006	9.115982e-006	1.443147e-007	9.211281e-008	4.594253e-006
3.080005354768106e-008	-9.910710e-006	9.117599e-006	1.442297e-007	9.204112e-008	4.597229e-006
3.080077015558616e-008	-9.905008e-006	9.121887e-006	1.441450e-007	9.196962e-008	4.600104e-006
3.080148676349127e-008	-9.896628e-006	9.128847e-006	1.440604e-007	9.189832e-008	4.602878e-006
3.080220337139637e-008	-9.885570e-006	9.138478e-006	1.439760e-007	9.182723e-008	4.605552e-006
3.080291997930148e-008	-9.871834e-006	9.150780e-006	1.438918e-007	9.175634e-008	4.608125e-006
3.080363658720658e-008	-9.855420e-006	9.165754e-006	1.438078e-007	9.168564e-008	4.610598e-006
3.080435319511169e-008	-9.836329e-006	9.183399e-006	1.437239e-007	9.161515e-008	4.612970e-006
3.080448227289808e-008	-9.832396e-006	9.187070e-006	1.437089e-007	9.160248e-008	4.613383e-006
3.080578901973085e-008	-9.796237e-006	9.220555e-006	1.435568e-007	9.147474e-008	4.617357e-006
3.080709576656363e-008	-9.761754e-006	9.252340e-006	1.434053e-007	9.134769e-008	4.621110e-006
3.080840251339640e-008	-9.728948e-006	9.282425e-006	1.432545e-007	9.122133e-008	4.624644e-006
3.080970926022917e-008	-9.697818e-006	9.310810e-006	1.431044e-007	9.109567e-008	4.627957e-006
3.081101600706194e-008	-9.668364e-006	9.337495e-006	1.429550e-007	9.097070e-008	4.631049e-006
3.081232275389472e-008	-9.640587e-006	9.362480e-006	1.428062e-007	9.084642e-008	4.633922e-006
3.081362950072749e-008	-9.614487e-006	9.385764e-006	1.426581e-007	9.072284e-008	4.636574e-006
3.081462950072749e-008	-9.595005e-006	9.403078e-006	1.425451e-007	9.062866e-008	4.638476e-006
3.081505817363344e-008	-9.586922e-006	9.410230e-006	1.424968e-007	9.058840e-008	4.639254e-006
3.081518499100681e-008	-9.584602e-006	9.412274e-006	1.424825e-007	9.057651e-008	4.639476e-006
3.081531109840342e-008	-9.582319e-006	9.414282e-006	1.424683e-007	9.056469e-008	4.639692e-006
3.081532856851884e-008	-9.581999e-006	9.414564e-006	1.424664e-007	9.056306e-008	4.639722e-006
3.081533451525707e-008	-9.581889e-006	9.414661e-006	1.424657e-007	9.056249e-008	4.639732e-006
3.081533905066806e-008	-9.581805e-006	9.414734e-006	1.424652e-007	9.056208e-008	4.639740e-006
3.081534521001987e-008	-9.581691e-006	9.414834e-006	1.424645e-007	9.056149e-008	4.639750e-006
3.081535251680869e-008	-9.581557e-006	9.414954e-006	1.424637e-007	9.056081e-008	4.639763e-006
3.081535964147488e-008	-9.581426e-006	9.415069e-006	1.424629e-007	9.056014e-008	4.639775e-006
3.081536658440619e-008	-9.581297e-006	9.415183e-006	1.424621e-007	9.055950e-008	4.639787e-006
3.081537337594254e-008	-9.581172e-006	9.415293e-006	1.424613e-007	9.055886e-008	4.639799e-006
3.081538027149223e-008	-9.581045e-006	9.415406e-006	1.424606e-007	9.055821e-008	4.639811e-006
3.081538714382543e-008	-9.580917e-006	9.415518e-006	1.424598e-007	9.055757e-008	4.639823e-006
3.081539406350149e-008	-9.580789e-006	9.415630e-006	1.424590e-007	9.055692e-008	4.639835e-006
3.081540093719582e-008	-9.580663e-006	9.415742e-006	1.424582e-007	9.055628e-008	4.639846e-006
3.081540824956163e-008	-9.580527e-006	9.415861e-006	1.424574e-007	9.055560e-008	4.639859e-006
3.081541683583564e-008	-9.580368e-006	9.416002e-006	1.424565e-007	9.055479e-008	4.639874e-006
3.081542661411375e-008	-9.580187e-006	9.416161e-006	1.424553e-007	9.055388e-008	4.639890e-006
3.081543821551609e-008	-9.579971e-006	9.416352e-006	1.424540e-007	9.055279e-008	4.639910e-006
3.081546884097933e-008	-9.579402e-006	9.416854e-006	1.424506e-007	9.054992e-008	4.639963e-006
3.081849358385541e-008	-9.521784e-006	9.467802e-006	1.421126e-007	9.026875e-008	4.645182e-006
3.082151832673149e-008	-9.464527e-006	9.518287e-006	1.417779e-007	8.999098e-008	4.650393e-006
3.082454306960758e-008	-9.407629e-006	9.568306e-006	1.414465e-007	8.971662e-008	4.655596e-006
3.082756781248367e-008	-9.351091e-006	9.617861e-006	1.411186e-007	8.944566e-008	4.660792e-006
3.083059255535975e-008	-9.294914e-006	9.666952e-006	1.407939e-007	8.917811e-008	4.665979e-006
3.083361729823583e-008	-9.239096e-006	9.715577e-006	1.404726e-007	8.891397e-008	4.671158e-006
3.083664204111191e-008	-9.183639e-006	9.763738e-006	1.401547e-007	8.865322e-008	4.676329e-006
3.085649918396908e-008	-8.830749e-006	1.006541e-005	1.381673e-007	8.704395e-008	4.710134e-006
3.087635632682625e-008	-8.492113e-006	1.035019e-005	1.362842e-007	8.553745e-008	4.743701e-006
3.089621346968341e-008	-8.167732e-006	1.061807e-005	1.345056e-007	8.413373e-008	4.777031e-006
3.091607061254058e-008	-7.857606e-006	1.086906e-005	1.328313e-007	8.283277e-008	4.810124e-006
3.093592775539774e-008	-7.561735e-006	1.110315e-005	1.312614e-007	8.163459e-008	4.842979e-006
3.095578489825491e-008	-7.280119e-006	1.132036e-005	1.297959e-007	8.053918e-008	4.875597e-006
3.097564204111207e-008	-7.012757e-006	1.152066e-005	1.284348e-007	7.954654e-008	4.907978e-006
3.101364204111212e-008	-6.531850e-006	1.187112e-005	1.260013e-007	7.780400e-008	4.969366e-006
3.105107061254073e-008	-6.105110e-006	1.216381e-005	1.238993e-007	7.636786e-008	5.029022e-006
3.108849918396934e-008	-5.707951e-006	1.242659e-005	1.219386e-007	7.505436e-008	5.088024e-006
3.112592775539796e-008	-5.340373e-006	1.265945e-005	1.201192e-007	7.386350e-008	5.146372e-006
3.116335632682657e-008	-5.002376e-006	1.286238e-005	1.184411e-007	7.279528e-008	5.204066e-006
3.120078489825519e-008	-4.693960e-006	1.303540e-005	1.169042e-007	7.184970e-008	5.261105e-006
3.123821346968380e-008	-4.415126e-006	1.317849e-005	1.155085e-007	7.102676e-008	5.317491e-006
3.127564204111241e-008	-4.165872e-006	1.329166e-005	1.142542e-007	7.032646e-008	5.373222e-006
3.131364204111246e-008	-3.928344e-006	1.339392e-005	1.130133e-007	6.962942e-008	5.429263e-006
3.134021346968391e-008	-3.775652e-006	1.345289e-005	1.121957e-007	6.918070e-008	5.468090e-006
3.136678489825538e-008	-3.630856e-006	1.350490e-005	1.114031e-007	6.874905e-008	5.506649e-006
3.139335632682683e-008	-3.493954e-006	1.354993e-005	1.106354e-007	6.833447e-008	5.544940e-006
3.141992775539829e-008	-3.364947e-006	1.358798e-005	1.098927e-007	6.793696e-008	5.582963e-006
3.144649918396975e-008	-3.243835e-006	1.361907e-005	1.091749e-007	6.755652e-008	5.620718e-006
3.147307061254121e-008	-3.130617e-006	1.364319e-005	1.084820e-007	6.719316e-008	5.658205e-006
3.149964204111267e-008	-3.025295e-006	1.366033e-005	1.078141e-007	6.684687e-008	5.695425e-006
3.150164204111267e-008	-3.017533e-006	1.366150e-005	1.077641e-007	6.682085e-008	5.698217e-006
3.151749918396983e-008	-2.957415e-006	1.366953e-005	1.073719e-007	6.661722e-008	5.720302e-006
3.153335632682699e-008	-2.899239e-006	1.367597e-005	1.069848e-007	6.641642e-008	5.742299e-006
3.154921346968415e-008	-2.843004e-006	1.368080e-005	1.066027e-007	6.621847e-008	5.764210e-006
3.156507061254131e-008	-2.788710e-006	1.368403e-005	1.062258e-007	6.602335e-008	5.786033e-006
3.158092775539847e-008	-2.736356e-006	1.368566e-005	1.058539e-007	6.583108e-008	5.807769e-006
3.159678489825564e-008	-2.685944e-006	1.368570e-005	1.054871e-007	6.564165e-008	5.829418e-006
3.161264204111279e-008	-2.637473e-006	1.368413e-005	1.051255e-007	6.545506e-008	5.850980e-006
3.161364204111280e-008	-2.634462e-006	1.368399e-005	1.051028e-007	6.544333e-008	5.852337e-006
3.165635632682713e-008	-2.514249e-006	1.367130e-005	1.041541e-007	6.495408e-008	5.909962e-006
3.169907061254147e-008	-2.402647e-006	1.365214e-005	1.032250e-007	6.447269e-008	5.967014e-006
3.174178489825580e-008	-2.299653e-006	1.362650e-005	1.023155e-007	6.399915e-008	6.023493e-006
3.178449918397013e-008	-2.205270e-006	1.359439e-005	1.014256e-007	6.353346e-008	6.079399e-006
3.182721346968446e-008	-2.119495e-006	1.355580e-005	1.005552e-007	6.307562e-008	6.134731e-006
3.186992775539880e-008	-2.042331e-006	1.351074e-005	9.970449e-008	6.262564e-008	6.189491e-006
3.191264204111313e-008	-1.973776e-006	1.345921e-005	9.887333e-008	6.218352e-008	6.243677e-006
3.191364204111314e-008	-1.972194e-006	1.345800e-005	9.885390e-008	6.217314e-008	6.244940e-006
3.195635632682747e-008	-1.908671e-006	1.340328e-005	9.803248e-008	6.173220e-008	6.298581e-006
3.199907061254181e-008	-1.849304e-006	1.334600e-005	9.722088e-008	6.129382e-008	6.351711e-006
3.204178489825614e-008	-1.794093e-006	1.328615e-005	9.641909e-008	6.085801e-008	6.404329e-006
3.208449918397047e-008	-1.743039e-006	1.322372e-005	9.562711e-008	6.042475e-008	6.456434e-006
3.212721346968480e-008	-1.696140e-006	1.315873e-005	9.484494e-008	5.999404e-008	6.508028e-006
3.216992775539914e-008	-1.653398e-006	1.309116e-005	9.407259e-008	5.956590e-008	6.559110e-006
3.221264204111347e-008	-1.614812e-006	1.302103e-005	9.331006e-008	5.914032e-008	6.609680e-006
3.221364204111348e-008	-1.613920e-006	1.301938e-005	9.329226e-008	5.913036e-008	6.610858e-006
3.224021346968493e-008	-1.590934e-006	1.297538e-005	9.282163e-008	5.886635e-008	6.642070e-006
3.226678489825640e-008	-1.568839e-006	1.293097e-005	9.235339e-008	5.860309e-008	6.673098e-006
3.229335632682785e-008	-1.547634e-006	1.288615e-005	9.188754e-008	5.834059e-008	6.703942e-006
3.231992775539931e-008	-1.527320e-006	1.284093e-005	9.142410e-008	5.807885e-008	6.734603e-006
3.234649918397077e-008	-1.507897e-006	1.279531e-005	9.096305e-008	5.781787e-008	6.765079e-006
3.237307061254223e-008	-1.489364e-006	1.274928e-005	9.050440e-008	5.755764e-008	6.795372e-006
3.239964204111369e-008	-1.471722e-006	1.270285e-005	9.004815e-008	5.729818e-008	6.825481e-006
3.240064204111369e-008	-1.471067e-006	1.270110e-005	9.003097e-008	5.728843e-008	6.826611e-006
3.240364204111369e-008	-1.469109e-006	1.269585e-005	8.997943e-008	5.725919e-008	6.829999e-006
3.251364204111382e-008	-1.402983e-006	1.250154e-005	8.810244e-008	5.619377e-008	6.952657e-006
3.255635632682815e-008	-1.380206e-006	1.242517e-005	8.738192e-008	5.578361e-008	6.999467e-006
3.259907061254249e-008	-1.358442e-006	1.234876e-005	8.666811e-008	5.537563e-008	7.045846e-006
3.264178489825682e-008	-1.337691e-006	1.227231e-005	8.596104e-008	5.496983e-008	7.091791e-006
3.268449918397115e-008	-1.317954e-006	1.219582e-005	8.526068e-008	5.456621e-008	7.137304e-006
3.272721346968548e-008	-1.299229e-006	1.211929e-005	8.456705e-008	5.416476e-008	7.182385e-006
3.276992775539982e-008	-1.281518e-006	1.204271e-005	8.388014e-008	5.376548e-008	7.227034e-006
3.281264204111416e-008	-1.264820e-006	1.196610e-005	8.319996e-008	5.336839e-008	7.271250e-006
3.281364204111416e-008	-1.264432e-006	1.196431e-005	8.318410e-008	5.335912e-008	7.272280e-006
3.311364204111450e-008	-1.162813e-006	1.143454e-005	7.855741e-008	5.063668e-008	7.571323e-006
3.326964204111467e-008	-1.118449e-006	1.116618e-005	7.625408e-008	4.926757e-008	7.719158e-006
3.328507061254326e-008	-1.114293e-006	1.113996e-005	7.603011e-008	4.913391e-008	7.733504e-006
3.330049918397185e-008	-1.110172e-006	1.111379e-005	7.580680e-008	4.900057e-008	7.747801e-006
3.331592775540044e-008	-1.106085e-006	1.108769e-005	7.558415e-008	4.886754e-008	7.762050e-006
3.333135632682903e-008	-1.102032e-006	1.106164e-005	7.536214e-008	4.873482e-008	7.776250e-006
3.334678489825762e-008	-1.098014e-006	1.103566e-005	7.514078e-008	4.860241e-008	7.790401e-006
3.336221346968620e-008	-1.094031e-006	1.100974e-005	7.492007e-008	4.847032e-008	7.804505e-006
3.337764204111480e-008	-1.090081e-006	1.098387e-005	7.470002e-008	4.833854e-008	7.818559e-006
3.341364204111484e-008	-1.080982e-006	1.092377e-005	7.418901e-008	4.803229e-008	7.851169e-006
3.344592775540059e-008	-1.072972e-006	1.087016e-005	7.373372e-008	4.775913e-008	7.880191e-006
3.347821346968634e-008	-1.065071e-006	1.081683e-005	7.328109e-008	4.748734e-008	7.909010e-006
3.351049918397209e-008	-1.057279e-006	1.076377e-005	7.283113e-008	4.721694e-008	7.937627e-006
3.354278489825784e-008	-1.049595e-006	1.071101e-005	7.238382e-008	4.694793e-008	7.966040e-006
3.357507061254359e-008	-1.042021e-006	1.065852e-005	7.193918e-008	4.668030e-008	7.994250e-006
3.360735632682934e-008	-1.034554e-006	1.060631e-005	7.149720e-008	4.641405e-008	8.022258e-006
3.363964204111509e-008	-1.027197e-006	1.055439e-005	7.105788e-008	4.614919e-008	8.050062e-006
3.364849918397224e-008	-1.027283e-006	1.054080e-005	7.093783e-008	4.607678e-008	8.057651e-006
3.365735632682940e-008	-1.025823e-006	1.052678e-005	7.081794e-008	4.600446e-008	8.065229e-006
3.366621346968655e-008	-1.022815e-006	1.051233e-005	7.069822e-008	4.593224e-008	8.072796e-006
3.367507061254371e-008	-1.018262e-006	1.049745e-005	7.057866e-008	4.586011e-008	8.080353e-006
3.368392775540086e-008	-1.012162e-006	1.048213e-005	7.045927e-008	4.578806e-008	8.087899e-006
3.369278489825801e-008	-1.004516e-006	1.046639e-005	7.034004e-008	4.571611e-008	8.095435e-006
3.370164204111516e-008	-9.953227e-007	1.045022e-005	7.022098e-008	4.564426e-008	8.102960e-006
3.371364204111518e-008	-9.669599e-007	1.042395e-005	7.005965e-008	4.554688e-008	8.113178e-006
3.372307061254376e-008	-9.359598e-007	1.040074e-005	6.993307e-008	4.547051e-008	8.121212e-006
3.373249918397234e-008	-8.890917e-007	1.037360e-005	6.980618e-008	4.539385e-008	8.129278e-006
3.374192775540092e-008	-8.263553e-007	1.034252e-005	6.967896e-008	4.531691e-008	8.137376e-006
3.375135632682951e-008	-7.477509e-007	1.030750e-005	6.955142e-008	4.523968e-008	8.145505e-006
3.376078489825809e-008	-6.532782e-007	1.026855e-005	6.942357e-008	4.516216e-008	8.153666e-006
3.377021346968667e-008	-5.429375e-007	1.022566e-005	6.929539e-008	4.508435e-008	8.161858e-006
3.377964204111525e-008	-4.167286e-007	1.017883e-005	6.916689e-008	4.500626e-008	8.170083e-006
3.378607061254383e-008	-3.183009e-007	1.014410e-005	6.907882e-008	4.495261e-008	8.175720e-006
3.379249918397241e-008	-2.134091e-007	1.010812e-005	6.899045e-008	4.489867e-008	8.181372e-006
3.379892775540099e-008	-1.020533e-007	1.007087e-005	6.890176e-008	4.484443e-008	8.187038e-006
3.380535632682957e-008	1.576666e-008	1.003236e-005	6.881277e-008	4.478990e-008	8.192718e-006
3.381178489825815e-008	1.400507e-007	9.992591e-006	6.872346e-008	4.473507e-008	8.198412e-006
3.381821346968672e-008	2.707988e-007	9.951562e-006	6.863385e-008	4.467995e-008	8.204120e-006
3.382464204111530e-008	4.080109e-007	9.909272e-006	6.854393e-008	4.462454e-008	8.209842e-006
3.383235632682960e-008	5.792607e-007	9.857578e-006	6.843552e-008	4.455756e-008	8.216723e-006
3.384007061254389e-008	7.536318e-007	9.805944e-006	6.832673e-008	4.449018e-008	8.223608e-006
3.384778489825819e-008	9.311241e-007	9.754370e-006	6.821753e-008	4.442238e-008	8.230496e-006
3.385549918397248e-008	1.111738e-006	9.702856e-006	6.810794e-008	4.435418e-008	8.237389e-006
3.386321346968677e-008	1.295473e-006	9.651403e-006	6.799795e-008	4.428557e-008	8.244285e-006
3.387092775540107e-008	1.482329e-006	9.600010e-006	6.788756e-008	4.421655e-008	8.251185e-006
3.387864204111536e-008	1.672307e-006	9.548678e-006	6.777678e-008	4.414713e-008	8.258089e-006
3.389235632682967e-008	2.012500e-006	9.459350e-006	6.757872e-008	4.402254e-008	8.270360e-006
3.390607061254397e-008	2.344938e-006	9.374528e-006	6.738040e-008	4.389754e-008	8.282590e-006
3.391978489825827e-008	2.669621e-006	9.294212e-006	6.718183e-008	4.377214e-008	8.294780e-006
3.393349918397257e-008	2.986548e-006	9.218402e-006	6.698300e-008	4.364633e-008	8.306930e-006
3.394721346968687e-008	3.295721e-006	9.147097e-006	6.678392e-008	4.352011e-008	8.319040e-006
3.396092775540117e-008	3.597138e-006	9.080298e-006	6.658459e-008	4.339348e-008	8.331109e-006
3.397464204111547e-008	3.890800e-006	9.018004e-006	6.638501e-008	4.326645e-008	8.343139e-006
3.398007061254405e-008	4.000816e-006	8.995402e-006	6.630630e-008	4.321639e-008	8.347876e-006
3.398549918397262e-008	4.108869e-006	8.973555e-006	6.622770e-008	4.316641e-008	8.352604e-006
3.399092775540120e-008	4.214957e-006	8.952464e-006	6.614922e-008	4.311650e-008	8.357323e-006
3.399635632682978e-008	4.319081e-006	8.932128e-006	6.607085e-008	4.306667e-008	8.362032e-006
3.400178489825836e-008	4.421240e-006	8.912548e-006	6.599258e-008	4.301691e-008	8.366733e-006
3.400721346968694e-008	4.521436e-006	8.893722e-006	6.591443e-008	4.296723e-008	8.371424e-006
3.401264204111552e-008	4.619667e-006	8.875652e-006	6.583640e-008	4.291762e-008	8.376106e-006
3.401364204111552e-008	4.637580e-006	8.872387e-006	6.582204e-008	4.290850e-008	8.376968e-006
3.403321346968697e-008	4.972570e-006	8.814772e-006	6.554168e-008	4.273031e-008	8.393763e-006
3.405278489825842e-008	5.289006e-006	8.763001e-006	6.526398e-008	4.255420e-008	8.410449e-006
3.407235632682987e-008	5.586887e-006	8.717077e-006	6.498894e-008	4.238016e-008	8.427026e-006
3.409192775540132e-008	5.866215e-006	8.676997e-006	6.471657e-008	4.220819e-008	8.443494e-006
3.411149918397277e-008	6.126988e-006	8.642764e-006	6.444685e-008	4.203829e-008	8.459852e-006
3.413107061254422e-008	6.369207e-006	8.614375e-006	6.417979e-008	4.187045e-008	8.476102e-006
3.415064204111567e-008	6.592872e-006	8.591833e-006	6.391539e-008	4.170469e-008	8.492243e-006
3.415164204111567e-008	6.604205e-006	8.590827e-006	6.390197e-008	4.169629e-008	8.493066e-006
3.415192271544473e-008	6.607297e-006	8.590464e-006	6.389821e-008	4.169394e-008	8.493296e-006
3.415215490574076e-008	6.609134e-006	8.589447e-006	6.389509e-008	4.169199e-008	8.493482e-006
3.415277282233101e-008	6.602131e-006	8.574871e-006	6.388681e-008	4.168678e-008	8.493876e-006
3.415339073892127e-008	6.587367e-006	8.552562e-006	6.387853e-008	4.168151e-008	8.494208e-006
3.415400865551152e-008	6.564840e-006	8.522520e-006	6.387025e-008	4.167617e-008	8.494478e-006
3.415462657210177e-008	6.534552e-006	8.484745e-006	6.386198e-008	4.167076e-008	8.494686e-006
3.415524448869203e-008	6.496502e-006	8.439237e-006	6.385371e-008	4.166528e-008	8.494832e-006
3.415586240528228e-008	6.450689e-006	8.385996e-006	6.384545e-008	4.165973e-008	8.494916e-006
3.415648032187254e-008	6.397115e-006	8.325022e-006	6.383718e-008	4.165412e-008	8.494938e-006
3.415848032187254e-008	6.179672e-006	8.083898e-006	6.381045e-008	4.163509e-008	8.494652e-006
3.416048032187254e-008	5.898456e-006	7.779418e-006	6.378375e-008	4.161468e-008	8.493852e-006
3.416248032187255e-008	5.565017e-006	7.423174e-006	6.375708e-008	4.159265e-008	8.492631e-006
3.416548032187255e-008	4.994778e-006	6.819640e-006	6.371714e-008	4.155619e-008	8.490238e-006
3.416848032187255e-008	4.378594e-006	6.171293e-006	6.367727e-008	4.151537e-008	8.487482e-006
3.417148032187256e-008	3.754996e-006	5.516667e-006	6.363747e-008	4.147017e-008	8.484674e-006
3.417448032187256e-008	3.154502e-006	4.886242e-006	6.359773e-008	4.142077e-008	8.482060e-006
3.417748032187256e-008	2.598360e-006	4.301199e-006	6.355807e-008	4.136753e-008	8.479808e-006
3.417948032187257e-008	2.258734e-006	3.942839e-006	6.353167e-008	4.133012e-008	8.478559e-006
3.418148032187257e-008	1.946385e-006	3.612153e-006	6.350529e-008	4.129134e-008	8.477527e-006
3.418348032187257e-008	1.662000e-006	3.309801e-006	6.347895e-008	4.125135e-008	8.476720e-006
3.418548032187257e-008	1.405348e-006	3.035529e-006	6.345264e-008	4.121028e-008	8.476134e-006
3.418748032187257e-008	1.175517e-006	2.788399e-006	6.342636e-008	4.116828e-008	8.475760e-006
3.418948032187258e-008	9.711159e-007	2.566996e-006	6.340011e-008	4.112548e-008	8.475589e-006
3.419148032187258e-008	7.904449e-007	2.369599e-006	6.337389e-008	4.108199e-008	8.475607e-006
3.419348032187258e-008	6.316326e-007	2.194318e-006	6.334770e-008	4.103794e-008	8.475796e-006
3.419548032187258e-008	4.926804e-007	2.039135e-006	6.332154e-008	4.099342e-008	8.476141e-006
3.419648032187258e-008	4.299477e-007	1.968370e-006	6.330847e-008	4.097101e-008	8.476367e-006
3.419748032187259e-008	3.714764e-007	1.901921e-006	6.329541e-008	4.094852e-008	8.476628e-006
3.419848032187259e-008	3.170797e-007	1.839599e-006	6.328236e-008	4.092595e-008	8.476920e-006
3.419948032187259e-008	2.665127e-007	1.781156e-006	6.326931e-008	4.090332e-008	8.477242e-006
3.420048032187259e-008	2.195572e-007	1.726372e-006	6.325628e-008	4.088064e-008	8.477593e-006
3.420148032187259e-008	1.760007e-007	1.675035e-006	6.324325e-008	4.085791e-008	8.477970e-006
3.420248032187259e-008	1.356400e-007	1.626939e-006	6.323022e-008	4.083513e-008	8.478373e-006
3.420348032187259e-008	9.828070e-008	1.581888e-006	6.321721e-008	4.081233e-008	8.478799e-006
3.420448032187259e-008	6.373752e-008	1.539696e-006	6.320421e-008	4.078950e-008	8.479247e-006
3.420548032187259e-008	3.183417e-008	1.500186e-006	6.319121e-008	4.076665e-008	8.479716e-006
3.420648032187260e-008	2.403442e-009	1.463188e-006	6.317822e-008	4.074379e-008	8.480204e-006
3.420748032187260e-008	-2.471297e-008	1.428544e-006	6.316523e-008	4.072092e-008	8.480711e-006
3.420948032187260e-008	-7.259271e-008	1.365723e-006	6.313929e-008	4.067518e-008	8.481773e-006
3.421148032187260e-008	-1.129010e-007	1.310620e-006	6.311338e-008	4.062946e-008	8.482894e-006
3.421348032187260e-008	-1.466059e-007	1.262259e-006	6.308749e-008	4.058381e-008	8.484068e-006
3.421648032187261e-008	-1.866086e-007	1.200521e-006	6.304872e-008	4.051549e-008	8.485910e-006
3.421948032187261e-008	-2.160455e-007	1.149633e-006	6.301002e-008	4.044746e-008	8.487835e-006
3.422248032187261e-008	-2.368095e-007	1.107686e-006	6.297139e-008	4.037976e-008	8.489827e-006
3.422548032187262e-008	-2.502203e-007	1.073348e-006	6.293282e-008	4.031244e-008	8.491877e-006
3.422648032187262e-008	-2.528753e-007	1.063771e-006	6.291998e-008	4.029010e-008	8.492574e-006
3.422733385897951e-008	-2.539829e-007	1.056773e-006	6.290902e-008	4.027106e-008	8.493178e-006
3.422744217877595e-008	-2.538747e-007	1.056135e-006	6.290764e-008	4.026865e-008	8.493256e-006
3.422782129806351e-008	-2.524594e-007	1.054942e-006	6.290277e-008	4.026021e-008	8.493540e-006
3.422803793765640e-008	-2.510596e-007	1.054853e-006	6.289999e-008	4.025540e-008	8.493706e-006
3.422836290837064e-008	-2.485745e-007	1.055106e-006	6.289583e-008	4.024819e-008	8.493959e-006
3.422868276551527e-008	-2.460695e-007	1.055417e-006	6.289173e-008	4.024110e-008	8.494208e-006
3.423025032690777e-008	-2.358443e-007	1.054927e-006	6.287164e-008	4.020646e-008	8.495412e-006
3.423325032690777e-008	-2.169497e-007	1.053466e-006	6.283324e-008	4.014060e-008	8.497711e-006
3.423625032690778e-008	-1.976968e-007	1.052573e-006	6.279492e-008	4.007538e-008	8.500015e-006
3.423925032690778e-008	-1.788205e-007	1.051501e-006	6.275666e-008	4.001074e-008	8.502315e-006
3.424225032690778e-008	-1.603209e-007	1.050248e-006	6.271846e-008	3.994668e-008	8.504612e-006
3.424525032690779e-008	-1.421979e-007	1.048817e-006	6.268034e-008	3.988321e-008	8.506905e-006
3.424825032690779e-008	-1.244515e-007	1.047205e-006	6.264228e-008	3.982032e-008	8.509195e-006
3.425125032690779e-008	-1.070817e-007	1.045414e-006	6.260428e-008	3.975801e-008	8.511480e-006
3.425425032690780e-008	-9.008851e-008	1.043444e-006	6.256635e-008	3.969629e-008	8.513763e-006
3.426096461262209e-008	-5.451610e-008	1.037299e-006	6.248171e-008	3.956032e-008	8.518850e-006
3.426767889833639e-008	-2.092246e-008	1.030051e-006	6.239737e-008	3.942678e-008	8.523917e-006
3.427439318405068e-008	1.069241e-008	1.021698e-006	6.231334e-008	3.929567e-008	8.528966e-006
3.428110746976497e-008	4.032850e-008	1.012241e-006	6.222962e-008	3.916700e-008	8.533996e-006
3.428782175547926e-008	6.798583e-008	1.001680e-006	6.214620e-008	3.904076e-008	8.539006e-006
3.429453604119356e-008	9.366439e-008	9.900154e-007	6.206309e-008	3.891694e-008	8.543997e-006
3.430125032690785e-008	1.173642e-007	9.772461e-007	6.198028e-008	3.879556e-008	8.548969e-006
3.430225032690785e-008	1.208320e-007	9.753435e-007	6.196792e-008	3.877759e-008	8.549709e-006
3.431467889833644e-008	1.601697e-007	9.496881e-007	6.181354e-008	3.855757e-008	8.558865e-006
3.432710746976502e-008	1.970497e-007	9.238802e-007	6.166018e-008	3.834373e-008	8.567987e-006
3.433953604119361e-008	2.314719e-007	8.979199e-007	6.150786e-008	3.813608e-008	8.577073e-006
3.435196461262220e-008	2.634363e-007	8.718071e-007	6.135655e-008	3.793461e-008	8.586125e-006
3.436439318405078e-008	2.929429e-007	8.455418e-007	6.120627e-008	3.773933e-008	8.595142e-006
3.437682175547936e-008	3.199917e-007	8.191241e-007	6.105702e-008	3.755023e-008	8.604124e-006
3.438925032690795e-008	3.445827e-007	7.925539e-007	6.090879e-008	3.736732e-008	8.613070e-006
3.440410746976511e-008	3.733879e-007	7.627251e-007	6.073514e-008	3.715759e-008	8.623738e-006
3.441896461262227e-008	4.011123e-007	7.340227e-007	6.056273e-008	3.695412e-008	8.634372e-006
3.443382175547943e-008	4.277558e-007	7.064467e-007	6.039156e-008	3.675690e-008	8.644970e-006
3.444867889833659e-008	4.533186e-007	6.799972e-007	6.022162e-008	3.656593e-008	8.655535e-006
3.446353604119375e-008	4.778006e-007	6.546741e-007	6.005292e-008	3.638121e-008	8.666064e-006
3.447839318405091e-008	5.012018e-007	6.304775e-007	5.988546e-008	3.620274e-008	8.676560e-006
3.449325032690807e-008	5.235223e-007	6.074073e-007	5.971924e-008	3.603053e-008	8.687020e-006
3.449667889833665e-008	5.286134e-007	6.022028e-007	5.967963e-008	3.599127e-008	8.689430e-006
3.450010746976522e-008	5.336633e-007	5.970463e-007	5.963654e-008	3.595226e-008	8.691837e-006
3.450353604119379e-008	5.386721e-007	5.919378e-007	5.958998e-008	3.591350e-008	8.694243e-006
3.450696461262237e-008	5.436396e-007	5.868773e-007	5.953993e-008	3.587498e-008	8.696647e-006
3.451039318405095e-008	5.485660e-007	5.818647e-007	5.948642e-008	3.583672e-008	8.699049e-006
3.451382175547952e-008	5.534512e-007	5.769001e-007	5.942942e-008	3.579870e-008	8.701449e-006
3.451725032690810e-008	5.582951e-007	5.719835e-007	5.936894e-008	3.576094e-008	8.703848e-006
3.452225032690810e-008	5.652870e-007	5.648968e-007	5.927553e-008	3.570629e-008	8.707343e-006
3.452725032690811e-008	5.721995e-007	5.578985e-007	5.917486e-008	3.565211e-008	8.710833e-006
3.453225032690811e-008	5.790329e-007	5.509883e-007	5.906694e-008	3.559841e-008	8.714320e-006
3.453725032690812e-008	5.857870e-007	5.441664e-007	5.895176e-008	3.554517e-008	8.717804e-006
3.454225032690812e-008	5.924618e-007	5.374328e-007	5.882932e-008	3.549239e-008	8.721283e-006
3.454725032690813e-008	5.990574e-007	5.307874e-007	5.869963e-008	3.544009e-008	8.724759e-006
3.455225032690814e-008	6.055737e-007	5.242303e-007	5.856268e-008	3.538825e-008	8.728231e-006
3.455567889833671e-008	6.100001e-007	5.197787e-007	5.846359e-008	3.535295e-008	8.730609e-006
3.455910746976528e-008	6.143929e-007	5.153630e-007	5.836666e-008	3.531785e-008	8.732986e-006
3.456253604119386e-008	6.187519e-007	5.109833e-007	5.827189e-008	3.528295e-008	8.735360e-006
3.456596461262244e-008	6.230773e-007	5.066394e-007	5.817928e-008	3.524824e-008	8.737733e-006
3.456939318405101e-008	6.273691e-007	5.023316e-007	5.808883e-008	3.521373e-008	8.740104e-006
3.457282175547959e-008	6.316271e-007	4.980596e-007	5.800054e-008	3.517941e-008	8.742473e-006
3.457625032690816e-008	6.358515e-007	4.938236e-007	5.791441e-008	3.514530e-008	8.744841e-006
3.457982175547959e-008	6.402176e-007	4.894470e-007	5.783100e-008	3.510996e-008	8.747305e-006
3.458339318405103e-008	6.445501e-007	4.851052e-007	5.774993e-008	3.507482e-008	8.749768e-006
3.458696461262246e-008	6.488493e-007	4.807981e-007	5.767121e-008	3.503988e-008	8.752229e-006
3.459053604119389e-008	6.531149e-007	4.765258e-007	5.759483e-008	3.500514e-008	8.754687e-006
3.459410746976532e-008	6.573472e-007	4.722883e-007	5.752080e-008	3.497060e-008	8.757144e-006
3.459767889833676e-008	6.615459e-007	4.680855e-007	5.744912e-008	3.493625e-008	8.759598e-006
3.460125032690819e-008	6.657112e-007	4.639174e-007	5.737978e-008	3.490210e-008	8.762051e-006
3.460225032690819e-008	6.668720e-007	4.627559e-007	5.736037e-008	3.489257e-008	8.762738e-006
3.463167889833680e-008	6.995084e-007	4.301345e-007	5.684903e-008	3.462134e-008	8.782868e-006
3.466110746976540e-008	7.306791e-007	3.989801e-007	5.636561e-008	3.435900e-008	8.802869e-006
3.469053604119401e-008	7.603840e-007	3.692929e-007	5.591011e-008	3.410554e-008	8.822740e-006
3.471996461262261e-008	7.886231e-007	3.410729e-007	5.548253e-008	3.386097e-008	8.842483e-006
3.474939318405122e-008	8.153965e-007	3.143199e-007	5.508288e-008	3.362528e-008	8.862096e-006
3.477882175547982e-008	8.407041e-007	2.890340e-007	5.471114e-008	3.339849e-008	8.881580e-006
3.480825032690843e-008	8.645460e-007	2.652153e-007	5.436732e-008	3.318058e-008	8.900935e-006
3.490225032690853e-008	9.360058e-007	1.938228e-007	5.334971e-008	3.251887e-008	8.961920e-006
3.494496461262287e-008	9.657013e-007	1.641622e-007	5.295140e-008	3.223697e-008	8.989206e-006
3.498767889833720e-008	9.945025e-007	1.353969e-007	5.256420e-008	3.196135e-008	9.016239e-006
3.503039318405154e-008	1.022410e-006	1.075268e-007	5.218811e-008	3.169199e-008	9.043018e-006
3.507310746976587e-008	1.049422e-006	8.055197e-008	5.182313e-008	3.142891e-008	9.069542e-006
3.511582175548020e-008	1.075541e-006	5.447236e-008	5.146926e-008	3.117210e-008	9.095813e-006
3.515853604119454e-008	1.100765e-006	2.928798e-008	5.112650e-008	3.092157e-008	9.121830e-006
3.520125032690887e-008	1.125095e-006	4.998834e-009	5.079486e-008	3.067731e-008	9.147593e-006
3.520225032690887e-008	1.125664e-006	4.430918e-009	5.078693e-008	3.067160e-008	9.148193e-006
3.524496461262321e-008	1.149589e-006	-1.945338e-008	5.044994e-008	3.043033e-008	9.173705e-006
3.528767889833754e-008	1.173094e-006	-4.291829e-008	5.011199e-008	3.019200e-008	9.198977e-006
3.533039318405188e-008	1.196181e-006	-6.596383e-008	4.977308e-008	2.995662e-008	9.224009e-006
3.537310746976621e-008	1.218848e-006	-8.859000e-008	4.943321e-008	2.972417e-008	9.248803e-006
3.541582175548054e-008	1.241095e-006	-1.107968e-007	4.909238e-008	2.949467e-008	9.273357e-006
3.545853604119488e-008	1.262924e-006	-1.325842e-007	4.875058e-008	2.926811e-008	9.297673e-006
3.550125032690921e-008	1.284333e-006	-1.539522e-007	4.840783e-008	2.904450e-008	9.321749e-006
3.550225032690921e-008	1.284832e-006	-1.544504e-007	4.839977e-008	2.903928e-008	9.322310e-006
3.554496461262355e-008	1.305957e-006	-1.755354e-007	4.805402e-008	2.881759e-008	9.346148e-006
3.558767889833788e-008	1.326804e-006	-1.963416e-007	4.770708e-008	2.859778e-008	9.369761e-006
3.563039318405222e-008	1.347371e-006	-2.168691e-007	4.735896e-008	2.837985e-008	9.393149e-006
3.567310746976655e-008	1.367659e-006	-2.371178e-007	4.700964e-008	2.816379e-008	9.416311e-006
3.571582175548088e-008	1.387668e-006	-2.570878e-007	4.665914e-008	2.794961e-008	9.439248e-006
3.575853604119522e-008	1.407398e-006	-2.767789e-007	4.630745e-008	2.773730e-008	9.461959e-006
3.580125032690955e-008	1.426849e-006	-2.961914e-007	4.595457e-008	2.752687e-008	9.484445e-006
3.580225032690955e-008	1.427302e-006	-2.966434e-007	4.594631e-008	2.752196e-008	9.484969e-006
3.610225032690989e-008	1.557347e-006	-4.264265e-007	4.346903e-008	2.608704e-008	9.636830e-006
3.640225032691023e-008	1.677146e-006	-5.457993e-007	4.103007e-008	2.472268e-008	9.778509e-006
3.644496461262457e-008	1.694134e-006	-5.626813e-007	4.068831e-008	2.453377e-008	9.797883e-006
3.648767889833890e-008	1.710924e-006	-5.793976e-007	4.034834e-008	2.434610e-008	9.817068e-006
3.653039318405324e-008	1.727517e-006	-5.959482e-007	4.001017e-008	2.415965e-008	9.836063e-006
3.657310746976757e-008	1.743914e-006	-6.123331e-007	3.967380e-008	2.397444e-008	9.854870e-006
3.661582175548190e-008	1.760113e-006	-6.285523e-007	3.933923e-008	2.379045e-008	9.873487e-006
3.665853604119624e-008	1.776115e-006	-6.446058e-007	3.900646e-008	2.360770e-008	9.891915e-006
3.670125032691057e-008	1.791921e-006	-6.604936e-007	3.867548e-008	2.342617e-008	9.910153e-006
3.670225032691057e-008	1.792284e-006	-6.608577e-007	3.866776e-008	2.342194e-008	9.910578e-006
3.700225032691091e-008	1.895885e-006	-7.641655e-007	3.640160e-008	2.218229e-008	1.003358e-005
3.730225032691125e-008	1.990288e-006	-8.584674e-007	3.423862e-008	2.100202e-008	1.014802e-005
3.739925032691136e-008	2.018791e-006	-8.869042e-007	3.356152e-008	2.063270e-008	1.018327e-005
3.740125032691137e-008	2.019370e-006	-8.874812e-007	3.354767e-008	2.062515e-008	1.018399e-005
3.742982175548283e-008	2.027588e-006	-8.956809e-007	3.335037e-008	2.051754e-008	1.019421e-005
3.745839318405429e-008	2.035736e-006	-9.038098e-007	3.315399e-008	2.041043e-008	1.020436e-005
3.748696461262575e-008	2.043812e-006	-9.118678e-007	3.295853e-008	2.030382e-008	1.021444e-005
3.751553604119721e-008	2.051817e-006	-9.198550e-007	3.276401e-008	2.019771e-008	1.022444e-005
3.754410746976867e-008	2.059752e-006	-9.277713e-007	3.257041e-008	2.009211e-008	1.023438e-005
3.757267889834013e-008	2.067615e-006	-9.356167e-007	3.237775e-008	1.998701e-008	1.024424e-005
3.760125032691159e-008	2.075408e-006	-9.433912e-007	3.218600e-008	1.988241e-008	1.025404e-005
3.760225032691159e-008	2.075679e-006	-9.436622e-007	3.217931e-008	1.987875e-008	1.025438e-005
3.761253604119732e-008	2.078468e-006	-9.464444e-007	3.211063e-008	1.984122e-008	1.025789e-005
3.762282175548304e-008	2.081248e-006	-9.492181e-007	3.204199e-008	1.980376e-008	1.026139e-005
3.763310746976877e-008	2.084019e-006	-9.519832e-007	3.197341e-008	1.976635e-008	1.026488e-005
3.764339318405450e-008	2.086782e-006	-9.547398e-007	3.190487e-008	1.972901e-008	1.026836e-005
3.765367889834023e-008	2.089537e-006	-9.574878e-007	3.183639e-008	1.969173e-008	1.027184e-005
3.766396461262595e-008	2.092283e-006	-9.602272e-007	3.176796e-008	1.965452e-008	1.027530e-005
3.767425032691168e-008	2.095020e-006	-9.629581e-007	3.169957e-008	1.961737e-008	1.027876e-005
3.768596461262598e-008	2.098099e-006	-9.660376e-007	3.164571e-008	1.957514e-008	1.028268e-005
3.769767889834028e-008	2.101214e-006	-9.691330e-007	3.153178e-008	1.953298e-008	1.028659e-005
3.770939318405458e-008	2.104364e-006	-9.722443e-007	3.135776e-008	1.949091e-008	1.029049e-005
3.772110746976887e-008	2.107549e-006	-9.753715e-007	3.112367e-008	1.944892e-008	1.029438e-005
3.773282175548317e-008	2.110769e-006	-9.785146e-007	3.082950e-008	1.940701e-008	1.029826e-005
3.774453604119747e-008	2.114025e-006	-9.816736e-007	3.047525e-008	1.936518e-008	1.030213e-005
3.775625032691177e-008	2.117316e-006	-9.848485e-007	3.006093e-008	1.932342e-008	1.030599e-005
3.776382175548320e-008	2.119507e-006	-9.869401e-007	2.971864e-008	1.929648e-008	1.030847e-005
3.777139318405465e-008	2.121742e-006	-9.890681e-007	2.933951e-008	1.926956e-008	1.031096e-005
3.777896461262608e-008	2.124021e-006	-9.912323e-007	2.892353e-008	1.924267e-008	1.031343e-005
3.778653604119752e-008	2.126343e-006	-9.934329e-007	2.847071e-008	1.921582e-008	1.031591e-005
3.779410746976895e-008	2.128709e-006	-9.956698e-007	2.798103e-008	1.918899e-008	1.031837e-005
3.780167889834039e-008	2.131119e-006	-9.979430e-007	2.745451e-008	1.916219e-008	1.032084e-005
3.780925032691183e-008	2.133572e-006	-1.000252e-006	2.689114e-008	1.913543e-008	1.032330e-005
3.782067889834042e-008	2.137385e-006	-1.003842e-006	2.597020e-008	1.909507e-008	1.032700e-005
3.783210746976899e-008	2.141277e-006	-1.007533e-006	2.502939e-008	1.905478e-008	1.033069e-005
3.784353604119758e-008	2.145248e-006	-1.011325e-006	2.406872e-008	1.901453e-008	1.033437e-005
3.785496461262617e-008	2.149298e-006	-1.015219e-006	2.308818e-008	1.897434e-008	1.033804e-005
3.786639318405475e-008	2.153426e-006	-1.019214e-006	2.208777e-008	1.893420e-008	1.034170e-005
3.787782175548333e-008	2.157633e-006	-1.023311e-006	2.106750e-008	1.889412e-008	1.034535e-005
3.788925032691192e-008	2.161919e-006	-1.027510e-006	2.002737e-008	1.885409e-008	1.034899e-005
3.790225032691193e-008	2.166823e-006	-1.032366e-006	1.888829e-008	1.880860e-008	1.035311e-005
3.790925032691194e-008	2.169488e-006	-1.035024e-006	1.828191e-008	1.878414e-008	1.035533e-005
3.791625032691195e-008	2.172159e-006	-1.037697e-006	1.768549e-008	1.875969e-008	1.035754e-005
3.792325032691196e-008	2.174835e-006	-1.040386e-006	1.709901e-008	1.873525e-008	1.035975e-005
3.793025032691197e-008	2.177518e-006	-1.043090e-006	1.652248e-008	1.871084e-008	1.036195e-005
3.793725032691197e-008	2.180206e-006	-1.045810e-006	1.595590e-008	1.868644e-008	1.036415e-005
3.794425032691198e-008	2.182901e-006	-1.048545e-006	1.539927e-008	1.866205e-008	1.036635e-005
3.795125032691199e-008	2.185601e-006	-1.051295e-006	1.485260e-008	1.863768e-008	1.036854e-005
3.796325032691200e-008	2.190237e-006	-1.056040e-006	1.396021e-008	1.859595e-008	1.037229e-005
3.797525032691202e-008	2.194837e-006	-1.060757e-006	1.310818e-008	1.855426e-008	1.037603e-005
3.798725032691203e-008	2.199403e-006	-1.065448e-006	1.229650e-008	1.851263e-008	1.037975e-005
3.799925032691204e-008	2.203933e-006	-1.070111e-006	1.152518e-008	1.847106e-008	1.038347e-005
3.801125032691206e-008	2.208428e-006	-1.074747e-006	1.079421e-008	1.842953e-008	1.038717e-005
3.802325032691207e-008	2.212888e-006	-1.079356e-006	1.010358e-008	1.838807e-008	1.039086e-005
3.803525032691208e-008	2.217313e-006	-1.083938e-006	9.453316e-009	1.834665e-008	1.039454e-005
3.805225032691210e-008	2.223479e-006	-1.090307e-006	8.591492e-009	1.828808e-008	1.039974e-005
3.806925032691212e-008	2.229506e-006	-1.096518e-006	7.780979e-009	1.822965e-008	1.040491e-005
3.808625032691214e-008	2.235392e-006	-1.102571e-006	7.021776e-009	1.817137e-008	1.041006e-005
3.810325032691216e-008	2.241139e-006	-1.108467e-006	6.313884e-009	1.811323e-008	1.041519e-005
3.812025032691218e-008	2.246746e-006	-1.114204e-006	5.657302e-009	1.805525e-008	1.042029e-005
3.813725032691220e-008	2.252212e-006	-1.119783e-006	5.052031e-009	1.799740e-008	1.042538e-005
3.815425032691222e-008	2.257539e-006	-1.125205e-006	4.498071e-009	1.793971e-008	1.043044e-005
3.815710746976936e-008	2.258417e-006	-1.126098e-006	4.406855e-009	1.793003e-008	1.043129e-005
3.815996461262651e-008	2.259290e-006	-1.126986e-006	4.314891e-009	1.792036e-008	1.043213e-005
3.816282175548366e-008	2.260160e-006	-1.127869e-006	4.222180e-009	1.791069e-008	1.043298e-005
3.816567889834081e-008	2.261024e-006	-1.128747e-006	4.128722e-009	1.790103e-008	1.043383e-005
3.816853604119795e-008	2.261885e-006	-1.129621e-006	4.034517e-009	1.789137e-008	1.043467e-005
3.817139318405510e-008	2.262741e-006	-1.130490e-006	3.939565e-009	1.788171e-008	1.043552e-005
3.817425032691224e-008	2.263593e-006	-1.131354e-006	3.843866e-009	1.787206e-008	1.043636e-005
3.817810746976939e-008	2.264736e-006	-1.132514e-006	3.712128e-009	1.785905e-008	1.043750e-005
3.818196461262654e-008	2.265871e-006	-1.133665e-006	3.580525e-009	1.784604e-008	1.043864e-005
3.818582175548368e-008	2.266998e-006	-1.134807e-006	3.449057e-009	1.783304e-008	1.043978e-005
3.818967889834083e-008	2.268117e-006	-1.135942e-006	3.317725e-009	1.782005e-008	1.044091e-005
3.819353604119798e-008	2.269228e-006	-1.137067e-006	3.186527e-009	1.780706e-008	1.044205e-005
3.819739318405513e-008	2.270331e-006	-1.138185e-006	3.055465e-009	1.779409e-008	1.044318e-005
3.820125032691227e-008	2.271427e-006	-1.139293e-006	2.924538e-009	1.778113e-008	1.044432e-005
3.820225032691227e-008	2.271709e-006	-1.139579e-006	2.891025e-009	1.777777e-008	1.044461e-005
3.820725032691228e-008	2.273115e-006	-1.141002e-006	2.724459e-009	1.776098e-008	1.044607e-005
3.821225032691229e-008	2.274508e-006	-1.142410e-006	2.560692e-009	1.774421e-008	1.044754e-005
3.821725032691229e-008	2.275887e-006	-1.143805e-006	2.399724e-009	1.772745e-008	1.044900e-005
3.822225032691230e-008	2.277254e-006	-1.145187e-006	2.241554e-009	1.771072e-008	1.045046e-005
3.822725032691230e-008	2.278608e-006	-1.146555e-006	2.086183e-009	1.769399e-008	1.045192e-005
3.823225032691231e-008	2.279949e-006	-1.147909e-006	1.933610e-009	1.767728e-008	1.045338e-005
3.823725032691231e-008	2.281276e-006	-1.149250e-006	1.783835e-009	1.766059e-008	1.045483e-005
3.823825032691232e-008	2.281541e-006	-1.149516e-006	1.753824e-009	1.765726e-008	1.045512e-005
3.823853100124136e-008	2.281615e-006	-1.149591e-006	1.750112e-009	1.765632e-008	1.045520e-005
3.823863415062681e-008	2.281642e-006	-1.149618e-006	1.750945e-009	1.765598e-008	1.045523e-005
3.823870944319466e-008	2.281662e-006	-1.149638e-006	1.749211e-009	1.765573e-008	1.045526e-005
3.823878981174104e-008	2.281683e-006	-1.149660e-006	1.747604e-009	1.765546e-008	1.045528e-005
3.823880397316761e-008	2.281687e-006	-1.149664e-006	1.747035e-009	1.765541e-008	1.045528e-005
3.826052690308899e-008	2.287268e-006	-1.155292e-006	1.265061e-009	1.758310e-008	1.046158e-005
3.828224983301038e-008	2.292645e-006	-1.160710e-006	7.787016e-010	1.751111e-008	1.046784e-005
3.830397276293176e-008	2.297819e-006	-1.165918e-006	2.879574e-010	1.743944e-008	1.047407e-005
3.832569569285315e-008	2.302790e-006	-1.170916e-006	-2.071716e-010	1.736810e-008	1.048026e-005
3.834741862277454e-008	2.307558e-006	-1.175704e-006	-7.066855e-010	1.729707e-008	1.048641e-005
3.836914155269592e-008	2.312123e-006	-1.180282e-006	-1.210584e-009	1.722637e-008	1.049253e-005
3.839086448261730e-008	2.316484e-006	-1.184650e-006	-1.718868e-009	1.715599e-008	1.049862e-005
3.847486448261740e-008	2.332011e-006	-1.200168e-006	-3.733938e-009	1.688694e-008	1.052183e-005
3.848843591118884e-008	2.333494e-006	-1.200553e-006	-4.066625e-009	1.684416e-008	1.052554e-005
3.850200733976029e-008	2.339309e-006	-1.204010e-006	-4.401313e-009	1.680128e-008	1.052924e-005
3.851557876833173e-008	2.349454e-006	-1.210539e-006	-4.738001e-009	1.675830e-008	1.053293e-005
3.852915019690317e-008	2.363932e-006	-1.220140e-006	-5.076688e-009	1.671522e-008	1.053661e-005
3.854272162547462e-008	2.382740e-006	-1.232813e-006	-5.417375e-009	1.667203e-008	1.054029e-005
3.855629305404606e-008	2.405880e-006	-1.248558e-006	-5.760062e-009	1.662874e-008	1.054395e-005
3.856986448261751e-008	2.433351e-006	-1.267375e-006	-6.104749e-009	1.658534e-008	1.054761e-005
3.858429305404610e-008	2.446506e-006	-1.287059e-006	-6.473410e-009	1.653833e-008	1.055143e-005
3.859872162547468e-008	2.458167e-006	-1.304996e-006	-6.844332e-009	1.649119e-008	1.055522e-005
3.861315019690327e-008	2.468336e-006	-1.321186e-006	-7.217515e-009	1.644393e-008	1.055901e-005
3.862757876833186e-008	2.477012e-006	-1.335629e-006	-7.592960e-009	1.639654e-008	1.056278e-005
3.864200733976045e-008	2.484195e-006	-1.348325e-006	-7.970667e-009	1.634903e-008	1.056654e-005
3.865643591118903e-008	2.489886e-006	-1.359274e-006	-8.350635e-009	1.630140e-008	1.057028e-005
3.867086448261762e-008	2.494084e-006	-1.368477e-006	-8.732864e-009	1.625364e-008	1.057401e-005
3.877486448261774e-008	2.534259e-006	-1.405919e-006	-1.155437e-008	1.591624e-008	1.060063e-005
3.881757876833207e-008	2.544198e-006	-1.415100e-006	-1.274721e-008	1.578124e-008	1.061135e-005
3.886029305404641e-008	2.551998e-006	-1.422297e-006	-1.395898e-008	1.564837e-008	1.062194e-005
3.890300733976074e-008	2.557660e-006	-1.427510e-006	-1.518967e-008	1.551760e-008	1.063241e-005
3.894572162547507e-008	2.561185e-006	-1.430738e-006	-1.643929e-008	1.538896e-008	1.064276e-005
3.898843591118941e-008	2.562571e-006	-1.431982e-006	-1.770784e-008	1.526243e-008	1.065299e-005
3.903115019690374e-008	2.561820e-006	-1.431241e-006	-1.899531e-008	1.513802e-008	1.066310e-005
3.907386448261808e-008	2.558930e-006	-1.428517e-006	-2.030171e-008	1.501573e-008	1.067309e-005
3.907486448261808e-008	2.558895e-006	-1.428473e-006	-2.033250e-008	1.501288e-008	1.067332e-005
3.937486448261842e-008	2.546965e-006	-1.415218e-006	-3.001088e-008	1.419675e-008	1.074021e-005
3.941757876833275e-008	2.546171e-006	-1.414298e-006	-3.145857e-008	1.408532e-008	1.074927e-005
3.946029305404709e-008	2.545709e-006	-1.413717e-006	-3.292236e-008	1.397467e-008	1.075823e-005
3.950300733976142e-008	2.545579e-006	-1.413477e-006	-3.440225e-008	1.386479e-008	1.076709e-005
3.954572162547575e-008	2.545779e-006	-1.413576e-006	-3.589825e-008	1.375569e-008	1.077583e-005
3.958843591119009e-008	2.546311e-006	-1.414016e-006	-3.741035e-008	1.364737e-008	1.078447e-005
3.963115019690442e-008	2.547175e-006	-1.414795e-006	-3.893856e-008	1.353982e-008	1.079299e-005
3.967386448261876e-008	2.548370e-006	-1.415914e-006	-4.048287e-008	1.343305e-008	1.080141e-005
3.967486448261876e-008	2.548400e-006	-1.415943e-006	-4.051919e-008	1.343058e-008	1.080161e-005
3.997486448261910e-008	2.563317e-006	-1.430447e-006	-5.178675e-008	1.269550e-008	1.085782e-005
4.001757876833344e-008	2.566176e-006	-1.433264e-006	-5.344916e-008	1.259356e-008	1.086542e-005
4.006029305404777e-008	2.569120e-006	-1.436168e-006	-5.512488e-008	1.249219e-008	1.087292e-005
4.010300733976211e-008	2.572151e-006	-1.439161e-006	-5.681392e-008	1.239140e-008	1.088032e-005
4.014572162547643e-008	2.575267e-006	-1.442241e-006	-5.851627e-008	1.229119e-008	1.088762e-005
4.018843591119077e-008	2.578470e-006	-1.445409e-006	-6.023194e-008	1.219155e-008	1.089483e-005
4.023115019690510e-008	2.581759e-006	-1.448665e-006	-6.196092e-008	1.209249e-008	1.090194e-005
4.027386448261944e-008	2.585133e-006	-1.452009e-006	-6.370322e-008	1.199400e-008	1.090896e-005
4.027486448261944e-008	2.585212e-006	-1.452087e-006	-6.374415e-008	1.199170e-008	1.090912e-005
4.030215019690518e-008	2.587376e-006	-1.454232e-006	-6.486324e-008	1.192912e-008	1.091355e-005
4.032943591119093e-008	2.589549e-006	-1.456387e-006	-6.598795e-008	1.186678e-008	1.091795e-005
4.035672162547667e-008	2.591733e-006	-1.458552e-006	-6.711829e-008	1.180469e-008	1.092230e-005
4.038400733976242e-008	2.593926e-006	-1.460727e-006	-6.825427e-008	1.174284e-008	1.092662e-005
4.041129305404817e-008	2.596129e-006	-1.462913e-006	-6.939587e-008	1.168124e-008	1.093090e-005
4.043857876833391e-008	2.598342e-006	-1.465109e-006	-7.054311e-008	1.161989e-008	1.093514e-005
4.046586448261966e-008	2.600565e-006	-1.467315e-006	-7.169598e-008	1.155879e-008	1.093935e-005
4.048129305404825e-008	2.601825e-006	-1.468559e-006	-7.235055e-008	1.152435e-008	1.094171e-005
4.049672162547683e-008	2.603084e-006	-1.469804e-006	-7.300681e-008	1.149000e-008	1.094406e-005
4.051215019690542e-008	2.604343e-006	-1.471050e-006	-7.366474e-008	1.145572e-008	1.094639e-005
4.052757876833401e-008	2.605602e-006	-1.472295e-006	-7.432435e-008	1.142153e-008	1.094871e-005
4.054300733976260e-008	2.606861e-006	-1.473542e-006	-7.498564e-008	1.138742e-008	1.095103e-005
4.055843591119119e-008	2.608119e-006	-1.474788e-006	-7.564861e-008	1.135338e-008	1.095332e-005
4.057386448261978e-008	2.609377e-006	-1.476036e-006	-7.631326e-008	1.131943e-008	1.095561e-005
4.057486448261978e-008	2.609459e-006	-1.476117e-006	-7.635639e-008	1.131723e-008	1.095576e-005
4.059729305404838e-008	2.611270e-006	-1.477946e-006	-7.732561e-008	1.126801e-008	1.095906e-005
4.061972162547697e-008	2.613080e-006	-1.479766e-006	-7.829790e-008	1.121896e-008	1.096235e-005
4.064215019690557e-008	2.614889e-006	-1.481578e-006	-7.927327e-008	1.117009e-008	1.096561e-005
4.066457876833417e-008	2.616698e-006	-1.483382e-006	-8.025172e-008	1.112139e-008	1.096884e-005
4.068700733976277e-008	2.618506e-006	-1.485178e-006	-8.123324e-008	1.107285e-008	1.097206e-005
4.070943591119136e-008	2.620313e-006	-1.486965e-006	-8.221784e-008	1.102449e-008	1.097525e-005
4.073186448261996e-008	2.622119e-006	-1.488743e-006	-8.320552e-008	1.097631e-008	1.097841e-005
4.087486448262012e-008	2.633404e-006	-1.499940e-006	-8.957080e-008	1.067310e-008	1.099803e-005
4.091757876833446e-008	2.636701e-006	-1.503225e-006	-9.149568e-008	1.058389e-008	1.100370e-005
4.096029305404879e-008	2.639960e-006	-1.506471e-006	-9.343052e-008	1.049529e-008	1.100929e-005
4.100300733976313e-008	2.643180e-006	-1.509676e-006	-9.537532e-008	1.040731e-008	1.101479e-005
4.104572162547745e-008	2.646361e-006	-1.512842e-006	-9.733009e-008	1.031994e-008	1.102022e-005
4.108843591119179e-008	2.649503e-006	-1.515968e-006	-9.929482e-008	1.023319e-008	1.102556e-005
4.113115019690612e-008	2.652607e-006	-1.519054e-006	-1.012695e-007	1.014706e-008	1.103082e-005
4.117386448262046e-008	2.655672e-006	-1.522100e-006	-1.032542e-007	1.006154e-008	1.103600e-005
4.117486448262046e-008	2.655743e-006	-1.522170e-006	-1.033007e-007	1.005955e-008	1.103612e-005
4.147486448262080e-008	2.675964e-006	-1.542283e-006	-1.174822e-007	9.475995e-009	1.107026e-005
4.150772162547798e-008	2.676353e-006	-1.543650e-006	-1.190604e-007	9.413889e-009	1.107377e-005
4.154057876833516e-008	2.677784e-006	-1.545432e-006	-1.206431e-007	9.352116e-009	1.107723e-005
4.157343591119234e-008	2.680258e-006	-1.547629e-006	-1.222304e-007	9.290675e-009	1.108066e-005
4.160629305404952e-008	2.683775e-006	-1.550242e-006	-1.238221e-007	9.229566e-009	1.108404e-005
4.163915019690670e-008	2.688335e-006	-1.553270e-006	-1.254184e-007	9.168790e-009	1.108738e-005
4.167200733976388e-008	2.693938e-006	-1.556714e-006	-1.270192e-007	9.108346e-009	1.109067e-005
4.170486448262106e-008	2.700584e-006	-1.560574e-006	-1.286245e-007	9.048235e-009	1.109393e-005
4.171472162547821e-008	2.710439e-006	-1.564238e-006	-1.291069e-007	9.030334e-009	1.109492e-005
4.172457876833537e-008	2.726133e-006	-1.572095e-006	-1.295901e-007	9.012108e-009	1.109592e-005
4.173443591119252e-008	2.747667e-006	-1.584145e-006	-1.300739e-007	8.993556e-009	1.109691e-005
4.174429305404968e-008	2.775039e-006	-1.600388e-006	-1.305584e-007	8.974679e-009	1.109791e-005
4.175415019690683e-008	2.808250e-006	-1.620823e-006	-1.310436e-007	8.955476e-009	1.109892e-005
4.176400733976399e-008	2.847301e-006	-1.645452e-006	-1.315295e-007	8.935947e-009	1.109992e-005
4.177386448262114e-008	2.892190e-006	-1.674273e-006	-1.320161e-007	8.916093e-009	1.110093e-005
4.177486448262114e-008	2.897105e-006	-1.677655e-006	-1.320655e-007	8.914017e-009	1.110103e-005
4.178686448262115e-008	2.964080e-006	-1.724988e-006	-1.326593e-007	8.888846e-009	1.110226e-005
4.179886448262117e-008	3.033950e-006	-1.779078e-006	-1.332546e-007	8.862045e-009	1.110346e-005
4.181086448262118e-008	3.106716e-006	-1.839925e-006	-1.338515e-007	8.833614e-009	1.110465e-005
4.182286448262120e-008	3.182378e-006	-1.907529e-006	-1.344499e-007	8.803553e-009	1.110581e-005
4.183486448262121e-008	3.260935e-006	-1.981890e-006	-1.350499e-007	8.771862e-009	1.110695e-005
4.184686448262122e-008	3.342388e-006	-2.063009e-006	-1.356514e-007	8.738540e-009	1.110806e-005
4.185886448262124e-008	3.426737e-006	-2.150884e-006	-1.362544e-007	8.703589e-009	1.110916e-005
4.187543591119268e-008	3.537810e-006	-2.277678e-006	-1.370902e-007	8.651016e-009	1.111062e-005
4.189200733976413e-008	3.644320e-006	-2.400204e-006	-1.379286e-007	8.595896e-009	1.111207e-005
4.190857876833558e-008	3.746269e-006	-2.518464e-006	-1.387694e-007	8.538231e-009	1.111350e-005
4.192515019690702e-008	3.843656e-006	-2.632456e-006	-1.396129e-007	8.478019e-009	1.111493e-005
4.194172162547847e-008	3.936480e-006	-2.742181e-006	-1.404588e-007	8.415261e-009	1.111634e-005
4.195829305404992e-008	4.024743e-006	-2.847639e-006	-1.413073e-007	8.349956e-009	1.111774e-005
4.197486448262137e-008	4.108444e-006	-2.948830e-006	-1.421583e-007	8.282106e-009	1.111912e-005
4.198900733976424e-008	4.172888e-006	-3.023824e-006	-1.428860e-007	8.223738e-009	1.112031e-005
4.200315019690711e-008	4.233973e-006	-3.093692e-006	-1.436147e-007	8.165426e-009	1.112151e-005
4.201729305404999e-008	4.291699e-006	-3.158433e-006	-1.443444e-007	8.107168e-009	1.112270e-005
4.203143591119286e-008	4.346067e-006	-3.218047e-006	-1.450752e-007	8.048964e-009	1.112389e-005
4.204557876833573e-008	4.397076e-006	-3.272534e-006	-1.458070e-007	7.990815e-009	1.112508e-005
4.205972162547860e-008	4.444726e-006	-3.321895e-006	-1.465397e-007	7.932720e-009	1.112627e-005
4.207386448262148e-008	4.489018e-006	-3.366129e-006	-1.472736e-007	7.874680e-009	1.112746e-005
4.207486448262148e-008	4.492060e-006	-3.369185e-006	-1.473255e-007	7.870629e-009	1.112755e-005
4.209757876833579e-008	4.552488e-006	-3.428945e-006	-1.485057e-007	7.779345e-009	1.112944e-005
4.212029305405011e-008	4.610188e-006	-3.485213e-006	-1.496871e-007	7.690238e-009	1.113133e-005
4.214300733976442e-008	4.665162e-006	-3.537990e-006	-1.508697e-007	7.603310e-009	1.113319e-005
4.216572162547872e-008	4.717409e-006	-3.587275e-006	-1.520534e-007	7.518559e-009	1.113505e-005
4.218843591119304e-008	4.766930e-006	-3.633069e-006	-1.532382e-007	7.435987e-009	1.113688e-005
4.221115019690735e-008	4.813724e-006	-3.675370e-006	-1.544242e-007	7.355592e-009	1.113870e-005
4.223386448262166e-008	4.857791e-006	-3.714180e-006	-1.556114e-007	7.277376e-009	1.114051e-005
4.225386448262168e-008	4.889044e-006	-3.748339e-006	-1.566569e-007	7.209906e-009	1.114205e-005
4.227386448262171e-008	4.917474e-006	-3.779398e-006	-1.577028e-007	7.144089e-009	1.114358e-005
4.229386448262173e-008	4.943081e-006	-3.807355e-006	-1.587491e-007	7.079925e-009	1.114509e-005
4.231386448262175e-008	4.965865e-006	-3.832212e-006	-1.597956e-007	7.017412e-009	1.114659e-005
4.233386448262177e-008	4.985826e-006	-3.853968e-006	-1.608425e-007	6.956552e-009	1.114808e-005
4.235386448262180e-008	5.002964e-006	-3.872624e-006	-1.618897e-007	6.897345e-009	1.114956e-005
4.237386448262182e-008	5.017279e-006	-3.888179e-006	-1.629373e-007	6.839790e-009	1.115102e-005
4.237486448262182e-008	5.017992e-006	-3.888913e-006	-1.629897e-007	6.836960e-009	1.115110e-005
4.249186448262195e-008	5.072522e-006	-3.942823e-006	-1.691214e-007	6.534338e-009	1.115940e-005
4.249472162547910e-008	5.073227e-006	-3.943506e-006	-1.692713e-007	6.527617e-009	1.115960e-005
4.249757876833625e-008	5.073908e-006	-3.944165e-006	-1.694225e-007	6.520925e-009	1.115980e-005
4.250043591119339e-008	5.074564e-006	-3.944800e-006	-1.695749e-007	6.514263e-009	1.115999e-005
4.250329305405054e-008	5.075196e-006	-3.945412e-006	-1.697286e-007	6.507630e-009	1.116019e-005
4.250615019690768e-008	5.075803e-006	-3.946001e-006	-1.698836e-007	6.501026e-009	1.116038e-005
4.250900733976483e-008	5.076386e-006	-3.946567e-006	-1.700399e-007	6.494452e-009	1.116058e-005
4.251186448262198e-008	5.076945e-006	-3.947109e-006	-1.701975e-007	6.487907e-009	1.116078e-005
4.251572162547912e-008	5.077661e-006	-3.947805e-006	-1.704129e-007	6.479118e-009	1.116104e-005
4.251957876833627e-008	5.078337e-006	-3.948462e-006	-1.706308e-007	6.470380e-009	1.116130e-005
4.252343591119342e-008	5.078973e-006	-3.949081e-006	-1.708512e-007	6.461693e-009	1.116156e-005
4.252729305405057e-008	5.079569e-006	-3.949662e-006	-1.710741e-007	6.453058e-009	1.116182e-005
4.253115019690771e-008	5.080126e-006	-3.950205e-006	-1.712995e-007	6.444473e-009	1.116209e-005
4.253500733976486e-008	5.080642e-006	-3.950709e-006	-1.715275e-007	6.435940e-009	1.116235e-005
4.253886448262201e-008	5.081118e-006	-3.951174e-006	-1.717580e-007	6.427458e-009	1.116261e-005
4.254129305405058e-008	5.081399e-006	-3.951450e-006	-1.719049e-007	6.422143e-009	1.116277e-005
4.254372162547915e-008	5.081666e-006	-3.951711e-006	-1.720529e-007	6.416847e-009	1.116293e-005
4.254615019690773e-008	5.081919e-006	-3.951959e-006	-1.722020e-007	6.411571e-009	1.116310e-005
4.254857876833630e-008	5.082157e-006	-3.952193e-006	-1.723521e-007	6.406314e-009	1.116326e-005
4.255100733976488e-008	5.082382e-006	-3.952413e-006	-1.725033e-007	6.401076e-009	1.116342e-005
4.255343591119345e-008	5.082591e-006	-3.952619e-006	-1.726556e-007	6.395858e-009	1.116358e-005
4.255586448262203e-008	5.082787e-006	-3.952811e-006	-1.728089e-007	6.390659e-009	1.116375e-005
4.255872162547917e-008	5.083000e-006	-3.953020e-006	-1.729899e-007	6.384567e-009	1.116394e-005
4.256157876833632e-008	5.083194e-006	-3.953212e-006	-1.731702e-007	6.378501e-009	1.116413e-005
4.256443591119346e-008	5.083371e-006	-3.953386e-006	-1.733498e-007	6.372461e-009	1.116432e-005
4.256729305405061e-008	5.083529e-006	-3.953542e-006	-1.735288e-007	6.366447e-009	1.116451e-005
4.257015019690776e-008	5.083669e-006	-3.953681e-006	-1.737070e-007	6.360458e-009	1.116470e-005
4.257300733976491e-008	5.083791e-006	-3.953802e-006	-1.738846e-007	6.354496e-009	1.116489e-005
4.257586448262205e-008	5.083895e-006	-3.953905e-006	-1.740615e-007	6.348559e-009	1.116507e-005
4.258186448262206e-008	5.084054e-006	-3.954064e-006	-1.744270e-007	6.336177e-009	1.116547e-005
4.258786448262206e-008	5.084145e-006	-3.954154e-006	-1.747906e-007	6.323901e-009	1.116586e-005
4.259386448262207e-008	5.084167e-006	-3.954177e-006	-1.751522e-007	6.311732e-009	1.116626e-005
4.259986448262208e-008	5.084120e-006	-3.954132e-006	-1.755119e-007	6.299668e-009	1.116665e-005
4.260586448262208e-008	5.084005e-006	-3.954018e-006	-1.758697e-007	6.287711e-009	1.116704e-005
4.261186448262209e-008	5.083821e-006	-3.953836e-006	-1.762256e-007	6.275861e-009	1.116743e-005
4.261786448262210e-008	5.083569e-006	-3.953587e-006	-1.765795e-007	6.264117e-009	1.116782e-005
4.267486448262216e-008	5.078356e-006	-3.948384e-006	-1.799225e-007	6.157375e-009	1.117145e-005
4.269386448262218e-008	5.075526e-006	-3.945548e-006	-1.810262e-007	6.123719e-009	1.117264e-005
4.271286448262220e-008	5.072342e-006	-3.942357e-006	-1.821282e-007	6.090814e-009	1.117381e-005
4.273186448262223e-008	5.068806e-006	-3.938811e-006	-1.832284e-007	6.058660e-009	1.117497e-005
4.275086448262225e-008	5.064917e-006	-3.934910e-006	-1.843269e-007	6.027257e-009	1.117612e-005
4.276986448262227e-008	5.060674e-006	-3.930655e-006	-1.854237e-007	5.996606e-009	1.117726e-005
4.278886448262229e-008	5.056079e-006	-3.926045e-006	-1.865188e-007	5.966706e-009	1.117839e-005
4.280786448262231e-008	5.051131e-006	-3.921080e-006	-1.876121e-007	5.937557e-009	1.117950e-005
4.297386448262250e-008	4.999746e-006	-3.869570e-006	-1.970278e-007	5.705643e-009	1.118874e-005
4.297486448262250e-008	4.999401e-006	-3.869225e-006	-1.970838e-007	5.704353e-009	1.118880e-005
4.301757876833684e-008	4.984212e-006	-3.854004e-006	-1.994682e-007	5.650692e-009	1.119103e-005
4.306029305405117e-008	4.968744e-006	-3.838503e-006	-2.018444e-007	5.598392e-009	1.119321e-005
4.310300733976551e-008	4.952998e-006	-3.822724e-006	-2.042123e-007	5.547456e-009	1.119533e-005
4.314572162547984e-008	4.936972e-006	-3.806666e-006	-2.065720e-007	5.497882e-009	1.119739e-005
4.318843591119417e-008	4.920668e-006	-3.790329e-006	-2.089234e-007	5.449672e-009	1.119940e-005
4.323115019690851e-008	4.904085e-006	-3.773713e-006	-2.112665e-007	5.402824e-009	1.120136e-005
4.327386448262284e-008	4.887223e-006	-3.756817e-006	-2.136015e-007	5.357339e-009	1.120325e-005
4.327486448262284e-008	4.886830e-006	-3.756424e-006	-2.136561e-007	5.356276e-009	1.120330e-005
4.331757876833718e-008	4.869962e-006	-3.739523e-006	-2.159872e-007	5.311520e-009	1.120514e-005
4.336029305405151e-008	4.853067e-006	-3.722595e-006	-2.183150e-007	5.267425e-009	1.120692e-005
4.340300733976585e-008	4.836144e-006	-3.705640e-006	-2.206397e-007	5.223992e-009	1.120866e-005
4.344572162548018e-008	4.819194e-006	-3.688658e-006	-2.229613e-007	5.181219e-009	1.121034e-005
4.348843591119451e-008	4.802217e-006	-3.671648e-006	-2.252796e-007	5.139108e-009	1.121197e-005
4.353115019690885e-008	4.785212e-006	-3.654611e-006	-2.275948e-007	5.097658e-009	1.121354e-005
4.357386448262318e-008	4.768179e-006	-3.637546e-006	-2.299067e-007	5.056869e-009	1.121507e-005
4.357486448262318e-008	4.767782e-006	-3.637148e-006	-2.299609e-007	5.055917e-009	1.121510e-005
4.387486448262352e-008	4.649234e-006	-3.518379e-006	-2.461653e-007	4.780899e-009	1.122435e-005
4.417486448262386e-008	4.532981e-006	-3.401920e-006	-2.623320e-007	4.522986e-009	1.123119e-005
4.447486448262420e-008	4.420276e-006	-3.288810e-006	-2.784764e-007	4.278948e-009	1.123573e-005
4.477486448262454e-008	4.311944e-006	-3.180490e-006	-2.945931e-007	4.046602e-009	1.123810e-005
4.507486448262488e-008	4.205133e-006	-3.073449e-006	-3.106669e-007	3.826112e-009	1.123841e-005
4.537486448262522e-008	4.100503e-006	-2.968671e-006	-3.266793e-007	3.617119e-009	1.123678e-005
4.567486448262556e-008	3.998081e-006	-2.866075e-006	-3.426114e-007	3.419172e-009	1.123330e-005
4.568700733976844e-008	3.993972e-006	-2.861965e-006	-3.432365e-007	3.411384e-009	1.123312e-005
4.569915019691130e-008	3.989895e-006	-2.857873e-006	-3.439028e-007	3.403611e-009	1.123294e-005
4.571129305405418e-008	3.985848e-006	-2.853800e-006	-3.446103e-007	3.395855e-009	1.123276e-005
4.572343591119705e-008	3.981831e-006	-2.849746e-006	-3.453592e-007	3.388115e-009	1.123257e-005
4.573557876833992e-008	3.977846e-006	-2.845711e-006	-3.461493e-007	3.380391e-009	1.123238e-005
4.574772162548279e-008	3.973891e-006	-2.841695e-006	-3.469808e-007	3.372683e-009	1.123219e-005
4.575986448262566e-008	3.969967e-006	-2.837698e-006	-3.478535e-007	3.364991e-009	1.123200e-005
4.576857876833996e-008	3.967200e-006	-2.834860e-006	-3.485414e-007	3.359480e-009	1.123185e-005
4.577729305405425e-008	3.964467e-006	-2.832052e-006	-3.492642e-007	3.353974e-009	1.123171e-005
4.578600733976855e-008	3.961768e-006	-2.829274e-006	-3.500219e-007	3.348474e-009	1.123157e-005
4.579472162548284e-008	3.959104e-006	-2.826526e-006	-3.508144e-007	3.342980e-009	1.123142e-005
4.580343591119714e-008	3.956474e-006	-2.823808e-006	-3.516417e-007	3.337491e-009	1.123127e-005
4.581215019691143e-008	3.953878e-006	-2.821120e-006	-3.525038e-007	3.332008e-009	1.123113e-005
4.582086448262573e-008	3.951317e-006	-2.818462e-006	-3.534008e-007	3.326530e-009	1.123098e-005
4.583600733976861e-008	3.946973e-006	-2.813955e-006	-3.550463e-007	3.317022e-009	1.123071e-005
4.585115019691148e-008	3.942688e-006	-2.809541e-006	-3.567322e-007	3.307517e-009	1.123044e-005
4.586629305405435e-008	3.938463e-006	-2.805219e-006	-3.584587e-007	3.298014e-009	1.123017e-005
4.588143591119722e-008	3.934297e-006	-2.800989e-006	-3.602257e-007	3.288513e-009	1.122989e-005
4.589657876834010e-008	3.930190e-006	-2.796851e-006	-3.620331e-007	3.279015e-009	1.122961e-005
4.591172162548297e-008	3.926144e-006	-2.792805e-006	-3.638811e-007	3.269518e-009	1.122932e-005
4.592686448262585e-008	3.922156e-006	-2.788852e-006	-3.657696e-007	3.260024e-009	1.122903e-005
4.593357876834014e-008	3.920385e-006	-2.787108e-006	-3.666023e-007	3.255811e-009	1.122890e-005
4.594029305405444e-008	3.918616e-006	-2.785369e-006	-3.674345e-007	3.251598e-009	1.122877e-005
4.594700733976873e-008	3.916849e-006	-2.783635e-006	-3.682662e-007	3.247385e-009	1.122864e-005
4.595372162548302e-008	3.915083e-006	-2.781907e-006	-3.690976e-007	3.243172e-009	1.122851e-005
4.596043591119731e-008	3.913318e-006	-2.780183e-006	-3.699284e-007	3.238958e-009	1.122837e-005
4.596715019691161e-008	3.911556e-006	-2.778465e-006	-3.707589e-007	3.234744e-009	1.122824e-005
4.597386448262590e-008	3.909794e-006	-2.776752e-006	-3.715888e-007	3.230530e-009	1.122810e-005
4.597486448262590e-008	3.909532e-006	-2.776497e-006	-3.717121e-007	3.229902e-009	1.122808e-005
4.600115019691165e-008	3.902656e-006	-2.769836e-006	-3.749350e-007	3.213374e-009	1.122754e-005
4.602743591119739e-008	3.895676e-006	-2.763041e-006	-3.781359e-007	3.196891e-009	1.122699e-005
4.605372162548313e-008	3.888592e-006	-2.756114e-006	-3.813148e-007	3.180455e-009	1.122643e-005
4.608000733976888e-008	3.881404e-006	-2.749053e-006	-3.844716e-007	3.164064e-009	1.122585e-005
4.610629305405463e-008	3.874112e-006	-2.741860e-006	-3.876064e-007	3.147720e-009	1.122527e-005
4.613257876834037e-008	3.866715e-006	-2.734533e-006	-3.907191e-007	3.131422e-009	1.122466e-005
4.615886448262611e-008	3.859214e-006	-2.727073e-006	-3.938098e-007	3.115169e-009	1.122405e-005
4.617172162548327e-008	3.855474e-006	-2.723346e-006	-3.953445e-007	3.107266e-009	1.122375e-005
4.618457876834043e-008	3.851699e-006	-2.719585e-006	-3.968819e-007	3.099388e-009	1.122344e-005
4.619743591119758e-008	3.847892e-006	-2.715789e-006	-3.984220e-007	3.091535e-009	1.122313e-005
4.621029305405474e-008	3.844050e-006	-2.711958e-006	-3.999650e-007	3.083706e-009	1.122282e-005
4.622315019691190e-008	3.840176e-006	-2.708092e-006	-4.015107e-007	3.075903e-009	1.122250e-005
4.623600733976906e-008	3.836267e-006	-2.704192e-006	-4.030592e-007	3.068125e-009	1.122218e-005
4.624886448262621e-008	3.832325e-006	-2.700257e-006	-4.046104e-007	3.060372e-009	1.122186e-005
4.627486448262624e-008	3.824264e-006	-2.692209e-006	-4.077182e-007	3.044782e-009	1.122120e-005
4.631115019691200e-008	3.811008e-006	-2.679960e-006	-4.120278e-007	3.023246e-009	1.122026e-005
4.634743591119775e-008	3.798731e-006	-2.668049e-006	-4.163108e-007	3.001935e-009	1.121929e-005
4.638372162548351e-008	3.787432e-006	-2.656475e-006	-4.205670e-007	2.980849e-009	1.121831e-005
4.642000733976927e-008	3.777111e-006	-2.645240e-006	-4.247966e-007	2.959987e-009	1.121731e-005
4.645629305405502e-008	3.767769e-006	-2.634341e-006	-4.289996e-007	2.939350e-009	1.121628e-005
4.649257876834078e-008	3.759404e-006	-2.623781e-006	-4.331758e-007	2.918938e-009	1.121524e-005
4.652886448262653e-008	3.752018e-006	-2.613558e-006	-4.373254e-007	2.898750e-009	1.121418e-005
4.657386448262658e-008	3.771961e-006	-2.620377e-006	-4.424388e-007	2.872473e-009	1.121287e-005
4.657486448262658e-008	3.772197e-006	-2.620616e-006	-4.425520e-007	2.871864e-009	1.121284e-005
4.659515019691232e-008	3.770086e-006	-2.625392e-006	-4.448442e-007	2.859036e-009	1.121219e-005
4.661543591119806e-008	3.767389e-006	-2.628583e-006	-4.471289e-007	2.846110e-009	1.121153e-005
4.663572162548379e-008	3.764105e-006	-2.630190e-006	-4.494060e-007	2.833086e-009	1.121087e-005
4.665600733976954e-008	3.760234e-006	-2.630211e-006	-4.516757e-007	2.819963e-009	1.121021e-005
4.667629305405527e-008	3.755776e-006	-2.628648e-006	-4.539379e-007	2.806741e-009	1.120955e-005
4.669657876834101e-008	3.750732e-006	-2.625499e-006	-4.561925e-007	2.793421e-009	1.120888e-005
4.671686448262674e-008	3.745100e-006	-2.620765e-006	-4.584397e-007	2.780002e-009	1.120821e-005
4.673929305405534e-008	3.740990e-006	-2.613958e-006	-4.609157e-007	2.765699e-009	1.120748e-005
4.676172162548394e-008	3.736265e-006	-2.607034e-006	-4.633828e-007	2.751644e-009	1.120674e-005
4.678415019691253e-008	3.730925e-006	-2.599995e-006	-4.658410e-007	2.737837e-009	1.120598e-005
4.680657876834113e-008	3.724970e-006	-2.592840e-006	-4.682904e-007	2.724278e-009	1.120522e-005
4.682900733976973e-008	3.718401e-006	-2.585568e-006	-4.707309e-007	2.710967e-009	1.120445e-005
4.685143591119832e-008	3.711217e-006	-2.578181e-006	-4.731626e-007	2.697905e-009	1.120367e-005
4.687386448262692e-008	3.703418e-006	-2.570678e-006	-4.755854e-007	2.685091e-009	1.120287e-005
4.687486448262692e-008	3.703047e-006	-2.570341e-006	-4.756932e-007	2.684523e-009	1.120284e-005
4.717486448262726e-008	3.582802e-006	-2.450823e-006	-5.072678e-007	2.532681e-009	1.119151e-005
4.747486448262760e-008	3.466241e-006	-2.333770e-006	-5.373412e-007	2.404329e-009	1.117885e-005
4.777486448262794e-008	3.362909e-006	-2.230094e-006	-5.659629e-007	2.283331e-009	1.116495e-005
4.807486448262828e-008	3.269774e-006	-2.136726e-006	-5.931777e-007	2.164967e-009	1.114985e-005
4.837486448262862e-008	3.183356e-006	-2.050135e-006	-6.190295e-007	2.049425e-009	1.113362e-005
4.841757876834296e-008	3.171466e-006	-2.038222e-006	-6.226036e-007	2.033263e-009	1.113123e-005
4.846029305405730e-008	3.159653e-006	-2.026387e-006	-6.261519e-007	2.017190e-009	1.112881e-005
4.850300733977163e-008	3.147917e-006	-2.014630e-006	-6.296745e-007	2.001207e-009	1.112637e-005
4.854572162548596e-008	3.136258e-006	-2.002951e-006	-6.331713e-007	1.985313e-009	1.112391e-005
4.858843591120029e-008	3.124676e-006	-1.991349e-006	-6.366425e-007	1.969508e-009	1.112143e-005
4.863115019691463e-008	3.113172e-006	-1.979826e-006	-6.400878e-007	1.953792e-009	1.111892e-005
4.867386448262896e-008	3.101744e-006	-1.968380e-006	-6.435075e-007	1.938166e-009	1.111640e-005
4.867486448262897e-008	3.101477e-006	-1.968112e-006	-6.435872e-007	1.937801e-009	1.111634e-005
4.871757876834330e-008	3.090113e-006	-1.956730e-006	-6.469795e-007	1.922276e-009	1.111380e-005
4.876029305405764e-008	3.078808e-006	-1.945406e-006	-6.503463e-007	1.906851e-009	1.111123e-005
4.880300733977197e-008	3.067560e-006	-1.934141e-006	-6.536876e-007	1.891529e-009	1.110865e-005
4.884572162548630e-008	3.056372e-006	-1.922935e-006	-6.570034e-007	1.876307e-009	1.110604e-005
4.888843591120063e-008	3.045241e-006	-1.911787e-006	-6.602937e-007	1.861187e-009	1.110342e-005
4.893115019691497e-008	3.034170e-006	-1.900697e-006	-6.635586e-007	1.846168e-009	1.110078e-005
4.897386448262930e-008	3.023156e-006	-1.889667e-006	-6.667979e-007	1.831250e-009	1.109811e-005
4.897486448262931e-008	3.022899e-006	-1.889409e-006	-6.668735e-007	1.830903e-009	1.109805e-005
4.900957876834363e-008	3.013987e-006	-1.880483e-006	-6.694877e-007	1.818860e-009	1.109587e-005
4.904429305405796e-008	3.005108e-006	-1.871590e-006	-6.720855e-007	1.806887e-009	1.109368e-005
4.907900733977228e-008	2.996261e-006	-1.862730e-006	-6.746670e-007	1.794983e-009	1.109148e-005
4.911372162548660e-008	2.987448e-006	-1.853904e-006	-6.772322e-007	1.783150e-009	1.108926e-005
4.914843591120093e-008	2.978668e-006	-1.845110e-006	-6.797809e-007	1.771386e-009	1.108703e-005
4.918315019691525e-008	2.969921e-006	-1.836350e-006	-6.823133e-007	1.759692e-009	1.108479e-005
4.921786448262958e-008	2.961207e-006	-1.827623e-006	-6.848294e-007	1.748068e-009	1.108254e-005
4.921886448262958e-008	2.960957e-006	-1.827372e-006	-6.849016e-007	1.747310e-009	1.108247e-005
4.921914515695863e-008	2.960887e-006	-1.827302e-006	-6.849219e-007	1.751141e-009	1.108245e-005
4.921924830634408e-008	2.960861e-006	-1.827276e-006	-6.849294e-007	1.755129e-009	1.108245e-005
4.921932359891192e-008	2.960842e-006	-1.827257e-006	-6.849348e-007	1.756158e-009	1.108244e-005
4.921940396745831e-008	2.960822e-006	-1.827237e-006	-6.849406e-007	1.756564e-009	1.108244e-005
4.921941812888488e-008	2.960818e-006	-1.827233e-006	-6.849417e-007	1.756563e-009	1.108244e-005
4.924747911714269e-008	2.953797e-006	-1.820202e-006	-6.869631e-007	1.952266e-009	1.108060e-005
4.929019340285702e-008	2.943150e-006	-1.809538e-006	-6.900196e-007	2.247618e-009	1.107780e-005
4.933290768857136e-008	2.932546e-006	-1.798919e-006	-6.930521e-007	2.540114e-009	1.107498e-005
4.937562197428569e-008	2.921987e-006	-1.788344e-006	-6.960606e-007	2.829755e-009	1.107215e-005
4.941833626000002e-008	2.911473e-006	-1.777814e-006	-6.990450e-007	3.116539e-009	1.106929e-005
4.946105054571436e-008	2.901003e-006	-1.767328e-006	-7.020054e-007	3.400468e-009	1.106642e-005
4.950376483142869e-008	2.890577e-006	-1.756887e-006	-7.049417e-007	3.681541e-009	1.106353e-005
4.954647911714303e-008	2.880196e-006	-1.746491e-006	-7.078540e-007	3.959759e-009	1.106062e-005
4.954747911714303e-008	2.879953e-006	-1.746248e-006	-7.079219e-007	3.966240e-009	1.106055e-005
4.957190768857163e-008	2.872092e-006	-1.739511e-006	-7.095765e-007	4.124126e-009	1.105887e-005
4.959633626000022e-008	2.865519e-006	-1.733317e-006	-7.112236e-007	4.281103e-009	1.105719e-005
4.962076483142882e-008	2.860233e-006	-1.727668e-006	-7.128630e-007	4.437171e-009	1.105551e-005
4.964519340285742e-008	2.856235e-006	-1.722563e-006	-7.144948e-007	4.592331e-009	1.105383e-005
4.966962197428603e-008	2.853525e-006	-1.718002e-006	-7.161190e-007	4.746583e-009	1.105214e-005
4.969405054571462e-008	2.852103e-006	-1.713985e-006	-7.177355e-007	4.899926e-009	1.105045e-005
4.971847911714322e-008	2.851969e-006	-1.710512e-006	-7.193444e-007	5.052360e-009	1.104876e-005
4.973347911714324e-008	2.864340e-006	-1.712135e-006	-7.203287e-007	5.145814e-009	1.104776e-005
4.974847911714325e-008	2.882605e-006	-1.719684e-006	-7.213107e-007	5.238026e-009	1.104675e-005
4.976347911714327e-008	2.906764e-006	-1.733157e-006	-7.222906e-007	5.328996e-009	1.104575e-005
4.977847911714329e-008	2.936816e-006	-1.752556e-006	-7.232682e-007	5.418725e-009	1.104474e-005
4.979347911714331e-008	2.972762e-006	-1.777880e-006	-7.242436e-007	5.507211e-009	1.104372e-005
4.980847911714332e-008	3.014601e-006	-1.809129e-006	-7.252167e-007	5.594457e-009	1.104271e-005
4.982347911714334e-008	3.062334e-006	-1.846303e-006	-7.261876e-007	5.680460e-009	1.104170e-005
4.984747911714337e-008	3.134963e-006	-1.917550e-006	-7.277374e-007	5.812650e-009	1.104000e-005
4.986362197428625e-008	3.182292e-006	-1.974381e-006	-7.287772e-007	5.898077e-009	1.103882e-005
4.987976483142912e-008	3.227490e-006	-2.029846e-006	-7.298146e-007	5.980693e-009	1.103763e-005
4.989590768857200e-008	3.270555e-006	-2.083945e-006	-7.308496e-007	6.060496e-009	1.103643e-005
4.991205054571487e-008	3.311489e-006	-2.136679e-006	-7.318821e-007	6.137488e-009	1.103522e-005
4.992819340285774e-008	3.350291e-006	-2.188047e-006	-7.329122e-007	6.211668e-009	1.103402e-005
4.994433626000062e-008	3.386960e-006	-2.238049e-006	-7.339399e-007	6.283037e-009	1.103280e-005
4.996047911714349e-008	3.421498e-006	-2.286685e-006	-7.349652e-007	6.351594e-009	1.103158e-005
4.997490768857208e-008	3.449995e-006	-2.322787e-006	-7.358793e-007	6.410776e-009	1.103051e-005
4.998933626000067e-008	3.477007e-006	-2.355603e-006	-7.367911e-007	6.468606e-009	1.102944e-005
5.000376483142926e-008	3.502535e-006	-2.385133e-006	-7.377004e-007	6.525083e-009	1.102838e-005
5.001819340285785e-008	3.526576e-006	-2.411377e-006	-7.386075e-007	6.580208e-009	1.102732e-005
5.003262197428644e-008	3.549133e-006	-2.434334e-006	-7.395122e-007	6.633980e-009	1.102627e-005
5.004705054571502e-008	3.570205e-006	-2.454006e-006	-7.404145e-007	6.686400e-009	1.102523e-005
5.006147911714361e-008	3.589792e-006	-2.470392e-006	-7.413145e-007	6.737467e-009	1.102419e-005
5.007362197428648e-008	3.605068e-006	-2.482880e-006	-7.420699e-007	6.779877e-009	1.102331e-005
5.008576483142935e-008	3.619150e-006	-2.494434e-006	-7.428235e-007	6.821737e-009	1.102244e-005
5.009790768857222e-008	3.632035e-006	-2.505053e-006	-7.435752e-007	6.863048e-009	1.102156e-005
5.011005054571509e-008	3.643725e-006	-2.514739e-006	-7.443251e-007	6.903811e-009	1.102067e-005
5.012219340285796e-008	3.654219e-006	-2.523489e-006	-7.450732e-007	6.944024e-009	1.101979e-005
5.013433626000083e-008	3.663518e-006	-2.531306e-006	-7.458194e-007	6.983689e-009	1.101890e-005
5.014647911714371e-008	3.671621e-006	-2.538188e-006	-7.465637e-007	7.022805e-009	1.101802e-005
5.014747911714371e-008	3.672243e-006	-2.538747e-006	-7.466249e-007	7.026011e-009	1.101794e-005
5.016676483142944e-008	3.686708e-006	-2.550024e-006	-7.478031e-007	7.087203e-009	1.101653e-005
5.018605054571518e-008	3.699617e-006	-2.560751e-006	-7.489764e-007	7.147304e-009	1.101512e-005
5.020533626000091e-008	3.710971e-006	-2.570928e-006	-7.501448e-007	7.206314e-009	1.101369e-005
5.022462197428665e-008	3.720769e-006	-2.580555e-006	-7.513084e-007	7.264233e-009	1.101226e-005
5.024390768857239e-008	3.729012e-006	-2.589632e-006	-7.524672e-007	7.321062e-009	1.101082e-005
5.026319340285812e-008	3.735699e-006	-2.598160e-006	-7.536211e-007	7.376800e-009	1.100938e-005
5.028247911714386e-008	3.740830e-006	-2.606137e-006	-7.547702e-007	7.431447e-009	1.100793e-005
5.030590768857246e-008	3.743745e-006	-2.612069e-006	-7.561594e-007	7.496447e-009	1.100616e-005
5.032933626000105e-008	3.745625e-006	-2.616148e-006	-7.575415e-007	7.560629e-009	1.100439e-005
5.035276483142965e-008	3.746471e-006	-2.618375e-006	-7.589163e-007	7.623993e-009	1.100262e-005
5.037619340285825e-008	3.746282e-006	-2.618750e-006	-7.602840e-007	7.686538e-009	1.100085e-005
5.039962197428685e-008	3.745057e-006	-2.617273e-006	-7.616444e-007	7.748266e-009	1.099908e-005
5.042305054571545e-008	3.742798e-006	-2.613943e-006	-7.629977e-007	7.809175e-009	1.099731e-005
5.044647911714405e-008	3.739504e-006	-2.608761e-006	-7.643437e-007	7.869266e-009	1.099553e-005
5.044747911714405e-008	3.739340e-006	-2.608554e-006	-7.644010e-007	7.871832e-009	1.099546e-005
5.045533626000120e-008	3.737972e-006	-2.606868e-006	-7.648502e-007	7.891954e-009	1.099486e-005
5.046319340285835e-008	3.736490e-006	-2.605112e-006	-7.652990e-007	7.912027e-009	1.099426e-005
5.047105054571550e-008	3.734893e-006	-2.603285e-006	-7.657473e-007	7.932050e-009	1.099366e-005
5.047890768857266e-008	3.733182e-006	-2.601387e-006	-7.661951e-007	7.952024e-009	1.099306e-005
5.048676483142981e-008	3.731357e-006	-2.599419e-006	-7.666425e-007	7.971949e-009	1.099247e-005
5.049462197428696e-008	3.729417e-006	-2.597381e-006	-7.670895e-007	7.991824e-009	1.099186e-005
5.050247911714411e-008	3.727362e-006	-2.595272e-006	-7.675360e-007	8.011650e-009	1.099126e-005
5.051062197428698e-008	3.725122e-006	-2.593029e-006	-7.680055e-007	8.032151e-009	1.099064e-005
5.051876483142984e-008	3.722796e-006	-2.590723e-006	-7.684803e-007	8.052610e-009	1.099002e-005
5.052690768857271e-008	3.720384e-006	-2.588352e-006	-7.689606e-007	8.073027e-009	1.098939e-005
5.053505054571557e-008	3.717886e-006	-2.585917e-006	-7.694463e-007	8.093402e-009	1.098877e-005
5.054319340285844e-008	3.715302e-006	-2.583418e-006	-7.699375e-007	8.113734e-009	1.098814e-005
5.055133626000130e-008	3.712631e-006	-2.580855e-006	-7.704340e-007	8.134025e-009	1.098751e-005
5.055947911714417e-008	3.709875e-006	-2.578227e-006	-7.709360e-007	8.154274e-009	1.098688e-005
5.057705054571562e-008	3.703678e-006	-2.572298e-006	-7.719997e-007	8.197821e-009	1.098553e-005
5.059462197428707e-008	3.697289e-006	-2.566117e-006	-7.730533e-007	8.241246e-009	1.098417e-005
5.061219340285852e-008	3.690710e-006	-2.559687e-006	-7.740970e-007	8.284550e-009	1.098281e-005
5.062976483142997e-008	3.683939e-006	-2.553006e-006	-7.751306e-007	8.327731e-009	1.098145e-005
5.064733626000141e-008	3.676976e-006	-2.546075e-006	-7.761542e-007	8.370792e-009	1.098009e-005
5.066490768857287e-008	3.669822e-006	-2.538893e-006	-7.771677e-007	8.413730e-009	1.097872e-005
5.068247911714431e-008	3.662477e-006	-2.531461e-006	-7.781712e-007	8.456547e-009	1.097735e-005
5.074747911714439e-008	3.634257e-006	-2.502876e-006	-7.818547e-007	8.614392e-009	1.097227e-005
5.104747911714473e-008	3.490239e-006	-2.358612e-006	-7.979576e-007	9.335863e-009	1.094840e-005
5.134747911714507e-008	3.342185e-006	-2.210323e-006	-8.126998e-007	1.005405e-008	1.092390e-005
5.164747911714541e-008	3.198147e-006	-2.066060e-006	-8.263124e-007	1.077154e-008	1.089880e-005
5.194747911714575e-008	3.059771e-006	-1.927470e-006	-8.389195e-007	1.148751e-008	1.087314e-005
5.224747911714609e-008	2.927212e-006	-1.794711e-006	-8.505950e-007	1.220048e-008	1.084694e-005
5.254747911714643e-008	2.801023e-006	-1.668266e-006	-8.613895e-007	1.290883e-008	1.082025e-005
5.284747911714677e-008	2.680344e-006	-1.547468e-006	-8.713433e-007	1.361047e-008	1.079308e-005
5.314747911714711e-008	2.564287e-006	-1.431251e-006	-8.804899e-007	1.430471e-008	1.076548e-005
5.344747911714745e-008	2.452732e-006	-1.319528e-006	-8.888600e-007	1.499077e-008	1.073746e-005
5.348062197429035e-008	2.440679e-006	-1.307457e-006	-8.897381e-007	1.506603e-008	1.073434e-005
5.351376483143324e-008	2.428680e-006	-1.295440e-006	-8.906073e-007	1.514119e-008	1.073121e-005
5.354690768857613e-008	2.416736e-006	-1.283478e-006	-8.914676e-007	1.521624e-008	1.072809e-005
5.358005054571903e-008	2.404845e-006	-1.271570e-006	-8.923190e-007	1.529117e-008	1.072495e-005
5.361319340286192e-008	2.393009e-006	-1.259716e-006	-8.931615e-007	1.536599e-008	1.072181e-005
5.364633626000481e-008	2.381226e-006	-1.247916e-006	-8.939951e-007	1.544071e-008	1.071867e-005
5.367947911714771e-008	2.369498e-006	-1.236171e-006	-8.948198e-007	1.551531e-008	1.071552e-005
5.368905054571915e-008	2.366118e-006	-1.232787e-006	-8.950540e-007	1.553683e-008	1.071461e-005
5.369862197429059e-008	2.362749e-006	-1.229411e-006	-8.952999e-007	1.555834e-008	1.071370e-005
5.370819340286203e-008	2.359393e-006	-1.226043e-006	-8.955575e-007	1.557985e-008	1.071279e-005
5.371776483143347e-008	2.356049e-006	-1.222683e-006	-8.958269e-007	1.560134e-008	1.071188e-005
5.372733626000491e-008	2.352717e-006	-1.219331e-006	-8.961081e-007	1.562282e-008	1.071097e-005
5.373690768857635e-008	2.349397e-006	-1.215987e-006	-8.964010e-007	1.564430e-008	1.071006e-005
5.374647911714779e-008	2.346089e-006	-1.212650e-006	-8.967056e-007	1.566576e-008	1.070915e-005
5.374747911714779e-008	2.345745e-006	-1.212303e-006	-8.967393e-007	1.566800e-008	1.070905e-005
5.375776483143351e-008	2.342218e-006	-1.208731e-006	-8.970990e-007	1.569106e-008	1.070807e-005
5.376805054571924e-008	2.338718e-006	-1.205181e-006	-8.974836e-007	1.571410e-008	1.070709e-005
5.377833626000496e-008	2.335246e-006	-1.201654e-006	-8.978930e-007	1.573713e-008	1.070611e-005
5.378862197429070e-008	2.331800e-006	-1.198150e-006	-8.983273e-007	1.576014e-008	1.070513e-005
5.379890768857642e-008	2.328383e-006	-1.194667e-006	-8.987863e-007	1.578314e-008	1.070415e-005
5.380919340286215e-008	2.324992e-006	-1.191207e-006	-8.992703e-007	1.580613e-008	1.070316e-005
5.381947911714787e-008	2.321628e-006	-1.187769e-006	-8.997790e-007	1.582910e-008	1.070218e-005
5.383733626000503e-008	2.315875e-006	-1.181893e-006	-9.007262e-007	1.586896e-008	1.070047e-005
5.385519340286220e-008	2.310161e-006	-1.176091e-006	-9.016953e-007	1.590876e-008	1.069877e-005
5.387305054571936e-008	2.304486e-006	-1.170364e-006	-9.026861e-007	1.594850e-008	1.069706e-005
5.389090768857653e-008	2.298851e-006	-1.164712e-006	-9.036987e-007	1.598819e-008	1.069534e-005
5.390876483143369e-008	2.293255e-006	-1.159134e-006	-9.047332e-007	1.602781e-008	1.069363e-005
5.392662197429085e-008	2.287699e-006	-1.153631e-006	-9.057894e-007	1.606738e-008	1.069192e-005
5.394447911714801e-008	2.282182e-006	-1.148203e-006	-9.068675e-007	1.610689e-008	1.069020e-005
5.404747911714813e-008	2.250415e-006	-1.116940e-006	-9.128088e-007	1.633349e-008	1.068028e-005
5.406362197429101e-008	2.245445e-006	-1.111985e-006	-9.137088e-007	1.636881e-008	1.067872e-005
5.407976483143388e-008	2.240458e-006	-1.107007e-006	-9.146016e-007	1.640409e-008	1.067717e-005
5.409590768857676e-008	2.235456e-006	-1.102006e-006	-9.154872e-007	1.643932e-008	1.067561e-005
5.411205054571963e-008	2.230438e-006	-1.096984e-006	-9.163656e-007	1.647451e-008	1.067404e-005
5.412819340286251e-008	2.225404e-006	-1.091939e-006	-9.172368e-007	1.650965e-008	1.067248e-005
5.414433626000538e-008	2.220354e-006	-1.086872e-006	-9.181008e-007	1.654475e-008	1.067092e-005
5.416047911714826e-008	2.215289e-006	-1.081783e-006	-9.189576e-007	1.657981e-008	1.066936e-005
5.417447911714827e-008	2.210868e-006	-1.077358e-006	-9.197142e-007	1.661018e-008	1.066800e-005
5.418847911714829e-008	2.206432e-006	-1.072921e-006	-9.204695e-007	1.664052e-008	1.066664e-005
5.420247911714831e-008	2.201981e-006	-1.068472e-006	-9.212235e-007	1.667084e-008	1.066528e-005
5.421647911714832e-008	2.197514e-006	-1.064011e-006	-9.219761e-007	1.670113e-008	1.066392e-005
5.423047911714834e-008	2.193031e-006	-1.059538e-006	-9.227275e-007	1.673139e-008	1.066256e-005
5.424447911714835e-008	2.188532e-006	-1.055053e-006	-9.234776e-007	1.676163e-008	1.066120e-005
5.425847911714837e-008	2.184019e-006	-1.050556e-006	-9.242263e-007	1.679184e-008	1.065984e-005
5.434747911714847e-008	2.155135e-006	-1.021695e-006	-9.288532e-007	1.698334e-008	1.065117e-005
5.437362197429136e-008	2.145659e-006	-1.012764e-006	-9.301790e-007	1.703944e-008	1.064862e-005
5.439976483143424e-008	2.136783e-006	-1.004065e-006	-9.314909e-007	1.709547e-008	1.064606e-005
5.442590768857713e-008	2.128507e-006	-9.955980e-007	-9.327889e-007	1.715142e-008	1.064351e-005
5.445205054572001e-008	2.120833e-006	-9.873638e-007	-9.340731e-007	1.720731e-008	1.064095e-005
5.447819340286290e-008	2.113758e-006	-9.793621e-007	-9.353434e-007	1.726312e-008	1.063839e-005
5.450433626000579e-008	2.107285e-006	-9.715928e-007	-9.365999e-007	1.731887e-008	1.063583e-005
5.453047911714868e-008	2.101412e-006	-9.640559e-007	-9.378425e-007	1.737454e-008	1.063327e-005
5.454105054572012e-008	2.103105e-006	-9.626428e-007	-9.383413e-007	1.739697e-008	1.063225e-005
5.455162197429156e-008	2.104172e-006	-9.613886e-007	-9.388380e-007	1.741932e-008	1.063122e-005
5.456219340286300e-008	2.104613e-006	-9.602935e-007	-9.393326e-007	1.744158e-008	1.063019e-005
5.457276483143444e-008	2.104427e-006	-9.593574e-007	-9.398250e-007	1.746376e-008	1.062915e-005
5.458333626000588e-008	2.103615e-006	-9.585802e-007	-9.403154e-007	1.748586e-008	1.062811e-005
5.459390768857732e-008	2.102176e-006	-9.579620e-007	-9.408036e-007	1.750787e-008	1.062707e-005
5.460447911714876e-008	2.100111e-006	-9.575028e-007	-9.412896e-007	1.752980e-008	1.062602e-005
5.461047911714877e-008	2.098369e-006	-9.571767e-007	-9.415646e-007	1.754220e-008	1.062542e-005
5.461647911714877e-008	2.096562e-006	-9.568157e-007	-9.418388e-007	1.755458e-008	1.062483e-005
5.462247911714878e-008	2.094690e-006	-9.564199e-007	-9.421124e-007	1.756692e-008	1.062423e-005
5.462847911714879e-008	2.092753e-006	-9.559893e-007	-9.423853e-007	1.757924e-008	1.062363e-005
5.463447911714879e-008	2.090752e-006	-9.555238e-007	-9.426576e-007	1.759154e-008	1.062304e-005
5.464047911714880e-008	2.088685e-006	-9.550235e-007	-9.429292e-007	1.760380e-008	1.062244e-005
5.464647911714881e-008	2.086554e-006	-9.544883e-007	-9.432001e-007	1.761604e-008	1.062184e-005
5.464747911714881e-008	2.086207e-006	-9.543863e-007	-9.432451e-007	1.761808e-008	1.062174e-005
5.466005054572025e-008	2.081797e-006	-9.528956e-007	-9.438103e-007	1.764360e-008	1.062049e-005
5.467262197429170e-008	2.077640e-006	-9.509411e-007	-9.443726e-007	1.766907e-008	1.061924e-005
5.468519340286314e-008	2.073735e-006	-9.485229e-007	-9.449320e-007	1.769449e-008	1.061799e-005
5.469776483143458e-008	2.070083e-006	-9.456409e-007	-9.454884e-007	1.771987e-008	1.061675e-005
5.471033626000602e-008	2.066684e-006	-9.422952e-007	-9.460420e-007	1.774519e-008	1.061550e-005
5.472290768857747e-008	2.063538e-006	-9.384858e-007	-9.465927e-007	1.777046e-008	1.061426e-005
5.473547911714891e-008	2.060644e-006	-9.342126e-007	-9.471405e-007	1.779569e-008	1.061303e-005
5.475162197429179e-008	2.057536e-006	-9.280827e-007	-9.478397e-007	1.782814e-008	1.061144e-005
5.476776483143466e-008	2.054134e-006	-9.220908e-007	-9.485343e-007	1.786061e-008	1.060986e-005
5.478390768857754e-008	2.050436e-006	-9.162368e-007	-9.492243e-007	1.789308e-008	1.060827e-005
5.480005054572041e-008	2.046444e-006	-9.105209e-007	-9.499096e-007	1.792557e-008	1.060667e-005
5.481619340286329e-008	2.042157e-006	-9.049429e-007	-9.505902e-007	1.795807e-008	1.060508e-005
5.483233626000616e-008	2.037575e-006	-8.995029e-007	-9.512662e-007	1.799057e-008	1.060348e-005
5.484847911714904e-008	2.032698e-006	-8.942009e-007	-9.519376e-007	1.802309e-008	1.060188e-005
5.486247911714905e-008	2.027619e-006	-8.901833e-007	-9.525162e-007	1.805125e-008	1.060049e-005
5.487647911714907e-008	2.022477e-006	-8.861323e-007	-9.530914e-007	1.807938e-008	1.059909e-005
5.489047911714909e-008	2.017271e-006	-8.820481e-007	-9.536631e-007	1.810749e-008	1.059770e-005
5.490447911714910e-008	2.012002e-006	-8.779305e-007	-9.542315e-007	1.813557e-008	1.059630e-005
5.491847911714912e-008	2.006671e-006	-8.737797e-007	-9.547964e-007	1.816362e-008	1.059490e-005
5.493247911714913e-008	2.001275e-006	-8.695955e-007	-9.553580e-007	1.819164e-008	1.059351e-005
5.494647911714915e-008	1.995817e-006	-8.653781e-007	-9.559161e-007	1.821964e-008	1.059211e-005
5.494747911714915e-008	1.995447e-006	-8.650575e-007	-9.559559e-007	1.822164e-008	1.059201e-005
5.497533626000632e-008	1.986120e-006	-8.549240e-007	-9.570559e-007	1.827732e-008	1.058924e-005
5.500319340286350e-008	1.976766e-006	-8.448084e-007	-9.581429e-007	1.833307e-008	1.058646e-005
5.503105054572067e-008	1.967385e-006	-8.347105e-007	-9.592169e-007	1.838889e-008	1.058369e-005
5.505890768857785e-008	1.957978e-006	-8.246305e-007	-9.602778e-007	1.844477e-008	1.058091e-005
5.508676483143502e-008	1.948543e-006	-8.145683e-007	-9.613256e-007	1.850073e-008	1.057813e-005
5.511462197429220e-008	1.939082e-006	-8.045240e-007	-9.623605e-007	1.855676e-008	1.057534e-005
5.514247911714937e-008	1.929594e-006	-7.944975e-007	-9.633823e-007	1.861285e-008	1.057256e-005
5.515733626000653e-008	1.924114e-006	-7.896492e-007	-9.639221e-007	1.864275e-008	1.057107e-005
5.517219340286369e-008	1.918692e-006	-7.847787e-007	-9.644583e-007	1.867265e-008	1.056958e-005
5.518705054572085e-008	1.913329e-006	-7.798860e-007	-9.649910e-007	1.870254e-008	1.056808e-005
5.520190768857801e-008	1.908023e-006	-7.749711e-007	-9.655200e-007	1.873244e-008	1.056659e-005
5.521676483143517e-008	1.902776e-006	-7.700340e-007	-9.660454e-007	1.876233e-008	1.056510e-005
5.523162197429233e-008	1.897586e-006	-7.650746e-007	-9.665673e-007	1.879221e-008	1.056361e-005
5.524647911714949e-008	1.892455e-006	-7.600930e-007	-9.670855e-007	1.882210e-008	1.056212e-005
5.524747911714949e-008	1.892116e-006	-7.597524e-007	-9.671202e-007	1.882411e-008	1.056202e-005
5.527647911714952e-008	1.882699e-006	-7.495695e-007	-9.681209e-007	1.888250e-008	1.055911e-005
5.530547911714956e-008	1.873282e-006	-7.395658e-007	-9.691083e-007	1.894090e-008	1.055619e-005
5.533447911714959e-008	1.863865e-006	-7.297413e-007	-9.700824e-007	1.899930e-008	1.055327e-005
5.536347911714962e-008	1.854449e-006	-7.200960e-007	-9.710432e-007	1.905772e-008	1.055035e-005
5.539247911714965e-008	1.845032e-006	-7.106299e-007	-9.719907e-007	1.911615e-008	1.054743e-005
5.542147911714969e-008	1.835615e-006	-7.013431e-007	-9.729249e-007	1.917459e-008	1.054451e-005
5.545047911714972e-008	1.826199e-006	-6.922354e-007	-9.738459e-007	1.923304e-008	1.054158e-005
5.554747911714983e-008	1.795647e-006	-6.620809e-007	-9.768323e-007	1.942816e-008	1.053176e-005
5.572347911715003e-008	1.743174e-006	-6.090624e-007	-9.818871e-007	1.978117e-008	1.051390e-005
5.572447911715003e-008	1.742879e-006	-6.087734e-007	-9.819189e-007	1.978317e-008	1.051380e-005
5.572475979147908e-008	1.742796e-006	-6.086923e-007	-9.819207e-007	1.978373e-008	1.051377e-005
5.572499199088771e-008	1.742728e-006	-6.086253e-007	-9.818958e-007	1.978420e-008	1.051375e-005
5.572689563330928e-008	1.742166e-006	-6.080760e-007	-9.811243e-007	1.978801e-008	1.051356e-005
5.572879927573084e-008	1.741606e-006	-6.075269e-007	-9.796897e-007	1.979181e-008	1.051336e-005
5.573070291815240e-008	1.741045e-006	-6.069780e-007	-9.775920e-007	1.979562e-008	1.051317e-005
5.573260656057396e-008	1.740485e-006	-6.064293e-007	-9.748312e-007	1.979942e-008	1.051298e-005
5.573451020299553e-008	1.739925e-006	-6.058807e-007	-9.714073e-007	1.980322e-008	1.051278e-005
5.573641384541709e-008	1.739366e-006	-6.053323e-007	-9.673204e-007	1.980703e-008	1.051259e-005
5.573831748783865e-008	1.738807e-006	-6.047841e-007	-9.625703e-007	1.981083e-008	1.051239e-005
5.574574605926723e-008	1.736630e-006	-6.026469e-007	-9.367836e-007	1.982566e-008	1.051164e-005
5.575317463069581e-008	1.734461e-006	-6.005105e-007	-9.020096e-007	1.984043e-008	1.051088e-005
5.576060320212439e-008	1.732300e-006	-5.983749e-007	-8.582483e-007	1.985514e-008	1.051013e-005
5.576803177355297e-008	1.730147e-006	-5.962403e-007	-8.054996e-007	1.986978e-008	1.050937e-005
5.577546034498155e-008	1.728001e-006	-5.941066e-007	-7.437635e-007	1.988437e-008	1.050861e-005
5.578288891641013e-008	1.725864e-006	-5.919737e-007	-6.730402e-007	1.989888e-008	1.050786e-005
5.579031748783871e-008	1.723734e-006	-5.898417e-007	-5.933295e-007	1.991334e-008	1.050710e-005
5.579574605926729e-008	1.722183e-006	-5.882835e-007	-5.305380e-007	1.992383e-008	1.050655e-005
5.580117463069586e-008	1.720636e-006	-5.867260e-007	-4.650979e-007	1.993427e-008	1.050599e-005
5.580660320212444e-008	1.719093e-006	-5.851693e-007	-3.970093e-007	1.994466e-008	1.050544e-005
5.581203177355302e-008	1.717554e-006	-5.836133e-007	-3.262722e-007	1.995499e-008	1.050489e-005
5.581746034498160e-008	1.716018e-006	-5.820581e-007	-2.528865e-007	1.996527e-008	1.050433e-005
5.582288891641017e-008	1.714486e-006	-5.805037e-007	-1.768523e-007	1.997549e-008	1.050378e-005
5.582831748783875e-008	1.712958e-006	-5.789501e-007	-9.816962e-008	1.998566e-008	1.050322e-005
5.583031748783876e-008	1.712396e-006	-5.783781e-007	-6.909971e-008	1.998939e-008	1.050302e-005
5.583231748783876e-008	1.711834e-006	-5.778064e-007	-3.991273e-008	1.999311e-008	1.050282e-005
5.583431748783876e-008	1.711272e-006	-5.772348e-007	-1.060868e-008	1.999682e-008	1.050261e-005
5.583631748783876e-008	1.710711e-006	-5.766635e-007	1.881244e-008	2.000053e-008	1.050241e-005
5.583831748783877e-008	1.710150e-006	-5.760925e-007	4.835063e-008	2.000423e-008	1.050221e-005
5.584031748783877e-008	1.709589e-006	-5.755216e-007	7.800589e-008	2.000792e-008	1.050200e-005
5.584231748783877e-008	1.709029e-006	-5.749509e-007	1.077782e-007	2.001161e-008	1.050180e-005
5.584331748783877e-008	1.708749e-006	-5.746658e-007	1.226607e-007	2.001345e-008	1.050170e-005
5.584631748783877e-008	1.707910e-006	-5.738104e-007	1.675056e-007	2.001895e-008	1.050139e-005
5.584931748783878e-008	1.707071e-006	-5.729558e-007	2.122353e-007	2.002444e-008	1.050108e-005
5.585231748783878e-008	1.706233e-006	-5.721019e-007	2.568497e-007	2.002992e-008	1.050078e-005
5.585531748783878e-008	1.705396e-006	-5.712486e-007	3.013489e-007	2.003537e-008	1.050047e-005
5.585831748783879e-008	1.704559e-006	-5.703961e-007	3.457328e-007	2.004081e-008	1.050017e-005
5.586131748783879e-008	1.703722e-006	-5.695443e-007	3.900015e-007	2.004624e-008	1.049986e-005
5.586431748783879e-008	1.702887e-006	-5.686932e-007	4.341549e-007	2.005164e-008	1.049955e-005
5.586531748783880e-008	1.702608e-006	-5.684097e-007	4.487606e-007	2.005344e-008	1.049945e-005
5.586831748783880e-008	1.701773e-006	-5.675597e-007	4.923563e-007	2.005883e-008	1.049914e-005
5.587174605926738e-008	1.700820e-006	-5.665893e-007	5.418628e-007	2.006497e-008	1.049880e-005
5.587517463069595e-008	1.699866e-006	-5.656201e-007	5.906804e-007	2.007109e-008	1.049845e-005
5.587860320212452e-008	1.698913e-006	-5.646521e-007	6.388089e-007	2.007719e-008	1.049809e-005
5.588203177355310e-008	1.697961e-006	-5.636853e-007	6.862485e-007	2.008328e-008	1.049774e-005
5.588546034498168e-008	1.697009e-006	-5.627197e-007	7.329990e-007	2.008935e-008	1.049739e-005
5.588888891641025e-008	1.696057e-006	-5.617554e-007	7.790606e-007	2.009540e-008	1.049704e-005
5.589231748783883e-008	1.695106e-006	-5.607923e-007	8.244332e-007	2.010143e-008	1.049669e-005
5.589888891641026e-008	1.693284e-006	-5.589500e-007	9.089884e-007	2.011294e-008	1.049602e-005
5.590546034498170e-008	1.691463e-006	-5.571124e-007	9.899504e-007	2.012441e-008	1.049535e-005
5.591203177355314e-008	1.689644e-006	-5.552795e-007	1.067319e-006	2.013585e-008	1.049468e-005
5.591860320212457e-008	1.687825e-006	-5.534513e-007	1.141095e-006	2.014724e-008	1.049401e-005
5.592517463069600e-008	1.686008e-006	-5.516277e-007	1.211278e-006	2.015860e-008	1.049334e-005
5.593174605926744e-008	1.684192e-006	-5.498088e-007	1.277868e-006	2.016991e-008	1.049267e-005
5.593831748783888e-008	1.682377e-006	-5.479945e-007	1.340864e-006	2.018119e-008	1.049199e-005
5.594903177355318e-008	1.679416e-006	-5.450499e-007	1.434130e-006	2.019951e-008	1.049090e-005
5.595974605926748e-008	1.676462e-006	-5.421139e-007	1.519524e-006	2.021782e-008	1.048980e-005
5.597046034498177e-008	1.673513e-006	-5.391866e-007	1.597048e-006	2.023613e-008	1.048871e-005
5.598117463069607e-008	1.670571e-006	-5.362680e-007	1.666701e-006	2.025444e-008	1.048761e-005
5.599188891641037e-008	1.667634e-006	-5.333581e-007	1.728484e-006	2.027274e-008	1.048651e-005
5.600260320212466e-008	1.664702e-006	-5.304569e-007	1.782396e-006	2.029104e-008	1.048541e-005
5.601331748783896e-008	1.661777e-006	-5.275645e-007	1.828437e-006	2.030934e-008	1.048432e-005
5.602131748783897e-008	1.659600e-006	-5.254061e-007	1.859682e-006	2.032304e-008	1.048350e-005
5.602931748783898e-008	1.657429e-006	-5.232496e-007	1.888539e-006	2.033677e-008	1.048268e-005
5.603731748783899e-008	1.655264e-006	-5.210949e-007	1.915010e-006	2.035053e-008	1.048186e-005
5.604531748783900e-008	1.653104e-006	-5.189421e-007	1.939093e-006	2.036433e-008	1.048104e-005
5.605331748783901e-008	1.650950e-006	-5.167912e-007	1.960790e-006	2.037815e-008	1.048022e-005
5.606131748783902e-008	1.648802e-006	-5.146421e-007	1.980099e-006	2.039200e-008	1.047940e-005
5.606931748783903e-008	1.646659e-006	-5.124949e-007	1.997022e-006	2.040588e-008	1.047858e-005
5.607460320212475e-008	1.645247e-006	-5.110768e-007	2.007483e-006	2.041507e-008	1.047804e-005
5.607988891641047e-008	1.643837e-006	-5.096597e-007	2.017330e-006	2.042429e-008	1.047749e-005
5.608517463069619e-008	1.642429e-006	-5.082436e-007	2.026563e-006	2.043351e-008	1.047695e-005
5.609046034498191e-008	1.641023e-006	-5.068285e-007	2.035182e-006	2.044276e-008	1.047641e-005
5.609574605926763e-008	1.639620e-006	-5.054143e-007	2.043188e-006	2.045202e-008	1.047587e-005
5.610103177355335e-008	1.638219e-006	-5.040012e-007	2.050580e-006	2.046130e-008	1.047532e-005
5.610631748783907e-008	1.636820e-006	-5.025889e-007	2.057358e-006	2.047059e-008	1.047478e-005
5.610731748783907e-008	1.636555e-006	-5.023219e-007	2.058590e-006	2.047235e-008	1.047468e-005
5.610831748783907e-008	1.636291e-006	-5.020551e-007	2.059774e-006	2.047411e-008	1.047458e-005
5.611031748783907e-008	1.635762e-006	-5.015217e-007	2.061943e-006	2.047763e-008	1.047437e-005
5.611274605926765e-008	1.635119e-006	-5.008743e-007	2.064245e-006	2.048192e-008	1.047412e-005
5.611517463069622e-008	1.634478e-006	-5.002271e-007	2.066249e-006	2.048620e-008	1.047387e-005
5.611760320212480e-008	1.633836e-006	-4.995803e-007	2.067954e-006	2.049049e-008	1.047362e-005
5.612003177355337e-008	1.633195e-006	-4.989338e-007	2.069360e-006	2.049479e-008	1.047337e-005
5.612246034498195e-008	1.632554e-006	-4.982875e-007	2.070468e-006	2.049908e-008	1.047312e-005
5.612488891641052e-008	1.631914e-006	-4.976415e-007	2.071277e-006	2.050339e-008	1.047287e-005
5.612731748783909e-008	1.631274e-006	-4.969959e-007	2.071787e-006	2.050769e-008	1.047263e-005
5.612846034498195e-008	1.630973e-006	-4.966922e-007	2.071940e-006	2.050972e-008	1.047251e-005
5.612960320212481e-008	1.630672e-006	-4.963885e-007	2.072032e-006	2.051175e-008	1.047239e-005
5.613074605926767e-008	1.630371e-006	-4.960849e-007	2.072064e-006	2.051378e-008	1.047227e-005
5.613188891641052e-008	1.630070e-006	-4.957814e-007	2.072036e-006	2.051581e-008	1.047216e-005
5.613303177355339e-008	1.629770e-006	-4.954779e-007	2.071948e-006	2.051784e-008	1.047204e-005
5.613417463069624e-008	1.629469e-006	-4.951746e-007	2.071799e-006	2.051988e-008	1.047192e-005
5.613531748783910e-008	1.629168e-006	-4.948712e-007	2.071590e-006	2.052191e-008	1.047180e-005
5.613631748783910e-008	1.628905e-006	-4.946059e-007	2.071361e-006	2.052369e-008	1.047170e-005
5.613682677017606e-008	1.628771e-006	-4.944708e-007	2.071218e-006	2.052460e-008	1.047165e-005
5.613696558060726e-008	1.628735e-006	-4.944339e-007	2.071176e-006	2.052484e-008	1.047163e-005
5.613710366401276e-008	1.628699e-006	-4.943973e-007	2.071145e-006	2.052509e-008	1.047162e-005
5.613712418752232e-008	1.628693e-006	-4.943919e-007	2.071142e-006	2.052513e-008	1.047162e-005
5.613712992090840e-008	1.628692e-006	-4.943904e-007	2.071140e-006	2.052514e-008	1.047162e-005
5.613713404116411e-008	1.628690e-006	-4.943893e-007	2.071139e-006	2.052514e-008	1.047162e-005
5.613713984963234e-008	1.628689e-006	-4.943877e-007	2.071137e-006	2.052515e-008	1.047162e-005
5.613714736973644e-008	1.628687e-006	-4.943857e-007	2.071135e-006	2.052517e-008	1.047162e-005
5.613715444803074e-008	1.628685e-006	-4.943839e-007	2.071132e-006	2.052518e-008	1.047161e-005
5.613716149966109e-008	1.628683e-006	-4.943820e-007	2.071130e-006	2.052519e-008	1.047161e-005
5.613716819544929e-008	1.628682e-006	-4.943802e-007	2.071129e-006	2.052520e-008	1.047161e-005
5.613717515499822e-008	1.628680e-006	-4.943784e-007	2.071127e-006	2.052522e-008	1.047161e-005
5.613718196949799e-008	1.628678e-006	-4.943766e-007	2.071125e-006	2.052523e-008	1.047161e-005
5.613718894164791e-008	1.628676e-006	-4.943747e-007	2.071124e-006	2.052524e-008	1.047161e-005
5.613719577382874e-008	1.628674e-006	-4.943729e-007	2.071122e-006	2.052525e-008	1.047161e-005
5.613720280487831e-008	1.628672e-006	-4.943710e-007	2.071121e-006	2.052527e-008	1.047161e-005
5.613721115635373e-008	1.628670e-006	-4.943688e-007	2.071119e-006	2.052528e-008	1.047161e-005
5.613722054884026e-008	1.628668e-006	-4.943664e-007	2.071117e-006	2.052530e-008	1.047161e-005
5.613723176774834e-008	1.628665e-006	-4.943633e-007	2.071114e-006	2.052532e-008	1.047161e-005
5.613726092684506e-008	1.628657e-006	-4.943556e-007	2.071107e-006	2.052537e-008	1.047160e-005
5.613782724714051e-008	1.628508e-006	-4.942053e-007	2.070978e-006	2.052638e-008	1.047155e-005
5.613839356743595e-008	1.628360e-006	-4.940550e-007	2.070848e-006	2.052739e-008	1.047149e-005
5.613895988773141e-008	1.628211e-006	-4.939047e-007	2.070718e-006	2.052840e-008	1.047143e-005
5.613952620802686e-008	1.628062e-006	-4.937544e-007	2.070589e-006	2.052941e-008	1.047137e-005
5.614009252832231e-008	1.627913e-006	-4.936042e-007	2.070459e-006	2.053042e-008	1.047131e-005
5.614065884861776e-008	1.627765e-006	-4.934539e-007	2.070330e-006	2.053143e-008	1.047126e-005
5.614122516891321e-008	1.627616e-006	-4.933037e-007	2.070201e-006	2.053244e-008	1.047120e-005
5.618051088319897e-008	1.617306e-006	-4.829752e-007	2.061282e-006	2.060342e-008	1.046716e-005
5.621979659748472e-008	1.607069e-006	-4.727207e-007	2.052411e-006	2.067505e-008	1.046312e-005
5.625908231177048e-008	1.596906e-006	-4.625401e-007	2.043589e-006	2.074732e-008	1.045907e-005
5.629836802605625e-008	1.586816e-006	-4.524336e-007	2.034815e-006	2.082022e-008	1.045503e-005
5.633765374034200e-008	1.576799e-006	-4.424010e-007	2.026090e-006	2.089377e-008	1.045098e-005
5.637693945462776e-008	1.566855e-006	-4.324424e-007	2.017414e-006	2.096795e-008	1.044692e-005
5.641622516891352e-008	1.556985e-006	-4.225577e-007	2.008786e-006	2.104278e-008	1.044286e-005
5.641722516891352e-008	1.556735e-006	-4.223063e-007	2.008567e-006	2.104468e-008	1.044276e-005
5.645993945462786e-008	1.546077e-006	-4.116379e-007	1.999239e-006	2.112621e-008	1.043834e-005
5.650265374034219e-008	1.535491e-006	-4.010400e-007	1.989963e-006	2.120780e-008	1.043392e-005
5.654536802605653e-008	1.524978e-006	-3.905126e-007	1.980740e-006	2.128946e-008	1.042950e-005
5.658808231177086e-008	1.514537e-006	-3.800556e-007	1.971570e-006	2.137118e-008	1.042507e-005
5.663079659748519e-008	1.504169e-006	-3.696690e-007	1.962453e-006	2.145297e-008	1.042064e-005
5.667351088319953e-008	1.493873e-006	-3.593529e-007	1.953388e-006	2.153481e-008	1.041621e-005
5.671622516891386e-008	1.483650e-006	-3.491073e-007	1.944376e-006	2.161673e-008	1.041177e-005
5.671722516891386e-008	1.483411e-006	-3.488681e-007	1.944166e-006	2.161864e-008	1.041167e-005
5.675993945462820e-008	1.473244e-006	-3.386965e-007	1.935206e-006	2.170035e-008	1.040723e-005
5.680265374034253e-008	1.463139e-006	-3.285848e-007	1.926296e-006	2.178186e-008	1.040278e-005
5.684536802605687e-008	1.453097e-006	-3.185328e-007	1.917435e-006	2.186317e-008	1.039833e-005
5.688808231177120e-008	1.443118e-006	-3.085408e-007	1.908624e-006	2.194428e-008	1.039388e-005
5.693079659748553e-008	1.433202e-006	-2.986086e-007	1.899862e-006	2.202519e-008	1.038942e-005
5.697351088319987e-008	1.423348e-006	-2.887362e-007	1.891149e-006	2.210589e-008	1.038496e-005
5.701622516891420e-008	1.413558e-006	-2.789237e-007	1.882486e-006	2.218639e-008	1.038050e-005
5.701722516891420e-008	1.413329e-006	-2.786947e-007	1.882284e-006	2.218827e-008	1.038040e-005
5.731722516891454e-008	1.346120e-006	-2.114020e-007	1.822769e-006	2.274562e-008	1.034897e-005
5.761722516891488e-008	1.281551e-006	-1.467508e-007	1.765502e-006	2.328856e-008	1.031739e-005
5.763008231177204e-008	1.278410e-006	-1.438791e-007	1.763096e-006	2.331150e-008	1.031603e-005
5.764293945462920e-008	1.275572e-006	-1.411215e-007	1.760694e-006	2.333442e-008	1.031467e-005
5.765579659748635e-008	1.273038e-006	-1.384781e-007	1.758296e-006	2.335731e-008	1.031332e-005
5.766865374034351e-008	1.270808e-006	-1.359488e-007	1.755902e-006	2.338016e-008	1.031196e-005
5.768151088320067e-008	1.268881e-006	-1.335336e-007	1.753512e-006	2.340299e-008	1.031060e-005
5.769436802605783e-008	1.267257e-006	-1.312326e-007	1.751126e-006	2.342578e-008	1.030925e-005
5.770722516891498e-008	1.265937e-006	-1.290457e-007	1.748743e-006	2.344855e-008	1.030790e-005
5.771436802605785e-008	1.266334e-006	-1.281825e-007	1.747421e-006	2.346118e-008	1.030715e-005
5.772151088320071e-008	1.267536e-006	-1.277351e-007	1.746101e-006	2.347377e-008	1.030640e-005
5.772865374034358e-008	1.269543e-006	-1.277036e-007	1.744781e-006	2.348631e-008	1.030565e-005
5.773579659748644e-008	1.272356e-006	-1.280880e-007	1.743463e-006	2.349881e-008	1.030491e-005
5.774293945462931e-008	1.275974e-006	-1.288882e-007	1.742145e-006	2.351127e-008	1.030416e-005
5.775008231177217e-008	1.280398e-006	-1.301042e-007	1.740829e-006	2.352368e-008	1.030342e-005
5.775722516891504e-008	1.285626e-006	-1.317361e-007	1.739514e-006	2.353605e-008	1.030268e-005
5.776636802605791e-008	1.294205e-006	-1.347806e-007	1.737833e-006	2.355181e-008	1.030174e-005
5.777551088320077e-008	1.303609e-006	-1.390240e-007	1.736153e-006	2.356735e-008	1.030080e-005
5.778465374034365e-008	1.313836e-006	-1.444664e-007	1.734475e-006	2.358266e-008	1.029985e-005
5.779379659748651e-008	1.324889e-006	-1.511078e-007	1.732799e-006	2.359774e-008	1.029890e-005
5.780293945462938e-008	1.336765e-006	-1.589482e-007	1.731125e-006	2.361261e-008	1.029795e-005
5.781208231177224e-008	1.349467e-006	-1.679876e-007	1.729453e-006	2.362724e-008	1.029700e-005
5.782122516891511e-008	1.362992e-006	-1.782259e-007	1.727782e-006	2.364165e-008	1.029605e-005
5.782836802605798e-008	1.373263e-006	-1.872302e-007	1.726478e-006	2.365265e-008	1.029530e-005
5.783551088320084e-008	1.383262e-006	-1.967685e-007	1.725175e-006	2.366341e-008	1.029455e-005
5.784265374034371e-008	1.392989e-006	-2.068410e-007	1.723873e-006	2.367393e-008	1.029379e-005
5.784979659748657e-008	1.402444e-006	-2.174477e-007	1.722573e-006	2.368421e-008	1.029303e-005
5.785693945462944e-008	1.411627e-006	-2.285885e-007	1.721273e-006	2.369424e-008	1.029227e-005
5.786408231177230e-008	1.420539e-006	-2.402634e-007	1.719975e-006	2.370404e-008	1.029150e-005
5.787122516891517e-008	1.429179e-006	-2.524725e-007	1.718677e-006	2.371359e-008	1.029073e-005
5.787765374034375e-008	1.436474e-006	-2.637051e-007	1.717511e-006	2.372194e-008	1.029003e-005
5.788408231177232e-008	1.443527e-006	-2.749210e-007	1.716345e-006	2.373006e-008	1.028934e-005
5.789051088320091e-008	1.450337e-006	-2.861204e-007	1.715180e-006	2.373797e-008	1.028864e-005
5.789693945462949e-008	1.456904e-006	-2.973031e-007	1.714016e-006	2.374565e-008	1.028794e-005
5.790336802605807e-008	1.463229e-006	-3.084692e-007	1.712853e-006	2.375311e-008	1.028724e-005
5.790979659748664e-008	1.469311e-006	-3.196187e-007	1.711690e-006	2.376035e-008	1.028653e-005
5.791622516891522e-008	1.475150e-006	-3.307516e-007	1.710529e-006	2.376737e-008	1.028583e-005
5.791722516891522e-008	1.476055e-006	-3.324377e-007	1.710348e-006	2.376844e-008	1.028572e-005
5.792622516891523e-008	1.484049e-006	-3.475814e-007	1.708724e-006	2.377781e-008	1.028474e-005
5.793522516891524e-008	1.491919e-006	-3.618067e-007	1.707101e-006	2.378683e-008	1.028376e-005
5.794422516891525e-008	1.499665e-006	-3.751136e-007	1.705481e-006	2.379551e-008	1.028278e-005
5.795322516891526e-008	1.507286e-006	-3.875020e-007	1.703861e-006	2.380383e-008	1.028181e-005
5.796222516891527e-008	1.514783e-006	-3.989720e-007	1.702244e-006	2.381181e-008	1.028083e-005
5.797122516891528e-008	1.522157e-006	-4.095235e-007	1.700629e-006	2.381943e-008	1.027987e-005
5.798022516891529e-008	1.529406e-006	-4.191567e-007	1.699015e-006	2.382671e-008	1.027890e-005
5.798836802605816e-008	1.536036e-006	-4.266418e-007	1.697556e-006	2.383308e-008	1.027803e-005
5.799651088320103e-008	1.542633e-006	-4.333928e-007	1.696099e-006	2.383930e-008	1.027717e-005
5.800465374034389e-008	1.549195e-006	-4.394095e-007	1.694644e-006	2.384537e-008	1.027631e-005
5.801279659748676e-008	1.555723e-006	-4.446921e-007	1.693189e-006	2.385129e-008	1.027545e-005
5.802093945462963e-008	1.562216e-006	-4.492406e-007	1.691737e-006	2.385706e-008	1.027459e-005
5.802908231177249e-008	1.568676e-006	-4.530548e-007	1.690285e-006	2.386268e-008	1.027374e-005
5.803722516891536e-008	1.575101e-006	-4.561349e-007	1.688835e-006	2.386815e-008	1.027289e-005
5.804779659748680e-008	1.583333e-006	-4.592357e-007	1.686955e-006	2.387513e-008	1.027179e-005
5.805836802605824e-008	1.590905e-006	-4.620707e-007	1.685078e-006	2.388199e-008	1.027069e-005
5.806893945462968e-008	1.597817e-006	-4.646397e-007	1.683203e-006	2.388873e-008	1.026959e-005
5.807951088320112e-008	1.604069e-006	-4.669428e-007	1.681330e-006	2.389535e-008	1.026848e-005
5.809008231177256e-008	1.609661e-006	-4.689800e-007	1.679460e-006	2.390184e-008	1.026737e-005
5.810065374034400e-008	1.614592e-006	-4.707514e-007	1.677592e-006	2.390821e-008	1.026626e-005
5.811122516891544e-008	1.618864e-006	-4.722568e-007	1.675727e-006	2.391447e-008	1.026515e-005
5.812079659748688e-008	1.621429e-006	-4.739721e-007	1.674041e-006	2.392005e-008	1.026414e-005
5.813036802605832e-008	1.623576e-006	-4.758053e-007	1.672356e-006	2.392553e-008	1.026313e-005
5.813993945462976e-008	1.625305e-006	-4.777563e-007	1.670674e-006	2.393091e-008	1.026211e-005
5.814951088320120e-008	1.626616e-006	-4.798252e-007	1.668993e-006	2.393619e-008	1.026109e-005
5.815908231177264e-008	1.627509e-006	-4.820120e-007	1.667315e-006	2.394137e-008	1.026007e-005
5.816865374034408e-008	1.627983e-006	-4.843167e-007	1.665638e-006	2.394645e-008	1.025904e-005
5.817822516891552e-008	1.628039e-006	-4.867393e-007	1.663964e-006	2.395142e-008	1.025802e-005
5.818365374034410e-008	1.628540e-006	-4.882397e-007	1.663015e-006	2.395419e-008	1.025743e-005
5.818908231177267e-008	1.629005e-006	-4.897047e-007	1.662067e-006	2.395692e-008	1.025685e-005
5.819451088320125e-008	1.629435e-006	-4.911342e-007	1.661120e-006	2.395962e-008	1.025627e-005
5.819993945462983e-008	1.629829e-006	-4.925281e-007	1.660173e-006	2.396228e-008	1.025569e-005
5.820536802605841e-008	1.630188e-006	-4.938866e-007	1.659227e-006	2.396491e-008	1.025511e-005
5.821079659748698e-008	1.630512e-006	-4.952096e-007	1.658281e-006	2.396750e-008	1.025453e-005
5.821622516891556e-008	1.630800e-006	-4.964971e-007	1.657336e-006	2.397005e-008	1.025395e-005
5.821722516891556e-008	1.630841e-006	-4.967198e-007	1.657162e-006	2.397052e-008	1.025384e-005
5.822936802605844e-008	1.631051e-006	-4.992433e-007	1.655052e-006	2.397606e-008	1.025254e-005
5.824151088320130e-008	1.631163e-006	-5.012342e-007	1.652944e-006	2.398151e-008	1.025124e-005
5.825365374034418e-008	1.631177e-006	-5.026925e-007	1.650840e-006	2.398685e-008	1.024994e-005
5.826579659748704e-008	1.631093e-006	-5.036181e-007	1.648739e-006	2.399209e-008	1.024865e-005
5.827793945462992e-008	1.630911e-006	-5.040111e-007	1.646641e-006	2.399722e-008	1.024735e-005
5.829008231177278e-008	1.630632e-006	-5.038715e-007	1.644547e-006	2.400225e-008	1.024606e-005
5.830222516891566e-008	1.630254e-006	-5.031993e-007	1.642455e-006	2.400719e-008	1.024477e-005
5.831936802605854e-008	1.630096e-006	-5.010194e-007	1.639508e-006	2.401411e-008	1.024295e-005
5.833651088320141e-008	1.629492e-006	-4.985638e-007	1.636568e-006	2.402103e-008	1.024113e-005
5.835365374034429e-008	1.628442e-006	-4.958324e-007	1.633634e-006	2.402796e-008	1.023932e-005
5.837079659748716e-008	1.626946e-006	-4.928253e-007	1.630706e-006	2.403490e-008	1.023750e-005
5.838793945463004e-008	1.625004e-006	-4.895424e-007	1.627785e-006	2.404183e-008	1.023568e-005
5.840508231177292e-008	1.622616e-006	-4.859838e-007	1.624870e-006	2.404878e-008	1.023385e-005
5.842222516891579e-008	1.619783e-006	-4.821494e-007	1.621961e-006	2.405573e-008	1.023203e-005
5.843565374034438e-008	1.616797e-006	-4.796137e-007	1.619689e-006	2.406120e-008	1.023060e-005
5.844908231177297e-008	1.613618e-006	-4.770178e-007	1.617420e-006	2.406668e-008	1.022917e-005
5.846251088320155e-008	1.610245e-006	-4.743619e-007	1.615153e-006	2.407217e-008	1.022773e-005
5.847593945463014e-008	1.606678e-006	-4.716458e-007	1.612889e-006	2.407767e-008	1.022630e-005
5.848936802605873e-008	1.602918e-006	-4.688696e-007	1.610628e-006	2.408319e-008	1.022486e-005
5.850279659748731e-008	1.598963e-006	-4.660333e-007	1.608370e-006	2.408871e-008	1.022342e-005
5.851622516891590e-008	1.594814e-006	-4.631368e-007	1.606115e-006	2.409425e-008	1.022198e-005
5.851722516891590e-008	1.594517e-006	-4.629046e-007	1.605947e-006	2.409466e-008	1.022188e-005
5.853008231177306e-008	1.590716e-006	-4.597806e-007	1.603774e-006	2.409998e-008	1.022050e-005
5.854293945463022e-008	1.586969e-006	-4.564659e-007	1.601604e-006	2.410535e-008	1.021913e-005
5.855579659748737e-008	1.583278e-006	-4.529605e-007	1.599437e-006	2.411077e-008	1.021776e-005
5.856865374034453e-008	1.579642e-006	-4.492644e-007	1.597273e-006	2.411625e-008	1.021638e-005
5.858151088320169e-008	1.576061e-006	-4.453776e-007	1.595112e-006	2.412177e-008	1.021501e-005
5.859436802605885e-008	1.572535e-006	-4.413001e-007	1.592954e-006	2.412735e-008	1.021364e-005
5.860722516891600e-008	1.569064e-006	-4.370319e-007	1.590799e-006	2.413297e-008	1.021227e-005
5.862336802605888e-008	1.564724e-006	-4.315155e-007	1.588107e-006	2.414016e-008	1.021055e-005
5.863951088320175e-008	1.560209e-006	-4.260597e-007	1.585420e-006	2.414746e-008	1.020883e-005
5.865565374034463e-008	1.555517e-006	-4.206646e-007	1.582740e-006	2.415487e-008	1.020711e-005
5.867179659748750e-008	1.550650e-006	-4.153301e-007	1.580067e-006	2.416239e-008	1.020539e-005
5.868793945463038e-008	1.545606e-006	-4.100563e-007	1.577399e-006	2.417002e-008	1.020367e-005
5.870408231177325e-008	1.540387e-006	-4.048432e-007	1.574738e-006	2.417776e-008	1.020194e-005
5.872022516891613e-008	1.534993e-006	-3.996907e-007	1.572083e-006	2.418562e-008	1.020022e-005
5.873393945463043e-008	1.530190e-006	-3.954807e-007	1.569832e-006	2.419235e-008	1.019875e-005
5.874765374034474e-008	1.525387e-006	-3.912288e-007	1.567585e-006	2.419916e-008	1.019728e-005
5.876136802605904e-008	1.520586e-006	-3.869351e-007	1.565342e-006	2.420604e-008	1.019581e-005
5.877508231177333e-008	1.515785e-006	-3.825995e-007	1.563103e-006	2.421298e-008	1.019434e-005
5.878879659748764e-008	1.510985e-006	-3.782221e-007	1.560868e-006	2.422000e-008	1.019287e-005
5.880251088320194e-008	1.506186e-006	-3.738029e-007	1.558638e-006	2.422709e-008	1.019140e-005
5.881622516891624e-008	1.501388e-006	-3.693418e-007	1.556411e-006	2.423425e-008	1.018993e-005
5.881722516891624e-008	1.501046e-006	-3.690088e-007	1.556249e-006	2.423478e-008	1.018983e-005
5.884179659748770e-008	1.492985e-006	-3.604031e-007	1.552271e-006	2.424783e-008	1.018720e-005
5.886636802605916e-008	1.484882e-006	-3.518125e-007	1.548307e-006	2.426116e-008	1.018457e-005
5.889093945463061e-008	1.476738e-006	-3.432371e-007	1.544357e-006	2.427479e-008	1.018194e-005
5.891551088320207e-008	1.468554e-006	-3.346768e-007	1.540419e-006	2.428870e-008	1.017931e-005
5.894008231177352e-008	1.460327e-006	-3.261317e-007	1.536495e-006	2.430289e-008	1.017668e-005
5.896465374034498e-008	1.452060e-006	-3.176018e-007	1.532584e-006	2.431738e-008	1.017405e-005
5.898922516891644e-008	1.443752e-006	-3.090871e-007	1.528687e-006	2.433215e-008	1.017142e-005
5.900736802605932e-008	1.437316e-006	-3.031178e-007	1.525817e-006	2.434320e-008	1.016947e-005
5.902551088320219e-008	1.430925e-006	-2.971178e-007	1.522954e-006	2.435440e-008	1.016753e-005
5.904365374034507e-008	1.424578e-006	-2.910869e-007	1.520098e-006	2.436574e-008	1.016558e-005
5.906179659748795e-008	1.418274e-006	-2.850253e-007	1.517249e-006	2.437721e-008	1.016364e-005
5.907993945463083e-008	1.412014e-006	-2.789329e-007	1.514407e-006	2.438883e-008	1.016169e-005
5.909808231177370e-008	1.405799e-006	-2.728097e-007	1.511571e-006	2.440058e-008	1.015974e-005
5.911622516891658e-008	1.399627e-006	-2.666557e-007	1.508743e-006	2.441247e-008	1.015780e-005
5.911722516891658e-008	1.399292e-006	-2.663122e-007	1.508587e-006	2.441313e-008	1.015769e-005
5.913979659748804e-008	1.391876e-006	-2.584307e-007	1.505078e-006	2.442816e-008	1.015527e-005
5.916236802605949e-008	1.384433e-006	-2.506176e-007	1.501579e-006	2.444341e-008	1.015285e-005
5.918493945463095e-008	1.376964e-006	-2.428732e-007	1.498091e-006	2.445889e-008	1.015043e-005
5.920751088320240e-008	1.369469e-006	-2.351972e-007	1.494612e-006	2.447459e-008	1.014800e-005
5.923008231177385e-008	1.361947e-006	-2.275897e-007	1.491143e-006	2.449052e-008	1.014558e-005
5.925265374034531e-008	1.354399e-006	-2.200508e-007	1.487685e-006	2.450667e-008	1.014316e-005
5.927522516891676e-008	1.346824e-006	-2.125804e-007	1.484237e-006	2.452304e-008	1.014073e-005
5.929536802605964e-008	1.339973e-006	-2.060442e-007	1.481168e-006	2.453781e-008	1.013857e-005
5.931551088320252e-008	1.333181e-006	-1.994884e-007	1.478107e-006	2.455274e-008	1.013640e-005
5.933565374034540e-008	1.326449e-006	-1.929129e-007	1.475053e-006	2.456784e-008	1.013424e-005
5.935579659748828e-008	1.319776e-006	-1.863177e-007	1.472008e-006	2.458310e-008	1.013207e-005
5.937593945463116e-008	1.313163e-006	-1.797028e-007	1.468970e-006	2.459852e-008	1.012991e-005
5.939608231177404e-008	1.306608e-006	-1.730682e-007	1.465940e-006	2.461410e-008	1.012774e-005
5.941622516891692e-008	1.300114e-006	-1.664140e-007	1.462917e-006	2.462985e-008	1.012558e-005
5.941722516891692e-008	1.299793e-006	-1.660831e-007	1.462768e-006	2.463064e-008	1.012547e-005
5.944022516891695e-008	1.292454e-006	-1.584648e-007	1.459326e-006	2.464884e-008	1.012300e-005
5.946322516891698e-008	1.285104e-006	-1.509142e-007	1.455895e-006	2.466725e-008	1.012053e-005
5.948622516891700e-008	1.277740e-006	-1.434312e-007	1.452473e-006	2.468587e-008	1.011805e-005
5.950922516891703e-008	1.270365e-006	-1.360159e-007	1.449061e-006	2.470469e-008	1.011558e-005
5.953222516891705e-008	1.262977e-006	-1.286683e-007	1.445659e-006	2.472371e-008	1.011310e-005
5.955522516891708e-008	1.255577e-006	-1.213884e-007	1.442267e-006	2.474294e-008	1.011063e-005
5.957822516891711e-008	1.248165e-006	-1.141761e-007	1.438884e-006	2.476237e-008	1.010815e-005
5.959793945463141e-008	1.241857e-006	-1.079917e-007	1.435993e-006	2.477917e-008	1.010603e-005
5.961765374034572e-008	1.235594e-006	-1.018040e-007	1.433108e-006	2.479610e-008	1.010390e-005
5.963736802606003e-008	1.229376e-006	-9.561276e-008	1.430230e-006	2.481318e-008	1.010178e-005
5.965708231177434e-008	1.223202e-006	-8.941814e-008	1.427359e-006	2.483040e-008	1.009966e-005
5.967679659748864e-008	1.217073e-006	-8.322009e-008	1.424496e-006	2.484776e-008	1.009753e-005
5.969651088320295e-008	1.210988e-006	-7.701862e-008	1.421639e-006	2.486526e-008	1.009541e-005
5.971622516891726e-008	1.204948e-006	-7.081373e-008	1.418789e-006	2.488290e-008	1.009329e-005
5.971722516891726e-008	1.204641e-006	-7.050047e-008	1.418645e-006	2.488380e-008	1.009318e-005
5.972251088320298e-008	1.202634e-006	-6.870825e-008	1.417882e-006	2.488856e-008	1.009261e-005
5.972779659748870e-008	1.201004e-006	-6.705478e-008	1.417120e-006	2.489332e-008	1.009204e-005
5.973308231177442e-008	1.199751e-006	-6.554006e-008	1.416358e-006	2.489810e-008	1.009147e-005
5.973836802606013e-008	1.198876e-006	-6.416408e-008	1.415596e-006	2.490288e-008	1.009090e-005
5.974365374034586e-008	1.198377e-006	-6.292684e-008	1.414836e-006	2.490766e-008	1.009034e-005
5.974893945463157e-008	1.198257e-006	-6.182836e-008	1.414075e-006	2.491245e-008	1.008977e-005
5.975422516891730e-008	1.198513e-006	-6.086862e-008	1.413315e-006	2.491725e-008	1.008921e-005
5.975808231177445e-008	1.199439e-006	-6.041788e-008	1.412761e-006	2.492075e-008	1.008880e-005
5.976193945463159e-008	1.201068e-006	-6.025540e-008	1.412207e-006	2.492424e-008	1.008839e-005
5.976579659748874e-008	1.203400e-006	-6.038117e-008	1.411654e-006	2.492772e-008	1.008798e-005
5.976965374034589e-008	1.206436e-006	-6.079520e-008	1.411100e-006	2.493119e-008	1.008758e-005
5.977351088320304e-008	1.210176e-006	-6.149748e-008	1.410547e-006	2.493464e-008	1.008717e-005
5.977736802606018e-008	1.214618e-006	-6.248801e-008	1.409994e-006	2.493808e-008	1.008677e-005
5.978122516891733e-008	1.219764e-006	-6.376679e-008	1.409442e-006	2.494151e-008	1.008637e-005
5.978522516891733e-008	1.226061e-006	-6.548400e-008	1.408869e-006	2.494505e-008	1.008596e-005
5.978922516891734e-008	1.233506e-006	-6.779616e-008	1.408296e-006	2.494854e-008	1.008555e-005
5.979322516891734e-008	1.242100e-006	-7.070327e-008	1.407724e-006	2.495199e-008	1.008515e-005
5.979722516891735e-008	1.251842e-006	-7.420533e-008	1.407152e-006	2.495539e-008	1.008474e-005
5.980122516891735e-008	1.262733e-006	-7.830234e-008	1.406580e-006	2.495874e-008	1.008434e-005
5.980522516891736e-008	1.274772e-006	-8.299430e-008	1.406009e-006	2.496204e-008	1.008394e-005
5.980922516891736e-008	1.287959e-006	-8.828121e-008	1.405438e-006	2.496530e-008	1.008354e-005
5.981651088320309e-008	1.315365e-006	-9.927057e-008	1.404398e-006	2.497120e-008	1.008283e-005
5.982379659748880e-008	1.347640e-006	-1.140705e-007	1.403360e-006	2.497663e-008	1.008212e-005
5.983108231177453e-008	1.384784e-006	-1.326810e-007	1.402322e-006	2.498159e-008	1.008141e-005
5.983836802606025e-008	1.426797e-006	-1.551022e-007	1.401285e-006	2.498609e-008	1.008071e-005
5.984565374034598e-008	1.473680e-006	-1.813339e-007	1.400249e-006	2.499011e-008	1.008001e-005
5.985293945463169e-008	1.525431e-006	-2.113761e-007	1.399214e-006	2.499367e-008	1.007932e-005
5.986022516891742e-008	1.582051e-006	-2.452290e-007	1.398180e-006	2.499677e-008	1.007864e-005
5.986736802606028e-008	1.643093e-006	-2.838530e-007	1.397167e-006	2.499912e-008	1.007796e-005
5.987451088320315e-008	1.707760e-006	-3.278824e-007	1.396155e-006	2.500039e-008	1.007728e-005
5.988165374034602e-008	1.776055e-006	-3.773171e-007	1.395144e-006	2.500057e-008	1.007660e-005
5.988879659748888e-008	1.847975e-006	-4.321571e-007	1.394134e-006	2.499966e-008	1.007590e-005
5.989593945463174e-008	1.923522e-006	-4.924025e-007	1.393125e-006	2.499766e-008	1.007520e-005
5.990308231177461e-008	2.002695e-006	-5.580532e-007	1.392116e-006	2.499458e-008	1.007449e-005
5.991022516891748e-008	2.085495e-006	-6.291093e-007	1.391109e-006	2.499041e-008	1.007378e-005
5.991836802606034e-008	2.182749e-006	-7.182549e-007	1.389961e-006	2.498387e-008	1.007294e-005
5.992651088320321e-008	2.281440e-006	-8.126209e-007	1.388815e-006	2.497500e-008	1.007208e-005
5.993465374034608e-008	2.381566e-006	-9.122073e-007	1.387669e-006	2.496378e-008	1.007121e-005
5.994279659748894e-008	2.483127e-006	-1.017014e-006	1.386525e-006	2.495023e-008	1.007032e-005
5.995093945463180e-008	2.586125e-006	-1.127041e-006	1.385382e-006	2.493433e-008	1.006942e-005
5.995908231177468e-008	2.690558e-006	-1.242289e-006	1.384240e-006	2.491609e-008	1.006850e-005
5.996722516891754e-008	2.796427e-006	-1.362757e-006	1.383100e-006	2.489552e-008	1.006757e-005
5.997422516891755e-008	2.887226e-006	-1.468178e-006	1.382120e-006	2.487551e-008	1.006675e-005
5.998122516891756e-008	2.978004e-006	-1.574060e-006	1.381141e-006	2.485347e-008	1.006594e-005
5.998822516891756e-008	3.068760e-006	-1.680403e-006	1.380163e-006	2.482942e-008	1.006512e-005
5.999522516891757e-008	3.159493e-006	-1.787206e-006	1.379185e-006	2.480334e-008	1.006430e-005
6.000222516891758e-008	3.250205e-006	-1.894471e-006	1.378209e-006	2.477524e-008	1.006347e-005
6.000922516891759e-008	3.340895e-006	-2.002196e-006	1.377233e-006	2.474511e-008	1.006265e-005
6.001622516891760e-008	3.431563e-006	-2.110382e-006	1.376259e-006	2.471297e-008	1.006182e-005
6.001722516891760e-008	3.444464e-006	-2.125637e-006	1.376119e-006	2.470821e-008	1.006170e-005
6.003193945463189e-008	3.635470e-006	-2.349753e-006	1.374073e-006	2.463267e-008	1.005998e-005
6.004665374034620e-008	3.822216e-006	-2.565579e-006	1.372031e-006	2.454932e-008	1.005827e-005
6.006136802606050e-008	4.004701e-006	-2.773115e-006	1.369992e-006	2.445816e-008	1.005658e-005
6.007608231177481e-008	4.182926e-006	-2.972361e-006	1.367957e-006	2.435920e-008	1.005490e-005
6.009079659748911e-008	4.356891e-006	-3.163316e-006	1.365925e-006	2.425244e-008	1.005324e-005
6.010551088320342e-008	4.526596e-006	-3.345981e-006	1.363897e-006	2.413787e-008	1.005160e-005
6.012022516891771e-008	4.692040e-006	-3.520357e-006	1.361873e-006	2.401550e-008	1.004997e-005
6.014136802606059e-008	4.907493e-006	-3.748337e-006	1.358970e-006	2.382694e-008	1.004764e-005
6.016251088320348e-008	5.107101e-006	-3.958320e-006	1.356075e-006	2.362906e-008	1.004531e-005
6.018365374034636e-008	5.290864e-006	-4.150305e-006	1.353187e-006	2.342185e-008	1.004299e-005
6.020479659748924e-008	5.458780e-006	-4.324291e-006	1.350307e-006	2.320532e-008	1.004068e-005
6.022593945463211e-008	5.610851e-006	-4.480280e-006	1.347434e-006	2.297945e-008	1.003838e-005
6.024708231177500e-008	5.747077e-006	-4.618270e-006	1.344568e-006	2.274425e-008	1.003609e-005
6.026822516891788e-008	5.867457e-006	-4.738262e-006	1.341709e-006	2.249972e-008	1.003380e-005
6.031722516891794e-008	6.110748e-006	-4.979671e-006	1.335112e-006	2.191662e-008	1.002851e-005
6.035993945463227e-008	6.268167e-006	-5.136410e-006	1.329394e-006	2.138106e-008	1.002390e-005
6.040265374034661e-008	6.404022e-006	-5.271786e-006	1.323704e-006	2.083811e-008	1.001928e-005
6.044536802606094e-008	6.518312e-006	-5.385800e-006	1.318042e-006	2.028777e-008	1.001466e-005
6.048808231177528e-008	6.611038e-006	-5.478451e-006	1.312410e-006	1.973003e-008	1.001004e-005
6.053079659748961e-008	6.682199e-006	-5.549740e-006	1.306806e-006	1.916491e-008	1.000541e-005
6.057351088320395e-008	6.731796e-006	-5.599666e-006	1.301231e-006	1.859239e-008	1.000079e-005
6.061622516891828e-008	6.759829e-006	-5.628230e-006	1.295685e-006	1.801249e-008	9.996163e-006
6.061722516891828e-008	6.760570e-006	-5.628972e-006	1.295555e-006	1.799903e-008	9.996055e-006
6.065993945463261e-008	6.784198e-006	-5.652653e-006	1.290038e-006	1.742241e-008	9.991430e-006
6.070265374034695e-008	6.802163e-006	-5.670662e-006	1.284548e-006	1.684813e-008	9.986804e-006
6.074536802606128e-008	6.814465e-006	-5.682998e-006	1.279085e-006	1.627618e-008	9.982178e-006
6.078808231177562e-008	6.821104e-006	-5.689663e-006	1.273651e-006	1.570655e-008	9.977551e-006
6.083079659748995e-008	6.822080e-006	-5.690655e-006	1.268243e-006	1.513926e-008	9.972923e-006
6.087351088320429e-008	6.817392e-006	-5.685975e-006	1.262863e-006	1.457431e-008	9.968295e-006
6.091622516891862e-008	6.807042e-006	-5.675623e-006	1.257511e-006	1.401168e-008	9.963666e-006
6.091722516891862e-008	6.806823e-006	-5.675404e-006	1.257386e-006	1.399859e-008	9.963558e-006
6.121722516891896e-008	6.696261e-006	-5.564741e-006	1.220547e-006	1.018282e-008	9.931033e-006
6.151722516891930e-008	6.548161e-006	-5.416454e-006	1.184984e-006	6.611984e-009	9.898485e-006
6.154193945463361e-008	6.535504e-006	-5.403781e-006	1.182110e-006	6.329063e-009	9.895803e-006
6.156665374034793e-008	6.522841e-006	-5.391102e-006	1.179244e-006	6.047831e-009	9.893120e-006
6.159136802606224e-008	6.510172e-006	-5.378416e-006	1.176386e-006	5.768289e-009	9.890438e-006
6.161608231177656e-008	6.497496e-006	-5.365723e-006	1.173536e-006	5.490436e-009	9.887756e-006
6.164079659749086e-008	6.484813e-006	-5.353024e-006	1.170694e-006	5.214274e-009	9.885073e-006
6.166551088320519e-008	6.472124e-006	-5.340318e-006	1.167859e-006	4.939802e-009	9.882391e-006
6.169022516891949e-008	6.459429e-006	-5.327606e-006	1.165033e-006	4.667019e-009	9.879708e-006
6.170536802606236e-008	6.451655e-006	-5.319821e-006	1.163305e-006	4.500703e-009	9.878064e-006
6.172051088320525e-008	6.443903e-006	-5.312052e-006	1.161560e-006	4.335009e-009	9.876420e-006
6.173565374034812e-008	6.436173e-006	-5.304300e-006	1.159798e-006	4.169937e-009	9.874777e-006
6.175079659749099e-008	6.428464e-006	-5.296564e-006	1.158020e-006	4.005486e-009	9.873133e-006
6.176593945463386e-008	6.420777e-006	-5.288845e-006	1.156224e-006	3.841658e-009	9.871489e-006
6.178108231177674e-008	6.413111e-006	-5.281142e-006	1.154412e-006	3.678451e-009	9.869845e-006
6.179622516891961e-008	6.405467e-006	-5.273456e-006	1.152584e-006	3.515866e-009	9.868201e-006
6.181722516891964e-008	6.394931e-006	-5.262858e-006	1.150009e-006	3.291405e-009	9.865922e-006
6.184308231177681e-008	6.382067e-006	-5.249924e-006	1.146773e-006	3.016669e-009	9.863115e-006
6.186893945463398e-008	6.369251e-006	-5.237057e-006	1.143536e-006	2.743675e-009	9.860308e-006
6.189479659749115e-008	6.356483e-006	-5.224255e-006	1.140296e-006	2.472424e-009	9.857500e-006
6.192065374034833e-008	6.343762e-006	-5.211519e-006	1.137055e-006	2.202916e-009	9.854693e-006
6.194651088320550e-008	6.331089e-006	-5.198848e-006	1.133811e-006	1.935150e-009	9.851886e-006
6.197236802606267e-008	6.318464e-006	-5.186244e-006	1.130565e-006	1.669127e-009	9.849078e-006
6.199822516891984e-008	6.305887e-006	-5.173705e-006	1.127318e-006	1.404846e-009	9.846271e-006
6.211722516891998e-008	6.247960e-006	-5.115878e-006	1.112684e-006	2.104354e-010	9.833348e-006
6.213108231177714e-008	6.241216e-006	-5.109135e-006	1.111004e-006	7.368442e-011	9.831843e-006
6.214493945463429e-008	6.234471e-006	-5.102390e-006	1.109326e-006	-6.258468e-011	9.830339e-006
6.215879659749145e-008	6.227725e-006	-5.095644e-006	1.107649e-006	-1.983719e-010	9.828834e-006
6.217265374034861e-008	6.220980e-006	-5.088896e-006	1.105974e-006	-3.336773e-010	9.827329e-006
6.218651088320578e-008	6.214233e-006	-5.082146e-006	1.104299e-006	-4.685008e-010	9.825824e-006
6.220036802606293e-008	6.207486e-006	-5.075396e-006	1.102626e-006	-6.028425e-010	9.824320e-006
6.221422516892009e-008	6.200739e-006	-5.068643e-006	1.100954e-006	-7.367023e-010	9.822815e-006
6.241722516892032e-008	6.102141e-006	-4.969942e-006	1.076899e-006	-2.643253e-009	9.800770e-006
6.245308231177751e-008	6.086198e-006	-4.952717e-006	1.072733e-006	-2.969225e-009	9.796882e-006
6.248893945463468e-008	6.070561e-006	-4.936279e-006	1.068590e-006	-3.292411e-009	9.792992e-006
6.252479659749187e-008	6.055231e-006	-4.920628e-006	1.064469e-006	-3.612812e-009	9.789099e-006
6.256065374034905e-008	6.040207e-006	-4.905763e-006	1.060372e-006	-3.930428e-009	9.785205e-006
6.259651088320624e-008	6.025489e-006	-4.891686e-006	1.056297e-006	-4.245258e-009	9.781309e-006
6.263236802606342e-008	6.011077e-006	-4.878395e-006	1.052245e-006	-4.557303e-009	9.777411e-006
6.266822516892060e-008	5.996972e-006	-4.865891e-006	1.048216e-006	-4.866562e-009	9.773511e-006
6.271722516892066e-008	5.975035e-006	-4.844330e-006	1.042745e-006	-5.284877e-009	9.768189e-006
6.275993945463499e-008	5.955915e-006	-4.824540e-006	1.038010e-006	-5.645071e-009	9.763554e-006
6.280265374034933e-008	5.936558e-006	-4.804662e-006	1.033305e-006	-6.001140e-009	9.758919e-006
6.284536802606366e-008	5.916961e-006	-4.784696e-006	1.028629e-006	-6.353085e-009	9.754283e-006
6.288808231177800e-008	5.897125e-006	-4.764642e-006	1.023984e-006	-6.700905e-009	9.749647e-006
6.293079659749233e-008	5.877051e-006	-4.744499e-006	1.019369e-006	-7.044601e-009	9.745010e-006
6.297351088320667e-008	5.856738e-006	-4.724269e-006	1.014783e-006	-7.384173e-009	9.740373e-006
6.301622516892100e-008	5.836187e-006	-4.703951e-006	1.010228e-006	-7.719620e-009	9.735735e-006
6.301722516892100e-008	5.835713e-006	-4.703475e-006	1.010121e-006	-7.727425e-009	9.735627e-006
6.331722516892134e-008	5.696451e-006	-4.563790e-006	9.789314e-007	-9.969974e-009	9.703072e-006
6.361722516892168e-008	5.564897e-006	-4.431992e-006	9.490983e-007	-1.202420e-008	9.670534e-006
6.363408231177884e-008	5.557733e-006	-4.424817e-006	9.474609e-007	-1.213431e-008	9.668707e-006
6.365093945463600e-008	5.550591e-006	-4.417664e-006	9.458275e-007	-1.224387e-008	9.666879e-006
6.366779659749316e-008	5.543472e-006	-4.410533e-006	9.441980e-007	-1.235289e-008	9.665052e-006
6.368465374035033e-008	5.536375e-006	-4.403425e-006	9.425724e-007	-1.246136e-008	9.663224e-006
6.370151088320749e-008	5.529300e-006	-4.396338e-006	9.409507e-007	-1.256929e-008	9.661397e-006
6.371836802606465e-008	5.522248e-006	-4.389274e-006	9.393329e-007	-1.267667e-008	9.659569e-006
6.373522516892181e-008	5.515218e-006	-4.382232e-006	9.377191e-007	-1.278350e-008	9.657741e-006
6.375436802606469e-008	5.507260e-006	-4.374262e-006	9.359692e-007	-1.290417e-008	9.655667e-006
6.377351088320758e-008	5.499328e-006	-4.366318e-006	9.340735e-007	-1.302416e-008	9.653592e-006
6.379265374035045e-008	5.491422e-006	-4.358400e-006	9.320319e-007	-1.314346e-008	9.651517e-006
6.381179659749333e-008	5.483542e-006	-4.350509e-006	9.298444e-007	-1.326207e-008	9.649443e-006
6.383093945463620e-008	5.475689e-006	-4.342644e-006	9.275112e-007	-1.338001e-008	9.647368e-006
6.385008231177909e-008	5.467861e-006	-4.334805e-006	9.250320e-007	-1.349726e-008	9.645294e-006
6.386922516892196e-008	5.460059e-006	-4.326992e-006	9.224070e-007	-1.361382e-008	9.643220e-006
6.387593945463625e-008	5.457328e-006	-4.324257e-006	9.213899e-007	-1.365455e-008	9.642492e-006
6.388265374035055e-008	5.454600e-006	-4.321526e-006	9.203396e-007	-1.369519e-008	9.641764e-006
6.388936802606484e-008	5.451876e-006	-4.318797e-006	9.192562e-007	-1.373575e-008	9.641037e-006
6.389608231177914e-008	5.449154e-006	-4.316071e-006	9.181398e-007	-1.377623e-008	9.640309e-006
6.390279659749343e-008	5.446435e-006	-4.313349e-006	9.169902e-007	-1.381663e-008	9.639582e-006
6.390951088320773e-008	5.443720e-006	-4.310629e-006	9.158076e-007	-1.385694e-008	9.638854e-006
6.391622516892202e-008	5.441007e-006	-4.307913e-006	9.145918e-007	-1.389717e-008	9.638126e-006
6.391722516892202e-008	5.440603e-006	-4.307508e-006	9.144081e-007	-1.390316e-008	9.638018e-006
6.393079659749346e-008	5.435130e-006	-4.302028e-006	9.118209e-007	-1.398419e-008	9.636548e-006
6.394436802606490e-008	5.429669e-006	-4.296559e-006	9.091437e-007	-1.406490e-008	9.635078e-006
6.395793945463635e-008	5.424220e-006	-4.291102e-006	9.063766e-007	-1.414527e-008	9.633607e-006
6.397151088320780e-008	5.418783e-006	-4.285656e-006	9.035196e-007	-1.422531e-008	9.632137e-006
6.398508231177924e-008	5.413357e-006	-4.280223e-006	9.005727e-007	-1.430501e-008	9.630667e-006
6.399865374035068e-008	5.407943e-006	-4.274802e-006	8.975359e-007	-1.438438e-008	9.629197e-006
6.401222516892213e-008	5.402542e-006	-4.269392e-006	8.944093e-007	-1.446342e-008	9.627726e-006
6.401722516892213e-008	5.400554e-006	-4.267402e-006	8.932528e-007	-1.449246e-008	9.627185e-006
6.402222516892214e-008	5.398569e-006	-4.265413e-006	8.920906e-007	-1.452145e-008	9.626643e-006
6.402722516892214e-008	5.396584e-006	-4.263426e-006	8.909227e-007	-1.455040e-008	9.626102e-006
6.403222516892215e-008	5.394602e-006	-4.261441e-006	8.897491e-007	-1.457930e-008	9.625560e-006
6.403722516892216e-008	5.392620e-006	-4.259457e-006	8.885698e-007	-1.460816e-008	9.625019e-006
6.404222516892216e-008	5.390641e-006	-4.257475e-006	8.873847e-007	-1.463697e-008	9.624477e-006
6.404722516892217e-008	5.388663e-006	-4.255494e-006	8.861940e-007	-1.466574e-008	9.623936e-006
6.405065374035074e-008	5.387307e-006	-4.254136e-006	8.853753e-007	-1.468544e-008	9.623564e-006
6.405408231177932e-008	5.385953e-006	-4.252780e-006	8.845548e-007	-1.470512e-008	9.623193e-006
6.405751088320790e-008	5.384598e-006	-4.251424e-006	8.837326e-007	-1.472478e-008	9.622822e-006
6.406093945463646e-008	5.383245e-006	-4.250068e-006	8.829086e-007	-1.474442e-008	9.622450e-006
6.406436802606504e-008	5.381892e-006	-4.248714e-006	8.820828e-007	-1.476404e-008	9.622079e-006
6.406779659749362e-008	5.380540e-006	-4.247360e-006	8.812553e-007	-1.478363e-008	9.621708e-006
6.407122516892219e-008	5.379189e-006	-4.246007e-006	8.804260e-007	-1.480321e-008	9.621336e-006
6.407722516892220e-008	5.376826e-006	-4.243641e-006	8.789708e-007	-1.483742e-008	9.620687e-006
6.408322516892221e-008	5.374465e-006	-4.241277e-006	8.775125e-007	-1.487156e-008	9.620037e-006
6.408922516892221e-008	5.372106e-006	-4.238915e-006	8.760510e-007	-1.490564e-008	9.619387e-006
6.409522516892222e-008	5.369750e-006	-4.236555e-006	8.745864e-007	-1.493966e-008	9.618738e-006
6.410122516892223e-008	5.367395e-006	-4.234197e-006	8.731185e-007	-1.497362e-008	9.618088e-006
6.410722516892223e-008	5.365043e-006	-4.231842e-006	8.716476e-007	-1.500751e-008	9.617438e-006
6.411322516892224e-008	5.362693e-006	-4.229488e-006	8.701734e-007	-1.504134e-008	9.616788e-006
6.411736802606510e-008	5.361072e-006	-4.227865e-006	8.691547e-007	-1.506466e-008	9.616339e-006
6.412151088320797e-008	5.359451e-006	-4.226242e-006	8.681362e-007	-1.508795e-008	9.615891e-006
6.412565374035083e-008	5.357831e-006	-4.224620e-006	8.671180e-007	-1.511121e-008	9.615442e-006
6.412979659749369e-008	5.356213e-006	-4.223000e-006	8.661000e-007	-1.513444e-008	9.614994e-006
6.413393945463654e-008	5.354595e-006	-4.221380e-006	8.650822e-007	-1.515764e-008	9.614545e-006
6.413808231177942e-008	5.352979e-006	-4.219761e-006	8.640647e-007	-1.518081e-008	9.614097e-006
6.414222516892227e-008	5.351364e-006	-4.218144e-006	8.630474e-007	-1.520395e-008	9.613648e-006
6.415279659749371e-008	5.347246e-006	-4.214021e-006	8.604567e-007	-1.526287e-008	9.612503e-006
6.416336802606515e-008	5.343134e-006	-4.209904e-006	8.578707e-007	-1.532159e-008	9.611359e-006
6.417393945463659e-008	5.339029e-006	-4.205793e-006	8.552895e-007	-1.538012e-008	9.610214e-006
6.418451088320804e-008	5.334930e-006	-4.201689e-006	8.527131e-007	-1.543845e-008	9.609070e-006
6.419508231177948e-008	5.330838e-006	-4.197591e-006	8.501414e-007	-1.549659e-008	9.607925e-006
6.420565374035092e-008	5.326752e-006	-4.193500e-006	8.475746e-007	-1.555454e-008	9.606781e-006
6.421622516892236e-008	5.322673e-006	-4.189415e-006	8.450125e-007	-1.561230e-008	9.605636e-006
6.421722516892236e-008	5.322288e-006	-4.189029e-006	8.447703e-007	-1.561776e-008	9.605528e-006
6.425993945463669e-008	5.305873e-006	-4.172593e-006	8.344711e-007	-1.584905e-008	9.600905e-006
6.430265374035103e-008	5.289555e-006	-4.156253e-006	8.242375e-007	-1.607733e-008	9.596282e-006
6.434536802606536e-008	5.273333e-006	-4.140010e-006	8.140696e-007	-1.630259e-008	9.591659e-006
6.438808231177970e-008	5.257207e-006	-4.123862e-006	8.039674e-007	-1.652484e-008	9.587038e-006
6.443079659749403e-008	5.241177e-006	-4.107811e-006	7.939309e-007	-1.674408e-008	9.582417e-006
6.447351088320837e-008	5.225243e-006	-4.091856e-006	7.839601e-007	-1.696030e-008	9.577796e-006
6.451622516892270e-008	5.209405e-006	-4.075998e-006	7.740549e-007	-1.717351e-008	9.573177e-006
6.451722516892270e-008	5.209035e-006	-4.075628e-006	7.738236e-007	-1.717847e-008	9.573068e-006
6.481622516892304e-008	5.100635e-006	-3.967090e-006	7.060859e-007	-1.859075e-008	9.540750e-006
6.481722516892304e-008	5.100279e-006	-3.966734e-006	7.058639e-007	-1.859524e-008	9.540642e-006
6.511722516892338e-008	4.995645e-006	-3.861970e-006	6.405892e-007	-1.987688e-008	9.508255e-006
6.541722516892372e-008	4.894877e-006	-3.761078e-006	5.778390e-007	-2.103145e-008	9.475909e-006
6.571722516892406e-008	4.800757e-006	-3.665156e-006	5.174967e-007	-2.206656e-008	9.443615e-006
6.573922516892409e-008	4.801336e-006	-3.660937e-006	5.131642e-007	-2.213766e-008	9.441268e-006
6.576122516892411e-008	4.803838e-006	-3.659543e-006	5.088437e-007	-2.220884e-008	9.438918e-006
6.578322516892413e-008	4.808263e-006	-3.660974e-006	5.045351e-007	-2.228012e-008	9.436564e-006
6.580522516892416e-008	4.814609e-006	-3.665228e-006	5.002385e-007	-2.235148e-008	9.434207e-006
6.582722516892418e-008	4.822878e-006	-3.672308e-006	4.959538e-007	-2.242292e-008	9.431847e-006
6.584922516892421e-008	4.833069e-006	-3.682212e-006	4.916811e-007	-2.249446e-008	9.429483e-006
6.587122516892423e-008	4.845183e-006	-3.694940e-006	4.874203e-007	-2.256608e-008	9.427116e-006
6.589193945463854e-008	4.853110e-006	-3.707491e-006	4.834183e-007	-2.263460e-008	9.424870e-006
6.591265374035286e-008	4.860040e-006	-3.718535e-006	4.794266e-007	-2.270341e-008	9.422627e-006
6.593336802606716e-008	4.865973e-006	-3.728071e-006	4.754454e-007	-2.277252e-008	9.420385e-006
6.595408231178148e-008	4.870908e-006	-3.736099e-006	4.714744e-007	-2.284191e-008	9.418146e-006
6.597479659749578e-008	4.874847e-006	-3.742620e-006	4.675139e-007	-2.291161e-008	9.415909e-006
6.599551088321010e-008	4.877788e-006	-3.747634e-006	4.635637e-007	-2.298159e-008	9.413675e-006
6.601622516892440e-008	4.879732e-006	-3.751140e-006	4.596238e-007	-2.305187e-008	9.411442e-006
6.601722516892440e-008	4.879811e-006	-3.751237e-006	4.594339e-007	-2.305525e-008	9.411335e-006
6.605722516892445e-008	4.880303e-006	-3.749705e-006	4.518575e-007	-2.319063e-008	9.407046e-006
6.609722516892449e-008	4.878937e-006	-3.746767e-006	4.443201e-007	-2.332467e-008	9.402757e-006
6.613722516892454e-008	4.875713e-006	-3.742421e-006	4.368217e-007	-2.345739e-008	9.398466e-006
6.617722516892458e-008	4.870632e-006	-3.736668e-006	4.293624e-007	-2.358876e-008	9.394175e-006
6.621722516892463e-008	4.863693e-006	-3.729508e-006	4.219420e-007	-2.371881e-008	9.389883e-006
6.625722516892467e-008	4.854896e-006	-3.720941e-006	4.145607e-007	-2.384751e-008	9.385590e-006
6.629722516892472e-008	4.844242e-006	-3.710966e-006	4.072184e-007	-2.397489e-008	9.381296e-006
6.631722516892474e-008	4.838503e-006	-3.705859e-006	4.035614e-007	-2.403784e-008	9.379148e-006
6.634322516892477e-008	4.830797e-006	-3.698349e-006	3.988219e-007	-2.411907e-008	9.376358e-006
6.636922516892480e-008	4.822850e-006	-3.690498e-006	3.940982e-007	-2.419944e-008	9.373570e-006
6.639522516892483e-008	4.814659e-006	-3.682306e-006	3.893905e-007	-2.427895e-008	9.370782e-006
6.642122516892486e-008	4.806227e-006	-3.673772e-006	3.846986e-007	-2.435760e-008	9.367996e-006
6.644722516892489e-008	4.797552e-006	-3.664897e-006	3.800227e-007	-2.443540e-008	9.365210e-006
6.647322516892492e-008	4.788634e-006	-3.655681e-006	3.753627e-007	-2.451233e-008	9.362424e-006
6.649922516892495e-008	4.779474e-006	-3.646123e-006	3.707187e-007	-2.458840e-008	9.359640e-006
6.650808231178210e-008	4.776293e-006	-3.642925e-006	3.691384e-007	-2.461410e-008	9.358691e-006
6.651693945463925e-008	4.773093e-006	-3.639717e-006	3.675584e-007	-2.463969e-008	9.357742e-006
6.652579659749640e-008	4.769874e-006	-3.636498e-006	3.659786e-007	-2.466517e-008	9.356793e-006
6.653465374035356e-008	4.766637e-006	-3.633268e-006	3.643989e-007	-2.469055e-008	9.355844e-006
6.654351088321072e-008	4.763381e-006	-3.630028e-006	3.628195e-007	-2.471582e-008	9.354895e-006
6.655236802606786e-008	4.760106e-006	-3.626776e-006	3.612403e-007	-2.474099e-008	9.353946e-006
6.656122516892502e-008	4.756813e-006	-3.623514e-006	3.596613e-007	-2.476606e-008	9.352997e-006
6.656908231178217e-008	4.753883e-006	-3.620610e-006	3.582630e-007	-2.478820e-008	9.352156e-006
6.657693945463932e-008	4.750946e-006	-3.617698e-006	3.568667e-007	-2.481026e-008	9.351314e-006
6.658479659749647e-008	4.748002e-006	-3.614777e-006	3.554725e-007	-2.483224e-008	9.350473e-006
6.659265374035363e-008	4.745052e-006	-3.611848e-006	3.540804e-007	-2.485414e-008	9.349631e-006
6.660051088321078e-008	4.742095e-006	-3.608909e-006	3.526903e-007	-2.487595e-008	9.348790e-006
6.660836802606792e-008	4.739132e-006	-3.605963e-006	3.513023e-007	-2.489767e-008	9.347949e-006
6.661622516892508e-008	4.736161e-006	-3.603008e-006	3.499163e-007	-2.491932e-008	9.347107e-006
6.661722516892508e-008	4.735783e-006	-3.602631e-006	3.497399e-007	-2.492207e-008	9.347000e-006
6.691722516892542e-008	4.621166e-006	-3.487750e-006	2.979271e-007	-2.568537e-008	9.314907e-006
6.721722516892576e-008	4.508855e-006	-3.375248e-006	2.481819e-007	-2.633006e-008	9.282873e-006
6.751722516892610e-008	4.401463e-006	-3.267687e-006	2.003717e-007	-2.686377e-008	9.250901e-006
6.755408231178329e-008	4.386758e-006	-3.254032e-006	1.946264e-007	-2.692202e-008	9.246973e-006
6.759093945464046e-008	4.373323e-006	-3.240964e-006	1.889082e-007	-2.697879e-008	9.243048e-006
6.762779659749765e-008	4.361160e-006	-3.228484e-006	1.832171e-007	-2.703408e-008	9.239128e-006
6.766465374035484e-008	4.350267e-006	-3.216592e-006	1.775530e-007	-2.708789e-008	9.235211e-006
6.770151088321203e-008	4.340644e-006	-3.205286e-006	1.719160e-007	-2.714022e-008	9.231299e-006
6.773836802606921e-008	4.332293e-006	-3.194569e-006	1.663061e-007	-2.719107e-008	9.227390e-006
6.777522516892639e-008	4.325212e-006	-3.184438e-006	1.607233e-007	-2.724044e-008	9.223485e-006
6.778108231178355e-008	4.327519e-006	-3.184344e-006	1.598385e-007	-2.724822e-008	9.222873e-006
6.778693945464069e-008	4.330966e-006	-3.184965e-006	1.589544e-007	-2.725603e-008	9.222262e-006
6.779279659749784e-008	4.335555e-006	-3.186300e-006	1.580709e-007	-2.726386e-008	9.221654e-006
6.779865374035499e-008	4.341284e-006	-3.188350e-006	1.571881e-007	-2.727172e-008	9.221047e-006
6.780451088321215e-008	4.348155e-006	-3.191115e-006	1.563060e-007	-2.727961e-008	9.220443e-006
6.781036802606929e-008	4.356166e-006	-3.194595e-006	1.554245e-007	-2.728753e-008	9.219840e-006
6.781622516892644e-008	4.365319e-006	-3.198790e-006	1.545437e-007	-2.729547e-008	9.219239e-006
6.781722516892644e-008	4.367048e-006	-3.199638e-006	1.543934e-007	-2.729684e-008	9.219136e-006
6.783308231178361e-008	4.401668e-006	-3.215521e-006	1.520125e-007	-2.731770e-008	9.217532e-006
6.784893945464076e-008	4.446244e-006	-3.242658e-006	1.496364e-007	-2.734066e-008	9.215923e-006
6.786479659749792e-008	4.500777e-006	-3.281049e-006	1.472652e-007	-2.736571e-008	9.214309e-006
6.788065374035509e-008	4.565265e-006	-3.330692e-006	1.448989e-007	-2.739287e-008	9.212691e-006
6.789651088321225e-008	4.639710e-006	-3.391589e-006	1.425373e-007	-2.742212e-008	9.211067e-006
6.791236802606940e-008	4.724111e-006	-3.463740e-006	1.401807e-007	-2.745346e-008	9.209439e-006
6.792822516892657e-008	4.818467e-006	-3.547144e-006	1.378288e-007	-2.748691e-008	9.207806e-006
6.794193945464086e-008	4.903042e-006	-3.631260e-006	1.357987e-007	-2.751966e-008	9.206356e-006
6.795565374035517e-008	4.987617e-006	-3.718041e-006	1.337721e-007	-2.755583e-008	9.204894e-006
6.796936802606947e-008	5.072194e-006	-3.807488e-006	1.317491e-007	-2.759541e-008	9.203421e-006
6.798308231178378e-008	5.156772e-006	-3.899600e-006	1.297297e-007	-2.763841e-008	9.201937e-006
6.799679659749807e-008	5.241351e-006	-3.994377e-006	1.277138e-007	-2.768482e-008	9.200441e-006
6.801051088321238e-008	5.325932e-006	-4.091819e-006	1.257016e-007	-2.773464e-008	9.198933e-006
6.802422516892668e-008	5.410513e-006	-4.191926e-006	1.236928e-007	-2.778788e-008	9.197414e-006
6.803736802606954e-008	5.488965e-006	-4.283829e-006	1.217712e-007	-2.784262e-008	9.195965e-006
6.805051088321243e-008	5.565262e-006	-4.372363e-006	1.198527e-007	-2.790018e-008	9.194520e-006
6.806365374035529e-008	5.639403e-006	-4.457526e-006	1.179375e-007	-2.796056e-008	9.193080e-006
6.807679659749816e-008	5.711389e-006	-4.539320e-006	1.160255e-007	-2.802376e-008	9.191645e-006
6.808993945464103e-008	5.781221e-006	-4.617743e-006	1.141168e-007	-2.808977e-008	9.190215e-006
6.810308231178391e-008	5.848896e-006	-4.692796e-006	1.122113e-007	-2.815860e-008	9.188791e-006
6.811622516892678e-008	5.914417e-006	-4.764480e-006	1.103090e-007	-2.823025e-008	9.187371e-006
6.811722516892678e-008	5.919253e-006	-4.769724e-006	1.101644e-007	-2.823577e-008	9.187263e-006
6.814022516892681e-008	6.022091e-006	-4.880890e-006	1.068437e-007	-2.836821e-008	9.184789e-006
6.816322516892683e-008	6.115705e-006	-4.981151e-006	1.035327e-007	-2.850502e-008	9.182323e-006
6.818622516892686e-008	6.200096e-006	-5.070505e-006	1.002315e-007	-2.864620e-008	9.179864e-006
6.820922516892689e-008	6.275262e-006	-5.148953e-006	9.693999e-008	-2.879174e-008	9.177412e-006
6.823222516892691e-008	6.341204e-006	-5.216495e-006	9.365824e-008	-2.894164e-008	9.174968e-006
6.825522516892694e-008	6.397921e-006	-5.273131e-006	9.038624e-008	-2.909592e-008	9.172531e-006
6.827822516892696e-008	6.445415e-006	-5.318861e-006	8.712398e-008	-2.925455e-008	9.170101e-006
6.829793945464127e-008	6.481630e-006	-5.354065e-006	8.433541e-008	-2.939146e-008	9.168018e-006
6.831765374035558e-008	6.514059e-006	-5.385661e-006	8.155386e-008	-2.952928e-008	9.165933e-006
6.833736802606988e-008	6.542702e-006	-5.413650e-006	7.877932e-008	-2.966799e-008	9.163849e-006
6.835708231178420e-008	6.567558e-006	-5.438030e-006	7.601181e-008	-2.980761e-008	9.161764e-006
6.837679659749850e-008	6.588629e-006	-5.458804e-006	7.325131e-008	-2.994813e-008	9.159678e-006
6.839651088321282e-008	6.605914e-006	-5.475969e-006	7.049782e-008	-3.008955e-008	9.157592e-006
6.841622516892712e-008	6.619412e-006	-5.489527e-006	6.775136e-008	-3.023188e-008	9.155505e-006
6.841722516892712e-008	6.620066e-006	-5.490184e-006	6.761222e-008	-3.023908e-008	9.155399e-006
6.845993945464145e-008	6.638489e-006	-5.508785e-006	6.168648e-008	-3.054932e-008	9.150879e-006
6.850265374035579e-008	6.650516e-006	-5.520938e-006	5.579273e-008	-3.085749e-008	9.146361e-006
6.854536802607012e-008	6.656148e-006	-5.526643e-006	4.993097e-008	-3.116362e-008	9.141844e-006
6.858808231178446e-008	6.655385e-006	-5.525900e-006	4.410120e-008	-3.146768e-008	9.137329e-006
6.863079659749879e-008	6.648226e-006	-5.518710e-006	3.830342e-008	-3.176969e-008	9.132815e-006
6.867351088321313e-008	6.634672e-006	-5.505072e-006	3.253763e-008	-3.206965e-008	9.128303e-006
6.871622516892746e-008	6.614723e-006	-5.484986e-006	2.680383e-008	-3.236755e-008	9.123793e-006
6.871722516892746e-008	6.614285e-006	-5.484547e-006	2.666996e-008	-3.237444e-008	9.123688e-006
6.901722516892780e-008	6.436171e-006	-5.306096e-006	-1.272498e-008	-3.433071e-008	9.092050e-006
6.931722516892814e-008	6.222475e-006	-5.092088e-006	-5.063201e-008	-3.604433e-008	9.060487e-006
6.961722516892848e-008	6.007181e-006	-4.876492e-006	-8.710781e-008	-3.751313e-008	9.028999e-006
6.963265374035707e-008	5.996258e-006	-4.865555e-006	-8.894332e-008	-3.758226e-008	9.027381e-006
6.964808231178566e-008	5.985355e-006	-4.854637e-006	-9.077718e-008	-3.765077e-008	9.025764e-006
6.966351088321425e-008	5.974473e-006	-4.843740e-006	-9.260939e-008	-3.771868e-008	9.024147e-006
6.967893945464283e-008	5.963612e-006	-4.832864e-006	-9.443995e-008	-3.778598e-008	9.022530e-006
6.969436802607142e-008	5.952772e-006	-4.822007e-006	-9.626886e-008	-3.785267e-008	9.020914e-006
6.970979659750001e-008	5.941953e-006	-4.811171e-006	-9.809612e-008	-3.791875e-008	9.019297e-006
6.972522516892860e-008	5.931155e-006	-4.800355e-006	-9.992173e-008	-3.798423e-008	9.017681e-006
6.974008231178577e-008	5.920783e-006	-4.789961e-006	-1.016892e-007	-3.804671e-008	9.016125e-006
6.975493945464292e-008	5.910440e-006	-4.779595e-006	-1.034649e-007	-3.810865e-008	9.014569e-006
6.976979659750008e-008	5.900127e-006	-4.769257e-006	-1.052491e-007	-3.817003e-008	9.013014e-006
6.978465374035725e-008	5.889844e-006	-4.758947e-006	-1.070415e-007	-3.823087e-008	9.011458e-006
6.979951088321441e-008	5.879591e-006	-4.748664e-006	-1.088423e-007	-3.829115e-008	9.009903e-006
6.981436802607156e-008	5.869368e-006	-4.738410e-006	-1.106514e-007	-3.835089e-008	9.008347e-006
6.982922516892872e-008	5.859175e-006	-4.728184e-006	-1.124689e-007	-3.841008e-008	9.006792e-006
6.984165374035731e-008	5.850673e-006	-4.719657e-006	-1.139939e-007	-3.845918e-008	9.005492e-006
6.985408231178590e-008	5.842190e-006	-4.711152e-006	-1.155192e-007	-3.850790e-008	9.004192e-006
6.986651088321449e-008	5.833724e-006	-4.702667e-006	-1.170449e-007	-3.855625e-008	9.002891e-006
6.987893945464306e-008	5.825277e-006	-4.694203e-006	-1.185709e-007	-3.860423e-008	9.001591e-006
6.989136802607165e-008	5.816848e-006	-4.685760e-006	-1.200973e-007	-3.865183e-008	9.000291e-006
6.990379659750023e-008	5.808437e-006	-4.677338e-006	-1.216240e-007	-3.869906e-008	8.998991e-006
6.991622516892882e-008	5.800044e-006	-4.668937e-006	-1.231510e-007	-3.874591e-008	8.997691e-006
6.991722516892882e-008	5.799370e-006	-4.668261e-006	-1.232737e-007	-3.874966e-008	8.997587e-006
6.994665374035743e-008	5.779569e-006	-4.648460e-006	-1.268788e-007	-3.885904e-008	8.994510e-006
6.997608231178604e-008	5.759833e-006	-4.628724e-006	-1.304645e-007	-3.896639e-008	8.991433e-006
7.000551088321464e-008	5.740164e-006	-4.609052e-006	-1.340310e-007	-3.907172e-008	8.988358e-006
7.003493945464324e-008	5.720561e-006	-4.589444e-006	-1.375781e-007	-3.917502e-008	8.985283e-006
7.006436802607184e-008	5.701023e-006	-4.569901e-006	-1.411059e-007	-3.927631e-008	8.982208e-006
7.009379659750045e-008	5.681551e-006	-4.550423e-006	-1.446145e-007	-3.937557e-008	8.979135e-006
7.012322516892906e-008	5.662146e-006	-4.531008e-006	-1.481037e-007	-3.947282e-008	8.976062e-006
7.013651088321479e-008	5.653400e-006	-4.522254e-006	-1.496719e-007	-3.951608e-008	8.974675e-006
7.014979659750051e-008	5.644665e-006	-4.513510e-006	-1.512381e-007	-3.955895e-008	8.973288e-006
7.016308231178625e-008	5.635942e-006	-4.504778e-006	-1.528023e-007	-3.960141e-008	8.971902e-006
7.017636802607197e-008	5.627230e-006	-4.496057e-006	-1.543645e-007	-3.964348e-008	8.970515e-006
7.018965374035770e-008	5.618529e-006	-4.487346e-006	-1.559246e-007	-3.968515e-008	8.969129e-006
7.020293945464343e-008	5.609840e-006	-4.478647e-006	-1.574826e-007	-3.972641e-008	8.967743e-006
7.021622516892916e-008	5.601163e-006	-4.469959e-006	-1.590386e-007	-3.976728e-008	8.966356e-006
7.021722516892916e-008	5.600510e-006	-4.469306e-006	-1.591556e-007	-3.977035e-008	8.966252e-006
7.051722516892950e-008	5.408641e-006	-4.276811e-006	-1.933938e-007	-4.058955e-008	8.934999e-006
7.055993945464383e-008	5.384375e-006	-4.252695e-006	-1.981358e-007	-4.069079e-008	8.930554e-006
7.060265374035817e-008	5.359790e-006	-4.228210e-006	-2.028469e-007	-4.078850e-008	8.926112e-006
7.064536802607250e-008	5.334885e-006	-4.203357e-006	-2.075271e-007	-4.088267e-008	8.921671e-006
7.068808231178684e-008	5.309661e-006	-4.178135e-006	-2.121764e-007	-4.097330e-008	8.917233e-006
7.073079659750117e-008	5.284116e-006	-4.152545e-006	-2.167949e-007	-4.106039e-008	8.912796e-006
7.077351088321551e-008	5.258252e-006	-4.126586e-006	-2.213825e-007	-4.114395e-008	8.908361e-006
7.081622516892984e-008	5.232067e-006	-4.100259e-006	-2.259392e-007	-4.122397e-008	8.903928e-006
7.081722516892984e-008	5.231465e-006	-4.099651e-006	-2.260455e-007	-4.122580e-008	8.903823e-006
7.111722516893018e-008	5.051313e-006	-3.919427e-006	-2.572199e-007	-4.168802e-008	8.872730e-006
7.141722516893052e-008	4.878820e-006	-3.746675e-006	-2.869957e-007	-4.198597e-008	8.841721e-006
7.171722516893086e-008	4.715073e-006	-3.582691e-006	-3.154420e-007	-4.213300e-008	8.810794e-006
7.173465374035946e-008	4.705811e-006	-3.573416e-006	-3.170169e-007	-4.213717e-008	8.809001e-006
7.175208231178805e-008	4.696575e-006	-3.564168e-006	-3.186339e-007	-4.214089e-008	8.807207e-006
7.176951088321664e-008	4.687365e-006	-3.554945e-006	-3.202930e-007	-4.214414e-008	8.805414e-006
7.178693945464522e-008	4.678181e-006	-3.545748e-006	-3.219941e-007	-4.214694e-008	8.803621e-006
7.180436802607382e-008	4.669023e-006	-3.536577e-006	-3.237374e-007	-4.214928e-008	8.801828e-006
7.182179659750241e-008	4.659890e-006	-3.527432e-006	-3.255227e-007	-4.215116e-008	8.800035e-006
7.183922516893100e-008	4.650783e-006	-3.518312e-006	-3.273501e-007	-4.215258e-008	8.798243e-006
7.184993945464529e-008	4.645197e-006	-3.512719e-006	-3.285439e-007	-4.215323e-008	8.797141e-006
7.186065374035960e-008	4.639620e-006	-3.507134e-006	-3.297818e-007	-4.215371e-008	8.796039e-006
7.187136802607389e-008	4.634052e-006	-3.501559e-006	-3.310637e-007	-4.215403e-008	8.794938e-006
7.188208231178820e-008	4.628494e-006	-3.495994e-006	-3.323896e-007	-4.215417e-008	8.793837e-006
7.189279659750249e-008	4.622945e-006	-3.490437e-006	-3.337596e-007	-4.215415e-008	8.792735e-006
7.190351088321679e-008	4.617405e-006	-3.484890e-006	-3.351736e-007	-4.215396e-008	8.791634e-006
7.191422516893109e-008	4.611875e-006	-3.479353e-006	-3.366317e-007	-4.215360e-008	8.790533e-006
7.192879659750253e-008	4.604369e-006	-3.471837e-006	-3.387027e-007	-4.215284e-008	8.789035e-006
7.194336802607397e-008	4.596880e-006	-3.464337e-006	-3.408262e-007	-4.215177e-008	8.787538e-006
7.195793945464542e-008	4.589408e-006	-3.456855e-006	-3.430024e-007	-4.215040e-008	8.786042e-006
7.197251088321687e-008	4.581952e-006	-3.449389e-006	-3.452312e-007	-4.214873e-008	8.784545e-006
7.198708231178832e-008	4.574513e-006	-3.441940e-006	-3.475125e-007	-4.214675e-008	8.783048e-006
7.200165374035976e-008	4.567091e-006	-3.434508e-006	-3.498465e-007	-4.214446e-008	8.781552e-006
7.201622516893120e-008	4.559686e-006	-3.427093e-006	-3.522331e-007	-4.214187e-008	8.780056e-006
7.201722516893120e-008	4.559178e-006	-3.426585e-006	-3.523966e-007	-4.214169e-008	8.779954e-006
7.204036802607408e-008	4.547453e-006	-3.414844e-006	-3.562503e-007	-4.213691e-008	8.777578e-006
7.206351088321698e-008	4.535768e-006	-3.403143e-006	-3.601121e-007	-4.213140e-008	8.775203e-006
7.208665374035986e-008	4.524123e-006	-3.391483e-006	-3.639819e-007	-4.212515e-008	8.772829e-006
7.210979659750274e-008	4.512519e-006	-3.379864e-006	-3.678599e-007	-4.211816e-008	8.770455e-006
7.213293945464562e-008	4.500955e-006	-3.368285e-006	-3.717459e-007	-4.211042e-008	8.768081e-006
7.215608231178851e-008	4.489432e-006	-3.356747e-006	-3.756400e-007	-4.210195e-008	8.765708e-006
7.217922516893139e-008	4.477949e-006	-3.345249e-006	-3.795422e-007	-4.209274e-008	8.763335e-006
7.231722516893154e-008	4.410281e-006	-3.277494e-006	-4.021225e-007	-4.202305e-008	8.749198e-006
7.261722516893188e-008	4.267769e-006	-3.134800e-006	-4.487674e-007	-4.178785e-008	8.718530e-006
7.291722516893222e-008	4.131189e-006	-2.998049e-006	-4.924987e-007	-4.144589e-008	8.687948e-006
7.321722516893256e-008	4.000181e-006	-2.866880e-006	-5.335755e-007	-4.100612e-008	8.657455e-006
7.325993945464689e-008	3.981964e-006	-2.848642e-006	-5.392169e-007	-4.093598e-008	8.653120e-006
7.330265374036123e-008	3.963852e-006	-2.830507e-006	-5.448089e-007	-4.086411e-008	8.648787e-006
7.334536802607556e-008	3.945844e-006	-2.812477e-006	-5.503516e-007	-4.079050e-008	8.644456e-006
7.338808231178990e-008	3.927940e-006	-2.794552e-006	-5.558450e-007	-4.071516e-008	8.640127e-006
7.343079659750423e-008	3.910140e-006	-2.776730e-006	-5.612891e-007	-4.063808e-008	8.635800e-006
7.347351088321858e-008	3.892444e-006	-2.759012e-006	-5.666838e-007	-4.055926e-008	8.631474e-006
7.351622516893290e-008	3.874852e-006	-2.741399e-006	-5.720292e-007	-4.047872e-008	8.627150e-006
7.351722516893290e-008	3.874442e-006	-2.740988e-006	-5.721538e-007	-4.047681e-008	8.627049e-006
7.355036802607580e-008	3.859999e-006	-2.726980e-006	-5.762677e-007	-4.041314e-008	8.623694e-006
7.358351088321870e-008	3.846194e-006	-2.713307e-006	-5.803532e-007	-4.034851e-008	8.620341e-006
7.361665374036159e-008	3.833028e-006	-2.699967e-006	-5.844103e-007	-4.028294e-008	8.616990e-006
7.364979659750448e-008	3.820500e-006	-2.686961e-006	-5.884390e-007	-4.021642e-008	8.613642e-006
7.368293945464737e-008	3.808610e-006	-2.674289e-006	-5.924393e-007	-4.014895e-008	8.610296e-006
7.371608231179028e-008	3.797358e-006	-2.661950e-006	-5.964113e-007	-4.008054e-008	8.606953e-006
7.374922516893317e-008	3.786745e-006	-2.649946e-006	-6.003548e-007	-4.001117e-008	8.603612e-006
7.375879659750461e-008	3.785191e-006	-2.647289e-006	-6.014887e-007	-3.999103e-008	8.602650e-006
7.376836802607604e-008	3.783889e-006	-2.644941e-006	-6.026203e-007	-3.997086e-008	8.601688e-006
7.377793945464748e-008	3.782839e-006	-2.642904e-006	-6.037496e-007	-3.995067e-008	8.600726e-006
7.378751088321893e-008	3.782041e-006	-2.641176e-006	-6.048766e-007	-3.993045e-008	8.599764e-006
7.379708231179037e-008	3.781496e-006	-2.639757e-006	-6.060013e-007	-3.991022e-008	8.598801e-006
7.380665374036181e-008	3.781203e-006	-2.638649e-006	-6.071237e-007	-3.988996e-008	8.597839e-006
7.381622516893324e-008	3.781162e-006	-2.637850e-006	-6.082439e-007	-3.986968e-008	8.596877e-006
7.381722516893324e-008	3.781148e-006	-2.637783e-006	-6.083608e-007	-3.986756e-008	8.596776e-006
7.383793945464755e-008	3.780986e-006	-2.638051e-006	-6.107768e-007	-3.982373e-008	8.594685e-006
7.385865374036187e-008	3.780334e-006	-2.638261e-006	-6.131823e-007	-3.978003e-008	8.592592e-006
7.387936802607617e-008	3.779191e-006	-2.638412e-006	-6.155773e-007	-3.973646e-008	8.590498e-006
7.390008231179049e-008	3.777557e-006	-2.638504e-006	-6.179619e-007	-3.969301e-008	8.588402e-006
7.392079659750479e-008	3.775433e-006	-2.638538e-006	-6.203360e-007	-3.964969e-008	8.586305e-006
7.394151088321911e-008	3.772818e-006	-2.638513e-006	-6.226996e-007	-3.960649e-008	8.584206e-006
7.396222516893341e-008	3.769712e-006	-2.638430e-006	-6.250527e-007	-3.956343e-008	8.582106e-006
7.398422516893343e-008	3.766104e-006	-2.635627e-006	-6.275404e-007	-3.951779e-008	8.579886e-006
7.400622516893346e-008	3.762083e-006	-2.632026e-006	-6.300165e-007	-3.947195e-008	8.577668e-006
7.402822516893348e-008	3.757649e-006	-2.627629e-006	-6.324808e-007	-3.942589e-008	8.575452e-006
7.405022516893351e-008	3.752802e-006	-2.622435e-006	-6.349334e-007	-3.937963e-008	8.573238e-006
7.407222516893353e-008	3.747542e-006	-2.616444e-006	-6.373743e-007	-3.933316e-008	8.571027e-006
7.409422516893356e-008	3.741868e-006	-2.609657e-006	-6.398036e-007	-3.928648e-008	8.568817e-006
7.411622516893358e-008	3.735781e-006	-2.602072e-006	-6.422211e-007	-3.923959e-008	8.566610e-006
7.411722516893359e-008	3.735484e-006	-2.601746e-006	-6.423307e-007	-3.923745e-008	8.566510e-006
7.415993945464791e-008	3.721867e-006	-2.588200e-006	-6.469897e-007	-3.914541e-008	8.562213e-006
7.420265374036226e-008	3.707688e-006	-2.574099e-006	-6.516059e-007	-3.905209e-008	8.557918e-006
7.424536802607658e-008	3.692948e-006	-2.559443e-006	-6.561793e-007	-3.895749e-008	8.553625e-006
7.428808231179093e-008	3.677647e-006	-2.544232e-006	-6.607098e-007	-3.886161e-008	8.549334e-006
7.433079659750525e-008	3.661785e-006	-2.528466e-006	-6.651974e-007	-3.876444e-008	8.545044e-006
7.437351088321960e-008	3.645361e-006	-2.512145e-006	-6.696422e-007	-3.866600e-008	8.540757e-006
7.441622516893392e-008	3.628375e-006	-2.495269e-006	-6.740442e-007	-3.856627e-008	8.536471e-006
7.441722516893393e-008	3.627983e-006	-2.494864e-006	-6.741468e-007	-3.856391e-008	8.536371e-006
7.444179659750538e-008	3.618228e-006	-2.484894e-006	-6.766566e-007	-3.850573e-008	8.533908e-006
7.446636802607683e-008	3.608399e-006	-2.474916e-006	-6.791559e-007	-3.844705e-008	8.531445e-006
7.449093945464829e-008	3.598496e-006	-2.464929e-006	-6.816445e-007	-3.838787e-008	8.528982e-006
7.451551088321976e-008	3.588520e-006	-2.454934e-006	-6.841225e-007	-3.832819e-008	8.526519e-006
7.454008231179121e-008	3.578471e-006	-2.444930e-006	-6.865899e-007	-3.826802e-008	8.524057e-006
7.456465374036267e-008	3.568349e-006	-2.434918e-006	-6.890467e-007	-3.820735e-008	8.521596e-006
7.458922516893412e-008	3.558153e-006	-2.424898e-006	-6.914929e-007	-3.814618e-008	8.519134e-006
7.471722516893427e-008	3.505730e-006	-2.372244e-006	-7.039868e-007	-3.781952e-008	8.506328e-006
7.475993945464859e-008	3.488261e-006	-2.354760e-006	-7.080723e-007	-3.770749e-008	8.502057e-006
7.480265374036294e-008	3.470882e-006	-2.337363e-006	-7.121179e-007	-3.759405e-008	8.497788e-006
7.484536802607726e-008	3.453593e-006	-2.320053e-006	-7.161236e-007	-3.747920e-008	8.493522e-006
7.488808231179161e-008	3.436395e-006	-2.302830e-006	-7.200893e-007	-3.736294e-008	8.489257e-006
7.493079659750593e-008	3.419287e-006	-2.285694e-006	-7.240152e-007	-3.724527e-008	8.484994e-006
7.497351088322028e-008	3.402270e-006	-2.268645e-006	-7.279012e-007	-3.712618e-008	8.480733e-006
7.501622516893460e-008	3.385343e-006	-2.251683e-006	-7.317472e-007	-3.700569e-008	8.476474e-006
7.501722516893461e-008	3.384948e-006	-2.251288e-006	-7.318368e-007	-3.700285e-008	8.476374e-006
7.531722516893495e-008	3.269207e-006	-2.135391e-006	-7.577823e-007	-3.612002e-008	8.446514e-006
7.561722516893529e-008	3.158835e-006	-2.024870e-006	-7.819413e-007	-3.517806e-008	8.416744e-006
7.564065374036389e-008	3.149237e-006	-2.015965e-006	-7.837556e-007	-3.510218e-008	8.414421e-006
7.566408231179249e-008	3.140468e-006	-2.007419e-006	-7.855598e-007	-3.502600e-008	8.412099e-006
7.568751088322109e-008	3.132529e-006	-1.999234e-006	-7.873538e-007	-3.494953e-008	8.409781e-006
7.571093945464967e-008	3.125419e-006	-1.991407e-006	-7.891377e-007	-3.487277e-008	8.407465e-006
7.573436802607827e-008	3.119139e-006	-1.983940e-006	-7.909114e-007	-3.479571e-008	8.405151e-006
7.575779659750687e-008	3.113689e-006	-1.976833e-006	-7.926749e-007	-3.471835e-008	8.402839e-006
7.578122516893547e-008	3.109068e-006	-1.970085e-006	-7.944283e-007	-3.464070e-008	8.400531e-006
7.579551088322121e-008	3.111083e-006	-1.967161e-006	-7.954926e-007	-3.459307e-008	8.399139e-006
7.580979659750693e-008	3.117345e-006	-1.967657e-006	-7.965532e-007	-3.454579e-008	8.397751e-006
7.582408231179267e-008	3.127853e-006	-1.971572e-006	-7.976101e-007	-3.449887e-008	8.396367e-006
7.583836802607839e-008	3.142608e-006	-1.978907e-006	-7.986633e-007	-3.445231e-008	8.394987e-006
7.585265374036413e-008	3.161610e-006	-1.989661e-006	-7.997128e-007	-3.440610e-008	8.393611e-006
7.586693945464985e-008	3.184859e-006	-2.003835e-006	-8.007586e-007	-3.436025e-008	8.392240e-006
7.588122516893559e-008	3.212355e-006	-2.021429e-006	-8.018008e-007	-3.431476e-008	8.390872e-006
7.588622516893559e-008	3.223081e-006	-2.029210e-006	-8.021647e-007	-3.429915e-008	8.390391e-006
7.589122516893560e-008	3.234174e-006	-2.037591e-006	-8.025281e-007	-3.428368e-008	8.389908e-006
7.589622516893560e-008	3.245634e-006	-2.046570e-006	-8.028911e-007	-3.426836e-008	8.389425e-006
7.590122516893561e-008	3.257461e-006	-2.056148e-006	-8.032537e-007	-3.425317e-008	8.388942e-006
7.590622516893561e-008	3.269655e-006	-2.066325e-006	-8.036158e-007	-3.423813e-008	8.388457e-006
7.591122516893562e-008	3.282216e-006	-2.077101e-006	-8.039774e-007	-3.422322e-008	8.387971e-006
7.591622516893562e-008	3.295143e-006	-2.088477e-006	-8.043386e-007	-3.420846e-008	8.387485e-006
7.591722516893563e-008	3.297743e-006	-2.090816e-006	-8.044108e-007	-3.420553e-008	8.387387e-006
7.592865374036421e-008	3.328771e-006	-2.120111e-006	-8.052346e-007	-3.417243e-008	8.386268e-006
7.594008231179280e-008	3.359895e-006	-2.151091e-006	-8.060560e-007	-3.414045e-008	8.385141e-006
7.595151088322138e-008	3.391117e-006	-2.183756e-006	-8.068751e-007	-3.410959e-008	8.384008e-006
7.596293945464996e-008	3.422435e-006	-2.218105e-006	-8.076919e-007	-3.407986e-008	8.382869e-006
7.597436802607854e-008	3.453851e-006	-2.254138e-006	-8.085064e-007	-3.405126e-008	8.381722e-006
7.598579659750713e-008	3.485363e-006	-2.291856e-006	-8.093186e-007	-3.402379e-008	8.380569e-006
7.599722516893572e-008	3.516973e-006	-2.331258e-006	-8.101285e-007	-3.399744e-008	8.379409e-006
7.601165374036431e-008	3.555556e-006	-2.380996e-006	-8.111477e-007	-3.396627e-008	8.377939e-006
7.602608231179290e-008	3.593228e-006	-2.428746e-006	-8.121633e-007	-3.393687e-008	8.376474e-006
7.604051088322149e-008	3.629988e-006	-2.474508e-006	-8.131753e-007	-3.390924e-008	8.375013e-006
7.605493945465006e-008	3.665837e-006	-2.518283e-006	-8.141836e-007	-3.388339e-008	8.373557e-006
7.606936802607865e-008	3.700775e-006	-2.560069e-006	-8.151883e-007	-3.385932e-008	8.372105e-006
7.608379659750724e-008	3.734801e-006	-2.599869e-006	-8.161894e-007	-3.383701e-008	8.370657e-006
7.609822516893583e-008	3.767916e-006	-2.637680e-006	-8.171868e-007	-3.381648e-008	8.369214e-006
7.611508231179300e-008	3.805301e-006	-2.676739e-006	-8.183475e-007	-3.379444e-008	8.367545e-006
7.613193945465015e-008	3.839796e-006	-2.712389e-006	-8.195034e-007	-3.377374e-008	8.365878e-006
7.614879659750732e-008	3.871399e-006	-2.744628e-006	-8.206545e-007	-3.375436e-008	8.364214e-006
7.616565374036448e-008	3.900111e-006	-2.773456e-006	-8.218007e-007	-3.373633e-008	8.362553e-006
7.618251088322165e-008	3.925932e-006	-2.798875e-006	-8.229420e-007	-3.371962e-008	8.360894e-006
7.619936802607880e-008	3.948862e-006	-2.820883e-006	-8.240785e-007	-3.370425e-008	8.359237e-006
7.621622516893597e-008	3.968900e-006	-2.839481e-006	-8.252101e-007	-3.369022e-008	8.357583e-006
7.621722516893597e-008	3.970018e-006	-2.840547e-006	-8.252771e-007	-3.368939e-008	8.357485e-006
7.624651088322172e-008	3.997039e-006	-2.866717e-006	-8.272310e-007	-3.366730e-008	8.354606e-006
7.627579659750746e-008	4.019353e-006	-2.888424e-006	-8.291706e-007	-3.364621e-008	8.351726e-006
7.630508231179321e-008	4.036960e-006	-2.905668e-006	-8.310960e-007	-3.362612e-008	8.348846e-006
7.633436802607895e-008	4.049859e-006	-2.918451e-006	-8.330071e-007	-3.360703e-008	8.345966e-006
7.636365374036471e-008	4.058051e-006	-2.926770e-006	-8.349039e-007	-3.358894e-008	8.343086e-006
7.639293945465045e-008	4.061535e-006	-2.930628e-006	-8.367865e-007	-3.357186e-008	8.340205e-006
7.642222516893620e-008	4.060312e-006	-2.930023e-006	-8.386547e-007	-3.355577e-008	8.337324e-006
7.643565374036479e-008	4.059629e-006	-2.929276e-006	-8.395068e-007	-3.354804e-008	8.336005e-006
7.644908231179338e-008	4.058505e-006	-2.928074e-006	-8.403559e-007	-3.354025e-008	8.334686e-006
7.646251088322196e-008	4.056939e-006	-2.926416e-006	-8.412021e-007	-3.353237e-008	8.333368e-006
7.647593945465054e-008	4.054930e-006	-2.924302e-006	-8.420454e-007	-3.352442e-008	8.332049e-006
7.648936802607913e-008	4.052480e-006	-2.921732e-006	-8.428857e-007	-3.351640e-008	8.330731e-006
7.650279659750772e-008	4.049588e-006	-2.918707e-006	-8.437231e-007	-3.350829e-008	8.329413e-006
7.651622516893631e-008	4.046253e-006	-2.915226e-006	-8.445576e-007	-3.350012e-008	8.328096e-006
7.651722516893631e-008	4.045995e-006	-2.914959e-006	-8.446196e-007	-3.349950e-008	8.327998e-006
7.655993945465063e-008	4.032048e-006	-2.900948e-006	-8.472536e-007	-3.347295e-008	8.323807e-006
7.660265374036498e-008	4.016398e-006	-2.885233e-006	-8.498590e-007	-3.344421e-008	8.319617e-006
7.664536802607931e-008	3.999043e-006	-2.867813e-006	-8.524357e-007	-3.341330e-008	8.315429e-006
7.668808231179365e-008	3.979983e-006	-2.848689e-006	-8.549837e-007	-3.338020e-008	8.311244e-006
7.673079659750798e-008	3.959219e-006	-2.827860e-006	-8.575031e-007	-3.334493e-008	8.307060e-006
7.677351088322232e-008	3.936750e-006	-2.805328e-006	-8.599939e-007	-3.330747e-008	8.302878e-006
7.681622516893665e-008	3.912576e-006	-2.781091e-006	-8.624560e-007	-3.326783e-008	8.298698e-006
7.681722516893665e-008	3.912023e-006	-2.780535e-006	-8.625133e-007	-3.326686e-008	8.298600e-006
7.711722516893699e-008	3.736842e-006	-2.605035e-006	-8.790285e-007	-3.290939e-008	8.269295e-006
7.741722516893733e-008	3.559617e-006	-2.427526e-006	-8.942322e-007	-3.241894e-008	8.240085e-006
7.745893945465165e-008	3.535416e-006	-2.403289e-006	-8.962449e-007	-3.234054e-008	8.236030e-006
7.750065374036599e-008	3.511368e-006	-2.379204e-006	-8.982345e-007	-3.225983e-008	8.231977e-006
7.754236802608032e-008	3.487473e-006	-2.355272e-006	-9.002010e-007	-3.217682e-008	8.227927e-006
7.758408231179466e-008	3.463730e-006	-2.331493e-006	-9.021444e-007	-3.209150e-008	8.223878e-006
7.762579659750899e-008	3.440139e-006	-2.307865e-006	-9.040648e-007	-3.200388e-008	8.219831e-006
7.766751088322333e-008	3.416701e-006	-2.284391e-006	-9.059620e-007	-3.191394e-008	8.215786e-006
7.770922516893766e-008	3.393415e-006	-2.261069e-006	-9.078361e-007	-3.182171e-008	8.211743e-006
7.771722516893767e-008	3.388971e-006	-2.256616e-006	-9.081957e-007	-3.180378e-008	8.210968e-006
7.774051088322341e-008	3.376070e-006	-2.243686e-006	-9.092473e-007	-3.175113e-008	8.208712e-006
7.776379659750915e-008	3.363230e-006	-2.230817e-006	-9.103047e-007	-3.169781e-008	8.206456e-006
7.778708231179489e-008	3.350452e-006	-2.218008e-006	-9.113677e-007	-3.164384e-008	8.204201e-006
7.781036802608063e-008	3.337735e-006	-2.205260e-006	-9.124364e-007	-3.158920e-008	8.201947e-006
7.783365374036637e-008	3.325078e-006	-2.192574e-006	-9.135108e-007	-3.153390e-008	8.199693e-006
7.785693945465211e-008	3.312483e-006	-2.179948e-006	-9.145909e-007	-3.147793e-008	8.197440e-006
7.788022516893785e-008	3.299949e-006	-2.167382e-006	-9.156767e-007	-3.142131e-008	8.195188e-006
7.789965374036645e-008	3.289532e-006	-2.156954e-006	-9.165774e-007	-3.137358e-008	8.193309e-006
7.791908231179504e-008	3.279148e-006	-2.146562e-006	-9.174724e-007	-3.132541e-008	8.191430e-006
7.793851088322364e-008	3.268797e-006	-2.136205e-006	-9.183616e-007	-3.127681e-008	8.189552e-006
7.795793945465222e-008	3.258480e-006	-2.125883e-006	-9.192450e-007	-3.122778e-008	8.187674e-006
7.797736802608082e-008	3.248197e-006	-2.115597e-006	-9.201227e-007	-3.117831e-008	8.185796e-006
7.799679659750941e-008	3.237946e-006	-2.105346e-006	-9.209947e-007	-3.112840e-008	8.183919e-006
7.801622516893801e-008	3.227730e-006	-2.095130e-006	-9.218609e-007	-3.107807e-008	8.182042e-006
7.801722516893801e-008	3.227205e-006	-2.094605e-006	-9.219052e-007	-3.107546e-008	8.181945e-006
7.805993945465234e-008	3.204857e-006	-2.072232e-006	-9.237780e-007	-3.096320e-008	8.177821e-006
7.810265374036668e-008	3.182644e-006	-2.049992e-006	-9.256247e-007	-3.084899e-008	8.173698e-006
7.814536802608101e-008	3.160565e-006	-2.027886e-006	-9.274452e-007	-3.073283e-008	8.169578e-006
7.818808231179535e-008	3.138621e-006	-2.005913e-006	-9.292396e-007	-3.061471e-008	8.165459e-006
7.823079659750968e-008	3.116810e-006	-1.984074e-006	-9.310078e-007	-3.049465e-008	8.161342e-006
7.827351088322402e-008	3.095134e-006	-1.962369e-006	-9.327499e-007	-3.037262e-008	8.157227e-006
7.831622516893835e-008	3.073592e-006	-1.940797e-006	-9.344658e-007	-3.024865e-008	8.153113e-006
7.831722516893835e-008	3.073090e-006	-1.940293e-006	-9.345057e-007	-3.024573e-008	8.153017e-006
7.835993945465268e-008	3.051412e-006	-1.918551e-006	-9.361929e-007	-3.011980e-008	8.148906e-006
7.840265374036702e-008	3.030135e-006	-1.897187e-006	-9.378545e-007	-2.999216e-008	8.144797e-006
7.844536802608135e-008	3.009259e-006	-1.876202e-006	-9.394904e-007	-2.986279e-008	8.140691e-006
7.848808231179569e-008	2.988784e-006	-1.855596e-006	-9.411007e-007	-2.973169e-008	8.136586e-006
7.853079659751002e-008	2.968710e-006	-1.835370e-006	-9.426854e-007	-2.959887e-008	8.132483e-006
7.857351088322436e-008	2.949036e-006	-1.815522e-006	-9.442445e-007	-2.946432e-008	8.128382e-006
7.861622516893869e-008	2.929763e-006	-1.796053e-006	-9.457779e-007	-2.932805e-008	8.124283e-006
7.861722516893869e-008	2.929284e-006	-1.795604e-006	-9.458135e-007	-2.932484e-008	8.124187e-006
7.864651088322444e-008	2.915198e-006	-1.782294e-006	-9.468506e-007	-2.923065e-008	8.121374e-006
7.867579659751018e-008	2.901251e-006	-1.768862e-006	-9.478765e-007	-2.913571e-008	8.118563e-006
7.870508231179593e-008	2.887441e-006	-1.755310e-006	-9.488911e-007	-2.904003e-008	8.115754e-006
7.873436802608167e-008	2.873769e-006	-1.741636e-006	-9.498944e-007	-2.894360e-008	8.112947e-006
7.876365374036743e-008	2.860235e-006	-1.727840e-006	-9.508865e-007	-2.884643e-008	8.110141e-006
7.879293945465317e-008	2.846840e-006	-1.713924e-006	-9.518673e-007	-2.874851e-008	8.107338e-006
7.882222516893892e-008	2.833581e-006	-1.699886e-006	-9.528369e-007	-2.864984e-008	8.104537e-006
7.891722516893903e-008	2.789301e-006	-1.656210e-006	-9.559074e-007	-2.832478e-008	8.095444e-006
7.895993945465336e-008	2.769686e-006	-1.636527e-006	-9.572503e-007	-2.817618e-008	8.091360e-006
7.900265374036770e-008	2.750202e-006	-1.616988e-006	-9.585710e-007	-2.802615e-008	8.087278e-006
7.904536802608203e-008	2.730847e-006	-1.597592e-006	-9.598695e-007	-2.787470e-008	8.083198e-006
7.908808231179637e-008	2.711621e-006	-1.578340e-006	-9.611458e-007	-2.772182e-008	8.079120e-006
7.913079659751070e-008	2.692525e-006	-1.559232e-006	-9.623998e-007	-2.756753e-008	8.075043e-006
7.917351088322504e-008	2.673559e-006	-1.540267e-006	-9.636316e-007	-2.741181e-008	8.070968e-006
7.921622516893937e-008	2.654723e-006	-1.521446e-006	-9.648412e-007	-2.725466e-008	8.066895e-006
7.921722516893937e-008	2.654283e-006	-1.521009e-006	-9.648693e-007	-2.725097e-008	8.066801e-006
7.951722516893971e-008	2.526441e-006	-1.392914e-006	-9.727670e-007	-2.611165e-008	8.038251e-006
7.954908231179689e-008	2.513297e-006	-1.379714e-006	-9.735454e-007	-2.598715e-008	8.035225e-006
7.958093945465406e-008	2.500223e-006	-1.366593e-006	-9.743128e-007	-2.586205e-008	8.032200e-006
7.961279659751124e-008	2.487218e-006	-1.353551e-006	-9.750693e-007	-2.573634e-008	8.029176e-006
7.964465374036843e-008	2.474282e-006	-1.340589e-006	-9.758148e-007	-2.561002e-008	8.026153e-006
7.967651088322561e-008	2.461416e-006	-1.327705e-006	-9.765493e-007	-2.548310e-008	8.023131e-006
7.970836802608278e-008	2.448620e-006	-1.314900e-006	-9.772729e-007	-2.535557e-008	8.020110e-006
7.974022516893996e-008	2.435894e-006	-1.302175e-006	-9.779856e-007	-2.522743e-008	8.017090e-006
7.975108231179712e-008	2.431572e-006	-1.297854e-006	-9.782244e-007	-2.518364e-008	8.016061e-006
7.976193945465427e-008	2.427258e-006	-1.293541e-006	-9.784712e-007	-2.513978e-008	8.015033e-006
7.977279659751142e-008	2.422954e-006	-1.289235e-006	-9.787260e-007	-2.509585e-008	8.014004e-006
7.978365374036858e-008	2.418659e-006	-1.284936e-006	-9.789888e-007	-2.505186e-008	8.012975e-006
7.979451088322574e-008	2.414373e-006	-1.280645e-006	-9.792596e-007	-2.500780e-008	8.011947e-006
7.980536802608289e-008	2.410096e-006	-1.276361e-006	-9.795383e-007	-2.496368e-008	8.010919e-006
7.981622516894005e-008	2.405828e-006	-1.272084e-006	-9.798250e-007	-2.491949e-008	8.009891e-006
7.981722516894005e-008	2.405435e-006	-1.271691e-006	-9.798526e-007	-2.491542e-008	8.009796e-006
7.982965374036864e-008	2.400561e-006	-1.266804e-006	-9.802028e-007	-2.486475e-008	8.008619e-006
7.984208231179722e-008	2.395698e-006	-1.261929e-006	-9.805813e-007	-2.481400e-008	8.007443e-006
7.985451088322581e-008	2.390845e-006	-1.257063e-006	-9.809883e-007	-2.476316e-008	8.006266e-006
7.986693945465438e-008	2.386003e-006	-1.252208e-006	-9.814237e-007	-2.471225e-008	8.005090e-006
7.987936802608297e-008	2.381171e-006	-1.247364e-006	-9.818875e-007	-2.466125e-008	8.003914e-006
7.989179659751156e-008	2.376349e-006	-1.242530e-006	-9.823797e-007	-2.461016e-008	8.002738e-006
7.990422516894015e-008	2.371537e-006	-1.237707e-006	-9.829004e-007	-2.455900e-008	8.001562e-006
7.992836802608303e-008	2.362215e-006	-1.228373e-006	-9.840442e-007	-2.445937e-008	7.999278e-006
7.995251088322592e-008	2.352930e-006	-1.219077e-006	-9.852416e-007	-2.435945e-008	7.996995e-006
7.997665374036880e-008	2.343682e-006	-1.209819e-006	-9.864926e-007	-2.425923e-008	7.994713e-006
8.000079659751168e-008	2.334472e-006	-1.200599e-006	-9.877973e-007	-2.415872e-008	7.992431e-006
8.002493945465456e-008	2.325299e-006	-1.191418e-006	-9.891555e-007	-2.405792e-008	7.990150e-006
8.004908231179746e-008	2.316163e-006	-1.182275e-006	-9.905674e-007	-2.395683e-008	7.987869e-006
8.007322516894034e-008	2.307065e-006	-1.173170e-006	-9.920328e-007	-2.385544e-008	7.985589e-006
8.011722516894039e-008	2.290585e-006	-1.156661e-006	-9.946450e-007	-2.366996e-008	7.981435e-006
8.015993945465472e-008	2.274704e-006	-1.140754e-006	-9.971462e-007	-2.348898e-008	7.977405e-006
8.020265374036906e-008	2.258932e-006	-1.124958e-006	-9.995936e-007	-2.330720e-008	7.973377e-006
8.024536802608339e-008	2.243268e-006	-1.109271e-006	-1.001987e-006	-2.312464e-008	7.969351e-006
8.028808231179773e-008	2.227713e-006	-1.093694e-006	-1.004327e-006	-2.294129e-008	7.965326e-006
8.033079659751206e-008	2.212268e-006	-1.078227e-006	-1.006613e-006	-2.275715e-008	7.961304e-006
8.037351088322640e-008	2.196931e-006	-1.062870e-006	-1.008846e-006	-2.257222e-008	7.957283e-006
8.041622516894073e-008	2.181702e-006	-1.047623e-006	-1.011024e-006	-2.238650e-008	7.953265e-006
8.041722516894073e-008	2.181347e-006	-1.047267e-006	-1.011075e-006	-2.238215e-008	7.953170e-006
8.071722516894107e-008	2.077304e-006	-9.430822e-007	-1.025181e-006	-2.105852e-008	7.924999e-006
8.101722516894141e-008	1.978115e-006	-8.437614e-007	-1.037339e-006	-1.970490e-008	7.896922e-006
8.127422516894170e-008	1.896781e-006	-7.623213e-007	-1.046344e-006	-1.852547e-008	7.872945e-006
8.127522516894170e-008	1.896471e-006	-7.620107e-007	-1.046381e-006	-1.852085e-008	7.872853e-006
8.127550584327076e-008	1.896384e-006	-7.619236e-007	-1.046384e-006	-1.851955e-008	7.872826e-006
8.127573804270431e-008	1.896312e-006	-7.618515e-007	-1.046360e-006	-1.851848e-008	7.872804e-006
8.127764168511824e-008	1.895721e-006	-7.612609e-007	-1.045600e-006	-1.850968e-008	7.872627e-006
8.127954532753217e-008	1.895131e-006	-7.606705e-007	-1.044176e-006	-1.850089e-008	7.872450e-006
8.128144896994609e-008	1.894541e-006	-7.600802e-007	-1.042091e-006	-1.849209e-008	7.872273e-006
8.128335261236002e-008	1.893951e-006	-7.594901e-007	-1.039343e-006	-1.848329e-008	7.872096e-006
8.128525625477394e-008	1.893361e-006	-7.589001e-007	-1.035932e-006	-1.847450e-008	7.871918e-006
8.128715989718787e-008	1.892771e-006	-7.583103e-007	-1.031859e-006	-1.846570e-008	7.871741e-006
8.128906353960179e-008	1.892181e-006	-7.577207e-007	-1.027124e-006	-1.845690e-008	7.871564e-006
8.129234925388752e-008	1.891164e-006	-7.567034e-007	-1.017346e-006	-1.844172e-008	7.871258e-006
8.129563496817323e-008	1.890148e-006	-7.556866e-007	-1.005668e-006	-1.842654e-008	7.870952e-006
8.129892068245895e-008	1.889132e-006	-7.546702e-007	-9.920878e-007	-1.841137e-008	7.870646e-006
8.130220639674466e-008	1.888116e-006	-7.536544e-007	-9.766071e-007	-1.839620e-008	7.870339e-006
8.130549211103039e-008	1.887101e-006	-7.526391e-007	-9.592254e-007	-1.838104e-008	7.870033e-006
8.130877782531610e-008	1.886087e-006	-7.516242e-007	-9.399428e-007	-1.836588e-008	7.869727e-006
8.131206353960182e-008	1.885073e-006	-7.506098e-007	-9.187592e-007	-1.835073e-008	7.869421e-006
8.131306353960182e-008	1.884764e-006	-7.503012e-007	-9.119698e-007	-1.834612e-008	7.869328e-006
8.131892068245898e-008	1.882959e-006	-7.484944e-007	-8.681541e-007	-1.831913e-008	7.868783e-006
8.132477782531612e-008	1.881155e-006	-7.466891e-007	-8.195475e-007	-1.829218e-008	7.868237e-006
8.133063496817327e-008	1.879353e-006	-7.448853e-007	-7.661498e-007	-1.826528e-008	7.867692e-006
8.133649211103042e-008	1.877553e-006	-7.430830e-007	-7.079612e-007	-1.823842e-008	7.867147e-006
8.134234925388758e-008	1.875754e-006	-7.412822e-007	-6.449816e-007	-1.821159e-008	7.866601e-006
8.134820639674472e-008	1.873957e-006	-7.394829e-007	-5.772110e-007	-1.818481e-008	7.866056e-006
8.135406353960187e-008	1.872162e-006	-7.376851e-007	-5.046494e-007	-1.815807e-008	7.865511e-006
8.135606353960187e-008	1.871550e-006	-7.370716e-007	-4.793173e-007	-1.814896e-008	7.865325e-006
8.135806353960187e-008	1.870938e-006	-7.364582e-007	-4.535887e-007	-1.813985e-008	7.865139e-006
8.135906353960187e-008	1.870632e-006	-7.361515e-007	-4.405810e-007	-1.813529e-008	7.865046e-006
8.136006353960188e-008	1.870325e-006	-7.358450e-007	-4.274808e-007	-1.813074e-008	7.864953e-006
8.136106353960188e-008	1.870019e-006	-7.355384e-007	-4.142900e-007	-1.812619e-008	7.864860e-006
8.136306353960188e-008	1.869408e-006	-7.349255e-007	-3.876461e-007	-1.811710e-008	7.864674e-006
8.136506353960188e-008	1.868796e-006	-7.343128e-007	-3.606671e-007	-1.810801e-008	7.864487e-006
8.136806353960188e-008	1.867879e-006	-7.333940e-007	-3.196105e-007	-1.809439e-008	7.864208e-006
8.137320639674474e-008	1.866308e-006	-7.318198e-007	-2.469395e-007	-1.807108e-008	7.863729e-006
8.137834925388762e-008	1.864738e-006	-7.302469e-007	-1.734903e-007	-1.804780e-008	7.863251e-006
8.138349211103048e-008	1.863170e-006	-7.286751e-007	-9.926298e-008	-1.802457e-008	7.862773e-006
8.138863496817333e-008	1.861603e-006	-7.271046e-007	-2.425749e-008	-1.800139e-008	7.862294e-006
8.139377782531619e-008	1.860037e-006	-7.255353e-007	5.152617e-008	-1.797824e-008	7.861816e-006
8.139892068245907e-008	1.858473e-006	-7.239671e-007	1.280880e-007	-1.795514e-008	7.861338e-006
8.140406353960193e-008	1.856910e-006	-7.224002e-007	2.054280e-007	-1.793208e-008	7.860859e-006
8.140592068245907e-008	1.856345e-006	-7.218347e-007	2.330364e-007	-1.792376e-008	7.860686e-006
8.140777782531621e-008	1.855781e-006	-7.212693e-007	2.605580e-007	-1.791545e-008	7.860514e-006
8.140963496817336e-008	1.855217e-006	-7.207041e-007	2.879928e-007	-1.790714e-008	7.860341e-006
8.141149211103051e-008	1.854654e-006	-7.201391e-007	3.153408e-007	-1.789884e-008	7.860168e-006
8.141334925388766e-008	1.854090e-006	-7.195743e-007	3.426019e-007	-1.789055e-008	7.859995e-006
8.141520639674479e-008	1.853527e-006	-7.190096e-007	3.697762e-007	-1.788225e-008	7.859822e-006
8.141706353960194e-008	1.852963e-006	-7.184451e-007	3.968637e-007	-1.787397e-008	7.859649e-006
8.142063496817337e-008	1.851881e-006	-7.173599e-007	4.486833e-007	-1.785805e-008	7.859317e-006
8.142420639674480e-008	1.850799e-006	-7.162753e-007	4.997819e-007	-1.784214e-008	7.858985e-006
8.142777782531623e-008	1.849717e-006	-7.151914e-007	5.501595e-007	-1.782625e-008	7.858653e-006
8.143134925388768e-008	1.848636e-006	-7.141080e-007	5.998161e-007	-1.781037e-008	7.858321e-006
8.143492068245911e-008	1.847556e-006	-7.130254e-007	6.487517e-007	-1.779452e-008	7.857989e-006
8.143849211103054e-008	1.846476e-006	-7.119433e-007	6.969663e-007	-1.777867e-008	7.857657e-006
8.144206353960197e-008	1.845397e-006	-7.108619e-007	7.444598e-007	-1.776284e-008	7.857325e-006
8.144863496817340e-008	1.843412e-006	-7.088736e-007	8.294214e-007	-1.773376e-008	7.856714e-006
8.145520639674484e-008	1.841430e-006	-7.068873e-007	9.108041e-007	-1.770471e-008	7.856103e-006
8.146177782531627e-008	1.839450e-006	-7.049029e-007	9.886077e-007	-1.767568e-008	7.855492e-006
8.146834925388772e-008	1.837472e-006	-7.029205e-007	1.062832e-006	-1.764668e-008	7.854881e-006
8.147492068245915e-008	1.835496e-006	-7.009399e-007	1.133478e-006	-1.761771e-008	7.854270e-006
8.148149211103059e-008	1.833522e-006	-6.989613e-007	1.200545e-006	-1.758876e-008	7.853659e-006
8.148806353960202e-008	1.831550e-006	-6.969847e-007	1.264033e-006	-1.755985e-008	7.853048e-006
8.149863496817346e-008	1.828381e-006	-6.938104e-007	1.356916e-006	-1.751336e-008	7.852066e-006
8.150920639674490e-008	1.825216e-006	-6.906418e-007	1.442059e-006	-1.746685e-008	7.851084e-006
8.151977782531634e-008	1.822057e-006	-6.874789e-007	1.519463e-006	-1.742032e-008	7.850101e-006
8.153034925388779e-008	1.818901e-006	-6.843216e-007	1.589126e-006	-1.737376e-008	7.849120e-006
8.154092068245923e-008	1.815750e-006	-6.811700e-007	1.651050e-006	-1.732717e-008	7.848138e-006
8.155149211103067e-008	1.812604e-006	-6.780241e-007	1.705234e-006	-1.728056e-008	7.847156e-006
8.156206353960210e-008	1.809463e-006	-6.748838e-007	1.751679e-006	-1.723392e-008	7.846174e-006
8.156920639674497e-008	1.807343e-006	-6.727649e-007	1.780424e-006	-1.720235e-008	7.845511e-006
8.157634925388784e-008	1.805225e-006	-6.706482e-007	1.807165e-006	-1.717075e-008	7.844847e-006
8.158349211103070e-008	1.803110e-006	-6.685336e-007	1.831901e-006	-1.713911e-008	7.844184e-006
8.159063496817356e-008	1.800998e-006	-6.664213e-007	1.854632e-006	-1.710743e-008	7.843521e-006
8.159777782531642e-008	1.798888e-006	-6.643112e-007	1.875358e-006	-1.707572e-008	7.842858e-006
8.160492068245930e-008	1.796780e-006	-6.622033e-007	1.894079e-006	-1.704396e-008	7.842195e-006
8.161206353960216e-008	1.794675e-006	-6.600976e-007	1.910796e-006	-1.701217e-008	7.841532e-006
8.161306353960216e-008	1.794381e-006	-6.598029e-007	1.913065e-006	-1.700772e-008	7.841440e-006
8.161934925388789e-008	1.792530e-006	-6.579518e-007	1.926507e-006	-1.697970e-008	7.840856e-006
8.162563496817360e-008	1.790682e-006	-6.561023e-007	1.939043e-006	-1.695165e-008	7.840273e-006
8.163192068245933e-008	1.788836e-006	-6.542544e-007	1.950675e-006	-1.692357e-008	7.839689e-006
8.163820639674504e-008	1.786992e-006	-6.524081e-007	1.961403e-006	-1.689545e-008	7.839106e-006
8.164449211103077e-008	1.785150e-006	-6.505633e-007	1.971226e-006	-1.686730e-008	7.838523e-006
8.165077782531648e-008	1.783309e-006	-6.487202e-007	1.980145e-006	-1.683911e-008	7.837940e-006
8.165706353960221e-008	1.781471e-006	-6.468786e-007	1.988160e-006	-1.681089e-008	7.837357e-006
8.165806353960221e-008	1.781179e-006	-6.465858e-007	1.989382e-006	-1.680640e-008	7.837264e-006
8.165906353960221e-008	1.780886e-006	-6.462931e-007	1.990556e-006	-1.680190e-008	7.837171e-006
8.166106353960222e-008	1.780302e-006	-6.457080e-007	1.992707e-006	-1.679291e-008	7.836986e-006
8.166349211103079e-008	1.779591e-006	-6.449975e-007	1.994986e-006	-1.678199e-008	7.836760e-006
8.166592068245937e-008	1.778881e-006	-6.442874e-007	1.996966e-006	-1.677107e-008	7.836535e-006
8.166834925388794e-008	1.778173e-006	-6.435779e-007	1.998648e-006	-1.676013e-008	7.836310e-006
8.167077782531651e-008	1.777465e-006	-6.428689e-007	2.000031e-006	-1.674920e-008	7.836085e-006
8.167320639674508e-008	1.776759e-006	-6.421604e-007	2.001115e-006	-1.673825e-008	7.835860e-006
8.167563496817366e-008	1.776053e-006	-6.414524e-007	2.001901e-006	-1.672730e-008	7.835635e-006
8.167806353960224e-008	1.775348e-006	-6.407449e-007	2.002388e-006	-1.671635e-008	7.835410e-006
8.167920639674509e-008	1.775018e-006	-6.404125e-007	2.002529e-006	-1.671119e-008	7.835304e-006
8.168034925388796e-008	1.774689e-006	-6.400804e-007	2.002611e-006	-1.670603e-008	7.835198e-006
8.168149211103081e-008	1.774360e-006	-6.397486e-007	2.002632e-006	-1.670087e-008	7.835092e-006
8.168263496817367e-008	1.774032e-006	-6.394172e-007	2.002593e-006	-1.669571e-008	7.834986e-006
8.168377782531652e-008	1.773705e-006	-6.390861e-007	2.002493e-006	-1.669055e-008	7.834880e-006
8.168492068245939e-008	1.773379e-006	-6.387552e-007	2.002334e-006	-1.668538e-008	7.834774e-006
8.168606353960224e-008	1.773054e-006	-6.384248e-007	2.002113e-006	-1.668022e-008	7.834667e-006
8.168706353960225e-008	1.772770e-006	-6.381359e-007	2.001877e-006	-1.667570e-008	7.834575e-006
8.168749834965368e-008	1.772647e-006	-6.380104e-007	2.001751e-006	-1.667373e-008	7.834535e-006
8.168762619555078e-008	1.772611e-006	-6.379735e-007	2.001711e-006	-1.667315e-008	7.834523e-006
8.168775334895025e-008	1.772575e-006	-6.379369e-007	2.001681e-006	-1.667258e-008	7.834511e-006
8.168777107155255e-008	1.772570e-006	-6.379317e-007	2.001679e-006	-1.667250e-008	7.834509e-006
8.168777700082744e-008	1.772568e-006	-6.379300e-007	2.001677e-006	-1.667247e-008	7.834509e-006
8.168778150033082e-008	1.772567e-006	-6.379287e-007	2.001676e-006	-1.667245e-008	7.834508e-006
8.168778763272929e-008	1.772565e-006	-6.379270e-007	2.001673e-006	-1.667242e-008	7.834507e-006
8.168779495526208e-008	1.772563e-006	-6.379248e-007	2.001671e-006	-1.667239e-008	7.834507e-006
8.168780207756944e-008	1.772561e-006	-6.379228e-007	2.001669e-006	-1.667236e-008	7.834507e-006
8.168780902807356e-008	1.772559e-006	-6.379208e-007	2.001667e-006	-1.667232e-008	7.834506e-006
8.168781581270008e-008	1.772557e-006	-6.379188e-007	2.001666e-006	-1.667229e-008	7.834506e-006
8.168782271260376e-008	1.772555e-006	-6.379169e-007	2.001664e-006	-1.667226e-008	7.834505e-006
8.168782958091039e-008	1.772553e-006	-6.379149e-007	2.001662e-006	-1.667223e-008	7.834504e-006
8.168783650425340e-008	1.772551e-006	-6.379129e-007	2.001661e-006	-1.667220e-008	7.834503e-006
8.168784337505074e-008	1.772549e-006	-6.379109e-007	2.001659e-006	-1.667217e-008	7.834503e-006
8.168785028127529e-008	1.772547e-006	-6.379089e-007	2.001657e-006	-1.667214e-008	7.834502e-006
8.168785842744763e-008	1.772545e-006	-6.379065e-007	2.001655e-006	-1.667210e-008	7.834501e-006
8.168786755479982e-008	1.772542e-006	-6.379039e-007	2.001653e-006	-1.667206e-008	7.834500e-006
8.168787846297151e-008	1.772539e-006	-6.379008e-007	2.001651e-006	-1.667201e-008	7.834499e-006
8.168790658114674e-008	1.772531e-006	-6.378926e-007	2.001644e-006	-1.667188e-008	7.834497e-006
8.168803096559866e-008	1.772496e-006	-6.378567e-007	2.001615e-006	-1.667132e-008	7.834485e-006
8.168815535005057e-008	1.772461e-006	-6.378208e-007	2.001586e-006	-1.667076e-008	7.834474e-006
8.168827973450249e-008	1.772426e-006	-6.377850e-007	2.001557e-006	-1.667020e-008	7.834462e-006
8.168840411895440e-008	1.772391e-006	-6.377491e-007	2.001528e-006	-1.666963e-008	7.834451e-006
8.168852850340633e-008	1.772356e-006	-6.377132e-007	2.001499e-006	-1.666907e-008	7.834439e-006
8.168865288785823e-008	1.772321e-006	-6.376774e-007	2.001470e-006	-1.666851e-008	7.834428e-006
8.168877727231016e-008	1.772286e-006	-6.376415e-007	2.001440e-006	-1.666795e-008	7.834416e-006
8.169532552232740e-008	1.770441e-006	-6.357504e-007	1.999917e-006	-1.663830e-008	7.833809e-006
8.170187377234465e-008	1.768662e-006	-6.338883e-007	1.998395e-006	-1.660862e-008	7.833203e-006
8.170842202236190e-008	1.766949e-006	-6.320552e-007	1.996875e-006	-1.657890e-008	7.832596e-006
8.171497027237915e-008	1.765302e-006	-6.302512e-007	1.995357e-006	-1.654914e-008	7.831990e-006
8.172151852239639e-008	1.763720e-006	-6.284762e-007	1.993840e-006	-1.651934e-008	7.831383e-006
8.172806677241365e-008	1.762205e-006	-6.267303e-007	1.992326e-006	-1.648950e-008	7.830778e-006
8.173461502243089e-008	1.760754e-006	-6.250134e-007	1.990813e-006	-1.645962e-008	7.830172e-006
8.174932930814519e-008	1.758080e-006	-6.212997e-007	1.987419e-006	-1.639231e-008	7.828812e-006
8.176404359385950e-008	1.755657e-006	-6.179430e-007	1.984032e-006	-1.632490e-008	7.827453e-006
8.177875787957380e-008	1.753486e-006	-6.149432e-007	1.980652e-006	-1.625739e-008	7.826093e-006
8.179347216528811e-008	1.751565e-006	-6.123003e-007	1.977280e-006	-1.618978e-008	7.824733e-006
8.180818645100240e-008	1.749897e-006	-6.100144e-007	1.973915e-006	-1.612206e-008	7.823373e-006
8.182290073671671e-008	1.748480e-006	-6.080854e-007	1.970558e-006	-1.605425e-008	7.822013e-006
8.183761502243101e-008	1.747314e-006	-6.065134e-007	1.967208e-006	-1.598633e-008	7.820653e-006
8.184447216528816e-008	1.746606e-006	-6.059174e-007	1.965650e-006	-1.595470e-008	7.820018e-006
8.185132930814530e-008	1.745852e-006	-6.053626e-007	1.964093e-006	-1.592306e-008	7.819383e-006
8.185818645100246e-008	1.745053e-006	-6.048488e-007	1.962537e-006	-1.589142e-008	7.818747e-006
8.186504359385961e-008	1.744208e-006	-6.043762e-007	1.960984e-006	-1.585978e-008	7.818111e-006
8.187190073671677e-008	1.743317e-006	-6.039448e-007	1.959431e-006	-1.582813e-008	7.817475e-006
8.187875787957391e-008	1.742381e-006	-6.035544e-007	1.957881e-006	-1.579649e-008	7.816838e-006
8.188561502243106e-008	1.741399e-006	-6.032052e-007	1.956332e-006	-1.576485e-008	7.816200e-006
8.188661502243106e-008	1.741251e-006	-6.031519e-007	1.956106e-006	-1.576023e-008	7.816107e-006
8.189947216528823e-008	1.739210e-006	-6.026080e-007	1.953206e-006	-1.570093e-008	7.814912e-006
8.191232930814537e-008	1.737122e-006	-6.018745e-007	1.950312e-006	-1.564163e-008	7.813717e-006
8.192518645100253e-008	1.734987e-006	-6.009516e-007	1.947423e-006	-1.558233e-008	7.812522e-006
8.193804359385970e-008	1.732804e-006	-5.998393e-007	1.944539e-006	-1.552305e-008	7.811329e-006
8.195090073671686e-008	1.730575e-006	-5.985374e-007	1.941661e-006	-1.546377e-008	7.810136e-006
8.196375787957401e-008	1.728299e-006	-5.970461e-007	1.938788e-006	-1.540450e-008	7.808944e-006
8.197661502243117e-008	1.725976e-006	-5.953652e-007	1.935921e-006	-1.534524e-008	7.807753e-006
8.198761502243118e-008	1.724066e-006	-5.935325e-007	1.933473e-006	-1.529453e-008	7.806736e-006
8.199861502243119e-008	1.722156e-006	-5.915325e-007	1.931028e-006	-1.524379e-008	7.805719e-006
8.200961502243120e-008	1.720246e-006	-5.893654e-007	1.928587e-006	-1.519302e-008	7.804704e-006
8.202061502243122e-008	1.718336e-006	-5.870310e-007	1.926150e-006	-1.514223e-008	7.803690e-006
8.203161502243123e-008	1.716426e-006	-5.845295e-007	1.923717e-006	-1.509141e-008	7.802676e-006
8.204261502243124e-008	1.714516e-006	-5.818607e-007	1.921287e-006	-1.504057e-008	7.801663e-006
8.205361502243125e-008	1.712605e-006	-5.790247e-007	1.918862e-006	-1.498970e-008	7.800651e-006
8.206461502243127e-008	1.710626e-006	-5.761327e-007	1.916440e-006	-1.493879e-008	7.799640e-006
8.207561502243128e-008	1.708526e-006	-5.732574e-007	1.914023e-006	-1.488784e-008	7.798627e-006
8.208661502243129e-008	1.706305e-006	-5.703988e-007	1.911609e-006	-1.483686e-008	7.797615e-006
8.209761502243130e-008	1.703963e-006	-5.675567e-007	1.909199e-006	-1.478585e-008	7.796601e-006
8.210861502243132e-008	1.701501e-006	-5.647314e-007	1.906793e-006	-1.473481e-008	7.795588e-006
8.211961502243133e-008	1.698917e-006	-5.619226e-007	1.904390e-006	-1.468374e-008	7.794574e-006
8.213061502243134e-008	1.696214e-006	-5.591305e-007	1.901992e-006	-1.463263e-008	7.793559e-006
8.213847216528850e-008	1.694137e-006	-5.571940e-007	1.900281e-006	-1.459612e-008	7.792833e-006
8.214632930814564e-008	1.692043e-006	-5.552812e-007	1.898572e-006	-1.455959e-008	7.792108e-006
8.215418645100279e-008	1.689933e-006	-5.533919e-007	1.896865e-006	-1.452306e-008	7.791382e-006
8.216204359385995e-008	1.687807e-006	-5.515262e-007	1.895160e-006	-1.448651e-008	7.790656e-006
8.216990073671711e-008	1.685664e-006	-5.496840e-007	1.893457e-006	-1.444996e-008	7.789930e-006
8.217775787957425e-008	1.683505e-006	-5.478655e-007	1.891755e-006	-1.441340e-008	7.789205e-006
8.218561502243140e-008	1.681329e-006	-5.460706e-007	1.890056e-006	-1.437682e-008	7.788479e-006
8.218661502243140e-008	1.681057e-006	-5.458419e-007	1.889840e-006	-1.437217e-008	7.788386e-006
8.219975787957427e-008	1.677466e-006	-5.428762e-007	1.887002e-006	-1.431099e-008	7.787171e-006
8.221290073671715e-008	1.673886e-006	-5.398247e-007	1.884169e-006	-1.424978e-008	7.785957e-006
8.222604359386002e-008	1.670317e-006	-5.366872e-007	1.881342e-006	-1.418855e-008	7.784744e-006
8.223918645100289e-008	1.666759e-006	-5.334638e-007	1.878520e-006	-1.412730e-008	7.783532e-006
8.225232930814576e-008	1.663211e-006	-5.301546e-007	1.875703e-006	-1.406603e-008	7.782320e-006
8.226547216528864e-008	1.659675e-006	-5.267595e-007	1.872892e-006	-1.400473e-008	7.781108e-006
8.227861502243151e-008	1.656149e-006	-5.232785e-007	1.870086e-006	-1.394342e-008	7.779898e-006
8.229690073671725e-008	1.651455e-006	-5.181018e-007	1.866190e-006	-1.385804e-008	7.778216e-006
8.231518645100298e-008	1.646715e-006	-5.129009e-007	1.862305e-006	-1.377261e-008	7.776534e-006
8.233347216528872e-008	1.641928e-006	-5.076759e-007	1.858429e-006	-1.368710e-008	7.774852e-006
8.235175787957445e-008	1.637096e-006	-5.024266e-007	1.854564e-006	-1.360153e-008	7.773171e-006
8.237004359386019e-008	1.632217e-006	-4.971530e-007	1.850708e-006	-1.351588e-008	7.771490e-006
8.238832930814591e-008	1.627292e-006	-4.918553e-007	1.846862e-006	-1.343017e-008	7.769809e-006
8.240661502243165e-008	1.622320e-006	-4.865333e-007	1.843027e-006	-1.334439e-008	7.768128e-006
8.241790073671739e-008	1.619105e-006	-4.833873e-007	1.840665e-006	-1.329143e-008	7.767090e-006
8.242918645100311e-008	1.615864e-006	-4.802586e-007	1.838306e-006	-1.323844e-008	7.766052e-006
8.244047216528884e-008	1.612595e-006	-4.771473e-007	1.835951e-006	-1.318544e-008	7.765014e-006
8.245175787957456e-008	1.609300e-006	-4.740535e-007	1.833600e-006	-1.313243e-008	7.763975e-006
8.246304359386029e-008	1.605979e-006	-4.709770e-007	1.831252e-006	-1.307939e-008	7.762937e-006
8.247432930814601e-008	1.602630e-006	-4.679179e-007	1.828908e-006	-1.302634e-008	7.761898e-006
8.248561502243174e-008	1.599255e-006	-4.648763e-007	1.826568e-006	-1.297328e-008	7.760859e-006
8.248661502243174e-008	1.598959e-006	-4.646044e-007	1.826361e-006	-1.296857e-008	7.760767e-006
8.249818645100318e-008	1.595524e-006	-4.614553e-007	1.823966e-006	-1.291415e-008	7.759703e-006
8.250975787957462e-008	1.592123e-006	-4.582729e-007	1.821574e-006	-1.285971e-008	7.758639e-006
8.252132930814606e-008	1.588755e-006	-4.550570e-007	1.819185e-006	-1.280526e-008	7.757576e-006
8.253290073671752e-008	1.585421e-006	-4.518077e-007	1.816800e-006	-1.275078e-008	7.756512e-006
8.254447216528896e-008	1.582119e-006	-4.485249e-007	1.814417e-006	-1.269629e-008	7.755450e-006
8.255604359386040e-008	1.578850e-006	-4.452088e-007	1.812039e-006	-1.264178e-008	7.754387e-006
8.256761502243184e-008	1.575615e-006	-4.418592e-007	1.809663e-006	-1.258725e-008	7.753325e-006
8.258261502243185e-008	1.571512e-006	-4.374305e-007	1.806590e-006	-1.251653e-008	7.751949e-006
8.259761502243187e-008	1.567402e-006	-4.330194e-007	1.803524e-006	-1.244578e-008	7.750574e-006
8.261261502243189e-008	1.563284e-006	-4.286257e-007	1.800465e-006	-1.237499e-008	7.749199e-006
8.262761502243190e-008	1.559158e-006	-4.242494e-007	1.797412e-006	-1.230417e-008	7.747823e-006
8.264261502243192e-008	1.555025e-006	-4.198906e-007	1.794366e-006	-1.223332e-008	7.746448e-006
8.265761502243194e-008	1.550884e-006	-4.155493e-007	1.791326e-006	-1.216243e-008	7.745073e-006
8.267261502243196e-008	1.546735e-006	-4.112254e-007	1.788293e-006	-1.209151e-008	7.743698e-006
8.268532930814625e-008	1.543133e-006	-4.076570e-007	1.785727e-006	-1.203138e-008	7.742532e-006
8.269804359386056e-008	1.539517e-006	-4.041123e-007	1.783166e-006	-1.197123e-008	7.741367e-006
8.271075787957485e-008	1.535889e-006	-4.005913e-007	1.780609e-006	-1.191107e-008	7.740201e-006
8.272347216528916e-008	1.532247e-006	-3.970941e-007	1.778056e-006	-1.185089e-008	7.739035e-006
8.273618645100345e-008	1.528591e-006	-3.936205e-007	1.775508e-006	-1.179070e-008	7.737869e-006
8.274890073671776e-008	1.524923e-006	-3.901707e-007	1.772965e-006	-1.173049e-008	7.736703e-006
8.276161502243206e-008	1.521241e-006	-3.867446e-007	1.770426e-006	-1.167027e-008	7.735537e-006
8.278661502243209e-008	1.514109e-006	-3.799382e-007	1.765447e-006	-1.155182e-008	7.733246e-006
8.278861502243209e-008	1.513543e-006	-3.793908e-007	1.765049e-006	-1.154235e-008	7.733062e-006
8.278961502243209e-008	1.513259e-006	-3.791185e-007	1.764850e-006	-1.153761e-008	7.732971e-006
8.278989596870243e-008	1.513185e-006	-3.790354e-007	1.764794e-006	-1.153628e-008	7.732945e-006
8.278999913532980e-008	1.513170e-006	-3.789938e-007	1.764774e-006	-1.153579e-008	7.732936e-006
8.279007443827538e-008	1.513164e-006	-3.789577e-007	1.764759e-006	-1.153543e-008	7.732930e-006
8.279015483044203e-008	1.513157e-006	-3.789204e-007	1.764743e-006	-1.153505e-008	7.732922e-006
8.279016900067860e-008	1.513155e-006	-3.789140e-007	1.764740e-006	-1.153498e-008	7.732920e-006
8.282990714576762e-008	1.505581e-006	-3.645052e-007	1.756865e-006	-1.134608e-008	7.729312e-006
8.286964529085666e-008	1.497166e-006	-3.510736e-007	1.749033e-006	-1.115702e-008	7.725698e-006
8.290938343594568e-008	1.487908e-006	-3.386193e-007	1.741243e-006	-1.096778e-008	7.722077e-006
8.294912158103472e-008	1.477809e-006	-3.271422e-007	1.733495e-006	-1.077837e-008	7.718451e-006
8.298885972612374e-008	1.466867e-006	-3.166424e-007	1.725790e-006	-1.058880e-008	7.714818e-006
8.302859787121278e-008	1.455084e-006	-3.071197e-007	1.718127e-006	-1.039905e-008	7.711179e-006
8.306833601630180e-008	1.442459e-006	-2.985743e-007	1.710506e-006	-1.020913e-008	7.707535e-006
8.306933601630180e-008	1.442138e-006	-2.983630e-007	1.710315e-006	-1.020436e-008	7.707443e-006
8.311205030201613e-008	1.427965e-006	-2.898809e-007	1.702170e-006	-1.000051e-008	7.703521e-006
8.315476458773047e-008	1.413332e-006	-2.819775e-007	1.694072e-006	-9.797110e-009	7.699596e-006
8.319747887344480e-008	1.398240e-006	-2.746530e-007	1.686020e-006	-9.594153e-009	7.695668e-006
8.324019315915914e-008	1.382687e-006	-2.679073e-007	1.678014e-006	-9.391643e-009	7.691737e-006
8.328290744487347e-008	1.366673e-006	-2.617404e-007	1.670054e-006	-9.189579e-009	7.687802e-006
8.332562173058781e-008	1.350200e-006	-2.561523e-007	1.662140e-006	-8.987961e-009	7.683864e-006
8.336833601630214e-008	1.333267e-006	-2.511430e-007	1.654273e-006	-8.786790e-009	7.679923e-006
8.336933601630214e-008	1.332870e-006	-2.510276e-007	1.654089e-006	-8.782091e-009	7.679831e-006
8.341205030201647e-008	1.315697e-006	-2.463762e-007	1.646268e-006	-8.581651e-009	7.675888e-006
8.345476458773081e-008	1.298353e-006	-2.420206e-007	1.638490e-006	-8.381972e-009	7.671944e-006
8.349747887344514e-008	1.280837e-006	-2.379608e-007	1.630756e-006	-8.183054e-009	7.667999e-006
8.354019315915948e-008	1.263150e-006	-2.341967e-007	1.623066e-006	-7.984898e-009	7.664053e-006
8.358290744487381e-008	1.245291e-006	-2.307284e-007	1.615419e-006	-7.787504e-009	7.660106e-006
8.362562173058815e-008	1.227260e-006	-2.275559e-007	1.607816e-006	-7.590870e-009	7.656158e-006
8.366833601630248e-008	1.209057e-006	-2.246791e-007	1.600258e-006	-7.394998e-009	7.652208e-006
8.366933601630248e-008	1.208632e-006	-2.246128e-007	1.600081e-006	-7.390425e-009	7.652116e-006
8.369205030201679e-008	1.196250e-006	-2.222940e-007	1.596079e-006	-7.286576e-009	7.650007e-006
8.371476458773111e-008	1.186021e-006	-2.207157e-007	1.592089e-006	-7.183031e-009	7.647905e-006
8.373747887344541e-008	1.177944e-006	-2.198778e-007	1.588111e-006	-7.079791e-009	7.645810e-006
8.376019315915973e-008	1.172018e-006	-2.197804e-007	1.584144e-006	-6.976855e-009	7.643720e-006
8.378290744487404e-008	1.168246e-006	-2.204235e-007	1.580190e-006	-6.874223e-009	7.641637e-006
8.380562173058836e-008	1.166625e-006	-2.218070e-007	1.576248e-006	-6.771896e-009	7.639560e-006
8.382833601630266e-008	1.167156e-006	-2.239310e-007	1.572317e-006	-6.669873e-009	7.637490e-006
8.384833601630268e-008	1.178156e-006	-2.292470e-007	1.568866e-006	-6.580452e-009	7.635697e-006
8.386833601630271e-008	1.194821e-006	-2.358883e-007	1.565424e-006	-6.491803e-009	7.633924e-006
8.388833601630273e-008	1.217150e-006	-2.438550e-007	1.561990e-006	-6.403923e-009	7.632171e-006
8.390833601630275e-008	1.245144e-006	-2.531470e-007	1.558566e-006	-6.316815e-009	7.630437e-006
8.392833601630277e-008	1.278803e-006	-2.637643e-007	1.555151e-006	-6.230477e-009	7.628723e-006
8.394833601630280e-008	1.318127e-006	-2.757069e-007	1.551745e-006	-6.144909e-009	7.627029e-006
8.396833601630282e-008	1.363115e-006	-2.889749e-007	1.548348e-006	-6.060112e-009	7.625354e-006
8.396933601630282e-008	1.365310e-006	-2.895897e-007	1.548178e-006	-6.055904e-009	7.625270e-006
8.400005030201714e-008	1.438479e-006	-3.088658e-007	1.542979e-006	-5.928339e-009	7.622725e-006
8.403076458773146e-008	1.506568e-006	-3.253274e-007	1.537801e-006	-5.802225e-009	7.620173e-006
8.406147887344578e-008	1.569575e-006	-3.389747e-007	1.532643e-006	-5.677561e-009	7.617616e-006
8.409219315916011e-008	1.627501e-006	-3.498074e-007	1.527506e-006	-5.554349e-009	7.615053e-006
8.412290744487442e-008	1.680347e-006	-3.578258e-007	1.522390e-006	-5.432587e-009	7.612484e-006
8.415362173058875e-008	1.728111e-006	-3.630297e-007	1.517294e-006	-5.312277e-009	7.609908e-006
8.418433601630306e-008	1.770795e-006	-3.654192e-007	1.512219e-006	-5.193418e-009	7.607327e-006
8.419633601630308e-008	1.784093e-006	-3.654054e-007	1.510241e-006	-5.146919e-009	7.606309e-006
8.420833601630309e-008	1.796488e-006	-3.651085e-007	1.508267e-006	-5.100469e-009	7.605289e-006
8.422033601630311e-008	1.807980e-006	-3.645284e-007	1.506295e-006	-5.054068e-009	7.604266e-006
8.423233601630312e-008	1.818568e-006	-3.636651e-007	1.504327e-006	-5.007716e-009	7.603241e-006
8.424433601630313e-008	1.828254e-006	-3.625186e-007	1.502362e-006	-4.961412e-009	7.602214e-006
8.425633601630315e-008	1.837037e-006	-3.610890e-007	1.500400e-006	-4.915156e-009	7.601185e-006
8.426833601630316e-008	1.844917e-006	-3.593761e-007	1.498441e-006	-4.868950e-009	7.600153e-006
8.426933601630316e-008	1.845548e-006	-3.592292e-007	1.498278e-006	-4.865099e-009	7.600067e-006
8.431205030201749e-008	1.865431e-006	-3.507272e-007	1.491331e-006	-4.700875e-009	7.596374e-006
8.435476458773183e-008	1.879931e-006	-3.416467e-007	1.484422e-006	-4.536412e-009	7.592663e-006
8.439747887344616e-008	1.889049e-006	-3.319879e-007	1.477550e-006	-4.371709e-009	7.588934e-006
8.444019315916050e-008	1.892784e-006	-3.217507e-007	1.470717e-006	-4.206768e-009	7.585187e-006
8.448290744487483e-008	1.891138e-006	-3.109351e-007	1.463921e-006	-4.041587e-009	7.581422e-006
8.452562173058917e-008	1.884110e-006	-2.995411e-007	1.457163e-006	-3.876166e-009	7.577640e-006
8.456833601630350e-008	1.871699e-006	-2.875687e-007	1.450442e-006	-3.710507e-009	7.573839e-006
8.456933601630350e-008	1.871421e-006	-2.873112e-007	1.450285e-006	-3.706622e-009	7.573750e-006
8.461205030201783e-008	1.857404e-006	-2.764127e-007	1.443603e-006	-3.540421e-009	7.569940e-006
8.465476458773217e-008	1.841694e-006	-2.660307e-007	1.436956e-006	-3.374134e-009	7.566121e-006
8.469747887344650e-008	1.824291e-006	-2.561652e-007	1.430345e-006	-3.207764e-009	7.562293e-006
8.474019315916084e-008	1.805195e-006	-2.468162e-007	1.423770e-006	-3.041308e-009	7.558456e-006
8.478290744487517e-008	1.784406e-006	-2.379837e-007	1.417232e-006	-2.874769e-009	7.554611e-006
8.482562173058951e-008	1.761923e-006	-2.296676e-007	1.410729e-006	-2.708145e-009	7.550758e-006
8.486833601630384e-008	1.737747e-006	-2.218681e-007	1.404262e-006	-2.541436e-009	7.546895e-006
8.486933601630384e-008	1.737184e-006	-2.216929e-007	1.404111e-006	-2.537539e-009	7.546805e-006
8.491205030201817e-008	1.712434e-006	-2.145430e-007	1.397681e-006	-2.370996e-009	7.542937e-006
8.495476458773251e-008	1.687157e-006	-2.078421e-007	1.391284e-006	-2.204786e-009	7.539066e-006
8.499747887344684e-008	1.661351e-006	-2.015902e-007	1.384922e-006	-2.038907e-009	7.535191e-006
8.504019315916118e-008	1.635018e-006	-1.957873e-007	1.378594e-006	-1.873360e-009	7.531311e-006
8.508290744487551e-008	1.608156e-006	-1.904333e-007	1.372301e-006	-1.708145e-009	7.527428e-006
8.512562173058985e-008	1.580766e-006	-1.855282e-007	1.366042e-006	-1.543261e-009	7.523540e-006
8.516833601630418e-008	1.552848e-006	-1.810722e-007	1.359817e-006	-1.378709e-009	7.519648e-006
8.516933601630418e-008	1.552196e-006	-1.809706e-007	1.359672e-006	-1.374866e-009	7.519557e-006
8.518933601630420e-008	1.537914e-006	-1.785652e-007	1.356769e-006	-1.298028e-009	7.517731e-006
8.520933601630423e-008	1.524370e-006	-1.765006e-007	1.353874e-006	-1.221319e-009	7.515907e-006
8.522933601630425e-008	1.511564e-006	-1.747770e-007	1.350985e-006	-1.144738e-009	7.514084e-006
8.524933601630427e-008	1.499496e-006	-1.733943e-007	1.348104e-006	-1.068285e-009	7.512263e-006
8.526933601630429e-008	1.488167e-006	-1.723525e-007	1.345231e-006	-9.919606e-010	7.510443e-006
8.528933601630432e-008	1.477576e-006	-1.716516e-007	1.342364e-006	-9.157643e-010	7.508625e-006
8.530933601630434e-008	1.467724e-006	-1.712917e-007	1.339505e-006	-8.396962e-010	7.506809e-006
8.532047887344721e-008	1.466527e-006	-1.727871e-007	1.337915e-006	-7.972628e-010	7.505808e-006
8.533162173059009e-008	1.475987e-006	-1.775843e-007	1.336328e-006	-7.552357e-010	7.504839e-006
8.534276458773295e-008	1.496104e-006	-1.856832e-007	1.334742e-006	-7.136151e-010	7.503901e-006
8.535390744487582e-008	1.526878e-006	-1.970840e-007	1.333159e-006	-6.724008e-010	7.502996e-006
8.536505030201868e-008	1.568310e-006	-2.117865e-007	1.331578e-006	-6.315929e-010	7.502122e-006
8.537619315916156e-008	1.620399e-006	-2.297908e-007	1.329999e-006	-5.911914e-010	7.501280e-006
8.538733601630443e-008	1.683145e-006	-2.510969e-007	1.328423e-006	-5.511962e-010	7.500470e-006
8.539890744487587e-008	1.769648e-006	-2.798154e-007	1.326788e-006	-5.104148e-010	7.499693e-006
8.541047887344731e-008	1.875102e-006	-3.135123e-007	1.325155e-006	-4.710871e-010	7.498978e-006
8.542205030201875e-008	1.999506e-006	-3.521877e-007	1.323525e-006	-4.332132e-010	7.498325e-006
8.543362173059020e-008	2.142860e-006	-3.958416e-007	1.321898e-006	-3.967930e-010	7.497735e-006
8.544519315916164e-008	2.305164e-006	-4.444740e-007	1.320272e-006	-3.618266e-010	7.497207e-006
8.545676458773308e-008	2.486417e-006	-4.980849e-007	1.318649e-006	-3.283140e-010	7.496742e-006
8.546833601630452e-008	2.686621e-006	-5.566742e-007	1.317029e-006	-2.962552e-010	7.496339e-006
8.546933601630452e-008	2.704572e-006	-5.618288e-007	1.316889e-006	-2.936066e-010	7.496307e-006
8.548205030201882e-008	2.949250e-006	-6.316888e-007	1.315111e-006	-2.611592e-010	7.495952e-006
8.549476458773312e-008	3.203040e-006	-7.019881e-007	1.313336e-006	-2.312505e-010	7.495640e-006
8.550747887344742e-008	3.465943e-006	-7.727264e-007	1.311564e-006	-2.038805e-010	7.495372e-006
8.552019315916173e-008	3.737957e-006	-8.439040e-007	1.309794e-006	-1.790492e-010	7.495148e-006
8.553290744487602e-008	4.019083e-006	-9.155208e-007	1.308028e-006	-1.567567e-010	7.494967e-006
8.554562173059033e-008	4.309322e-006	-9.875767e-007	1.306264e-006	-1.370028e-010	7.494830e-006
8.555833601630462e-008	4.608672e-006	-1.060072e-006	1.304503e-006	-1.197877e-010	7.494736e-006
8.557633601630464e-008	5.030726e-006	-1.156845e-006	1.302015e-006	-1.004406e-010	7.494635e-006
8.559433601630466e-008	5.441961e-006	-1.246095e-006	1.299533e-006	-8.475581e-011	7.494532e-006
8.561233601630468e-008	5.842378e-006	-1.327821e-006	1.297056e-006	-7.273330e-011	7.494430e-006
8.563033601630470e-008	6.231977e-006	-1.402024e-006	1.294584e-006	-6.437307e-011	7.494327e-006
8.564833601630472e-008	6.610757e-006	-1.468704e-006	1.292119e-006	-5.967514e-011	7.494223e-006
8.566633601630474e-008	6.978720e-006	-1.527860e-006	1.289658e-006	-5.863950e-011	7.494118e-006
8.568433601630477e-008	7.335863e-006	-1.579493e-006	1.287204e-006	-6.126616e-011	7.494013e-006
8.569633601630478e-008	7.557787e-006	-1.607398e-006	1.285570e-006	-6.392276e-011	7.493908e-006
8.570833601630479e-008	7.771420e-006	-1.631891e-006	1.283938e-006	-6.713493e-011	7.493786e-006
8.572033601630481e-008	7.976763e-006	-1.652971e-006	1.282307e-006	-7.090266e-011	7.493647e-006
8.573233601630482e-008	8.173814e-006	-1.670639e-006	1.280677e-006	-7.522595e-011	7.493492e-006
8.574433601630483e-008	8.362575e-006	-1.684893e-006	1.279049e-006	-8.010480e-011	7.493320e-006
8.575633601630485e-008	8.543045e-006	-1.695735e-006	1.277421e-006	-8.553921e-011	7.493132e-006
8.576833601630486e-008	8.715225e-006	-1.703163e-006	1.275795e-006	-9.152919e-011	7.492928e-006
8.576933601630486e-008	8.729323e-006	-1.703710e-006	1.275659e-006	-9.201613e-011	7.492910e-006
8.578733601630488e-008	8.972749e-006	-1.709295e-006	1.273219e-006	-1.014732e-010	7.492571e-006
8.580533601630490e-008	9.203393e-006	-1.710913e-006	1.270782e-006	-1.105686e-010	7.492201e-006
8.582333601630492e-008	9.421254e-006	-1.708561e-006	1.268348e-006	-1.193023e-010	7.491800e-006
8.584133601630494e-008	9.626334e-006	-1.702241e-006	1.265916e-006	-1.276743e-010	7.491368e-006
8.585933601630496e-008	9.818631e-006	-1.691952e-006	1.263488e-006	-1.356846e-010	7.490905e-006
8.587733601630498e-008	9.998145e-006	-1.677694e-006	1.261063e-006	-1.433332e-010	7.490411e-006
8.589533601630500e-008	1.016488e-005	-1.659467e-006	1.258641e-006	-1.506201e-010	7.489886e-006
8.591705030201931e-008	1.035268e-005	-1.634515e-006	1.255727e-006	-1.579229e-010	7.489215e-006
8.593876458773363e-008	1.052893e-005	-1.607611e-006	1.252822e-006	-1.633717e-010	7.488510e-006
8.596047887344793e-008	1.069364e-005	-1.578757e-006	1.249925e-006	-1.669665e-010	7.487769e-006
8.598219315916225e-008	1.084681e-005	-1.547952e-006	1.247036e-006	-1.687072e-010	7.486994e-006
8.600390744487655e-008	1.098843e-005	-1.515196e-006	1.244156e-006	-1.685938e-010	7.486183e-006
8.602562173059087e-008	1.111850e-005	-1.480490e-006	1.241285e-006	-1.666265e-010	7.485337e-006
8.604733601630518e-008	1.123703e-005	-1.443833e-006	1.238422e-006	-1.628051e-010	7.484457e-006
8.606933601630520e-008	1.135009e-005	-1.406888e-006	1.235531e-006	-1.565228e-010	7.483537e-006
8.610733601630525e-008	1.152036e-005	-1.340462e-006	1.230559e-006	-1.401190e-010	7.481865e-006
8.614533601630529e-008	1.167364e-005	-1.275186e-006	1.225611e-006	-1.173423e-010	7.480122e-006
8.618333601630533e-008	1.180992e-005	-1.211058e-006	1.220686e-006	-8.819258e-011	7.478309e-006
8.622133601630537e-008	1.192922e-005	-1.148079e-006	1.215785e-006	-5.266983e-011	7.476425e-006
8.625933601630542e-008	1.203152e-005	-1.086250e-006	1.210909e-006	-1.077408e-011	7.474470e-006
8.629733601630546e-008	1.211683e-005	-1.025569e-006	1.206056e-006	3.749467e-011	7.472445e-006
8.633533601630550e-008	1.218515e-005	-9.660380e-007	1.201227e-006	9.213644e-011	7.470349e-006
8.636933601630554e-008	1.224094e-005	-9.158474e-007	1.196927e-006	1.453763e-010	7.468438e-006
8.641205030201987e-008	1.229695e-005	-8.557673e-007	1.191553e-006	2.193519e-010	7.465968e-006
8.645476458773421e-008	1.234455e-005	-7.989183e-007	1.186208e-006	2.986203e-010	7.463448e-006
8.649747887344854e-008	1.238376e-005	-7.453002e-007	1.180892e-006	3.831816e-010	7.460879e-006
8.654019315916288e-008	1.241456e-005	-6.949130e-007	1.175606e-006	4.730358e-010	7.458259e-006
8.658290744487721e-008	1.243697e-005	-6.477569e-007	1.170348e-006	5.681828e-010	7.455589e-006
8.662562173059155e-008	1.245097e-005	-6.038317e-007	1.165120e-006	6.686227e-010	7.452869e-006
8.666833601630588e-008	1.245658e-005	-5.631375e-007	1.159921e-006	7.743554e-010	7.450099e-006
8.666933601630588e-008	1.245669e-005	-5.622106e-007	1.159799e-006	7.768558e-010	7.450034e-006
8.671205030202021e-008	1.245721e-005	-5.243855e-007	1.154629e-006	8.863612e-010	7.447227e-006
8.675476458773455e-008	1.245386e-005	-4.888945e-007	1.149487e-006	9.987052e-010	7.444388e-006
8.679747887344888e-008	1.244661e-005	-4.557375e-007	1.144372e-006	1.113888e-009	7.441520e-006
8.684019315916322e-008	1.243549e-005	-4.249145e-007	1.139284e-006	1.231909e-009	7.438620e-006
8.688290744487755e-008	1.242048e-005	-3.964255e-007	1.134225e-006	1.352769e-009	7.435690e-006
8.692562173059189e-008	1.240159e-005	-3.702706e-007	1.129193e-006	1.476468e-009	7.432729e-006
8.696833601630622e-008	1.237881e-005	-3.464497e-007	1.124189e-006	1.603005e-009	7.429738e-006
8.696933601630622e-008	1.237827e-005	-3.459066e-007	1.124072e-006	1.605975e-009	7.429668e-006
8.701205030202055e-008	1.235336e-005	-3.239162e-007	1.119095e-006	1.734223e-009	7.426654e-006
8.705476458773489e-008	1.232669e-005	-3.033712e-007	1.114145e-006	1.863693e-009	7.423621e-006
8.709747887344922e-008	1.229828e-005	-2.842718e-007	1.109220e-006	1.994387e-009	7.420569e-006
8.714019315916356e-008	1.226812e-005	-2.666178e-007	1.104322e-006	2.126304e-009	7.417497e-006
8.718290744487789e-008	1.223621e-005	-2.504093e-007	1.099449e-006	2.259443e-009	7.414406e-006
8.722562173059223e-008	1.220255e-005	-2.356464e-007	1.094603e-006	2.393805e-009	7.411296e-006
8.726833601630656e-008	1.216714e-005	-2.223290e-007	1.089783e-006	2.529390e-009	7.408167e-006
8.726933601630656e-008	1.216631e-005	-2.220244e-007	1.089670e-006	2.532563e-009	7.408094e-006
8.731205030202089e-008	1.212995e-005	-2.097379e-007	1.084876e-006	2.668667e-009	7.404950e-006
8.735476458773523e-008	1.209285e-005	-1.982791e-007	1.080107e-006	2.805050e-009	7.401794e-006
8.739747887344956e-008	1.205499e-005	-1.876480e-007	1.075362e-006	2.941714e-009	7.398624e-006
8.744019315916390e-008	1.201638e-005	-1.778447e-007	1.070641e-006	3.078658e-009	7.395442e-006
8.748290744487823e-008	1.197702e-005	-1.688692e-007	1.065946e-006	3.215882e-009	7.392248e-006
8.752562173059257e-008	1.193690e-005	-1.607214e-007	1.061275e-006	3.353387e-009	7.389040e-006
8.756833601630690e-008	1.189604e-005	-1.534013e-007	1.056629e-006	3.491171e-009	7.385820e-006
8.756933601630690e-008	1.189508e-005	-1.532336e-007	1.056520e-006	3.494392e-009	7.385744e-006
8.759662173059265e-008	1.186884e-005	-1.488143e-007	1.053566e-006	3.582287e-009	7.383682e-006
8.762390744487839e-008	1.184247e-005	-1.446022e-007	1.050620e-006	3.670114e-009	7.381616e-006
8.765119315916414e-008	1.181596e-005	-1.405972e-007	1.047684e-006	3.757873e-009	7.379546e-006
8.767847887344988e-008	1.178932e-005	-1.367994e-007	1.044757e-006	3.845563e-009	7.377472e-006
8.770576458773563e-008	1.176256e-005	-1.332087e-007	1.041840e-006	3.933184e-009	7.375394e-006
8.773305030202137e-008	1.173566e-005	-1.298252e-007	1.038931e-006	4.020737e-009	7.373312e-006
8.776033601630712e-008	1.170863e-005	-1.266488e-007	1.036032e-006	4.108221e-009	7.371226e-006
8.777576458773571e-008	1.169332e-005	-1.249171e-007	1.034395e-006	4.157621e-009	7.370045e-006
8.779119315916430e-008	1.167799e-005	-1.232342e-007	1.032747e-006	4.206977e-009	7.368863e-006
8.780662173059289e-008	1.166264e-005	-1.216003e-007	1.031089e-006	4.256287e-009	7.367680e-006
8.782205030202147e-008	1.164727e-005	-1.200153e-007	1.029421e-006	4.305553e-009	7.366496e-006
8.783747887345006e-008	1.163188e-005	-1.184792e-007	1.027742e-006	4.354774e-009	7.365311e-006
8.785290744487865e-008	1.161647e-005	-1.169919e-007	1.026053e-006	4.403950e-009	7.364125e-006
8.786833601630724e-008	1.160104e-005	-1.155536e-007	1.024353e-006	4.453081e-009	7.362938e-006
8.786933601630724e-008	1.160004e-005	-1.154617e-007	1.024242e-006	4.456264e-009	7.362861e-006
8.790419315916443e-008	1.156510e-005	-1.124010e-007	1.020272e-006	4.567093e-009	7.360174e-006
8.793905030202160e-008	1.153014e-005	-1.095153e-007	1.016269e-006	4.677601e-009	7.357483e-006
8.797390744487879e-008	1.149516e-005	-1.068045e-007	1.012235e-006	4.787786e-009	7.354788e-006
8.800876458773597e-008	1.146016e-005	-1.042686e-007	1.008168e-006	4.897650e-009	7.352087e-006
8.804362173059316e-008	1.142515e-005	-1.019077e-007	1.004068e-006	5.007192e-009	7.349382e-006
8.807847887345033e-008	1.139012e-005	-9.972166e-008	9.999365e-007	5.116411e-009	7.346672e-006
8.811333601630752e-008	1.135507e-005	-9.771055e-008	9.957726e-007	5.225310e-009	7.343957e-006
8.816933601630758e-008	1.129888e-005	-9.471064e-008	9.892048e-007	5.399422e-009	7.339588e-006
8.846933601630792e-008	1.100055e-005	-8.317769e-008	9.552524e-007	6.314298e-009	7.316011e-006
8.876933601630826e-008	1.070955e-005	-7.659571e-008	9.230567e-007	7.196327e-009	7.292189e-006
8.906933601630860e-008	1.042797e-005	-7.265300e-008	8.923889e-007	8.043739e-009	7.268161e-006
8.928433601630885e-008	1.023249e-005	-7.073197e-008	8.712784e-007	8.629560e-009	7.250830e-006
8.929633601630886e-008	1.022173e-005	-7.063980e-008	8.701367e-007	8.661731e-009	7.249860e-006
8.930833601630887e-008	1.021100e-005	-7.054887e-008	8.689595e-007	8.693846e-009	7.248890e-006
8.932033601630889e-008	1.020028e-005	-7.045917e-008	8.677470e-007	8.725906e-009	7.247919e-006
8.933233601630890e-008	1.018958e-005	-7.037072e-008	8.664992e-007	8.757911e-009	7.246949e-006
8.934433601630892e-008	1.017889e-005	-7.028350e-008	8.652160e-007	8.789861e-009	7.245978e-006
8.935633601630893e-008	1.016822e-005	-7.019753e-008	8.638974e-007	8.821756e-009	7.245007e-006
8.936833601630894e-008	1.015757e-005	-7.011279e-008	8.625435e-007	8.853595e-009	7.244036e-006
8.936933601630894e-008	1.015669e-005	-7.010578e-008	8.624257e-007	8.856246e-009	7.243955e-006
8.937905030202323e-008	1.014808e-005	-7.003806e-008	8.612638e-007	8.881976e-009	7.243168e-006
8.938876458773754e-008	1.013948e-005	-6.997102e-008	8.600399e-007	8.907672e-009	7.242382e-006
8.939847887345183e-008	1.013089e-005	-6.990467e-008	8.587540e-007	8.933332e-009	7.241595e-006
8.940819315916613e-008	1.012232e-005	-6.983901e-008	8.574061e-007	8.958957e-009	7.240808e-006
8.941790744488043e-008	1.011375e-005	-6.977403e-008	8.559961e-007	8.984546e-009	7.240021e-006
8.942762173059473e-008	1.010520e-005	-6.970973e-008	8.545241e-007	9.010099e-009	7.239234e-006
8.943733601630902e-008	1.009665e-005	-6.964612e-008	8.529901e-007	9.035618e-009	7.238446e-006
8.944619315916618e-008	1.008887e-005	-6.958867e-008	8.515190e-007	9.058853e-009	7.237728e-006
8.945505030202332e-008	1.008110e-005	-6.953171e-008	8.499953e-007	9.082060e-009	7.237010e-006
8.946390744488048e-008	1.007334e-005	-6.947525e-008	8.484190e-007	9.105238e-009	7.236292e-006
8.947276458773763e-008	1.006559e-005	-6.941928e-008	8.467899e-007	9.128388e-009	7.235573e-006
8.948162173059479e-008	1.005785e-005	-6.936380e-008	8.451082e-007	9.151508e-009	7.234855e-006
8.949047887345193e-008	1.005011e-005	-6.930882e-008	8.433738e-007	9.174599e-009	7.234136e-006
8.949933601630909e-008	1.004239e-005	-6.925433e-008	8.415867e-007	9.197661e-009	7.233417e-006
8.950919315916625e-008	1.003380e-005	-6.919423e-008	8.395433e-007	9.223294e-009	7.232617e-006
8.951905030202339e-008	1.002523e-005	-6.913466e-008	8.374618e-007	9.248891e-009	7.231817e-006
8.952890744488055e-008	1.001666e-005	-6.907563e-008	8.353422e-007	9.274452e-009	7.231016e-006
8.953876458773771e-008	1.000811e-005	-6.901712e-008	8.331845e-007	9.299979e-009	7.230216e-006
8.954862173059487e-008	9.999572e-006	-6.895914e-008	8.309888e-007	9.325469e-009	7.229415e-006
8.955847887345201e-008	9.991042e-006	-6.890170e-008	8.287549e-007	9.350925e-009	7.228614e-006
8.956833601630917e-008	9.982524e-006	-6.884478e-008	8.264830e-007	9.376345e-009	7.227813e-006
8.957505030202346e-008	9.976728e-006	-6.880628e-008	8.249260e-007	9.393640e-009	7.227267e-006
8.958176458773776e-008	9.970937e-006	-6.876800e-008	8.233607e-007	9.410918e-009	7.226721e-006
8.958847887345205e-008	9.965152e-006	-6.872993e-008	8.217872e-007	9.428180e-009	7.226176e-006
8.959519315916635e-008	9.959372e-006	-6.869208e-008	8.202055e-007	9.445426e-009	7.225630e-006
8.960190744488063e-008	9.953597e-006	-6.865445e-008	8.186156e-007	9.462655e-009	7.225084e-006
8.960862173059494e-008	9.947827e-006	-6.861703e-008	8.170174e-007	9.479869e-009	7.224538e-006
8.961533601630922e-008	9.942063e-006	-6.857982e-008	8.154111e-007	9.497065e-009	7.223992e-006
8.962076458773780e-008	9.937406e-006	-6.854989e-008	8.141091e-007	9.510957e-009	7.223550e-006
8.962619315916638e-008	9.932753e-006	-6.852008e-008	8.128045e-007	9.524838e-009	7.223109e-006
8.963162173059496e-008	9.928103e-006	-6.849040e-008	8.114972e-007	9.538709e-009	7.222667e-006
8.963705030202353e-008	9.923457e-006	-6.846086e-008	8.101873e-007	9.552568e-009	7.222225e-006
8.964247887345211e-008	9.918814e-006	-6.843144e-008	8.088749e-007	9.566417e-009	7.221783e-006
8.964790744488069e-008	9.914174e-006	-6.840215e-008	8.075597e-007	9.580256e-009	7.221342e-006
8.965333601630927e-008	9.909538e-006	-6.837298e-008	8.062420e-007	9.594084e-009	7.220900e-006
8.965476458773784e-008	9.908318e-006	-6.836533e-008	8.058951e-007	9.597721e-009	7.220783e-006
8.965619315916642e-008	9.907099e-006	-6.835768e-008	8.055480e-007	9.601357e-009	7.220667e-006
8.965762173059499e-008	9.905880e-006	-6.835004e-008	8.052009e-007	9.604992e-009	7.220551e-006
8.965905030202355e-008	9.904661e-006	-6.834241e-008	8.048537e-007	9.608627e-009	7.220434e-006
8.966047887345213e-008	9.903442e-006	-6.833479e-008	8.045064e-007	9.612261e-009	7.220318e-006
8.966190744488070e-008	9.902224e-006	-6.832717e-008	8.041589e-007	9.615895e-009	7.220202e-006
8.966333601630928e-008	9.901006e-006	-6.831957e-008	8.038114e-007	9.619527e-009	7.220086e-006
8.966533601630928e-008	9.899300e-006	-6.830894e-008	8.033248e-007	9.624611e-009	7.219923e-006
8.966733601630928e-008	9.897596e-006	-6.829832e-008	8.028381e-007	9.629694e-009	7.219760e-006
8.966933601630928e-008	9.895893e-006	-6.828775e-008	8.023514e-007	9.634777e-009	7.219597e-006
8.967133601630929e-008	9.894189e-006	-6.827727e-008	8.018646e-007	9.639856e-009	7.219434e-006
8.967333601630929e-008	9.892487e-006	-6.826694e-008	8.013778e-007	9.644935e-009	7.219271e-006
8.967533601630929e-008	9.890785e-006	-6.825681e-008	8.008911e-007	9.650012e-009	7.219108e-006
8.967733601630929e-008	9.889084e-006	-6.824695e-008	8.004045e-007	9.655087e-009	7.218945e-006
8.967933601630930e-008	9.887385e-006	-6.823738e-008	7.999179e-007	9.660162e-009	7.218783e-006
8.968133601630930e-008	9.885687e-006	-6.822818e-008	7.994314e-007	9.665235e-009	7.218620e-006
8.968333601630930e-008	9.883991e-006	-6.821939e-008	7.989451e-007	9.670306e-009	7.218457e-006
8.968533601630930e-008	9.882296e-006	-6.821105e-008	7.984590e-007	9.675376e-009	7.218294e-006
8.968733601630930e-008	9.880603e-006	-6.820321e-008	7.979730e-007	9.680445e-009	7.218131e-006
8.970547887345218e-008	9.865253e-006	-6.814322e-008	7.935762e-007	9.726369e-009	7.216653e-006
8.972362173059507e-008	9.850301e-006	-6.819433e-008	7.891963e-007	9.772155e-009	7.215176e-006
8.974176458773794e-008	9.835746e-006	-6.835654e-008	7.848332e-007	9.817804e-009	7.213699e-006
8.975990744488081e-008	9.821590e-006	-6.862984e-008	7.804870e-007	9.863315e-009	7.212224e-006
8.977805030202369e-008	9.807831e-006	-6.901425e-008	7.761577e-007	9.908688e-009	7.210748e-006
8.979619315916657e-008	9.794470e-006	-6.950975e-008	7.718453e-007	9.953923e-009	7.209274e-006
8.981433601630945e-008	9.781507e-006	-7.011636e-008	7.675497e-007	9.999021e-009	7.207800e-006
8.983633601630947e-008	9.766400e-006	-7.096903e-008	7.623617e-007	1.005347e-008	7.206015e-006
8.985833601630950e-008	9.751241e-006	-7.173698e-008	7.571948e-007	1.010770e-008	7.204229e-006
8.988033601630952e-008	9.736029e-006	-7.242019e-008	7.520490e-007	1.016172e-008	7.202442e-006
8.990233601630955e-008	9.720764e-006	-7.301869e-008	7.469242e-007	1.021551e-008	7.200654e-006
8.992433601630957e-008	9.705446e-006	-7.353245e-008	7.418205e-007	1.026909e-008	7.198866e-006
8.994633601630960e-008	9.690076e-006	-7.396149e-008	7.367379e-007	1.032245e-008	7.197077e-006
8.996833601630962e-008	9.674653e-006	-7.430580e-008	7.316763e-007	1.037560e-008	7.195288e-006
8.996933601630962e-008	9.673936e-006	-7.431566e-008	7.314467e-007	1.037801e-008	7.195206e-006
8.999619315916680e-008	9.654381e-006	-7.441980e-008	7.252952e-007	1.044261e-008	7.193019e-006
9.002305030202397e-008	9.634591e-006	-7.442174e-008	7.191709e-007	1.050697e-008	7.190830e-006
9.004990744488114e-008	9.614566e-006	-7.432150e-008	7.130739e-007	1.057108e-008	7.188639e-006
9.007676458773832e-008	9.594306e-006	-7.411906e-008	7.070041e-007	1.063494e-008	7.186446e-006
9.010362173059550e-008	9.573811e-006	-7.381442e-008	7.009614e-007	1.069855e-008	7.184252e-006
9.013047887345266e-008	9.553081e-006	-7.340760e-008	6.949460e-007	1.076191e-008	7.182056e-006
9.015733601630984e-008	9.532117e-006	-7.289858e-008	6.889578e-007	1.082503e-008	7.179858e-006
9.017319315916700e-008	9.519879e-006	-7.265998e-008	6.854337e-007	1.086219e-008	7.178560e-006
9.018905030202415e-008	9.507634e-006	-7.241744e-008	6.819182e-007	1.089928e-008	7.177262e-006
9.020490744488132e-008	9.495381e-006	-7.217096e-008	6.784114e-007	1.093629e-008	7.175963e-006
9.022076458773848e-008	9.483120e-006	-7.192053e-008	6.749133e-007	1.097321e-008	7.174664e-006
9.023662173059565e-008	9.470852e-006	-7.166615e-008	6.714238e-007	1.101006e-008	7.173364e-006
9.025247887345280e-008	9.458576e-006	-7.140783e-008	6.679429e-007	1.104682e-008	7.172064e-006
9.026833601630996e-008	9.446292e-006	-7.114556e-008	6.644707e-007	1.108351e-008	7.170764e-006
9.026933601630996e-008	9.445515e-006	-7.112819e-008	6.642520e-007	1.108582e-008	7.170682e-006
9.030205030202428e-008	9.419992e-006	-7.052701e-008	6.571169e-007	1.116124e-008	7.167997e-006
9.033476458773861e-008	9.394461e-006	-6.992874e-008	6.500160e-007	1.123633e-008	7.165311e-006
9.036747887345293e-008	9.368921e-006	-6.933339e-008	6.429490e-007	1.131110e-008	7.162623e-006
9.040019315916726e-008	9.343373e-006	-6.874096e-008	6.359160e-007	1.138554e-008	7.159934e-006
9.043290744488158e-008	9.317817e-006	-6.815144e-008	6.289171e-007	1.145965e-008	7.157242e-006
9.046562173059591e-008	9.292253e-006	-6.756485e-008	6.219522e-007	1.153343e-008	7.154549e-006
9.049833601631022e-008	9.266680e-006	-6.698117e-008	6.150213e-007	1.160689e-008	7.151855e-006
9.050719315916738e-008	9.259777e-006	-6.683072e-008	6.131500e-007	1.162672e-008	7.151125e-006
9.051605030202452e-008	9.252878e-006	-6.668178e-008	6.112808e-007	1.164653e-008	7.150395e-006
9.052490744488168e-008	9.245983e-006	-6.653437e-008	6.094139e-007	1.166631e-008	7.149665e-006
9.053376458773884e-008	9.239092e-006	-6.638848e-008	6.075490e-007	1.168607e-008	7.148935e-006
9.054262173059599e-008	9.232205e-006	-6.624410e-008	6.056864e-007	1.170581e-008	7.148205e-006
9.055147887345314e-008	9.225322e-006	-6.610125e-008	6.038259e-007	1.172552e-008	7.147475e-006
9.056033601631029e-008	9.218444e-006	-6.595991e-008	6.019677e-007	1.174521e-008	7.146745e-006
9.056933601631030e-008	9.211459e-006	-6.581791e-008	6.000818e-007	1.176519e-008	7.146003e-006
9.058562173059604e-008	9.198830e-006	-6.556499e-008	5.966762e-007	1.180128e-008	7.144659e-006
9.060190744488177e-008	9.186220e-006	-6.531741e-008	5.932785e-007	1.183729e-008	7.143316e-006
9.061819315916751e-008	9.173628e-006	-6.507520e-008	5.898887e-007	1.187322e-008	7.141972e-006
9.063447887345323e-008	9.161055e-006	-6.483834e-008	5.865067e-007	1.190907e-008	7.140627e-006
9.065076458773897e-008	9.148499e-006	-6.460683e-008	5.831327e-007	1.194483e-008	7.139283e-006
9.066705030202470e-008	9.135962e-006	-6.438069e-008	5.797665e-007	1.198052e-008	7.137938e-006
9.068333601631043e-008	9.123443e-006	-6.415990e-008	5.764082e-007	1.201612e-008	7.136593e-006
9.086933601631064e-008	8.982044e-006	-6.199634e-008	5.385874e-007	1.241692e-008	7.121210e-006
9.116933601631098e-008	8.760752e-006	-5.963143e-008	4.795800e-007	1.304078e-008	7.096333e-006
9.146933601631133e-008	8.549173e-006	-5.830757e-008	4.229014e-007	1.363681e-008	7.071395e-006
9.176933601631167e-008	8.348375e-006	-5.786778e-008	3.684111e-007	1.420543e-008	7.046417e-006
9.179990744488313e-008	8.332055e-006	-5.948427e-008	3.629780e-007	1.426215e-008	7.043877e-006
9.183047887345459e-008	8.321918e-006	-6.266624e-008	3.575662e-007	1.431805e-008	7.041359e-006
9.186105030202605e-008	8.317963e-006	-6.741370e-008	3.521758e-007	1.437312e-008	7.038861e-006
9.189162173059752e-008	8.320190e-006	-7.372664e-008	3.468067e-007	1.442737e-008	7.036385e-006
9.192219315916899e-008	8.328600e-006	-8.160506e-008	3.414589e-007	1.448079e-008	7.033929e-006
9.195276458774045e-008	8.343191e-006	-9.104896e-008	3.361325e-007	1.453339e-008	7.031495e-006
9.198333601631191e-008	8.363964e-006	-1.020583e-007	3.308273e-007	1.458517e-008	7.029081e-006
9.206833601631200e-008	8.413928e-006	-1.244443e-007	3.161864e-007	1.472305e-008	7.022380e-006
9.206933601631201e-008	8.414424e-006	-1.246424e-007	3.160151e-007	1.472463e-008	7.022301e-006
9.210947887345490e-008	8.430366e-006	-1.301022e-007	3.091579e-007	1.478696e-008	7.019128e-006
9.214962173059782e-008	8.441052e-006	-1.337041e-007	3.023356e-007	1.484894e-008	7.015941e-006
9.218976458774072e-008	8.446484e-006	-1.354482e-007	2.955483e-007	1.491056e-008	7.012739e-006
9.222990744488361e-008	8.446660e-006	-1.353343e-007	2.887959e-007	1.497183e-008	7.009523e-006
9.227005030202651e-008	8.441580e-006	-1.333625e-007	2.820785e-007	1.503275e-008	7.006293e-006
9.231019315916943e-008	8.431246e-006	-1.295329e-007	2.753961e-007	1.509332e-008	7.003048e-006
9.235033601631232e-008	8.415656e-006	-1.238453e-007	2.687487e-007	1.515353e-008	6.999788e-006
9.236933601631235e-008	8.408162e-006	-1.215185e-007	2.656141e-007	1.518228e-008	6.998243e-006
9.266933601631269e-008	8.237645e-006	-8.301485e-008	2.171212e-007	1.564084e-008	6.973607e-006
9.271205030202701e-008	8.208510e-006	-7.832120e-008	2.103677e-007	1.570678e-008	6.970071e-006
9.275476458774136e-008	8.179035e-006	-7.392066e-008	2.036505e-007	1.577268e-008	6.966531e-006
9.279747887345568e-008	8.149220e-006	-6.981322e-008	1.969696e-007	1.583855e-008	6.962987e-006
9.284019315917003e-008	8.119065e-006	-6.599887e-008	1.903249e-007	1.590438e-008	6.959439e-006
9.288290744488435e-008	8.088569e-006	-6.247763e-008	1.837164e-007	1.597018e-008	6.955888e-006
9.292562173059870e-008	8.057732e-006	-5.924949e-008	1.771443e-007	1.603593e-008	6.952332e-006
9.296833601631302e-008	8.026555e-006	-5.631445e-008	1.706084e-007	1.610165e-008	6.948773e-006
9.296933601631303e-008	8.025829e-006	-5.624830e-008	1.704558e-007	1.610319e-008	6.948690e-006
9.301205030202735e-008	7.994666e-006	-5.358771e-008	1.639562e-007	1.616873e-008	6.945128e-006
9.305476458774170e-008	7.963518e-006	-5.112497e-008	1.574914e-007	1.623403e-008	6.941564e-006
9.309747887345602e-008	7.932384e-006	-4.886008e-008	1.510613e-007	1.629910e-008	6.937998e-006
9.314019315917037e-008	7.901265e-006	-4.679305e-008	1.446660e-007	1.636393e-008	6.934430e-006
9.318290744488469e-008	7.870160e-006	-4.492387e-008	1.383055e-007	1.642852e-008	6.930860e-006
9.322562173059904e-008	7.839070e-006	-4.325254e-008	1.319798e-007	1.649288e-008	6.927288e-006
9.326833601631337e-008	7.807994e-006	-4.177907e-008	1.256888e-007	1.655700e-008	6.923714e-006
9.326933601631337e-008	7.807269e-006	-4.174553e-008	1.255420e-007	1.655850e-008	6.923631e-006
9.328233601631338e-008	7.794778e-006	-4.033662e-008	1.236342e-007	1.657803e-008	6.922533e-006
9.329533601631340e-008	7.786132e-006	-4.022462e-008	1.217296e-007	1.659745e-008	6.921447e-006
9.330833601631341e-008	7.781332e-006	-4.140952e-008	1.198281e-007	1.661675e-008	6.920373e-006
9.332133601631343e-008	7.780376e-006	-4.389133e-008	1.179297e-007	1.663592e-008	6.919310e-006
9.333433601631344e-008	7.783266e-006	-4.767005e-008	1.160345e-007	1.665497e-008	6.918258e-006
9.334733601631345e-008	7.790001e-006	-5.274567e-008	1.141424e-007	1.667390e-008	6.917218e-006
9.336033601631347e-008	7.800581e-006	-5.911820e-008	1.122534e-007	1.669271e-008	6.916189e-006
9.337819315917064e-008	7.832215e-006	-7.401187e-008	1.096638e-007	1.671849e-008	6.914823e-006
9.339605030202779e-008	7.884646e-006	-9.459500e-008	1.070799e-007	1.674262e-008	6.913528e-006
9.341390744488496e-008	7.957873e-006	-1.208676e-007	1.045020e-007	1.676510e-008	6.912303e-006
9.343176458774212e-008	8.051896e-006	-1.528297e-007	1.019298e-007	1.678593e-008	6.911149e-006
9.344962173059929e-008	8.166715e-006	-1.904812e-007	9.936348e-008	1.680511e-008	6.910064e-006
9.346747887345644e-008	8.302331e-006	-2.338222e-007	9.680298e-008	1.682264e-008	6.909050e-006
9.348533601631361e-008	8.458744e-006	-2.828526e-007	9.424831e-008	1.683853e-008	6.908106e-006
9.349719315917077e-008	8.571710e-006	-3.167093e-007	9.255518e-008	1.684727e-008	6.907517e-006
9.350905030202792e-008	8.686950e-006	-3.502287e-007	9.086459e-008	1.685494e-008	6.906943e-006
9.352090744488508e-008	8.804466e-006	-3.834108e-007	8.917654e-008	1.686151e-008	6.906383e-006
9.353276458774224e-008	8.924257e-006	-4.162555e-007	8.749101e-008	1.686701e-008	6.905837e-006
9.354462173059940e-008	9.046323e-006	-4.487630e-007	8.580802e-008	1.687142e-008	6.905305e-006
9.355647887345655e-008	9.170664e-006	-4.809331e-007	8.412756e-008	1.687475e-008	6.904787e-006
9.356833601631371e-008	9.297280e-006	-5.127658e-007	8.244963e-008	1.687699e-008	6.904284e-006
9.356933601631371e-008	9.307726e-006	-5.153242e-007	8.230823e-008	1.687714e-008	6.904241e-006
9.359805030202802e-008	9.611978e-006	-5.850288e-007	7.825766e-008	1.687634e-008	6.903057e-006
9.362676458774234e-008	9.894446e-006	-6.439367e-007	7.422036e-008	1.687265e-008	6.901837e-006
9.365547887345666e-008	1.015513e-005	-6.920479e-007	7.019633e-008	1.686607e-008	6.900580e-006
9.368419315917098e-008	1.039403e-005	-7.293624e-007	6.618559e-008	1.685661e-008	6.899286e-006
9.371290744488530e-008	1.061115e-005	-7.558802e-007	6.218812e-008	1.684427e-008	6.897955e-006
9.374162173059962e-008	1.080649e-005	-7.716014e-007	5.820393e-008	1.682904e-008	6.896588e-006
9.377033601631393e-008	1.098004e-005	-7.765258e-007	5.423301e-008	1.681092e-008	6.895184e-006
9.378433601631395e-008	1.105458e-005	-7.762441e-007	5.229832e-008	1.680295e-008	6.894468e-006
9.379833601631397e-008	1.112503e-005	-7.746896e-007	5.036617e-008	1.679515e-008	6.893741e-006
9.381233601631398e-008	1.119141e-005	-7.718622e-007	4.843655e-008	1.678751e-008	6.893004e-006
9.382633601631400e-008	1.125370e-005	-7.677619e-007	4.650946e-008	1.678005e-008	6.892256e-006
9.384033601631401e-008	1.131191e-005	-7.623887e-007	4.458490e-008	1.677276e-008	6.891496e-006
9.385433601631403e-008	1.136605e-005	-7.557427e-007	4.266287e-008	1.676563e-008	6.890726e-006
9.386833601631405e-008	1.141610e-005	-7.478237e-007	4.074338e-008	1.675868e-008	6.889945e-006
9.386933601631405e-008	1.141958e-005	-7.472458e-007	4.060642e-008	1.675820e-008	6.889889e-006
9.389562173059980e-008	1.150299e-005	-7.295405e-007	3.701122e-008	1.674603e-008	6.888393e-006
9.392190744488553e-008	1.157789e-005	-7.104891e-007	3.342849e-008	1.673543e-008	6.886868e-006
9.394819315917128e-008	1.164426e-005	-6.900917e-007	2.985821e-008	1.672642e-008	6.885314e-006
9.397447887345702e-008	1.170211e-005	-6.683483e-007	2.630039e-008	1.671899e-008	6.883732e-006
9.400076458774277e-008	1.175144e-005	-6.452588e-007	2.275502e-008	1.671313e-008	6.882121e-006
9.402705030202851e-008	1.179225e-005	-6.208233e-007	1.922211e-008	1.670886e-008	6.880481e-006
9.405333601631426e-008	1.182454e-005	-5.950417e-007	1.570166e-008	1.670617e-008	6.878812e-006
9.416933601631439e-008	1.191034e-005	-4.847301e-007	3.152044e-010	1.671619e-008	6.871197e-006
9.421205030202872e-008	1.191781e-005	-4.452607e-007	-5.292826e-009	1.672889e-008	6.868287e-006
9.425476458774306e-008	1.191869e-005	-4.076161e-007	-1.086997e-008	1.674533e-008	6.865340e-006
9.429747887345739e-008	1.191300e-005	-3.717962e-007	-1.641623e-008	1.676550e-008	6.862355e-006
9.434019315917173e-008	1.190071e-005	-3.378010e-007	-2.193160e-008	1.678939e-008	6.859332e-006
9.438290744488606e-008	1.188184e-005	-3.056306e-007	-2.741608e-008	1.681701e-008	6.856272e-006
9.442562173060040e-008	1.185639e-005	-2.752849e-007	-3.286968e-008	1.684837e-008	6.853174e-006
9.446833601631473e-008	1.182436e-005	-2.467639e-007	-3.829239e-008	1.688345e-008	6.850039e-006
9.446933601631473e-008	1.182361e-005	-2.461237e-007	-3.841900e-008	1.688429e-008	6.849965e-006
9.451205030202906e-008	1.178915e-005	-2.200847e-007	-4.381105e-008	1.692223e-008	6.846805e-006
9.455476458774340e-008	1.175217e-005	-1.956866e-007	-4.917380e-008	1.696225e-008	6.843624e-006
9.459747887345773e-008	1.171265e-005	-1.729295e-007	-5.450724e-008	1.700437e-008	6.840420e-006
9.464019315917207e-008	1.167059e-005	-1.518133e-007	-5.981137e-008	1.704856e-008	6.837195e-006
9.468290744488640e-008	1.162600e-005	-1.323379e-007	-6.508619e-008	1.709484e-008	6.833948e-006
9.472562173060074e-008	1.157888e-005	-1.145035e-007	-7.033170e-008	1.714321e-008	6.830680e-006
9.476833601631507e-008	1.152922e-005	-9.831000e-008	-7.554790e-008	1.719367e-008	6.827390e-006
9.476933601631507e-008	1.152806e-005	-9.794217e-008	-7.566969e-008	1.719486e-008	6.827313e-006
9.481205030202940e-008	1.147722e-005	-8.310129e-008	-8.085658e-008	1.724661e-008	6.824008e-006
9.485476458774374e-008	1.142547e-005	-6.930978e-008	-8.601545e-008	1.729929e-008	6.820689e-006
9.489747887345807e-008	1.137278e-005	-5.656766e-008	-9.114631e-008	1.735291e-008	6.817358e-006
9.494019315917241e-008	1.131918e-005	-4.487491e-008	-9.624915e-008	1.740745e-008	6.814014e-006
9.498290744488674e-008	1.126465e-005	-3.423154e-008	-1.013240e-007	1.746292e-008	6.810656e-006
9.502562173060108e-008	1.120920e-005	-2.463755e-008	-1.063708e-007	1.751932e-008	6.807286e-006
9.506833601631541e-008	1.115283e-005	-1.609294e-008	-1.113896e-007	1.757665e-008	6.803903e-006
9.506933601631541e-008	1.115151e-005	-1.589822e-008	-1.115068e-007	1.757800e-008	6.803823e-006
9.511205030202974e-008	1.109482e-005	-8.108725e-009	-1.164976e-007	1.763574e-008	6.800431e-006
9.515476458774408e-008	1.103790e-005	-9.149185e-010	-1.214618e-007	1.769374e-008	6.797030e-006
9.519747887345841e-008	1.098076e-005	5.683204e-009	-1.263993e-007	1.775198e-008	6.793621e-006
9.524019315917275e-008	1.092339e-005	1.168564e-008	-1.313101e-007	1.781047e-008	6.790204e-006
9.528290744488708e-008	1.086580e-005	1.709240e-008	-1.361943e-007	1.786920e-008	6.786778e-006
9.532562173060142e-008	1.080799e-005	2.190347e-008	-1.410517e-007	1.792817e-008	6.783345e-006
9.536833601631575e-008	1.074995e-005	2.611886e-008	-1.458825e-007	1.798740e-008	6.779903e-006
9.536933601631575e-008	1.074859e-005	2.621510e-008	-1.459952e-007	1.798878e-008	6.779822e-006
9.541205030203008e-008	1.069058e-005	3.003496e-008	-1.507993e-007	1.804796e-008	6.776375e-006
9.545476458774442e-008	1.063266e-005	3.353565e-008	-1.555779e-007	1.810702e-008	6.772921e-006
9.549747887345875e-008	1.057483e-005	3.671719e-008	-1.603309e-007	1.816595e-008	6.769463e-006
9.554019315917309e-008	1.051707e-005	3.957956e-008	-1.650584e-007	1.822477e-008	6.765999e-006
9.558290744488742e-008	1.045941e-005	4.212278e-008	-1.697604e-007	1.828347e-008	6.762529e-006
9.562562173060176e-008	1.040183e-005	4.434683e-008	-1.744369e-007	1.834205e-008	6.759054e-006
9.566833601631609e-008	1.034433e-005	4.625171e-008	-1.790878e-007	1.840050e-008	6.755574e-006
9.566933601631609e-008	1.034299e-005	4.629514e-008	-1.791964e-007	1.840187e-008	6.755492e-006
9.568876458774468e-008	1.031692e-005	4.710992e-008	-1.813003e-007	1.842834e-008	6.753908e-006
9.570819315917328e-008	1.029089e-005	4.788413e-008	-1.834015e-007	1.845477e-008	6.752323e-006
9.572762173060187e-008	1.026491e-005	4.861777e-008	-1.855000e-007	1.848113e-008	6.750737e-006
9.574705030203046e-008	1.023896e-005	4.931083e-008	-1.875959e-007	1.850744e-008	6.749150e-006
9.576647887345905e-008	1.021305e-005	4.996332e-008	-1.896890e-007	1.853370e-008	6.747562e-006
9.578590744488765e-008	1.018719e-005	5.057523e-008	-1.917795e-007	1.855990e-008	6.745974e-006
9.580533601631624e-008	1.016137e-005	5.114657e-008	-1.938674e-007	1.858604e-008	6.744384e-006
9.582347887345912e-008	1.013729e-005	5.164992e-008	-1.958242e-007	1.861040e-008	6.742899e-006
9.584162173060200e-008	1.011326e-005	5.212691e-008	-1.977906e-007	1.863470e-008	6.741414e-006
9.585976458774488e-008	1.008928e-005	5.257753e-008	-1.997666e-007	1.865894e-008	6.739927e-006
9.587790744488775e-008	1.006533e-005	5.300179e-008	-2.017521e-007	1.868312e-008	6.738440e-006
9.589605030203062e-008	1.004143e-005	5.339969e-008	-2.037473e-007	1.870725e-008	6.736953e-006
9.591419315917351e-008	1.001758e-005	5.377122e-008	-2.057520e-007	1.873131e-008	6.735464e-006
9.593233601631639e-008	9.993762e-006	5.411639e-008	-2.077663e-007	1.875532e-008	6.733976e-006
9.596933601631643e-008	9.945343e-006	5.475603e-008	-2.118963e-007	1.880408e-008	6.730937e-006
9.600162173060218e-008	9.903245e-006	5.523271e-008	-2.155264e-007	1.884642e-008	6.728284e-006
9.603390744488793e-008	9.861307e-006	5.565792e-008	-2.191430e-007	1.888854e-008	6.725630e-006
9.606619315917368e-008	9.819529e-006	5.603165e-008	-2.227462e-007	1.893045e-008	6.722973e-006
9.609847887345943e-008	9.777910e-006	5.635389e-008	-2.263359e-007	1.897214e-008	6.720315e-006
9.613076458774518e-008	9.736450e-006	5.662466e-008	-2.299122e-007	1.901361e-008	6.717655e-006
9.616305030203093e-008	9.695150e-006	5.684395e-008	-2.334750e-007	1.905486e-008	6.714994e-006
9.619533601631668e-008	9.654009e-006	5.701176e-008	-2.370244e-007	1.909590e-008	6.712331e-006
9.626933601631677e-008	9.560359e-006	5.727423e-008	-2.450516e-007	1.918907e-008	6.706221e-006
9.656933601631711e-008	9.189980e-006	5.683616e-008	-2.765341e-007	1.955405e-008	6.681385e-006
9.686933601631745e-008	8.834768e-006	5.499277e-008	-3.065068e-007	1.989807e-008	6.656459e-006
9.716933601631779e-008	8.494602e-006	5.253913e-008	-3.351140e-007	2.022117e-008	6.631466e-006
9.718619315917495e-008	8.475927e-006	5.239242e-008	-3.366827e-007	2.023871e-008	6.630060e-006
9.720305030203211e-008	8.457297e-006	5.224526e-008	-3.382475e-007	2.025619e-008	6.628654e-006
9.721990744488927e-008	8.438714e-006	5.209764e-008	-3.398085e-007	2.027360e-008	6.627248e-006
9.723676458774644e-008	8.420176e-006	5.194956e-008	-3.413655e-007	2.029095e-008	6.625842e-006
9.725362173060360e-008	8.401683e-006	5.180103e-008	-3.429187e-007	2.030824e-008	6.624435e-006
9.727047887346076e-008	8.383237e-006	5.165204e-008	-3.444679e-007	2.032546e-008	6.623028e-006
9.728733601631792e-008	8.364837e-006	5.150260e-008	-3.460133e-007	2.034262e-008	6.621622e-006
9.730647887346080e-008	8.343996e-006	5.133250e-008	-3.477231e-007	2.036202e-008	6.620024e-006
9.732562173060369e-008	8.323213e-006	5.116216e-008	-3.495109e-007	2.038135e-008	6.618426e-006
9.734476458774656e-008	8.302489e-006	5.099157e-008	-3.513767e-007	2.040060e-008	6.616828e-006
9.736390744488944e-008	8.281823e-006	5.082074e-008	-3.533206e-007	2.041976e-008	6.615230e-006
9.738305030203231e-008	8.261215e-006	5.064966e-008	-3.553424e-007	2.043884e-008	6.613631e-006
9.740219315917520e-008	8.240665e-006	5.047833e-008	-3.574422e-007	2.045784e-008	6.612033e-006
9.742133601631807e-008	8.220173e-006	5.030676e-008	-3.596200e-007	2.047677e-008	6.610434e-006
9.746933601631813e-008	8.169041e-006	4.987648e-008	-3.658235e-007	2.052386e-008	6.606425e-006
9.749019315917530e-008	8.146936e-006	4.968937e-008	-3.688323e-007	2.054417e-008	6.604683e-006
9.751105030203246e-008	8.124898e-006	4.950238e-008	-3.719167e-007	2.056439e-008	6.602940e-006
9.753190744488963e-008	8.102927e-006	4.931551e-008	-3.750767e-007	2.058452e-008	6.601198e-006
9.755276458774680e-008	8.081023e-006	4.912877e-008	-3.783123e-007	2.060456e-008	6.599455e-006
9.757362173060397e-008	8.059185e-006	4.894215e-008	-3.816235e-007	2.062451e-008	6.597712e-006
9.759447887346112e-008	8.037415e-006	4.875565e-008	-3.850103e-007	2.064436e-008	6.595969e-006
9.761533601631829e-008	8.015712e-006	4.856927e-008	-3.884728e-007	2.066413e-008	6.594225e-006
9.763247887346117e-008	7.997869e-006	4.843489e-008	-3.913070e-007	2.068030e-008	6.592792e-006
9.764962173060405e-008	7.980111e-006	4.828665e-008	-3.941333e-007	2.069642e-008	6.591359e-006
9.766676458774693e-008	7.962438e-006	4.812453e-008	-3.969518e-007	2.071248e-008	6.589926e-006
9.768390744488980e-008	7.944851e-006	4.794855e-008	-3.997625e-007	2.072847e-008	6.588494e-006
9.770105030203267e-008	7.927349e-006	4.775870e-008	-4.025654e-007	2.074440e-008	6.587061e-006
9.771819315917556e-008	7.909932e-006	4.755498e-008	-4.053605e-007	2.076027e-008	6.585628e-006
9.773533601631843e-008	7.892600e-006	4.733739e-008	-4.081477e-007	2.077607e-008	6.584195e-006
9.776933601631847e-008	7.859012e-006	4.669569e-008	-4.136083e-007	2.080722e-008	6.581356e-006
9.781205030203280e-008	7.818757e-006	4.540443e-008	-4.203765e-007	2.084590e-008	6.577793e-006
9.785476458774714e-008	7.778497e-006	4.427372e-008	-4.270676e-007	2.088415e-008	6.574230e-006
9.789747887346147e-008	7.738232e-006	4.330357e-008	-4.336814e-007	2.092197e-008	6.570667e-006
9.794019315917581e-008	7.697962e-006	4.249397e-008	-4.402180e-007	2.095937e-008	6.567102e-006
9.798290744489014e-008	7.657688e-006	4.184493e-008	-4.466773e-007	2.099633e-008	6.563538e-006
9.802562173060448e-008	7.617409e-006	4.135645e-008	-4.530595e-007	2.103287e-008	6.559972e-006
9.806833601631881e-008	7.577125e-006	4.102851e-008	-4.593645e-007	2.106898e-008	6.556406e-006
9.806933601631881e-008	7.576171e-006	4.102395e-008	-4.595114e-007	2.106982e-008	6.556323e-006
9.836933601631915e-008	7.291783e-006	4.051996e-008	-5.020565e-007	2.131443e-008	6.531247e-006
9.866933601631949e-008	7.014791e-006	4.001954e-008	-5.418220e-007	2.154334e-008	6.506155e-006
9.896933601631983e-008	6.748352e-006	3.877553e-008	-5.790979e-007	2.175674e-008	6.481070e-006
9.926933601632017e-008	6.493167e-006	3.701926e-008	-6.140760e-007	2.195475e-008	6.456008e-006
9.956933601632051e-008	6.249255e-006	3.500880e-008	-6.469063e-007	2.213768e-008	6.430980e-006
9.961033601632056e-008	6.215078e-006	3.527184e-008	-6.512326e-007	2.216159e-008	6.427558e-006
9.965133601632060e-008	6.182281e-006	3.515309e-008	-6.555222e-007	2.218519e-008	6.424140e-006
9.969233601632065e-008	6.150862e-006	3.465255e-008	-6.597748e-007	2.220849e-008	6.420727e-006
9.973333601632070e-008	6.120821e-006	3.377021e-008	-6.639907e-007	2.223148e-008	6.417318e-006
9.977433601632074e-008	6.092159e-006	3.250609e-008	-6.681698e-007	2.225417e-008	6.413913e-006
9.981533601632079e-008	6.064876e-006	3.086017e-008	-6.723120e-007	2.227655e-008	6.410514e-006
9.985633601632084e-008	6.038971e-006	2.883246e-008	-6.764174e-007	2.229863e-008	6.407118e-006
9.986933601632085e-008	6.033166e-006	2.747939e-008	-6.777118e-007	2.230546e-008	6.406050e-006
9.999933601632100e-008	6.003509e-006	8.027806e-009	-6.904593e-007	2.236895e-008	6.395468e-006
1.000000000000000e-007	-1.#IND00e+000	-1.#IND00e+000	-1.#IND00e+000	-1.#IND00e+000	-1.#IND00e+000
