time	I(L21)	I(L22)	I(R2)	I(R10)	I(R30)
0.000000000000000e+000	-3.297555e-021	-5.882238e-022	-6.776264e-021	-7.300207e-021	-2.596169e-020
2.823107199787331e-010	-3.945408e-018	2.797012e-018	1.419963e-018	1.365447e-018	1.506986e-018
5.823107199787321e-010	-2.664152e-018	5.731670e-018	1.653461e-018	1.548807e-018	1.719443e-018
8.823107199787310e-010	-1.926389e-018	6.614246e-018	1.897828e-018	1.758209e-018	1.903501e-018
1.000000000000000e-009	-2.947647e-018	5.549007e-018	1.955574e-018	1.868699e-018	1.804873e-018
1.179500000000018e-009	-1.063165e-018	7.296068e-018	2.113274e-018	1.847429e-018	2.074491e-018
1.479500000000048e-009	-1.588681e-018	6.490342e-018	2.171747e-018	1.975712e-018	2.280333e-018
1.779500000000078e-009	-5.257985e-019	7.332850e-018	2.408015e-018	2.150943e-018	2.510399e-018
2.079500000000063e-009	-5.051419e-019	7.106697e-018	2.518406e-018	2.318065e-018	2.674668e-018
2.379500000000031e-009	-6.469202e-019	6.667163e-018	2.669518e-018	2.449098e-018	2.815187e-018
2.679499999999999e-009	-4.496128e-019	6.640958e-018	2.775738e-018	2.499326e-018	2.995846e-018
2.979499999999967e-009	3.463725e-019	7.244745e-018	2.965307e-018	2.612453e-018	3.069206e-018
3.279499999999935e-009	2.960569e-019	7.023214e-018	3.011787e-018	2.719258e-018	3.269065e-018
3.579499999999903e-009	5.273682e-019	7.065096e-018	3.019024e-018	2.789375e-018	3.407803e-018
3.879499999999935e-009	-3.538203e-019	6.026945e-018	3.159267e-018	2.920664e-018	3.528629e-018
3.892071428571376e-009	-3.687607e-019	6.006567e-018	3.173183e-018	2.904418e-018	3.526654e-018
3.904642857142817e-009	-3.583959e-019	6.011656e-018	3.178638e-018	2.891274e-018	3.525383e-018
3.917214285714258e-009	-3.227258e-019	6.042211e-018	3.175633e-018	2.881234e-018	3.524818e-018
3.929785714285698e-009	-2.617504e-019	6.098233e-018	3.164168e-018	2.874298e-018	3.524957e-018
3.942357142857139e-009	-1.754699e-019	6.179721e-018	3.144243e-018	2.870464e-018	3.525800e-018
3.954928571428580e-009	-6.388404e-020	6.286676e-018	3.115858e-018	2.869734e-018	3.527348e-018
3.967500000000021e-009	7.300703e-020	6.419098e-018	3.079013e-018	2.872108e-018	3.529601e-018
3.982071428571436e-009	-1.401185e-019	6.201070e-018	3.122021e-018	2.886600e-018	3.537065e-018
3.996642857142852e-009	-3.011112e-019	6.034743e-018	3.156220e-018	2.899616e-018	3.541744e-018
4.011214285714267e-009	-4.099712e-019	5.920116e-018	3.181608e-018	2.911156e-018	3.543640e-018
4.025785714285682e-009	-4.666985e-019	5.857191e-018	3.198187e-018	2.921220e-018	3.542751e-018
4.040357142857098e-009	-4.712931e-019	5.845966e-018	3.205955e-018	2.929807e-018	3.539078e-018
4.054928571428513e-009	-4.237549e-019	5.886442e-018	3.204914e-018	2.936919e-018	3.532621e-018
4.069499999999929e-009	-3.240840e-019	5.978619e-018	3.195062e-018	2.942554e-018	3.523380e-018
4.173499999999961e-009	-1.900043e-019	6.036159e-018	3.156438e-018	2.853161e-018	3.600790e-018
4.473500000000053e-009	-4.326876e-019	5.549800e-018	3.326680e-018	3.027146e-018	3.763398e-018
4.773500000000145e-009	-6.459169e-021	5.786999e-018	3.384695e-018	3.008807e-018	3.908463e-018
5.073500000000237e-009	-4.100726e-018	2.812377e-018	4.608840e-018	4.392382e-018	5.485267e-018
5.373500000000329e-009	-1.842474e-018	7.098411e-018	5.337406e-018	4.934179e-018	6.282420e-018
5.673500000000421e-009	5.712296e-019	9.519099e-018	5.100844e-018	4.726388e-018	6.067057e-018
5.973500000000513e-009	1.710599e-019	8.724251e-018	6.018258e-018	5.632178e-018	7.072870e-018
5.998500000000521e-009	-8.852431e-019	7.651936e-018	5.946988e-018	5.501872e-018	6.979083e-018
5.999500000000521e-009	2.403685e-018	1.089520e-017	6.857485e-017	6.824247e-017	5.324322e-018
6.000500000000522e-009	7.673318e-018	1.611399e-017	4.793586e-016	4.795795e-016	3.602257e-018
6.001500000000522e-009	8.893507e-018	1.746677e-017	1.716866e-015	1.718362e-015	4.352941e-018
6.003928571429094e-009	6.828668e-018	1.296708e-017	9.660756e-015	9.668473e-015	5.023783e-018
6.006357142857667e-009	3.346556e-018	1.409488e-017	2.589484e-014	2.591344e-014	5.614712e-018
6.008785714286239e-009	-1.552827e-018	2.085017e-017	5.041913e-014	5.045326e-014	6.125728e-018
6.011214285714811e-009	-7.869484e-018	3.323294e-017	8.323361e-014	8.328794e-014	6.556831e-018
6.013642857143383e-009	-1.560341e-017	5.124320e-017	1.243383e-013	1.244175e-013	6.908021e-018
6.016071428571955e-009	-2.475461e-017	7.488094e-017	1.737332e-013	1.738419e-013	7.179298e-018
6.018500000000527e-009	-3.532309e-017	1.041462e-016	2.314182e-013	2.315611e-013	7.370662e-018
6.054785714286253e-009	1.566792e-016	-2.420895e-015	2.328464e-012	2.329834e-012	-4.143419e-018
6.091071428571978e-009	-2.599471e-015	5.692478e-015	5.835736e-012	5.839056e-012	1.873138e-017
6.127357142857704e-009	-8.303775e-015	2.444427e-014	1.075323e-011	1.075923e-011	7.599507e-017
6.163642857143429e-009	-1.695623e-014	5.383447e-014	1.708096e-011	1.709034e-011	1.676476e-016
6.199928571429154e-009	-2.855684e-014	9.386309e-014	2.481891e-011	2.483241e-011	2.936891e-016
6.236214285714880e-009	-4.310560e-014	1.445301e-013	3.396709e-011	3.398543e-011	4.541194e-016
6.272500000000605e-009	-6.060252e-014	2.058356e-013	4.452549e-011	4.454939e-011	6.489386e-016
6.273500000000605e-009	-6.114629e-014	2.078282e-013	4.482510e-011	4.484915e-011	6.562818e-016
6.316214285714904e-009	-8.764113e-014	3.038175e-013	5.859384e-011	5.862503e-011	9.657647e-016
6.358928571429203e-009	-1.171836e-013	4.201404e-013	7.350636e-011	7.354513e-011	1.359064e-015
6.401642857143502e-009	-1.497736e-013	5.567970e-013	8.956265e-011	8.960943e-011	1.836179e-015
6.444357142857801e-009	-1.854112e-013	7.137872e-013	1.067627e-010	1.068179e-010	2.397111e-015
6.487071428572100e-009	-2.240964e-013	8.911109e-013	1.251065e-010	1.251707e-010	3.041859e-015
6.529785714286398e-009	-2.658292e-013	1.088768e-012	1.445941e-010	1.446676e-010	3.770423e-015
6.572500000000697e-009	-3.106096e-013	1.306759e-012	1.652255e-010	1.653088e-010	4.582804e-015
6.573500000000697e-009	-3.116503e-013	1.312071e-012	1.657145e-010	1.657980e-010	4.602810e-015
6.873500000000789e-009	-6.414282e-013	3.327283e-012	3.314266e-010	3.315833e-010	1.281885e-014
6.900000418282007e-009	-6.704980e-013	3.541414e-012	3.476407e-010	3.478040e-010	1.374719e-014
7.144713296168485e-009	-9.240509e-013	5.742368e-012	5.071109e-010	5.073366e-010	2.378834e-014
7.444713296168577e-009	-1.185630e-012	8.886811e-012	7.231080e-010	7.234086e-010	3.947099e-014
7.744713296168425e-009	-1.391927e-012	1.239633e-011	9.580619e-010	9.584324e-010	5.851317e-014
7.766713296168414e-009	-1.405140e-012	1.266543e-011	9.759710e-010	9.763467e-010	6.003482e-014
7.767713296168413e-009	-1.405735e-012	1.267769e-011	9.767871e-010	9.771630e-010	6.010362e-014
7.767993970497466e-009	-1.405901e-012	1.268114e-011	9.770162e-010	9.773922e-010	6.012278e-014
7.768226161086782e-009	-1.406039e-012	1.268399e-011	9.772058e-010	9.775818e-010	6.013873e-014
7.768883066583345e-009	-1.406426e-012	1.269205e-011	9.777438e-010	9.781199e-010	6.018348e-014
7.770551613840212e-009	-1.407422e-012	1.271253e-011	9.791475e-010	9.795241e-010	6.030173e-014
7.771551613840212e-009	-1.408019e-012	1.272481e-011	9.800289e-010	9.804058e-010	6.037063e-014
7.772551613840211e-009	-1.408616e-012	1.273711e-011	9.809573e-010	9.813345e-010	6.043940e-014
7.773551613840211e-009	-1.409220e-012	1.274942e-011	9.819460e-010	9.823236e-010	6.050984e-014
7.775551613840210e-009	-1.410449e-012	1.277410e-011	9.841585e-010	9.845369e-010	6.064973e-014
7.777551613840209e-009	-1.411717e-012	1.279891e-011	9.867756e-010	9.871551e-010	6.078963e-014
7.779551613840208e-009	-1.413055e-012	1.282389e-011	9.899064e-010	9.902873e-010	6.093052e-014
7.781551613840207e-009	-1.414478e-012	1.284913e-011	9.936598e-010	9.940425e-010	6.107176e-014
7.783551613840205e-009	-1.416030e-012	1.287471e-011	9.981442e-010	9.985293e-010	6.121441e-014
7.785551613840204e-009	-1.417735e-012	1.290074e-011	1.003468e-009	1.003855e-009	6.135796e-014
7.787551613840203e-009	-1.419643e-012	1.292731e-011	1.009738e-009	1.010129e-009	6.150343e-014
7.789551613840202e-009	-1.421787e-012	1.295457e-011	1.017060e-009	1.017455e-009	6.165046e-014
7.792551613840201e-009	-1.425567e-012	1.299701e-011	1.030250e-009	1.030652e-009	6.187498e-014
7.795551613840199e-009	-1.430179e-012	1.304178e-011	1.046402e-009	1.046813e-009	6.210772e-014
7.798551613840198e-009	-1.435817e-012	1.308946e-011	1.065867e-009	1.066289e-009	6.234841e-014
7.801551613840196e-009	-1.442696e-012	1.314068e-011	1.088991e-009	1.089426e-009	6.259750e-014
7.806408756697337e-009	-1.453723e-012	1.322272e-011	1.131858e-009	1.132317e-009	6.299901e-014
7.811265899554477e-009	-1.472992e-012	1.332885e-011	1.189890e-009	1.190382e-009	6.346921e-014
7.816123042411618e-009	-1.500506e-012	1.345906e-011	1.263087e-009	1.263619e-009	6.400809e-014
7.820980185268757e-009	-1.536262e-012	1.361336e-011	1.351449e-009	1.352031e-009	6.461565e-014
7.825837328125897e-009	-1.580262e-012	1.379173e-011	1.454975e-009	1.455615e-009	6.529191e-014
7.830694470983038e-009	-1.632506e-012	1.399419e-011	1.573667e-009	1.574373e-009	6.603685e-014
7.835551613840178e-009	-1.692992e-012	1.422073e-011	1.707523e-009	1.708304e-009	6.685047e-014
7.840694470983033e-009	-1.770541e-012	1.449971e-011	1.871764e-009	1.872638e-009	6.782250e-014
7.845837328125887e-009	-1.870103e-012	1.484578e-011	2.060284e-009	2.061263e-009	6.899089e-014
7.850980185268741e-009	-1.991677e-012	1.525895e-011	2.273084e-009	2.274182e-009	7.035564e-014
7.856123042411597e-009	-2.135264e-012	1.573922e-011	2.510163e-009	2.511393e-009	7.191676e-014
7.861265899554451e-009	-2.300864e-012	1.628657e-011	2.771522e-009	2.772898e-009	7.367424e-014
7.866408756697305e-009	-2.488477e-012	1.690103e-011	3.057161e-009	3.058695e-009	7.562808e-014
7.871551613840160e-009	-2.698103e-012	1.758258e-011	3.367078e-009	3.368784e-009	7.777828e-014
7.873551613840159e-009	-2.789215e-012	1.787781e-011	3.494922e-009	3.496699e-009	7.870437e-014
7.875551613840158e-009	-2.884794e-012	1.818697e-011	3.626597e-009	3.628447e-009	7.967222e-014
7.882837328125868e-009	-3.263667e-012	1.940186e-011	4.144151e-009	4.146287e-009	8.344668e-014
7.890123042411579e-009	-3.717123e-012	2.086004e-011	4.706353e-009	4.708799e-009	8.796367e-014
7.897408756697289e-009	-4.245163e-012	2.256153e-011	5.313202e-009	5.315981e-009	9.322319e-014
7.904694470982999e-009	-4.847786e-012	2.450632e-011	5.964699e-009	5.967834e-009	9.922525e-014
7.911980185268709e-009	-5.524993e-012	2.669440e-011	6.660843e-009	6.664359e-009	1.059698e-013
7.919265899554421e-009	-6.276783e-012	2.912579e-011	7.401635e-009	7.405554e-009	1.134569e-013
7.926551613840131e-009	-7.103157e-012	3.180049e-011	8.187074e-009	8.191421e-009	1.216866e-013
7.935265899554413e-009	-8.213249e-012	3.540049e-011	9.177139e-009	9.182023e-009	1.327584e-013
7.943980185268693e-009	-9.439423e-012	3.942593e-011	1.019740e-008	1.020283e-008	1.452153e-013
7.952694470982974e-009	-1.078168e-011	4.387681e-011	1.124784e-008	1.125384e-008	1.590575e-013
7.961408756697256e-009	-1.224002e-011	4.875311e-011	1.232848e-008	1.233506e-008	1.742847e-013
7.970123042411538e-009	-1.381444e-011	5.405485e-011	1.343931e-008	1.344648e-008	1.908972e-013
7.978837328125818e-009	-1.550494e-011	5.978202e-011	1.458033e-008	1.458811e-008	2.088948e-013
7.987551613840099e-009	-1.731153e-011	6.593462e-011	1.575155e-008	1.575994e-008	2.282776e-013
7.991123042411527e-009	-1.808067e-011	6.857972e-011	1.623112e-008	1.623977e-008	2.366543e-013
7.994694470982953e-009	-1.886607e-011	7.129321e-011	1.671210e-008	1.672100e-008	2.452686e-013
7.998265899554380e-009	-1.966773e-011	7.407512e-011	1.719449e-008	1.720364e-008	2.541205e-013
8.001837328125806e-009	-2.048565e-011	7.692542e-011	1.767829e-008	1.768769e-008	2.632102e-013
8.005408756697233e-009	-2.131983e-011	7.984412e-011	1.816349e-008	1.817315e-008	2.725374e-013
8.008980185268659e-009	-2.217026e-011	8.283123e-011	1.865010e-008	1.866002e-008	2.821023e-013
8.012551613840086e-009	-2.303696e-011	8.588674e-011	1.913812e-008	1.914829e-008	2.919049e-013
8.013551613840086e-009	-2.328205e-011	8.675369e-011	1.927472e-008	1.928496e-008	2.946920e-013
8.014551613840085e-009	-2.352830e-011	8.762580e-011	1.941137e-008	1.942169e-008	2.974976e-013
8.016551613840084e-009	-2.402422e-011	8.938542e-011	1.968478e-008	1.969523e-008	3.031604e-013
8.017980185268654e-009	-2.438130e-011	9.065495e-011	1.988017e-008	1.989073e-008	3.072517e-013
8.019408756697226e-009	-2.474058e-011	9.193469e-011	2.007553e-008	2.008619e-008	3.113799e-013
8.020837328125796e-009	-2.510205e-011	9.322465e-011	2.027085e-008	2.028161e-008	3.155451e-013
8.022265899554367e-009	-2.546574e-011	9.452483e-011	2.046613e-008	2.047699e-008	3.197473e-013
8.023694470982937e-009	-2.583162e-011	9.583523e-011	2.066138e-008	2.067234e-008	3.239864e-013
8.025123042411509e-009	-2.619971e-011	9.715584e-011	2.085658e-008	2.086764e-008	3.282625e-013
8.026551613840079e-009	-2.657000e-011	9.848666e-011	2.105175e-008	2.106291e-008	3.325756e-013
8.027551613840079e-009	-2.683024e-011	9.942337e-011	2.118828e-008	2.119951e-008	3.356129e-013
8.027961081515119e-009	-2.693707e-011	9.980820e-011	2.124417e-008	2.125543e-008	3.368609e-013
8.027996380564761e-009	-2.694629e-011	9.984143e-011	2.124898e-008	2.126025e-008	3.369692e-013
8.028031679614403e-009	-2.695552e-011	9.987467e-011	2.125380e-008	2.126507e-008	3.370773e-013
8.028066978664045e-009	-2.696474e-011	9.990792e-011	2.125862e-008	2.126989e-008	3.371853e-013
8.028102277713685e-009	-2.697397e-011	9.994118e-011	2.126344e-008	2.127471e-008	3.372931e-013
8.028137576763327e-009	-2.698320e-011	9.997445e-011	2.126825e-008	2.127953e-008	3.374007e-013
8.028172875812969e-009	-2.699243e-011	1.000077e-010	2.127307e-008	2.128435e-008	3.375082e-013
8.028208174862611e-009	-2.700166e-011	1.000410e-010	2.127789e-008	2.128917e-008	3.376154e-013
8.028214996189908e-009	-2.700344e-011	1.000474e-010	2.127882e-008	2.129010e-008	3.376359e-013
8.030978011399211e-009	-2.773066e-011	1.026735e-010	2.165564e-008	2.166711e-008	3.461675e-013
8.033741026608512e-009	-2.846479e-011	1.053348e-010	2.203189e-008	2.204356e-008	3.548314e-013
8.036504041817815e-009	-2.920583e-011	1.080316e-010	2.240759e-008	2.241945e-008	3.636277e-013
8.039267057027118e-009	-2.995378e-011	1.107637e-010	2.278272e-008	2.279478e-008	3.725563e-013
8.042030072236420e-009	-3.070864e-011	1.135311e-010	2.315730e-008	2.316954e-008	3.816172e-013
8.044793087445722e-009	-3.147042e-011	1.163339e-010	2.353131e-008	2.354375e-008	3.908105e-013
8.047556102655024e-009	-3.223911e-011	1.191721e-010	2.390476e-008	2.391739e-008	4.001362e-013
8.052698959797879e-009	-3.368845e-011	1.245502e-010	2.459834e-008	2.461132e-008	4.178518e-013
8.057841816940733e-009	-3.515468e-011	1.300352e-010	2.528927e-008	2.530260e-008	4.359948e-013
8.062984674083587e-009	-3.663780e-011	1.356272e-010	2.597755e-008	2.599123e-008	4.545652e-013
8.068127531226443e-009	-3.813781e-011	1.413261e-010	2.666320e-008	2.667722e-008	4.735631e-013
8.073270388369297e-009	-3.965471e-011	1.471320e-010	2.734620e-008	2.736056e-008	4.929884e-013
8.078413245512151e-009	-4.118851e-011	1.530449e-010	2.802655e-008	2.804126e-008	5.128411e-013
8.083556102655006e-009	-4.273919e-011	1.590647e-010	2.870426e-008	2.871931e-008	5.331212e-013
8.089556102655002e-009	-4.456480e-011	1.662123e-010	2.949109e-008	2.950653e-008	5.572999e-013
8.095556102654999e-009	-4.640139e-011	1.734764e-010	3.027337e-008	3.028919e-008	5.819948e-013
8.101556102654996e-009	-4.824896e-011	1.808570e-010	3.105109e-008	3.106730e-008	6.072059e-013
8.107556102654993e-009	-5.010750e-011	1.883541e-010	3.182427e-008	3.184086e-008	6.329332e-013
8.113556102654990e-009	-5.197701e-011	1.959676e-010	3.259290e-008	3.260986e-008	6.591767e-013
8.119556102654987e-009	-5.385751e-011	2.036975e-010	3.335698e-008	3.337431e-008	6.859364e-013
8.125556102654984e-009	-5.574898e-011	2.115440e-010	3.411650e-008	3.413421e-008	7.132124e-013
8.130698959797838e-009	-5.737314e-011	2.183476e-010	3.476350e-008	3.478152e-008	7.369689e-013
8.135841816940692e-009	-5.899798e-011	2.252171e-010	3.540671e-008	3.542504e-008	7.610568e-013
8.140984674083546e-009	-6.062352e-011	2.321525e-010	3.604615e-008	3.606478e-008	7.854759e-013
8.146127531226402e-009	-6.224975e-011	2.391538e-010	3.668180e-008	3.670074e-008	8.102265e-013
8.151270388369256e-009	-6.387667e-011	2.462211e-010	3.731368e-008	3.733292e-008	8.353083e-013
8.156413245512111e-009	-6.550428e-011	2.533542e-010	3.794178e-008	3.796131e-008	8.607215e-013
8.161556102654965e-009	-6.713258e-011	2.605532e-010	3.856610e-008	3.858593e-008	8.864660e-013
8.162556102654964e-009	-6.744855e-011	2.619586e-010	3.868702e-008	3.870690e-008	8.915059e-013
8.163556102654964e-009	-6.776441e-011	2.633662e-010	3.880778e-008	3.882773e-008	8.965558e-013
8.164556102654963e-009	-6.808018e-011	2.647758e-010	3.892840e-008	3.894840e-008	9.016173e-013
8.166698959797819e-009	-6.875663e-011	2.678041e-010	3.918643e-008	3.920656e-008	9.125055e-013
8.168841816940675e-009	-6.943239e-011	2.708415e-010	3.944359e-008	3.946384e-008	9.234452e-013
8.170984674083531e-009	-7.010746e-011	2.738880e-010	3.969988e-008	3.972025e-008	9.344362e-013
8.173127531226388e-009	-7.078184e-011	2.769435e-010	3.995530e-008	3.997578e-008	9.454785e-013
8.175270388369244e-009	-7.145553e-011	2.800082e-010	4.020984e-008	4.023045e-008	9.565722e-013
8.177413245512100e-009	-7.212854e-011	2.830819e-010	4.046352e-008	4.048424e-008	9.677173e-013
8.179556102654956e-009	-7.280086e-011	2.861648e-010	4.071632e-008	4.073716e-008	9.789138e-013
8.182556102654954e-009	-7.374032e-011	2.904942e-010	4.106838e-008	4.108937e-008	9.946710e-013
8.183556102654953e-009	-7.405304e-011	2.919409e-010	4.118526e-008	4.120631e-008	9.999438e-013
8.184556102654953e-009	-7.436559e-011	2.933890e-010	4.130196e-008	4.132307e-008	1.005224e-012
8.184754844671794e-009	-7.442767e-011	2.936770e-010	4.132513e-008	4.134624e-008	1.006275e-012
8.184948597725727e-009	-7.448819e-011	2.939579e-010	4.134769e-008	4.136882e-008	1.007301e-012
8.184982810259959e-009	-7.449887e-011	2.940075e-010	4.135168e-008	4.137281e-008	1.007481e-012
8.184985546397939e-009	-7.449973e-011	2.940115e-010	4.135200e-008	4.137312e-008	1.007495e-012
8.184990169710685e-009	-7.450117e-011	2.940182e-010	4.135253e-008	4.137366e-008	1.007520e-012
8.184995968410086e-009	-7.450298e-011	2.940266e-010	4.135321e-008	4.137434e-008	1.007551e-012
8.185002963912981e-009	-7.450517e-011	2.940367e-010	4.135402e-008	4.137516e-008	1.007588e-012
8.185010610797859e-009	-7.450755e-011	2.940478e-010	4.135491e-008	4.137604e-008	1.007628e-012
8.185018551867994e-009	-7.451003e-011	2.940593e-010	4.135584e-008	4.137697e-008	1.007671e-012
8.185027925534393e-009	-7.451296e-011	2.940729e-010	4.135693e-008	4.137806e-008	1.007721e-012
8.185038553264773e-009	-7.451628e-011	2.940883e-010	4.135817e-008	4.137930e-008	1.007776e-012
8.185066874810722e-009	-7.452512e-011	2.941294e-010	4.136146e-008	4.138260e-008	1.007926e-012
8.185321741339628e-009	-7.460470e-011	2.944991e-010	4.139112e-008	4.141227e-008	1.009277e-012
8.185576607868533e-009	-7.468425e-011	2.948689e-010	4.142076e-008	4.144192e-008	1.010628e-012
8.185831474397439e-009	-7.476380e-011	2.952388e-010	4.145038e-008	4.147156e-008	1.011980e-012
8.186086340926345e-009	-7.484332e-011	2.956089e-010	4.147999e-008	4.150118e-008	1.013333e-012
8.186341207455251e-009	-7.492283e-011	2.959791e-010	4.150958e-008	4.153078e-008	1.014686e-012
8.186596073984155e-009	-7.500232e-011	2.963493e-010	4.153915e-008	4.156037e-008	1.016040e-012
8.186850940513061e-009	-7.508179e-011	2.967197e-010	4.156870e-008	4.158994e-008	1.017394e-012
8.201993797655910e-009	-7.980959e-011	3.190477e-010	4.329317e-008	4.331519e-008	1.099436e-012
8.217136654798759e-009	-8.441833e-011	3.415448e-010	4.496895e-008	4.499172e-008	1.183228e-012
8.232279511941608e-009	-8.890800e-011	3.642109e-010	4.659604e-008	4.661953e-008	1.268768e-012
8.247422369084459e-009	-9.327860e-011	3.870461e-010	4.817443e-008	4.819860e-008	1.356058e-012
8.262565226227308e-009	-9.753014e-011	4.100504e-010	4.970412e-008	4.972895e-008	1.445097e-012
8.277708083370157e-009	-1.016626e-010	4.332237e-010	5.118512e-008	5.121058e-008	1.535884e-012
8.292850940513006e-009	-1.056760e-010	4.565662e-010	5.261743e-008	5.264348e-008	1.628421e-012
8.293850940513005e-009	-1.059334e-010	4.580995e-010	5.271079e-008	5.273686e-008	1.634550e-012
8.321993797655848e-009	-1.128974e-010	5.015742e-010	5.524293e-008	5.527001e-008	1.810576e-012
8.350136654798690e-009	-1.192532e-010	5.444218e-010	5.765795e-008	5.768595e-008	1.988347e-012
8.378279511941532e-009	-1.250009e-010	5.866420e-010	5.995582e-008	5.998468e-008	2.167865e-012
8.406422369084376e-009	-1.301404e-010	6.282350e-010	6.213657e-008	6.216619e-008	2.349130e-012
8.434565226227218e-009	-1.346719e-010	6.692008e-010	6.420018e-008	6.423048e-008	2.532142e-012
8.462708083370061e-009	-1.385951e-010	7.095393e-010	6.614665e-008	6.617757e-008	2.716900e-012
8.490850940512903e-009	-1.419103e-010	7.492506e-010	6.797599e-008	6.800744e-008	2.903404e-012
8.505422369084325e-009	-1.433959e-010	7.692859e-010	6.889447e-008	6.892617e-008	2.999390e-012
8.519993797655745e-009	-1.447414e-010	7.890386e-010	6.979096e-008	6.982291e-008	3.095220e-012
8.534565226227166e-009	-1.459466e-010	8.085087e-010	7.066547e-008	7.069764e-008	3.190893e-012
8.549136654798586e-009	-1.470116e-010	8.276962e-010	7.151800e-008	7.155038e-008	3.286409e-012
8.563708083370008e-009	-1.479363e-010	8.466010e-010	7.234854e-008	7.238112e-008	3.381769e-012
8.578279511941428e-009	-1.487208e-010	8.652233e-010	7.315710e-008	7.318986e-008	3.476972e-012
8.592850940512850e-009	-1.493651e-010	8.835629e-010	7.394368e-008	7.397661e-008	3.572019e-012
8.593850940512849e-009	-1.494054e-010	8.848100e-010	7.399706e-008	7.403000e-008	3.578525e-012
8.625993797655689e-009	-1.502777e-010	9.241202e-010	7.565158e-008	7.568484e-008	3.787371e-012
8.658136654798530e-009	-1.506999e-010	9.620101e-010	7.723213e-008	7.726565e-008	3.993935e-012
8.690279511941370e-009	-1.506721e-010	9.984796e-010	7.873869e-008	7.877243e-008	4.198218e-012
8.722422369084212e-009	-1.501943e-010	1.033529e-009	8.017128e-008	8.020519e-008	4.400220e-012
8.754565226227052e-009	-1.492665e-010	1.067158e-009	8.152990e-008	8.156393e-008	4.599941e-012
8.786708083369892e-009	-1.478886e-010	1.099366e-009	8.281454e-008	8.284863e-008	4.797380e-012
8.818850940512732e-009	-1.460606e-010	1.130155e-009	8.402520e-008	8.405932e-008	4.992538e-012
8.819850940512732e-009	-1.460022e-010	1.131093e-009	8.406278e-008	8.409689e-008	4.998552e-012
8.820131614841784e-009	-1.459858e-010	1.131356e-009	8.407353e-008	8.410765e-008	5.000239e-012
8.820363814573634e-009	-1.459722e-010	1.131573e-009	8.408139e-008	8.411550e-008	5.001635e-012
8.820686403611430e-009	-1.459529e-010	1.131875e-009	8.408718e-008	8.412128e-008	5.003574e-012
8.821020647936452e-009	-1.459330e-010	1.132187e-009	8.409359e-008	8.412769e-008	5.005582e-012
8.821689136586494e-009	-1.458936e-010	1.132812e-009	8.412355e-008	8.415767e-008	5.009597e-012
8.822689136586494e-009	-1.458367e-010	1.133750e-009	8.421775e-008	8.425194e-008	5.015609e-012
8.823689136586493e-009	-1.457837e-010	1.134696e-009	8.438395e-008	8.441826e-008	5.021636e-012
8.824689136586493e-009	-1.457366e-010	1.135654e-009	8.463876e-008	8.467324e-008	5.027695e-012
8.825689136586492e-009	-1.456978e-010	1.136632e-009	8.499273e-008	8.502744e-008	5.033800e-012
8.826689136586492e-009	-1.456698e-010	1.137636e-009	8.545750e-008	8.549252e-008	5.039969e-012
8.827689136586491e-009	-1.456555e-010	1.138673e-009	8.604601e-008	8.608140e-008	5.046224e-012
8.828689136586491e-009	-1.456581e-010	1.139753e-009	8.677228e-008	8.680814e-008	5.052586e-012
8.829689136586490e-009	-1.456809e-010	1.140885e-009	8.765122e-008	8.768764e-008	5.059081e-012
8.830689136586490e-009	-1.457279e-010	1.142078e-009	8.869835e-008	8.873543e-008	5.065737e-012
8.832689136586489e-009	-1.459109e-010	1.144697e-009	9.136061e-008	9.139936e-008	5.079655e-012
8.834689136586488e-009	-1.462441e-010	1.147712e-009	9.488477e-008	9.492570e-008	5.094617e-012
8.836689136586487e-009	-1.467688e-010	1.151238e-009	9.938893e-008	9.943261e-008	5.110939e-012
8.838689136586486e-009	-1.475303e-010	1.155404e-009	1.049770e-007	1.050241e-007	5.128975e-012
8.840689136586484e-009	-1.485770e-010	1.160347e-009	1.117346e-007	1.117858e-007	5.149109e-012
8.842689136586483e-009	-1.499595e-010	1.166213e-009	1.197268e-007	1.197828e-007	5.171751e-012
8.844689136586482e-009	-1.517293e-010	1.173153e-009	1.289985e-007	1.290599e-007	5.197325e-012
8.846689136586481e-009	-1.539385e-010	1.181320e-009	1.395753e-007	1.396429e-007	5.226268e-012
8.848689136586480e-009	-1.566388e-010	1.190867e-009	1.514663e-007	1.515409e-007	5.259020e-012
8.850689136586479e-009	-1.598809e-010	1.201945e-009	1.646664e-007	1.647487e-007	5.296020e-012
8.851689136586479e-009	-1.617072e-010	1.208068e-009	1.717251e-007	1.718115e-007	5.316142e-012
8.852345635021609e-009	-1.629842e-010	1.212310e-009	1.765247e-007	1.766139e-007	5.329973e-012
8.852818116020280e-009	-1.639534e-010	1.215505e-009	1.800840e-007	1.801753e-007	5.340325e-012
8.853394923102781e-009	-1.651844e-010	1.219543e-009	1.845311e-007	1.846250e-007	5.353343e-012
8.853747597543330e-009	-1.659641e-010	1.222089e-009	1.873048e-007	1.874003e-007	5.361519e-012
8.854214903913521e-009	-1.670270e-010	1.225549e-009	1.910343e-007	1.911318e-007	5.372593e-012
8.854358384986468e-009	-1.673593e-010	1.226628e-009	1.921887e-007	1.922869e-007	5.376043e-012
8.854406596069969e-009	-1.674724e-010	1.226995e-009	1.925785e-007	1.926770e-007	5.377213e-012
8.854444609770974e-009	-1.675619e-010	1.227285e-009	1.928864e-007	1.929851e-007	5.378139e-012
8.854460056950926e-009	-1.675984e-010	1.227403e-009	1.930116e-007	1.931104e-007	5.378517e-012
8.854464837956177e-009	-1.676097e-010	1.227440e-009	1.930504e-007	1.931491e-007	5.378633e-012
8.854465784970725e-009	-1.676119e-010	1.227447e-009	1.930581e-007	1.931568e-007	5.378657e-012
8.854466118844229e-009	-1.676127e-010	1.227450e-009	1.930608e-007	1.931595e-007	5.378665e-012
8.854466620374328e-009	-1.676139e-010	1.227454e-009	1.930649e-007	1.931636e-007	5.378675e-012
8.854467115367248e-009	-1.676150e-010	1.227457e-009	1.930689e-007	1.931676e-007	5.378687e-012
8.854467637231665e-009	-1.676163e-010	1.227461e-009	1.930731e-007	1.931719e-007	5.378701e-012
8.854468211003840e-009	-1.676176e-010	1.227466e-009	1.930778e-007	1.931765e-007	5.378715e-012
8.854468760856205e-009	-1.676189e-010	1.227470e-009	1.930822e-007	1.931810e-007	5.378729e-012
8.854469319910916e-009	-1.676203e-010	1.227474e-009	1.930867e-007	1.931855e-007	5.378742e-012
8.854469862724706e-009	-1.676215e-010	1.227478e-009	1.930912e-007	1.931899e-007	5.378756e-012
8.854470518031269e-009	-1.676231e-010	1.227483e-009	1.930965e-007	1.931952e-007	5.378772e-012
8.854471236777885e-009	-1.676248e-010	1.227489e-009	1.931023e-007	1.932011e-007	5.378789e-012
8.854472112485136e-009	-1.676269e-010	1.227496e-009	1.931094e-007	1.932082e-007	5.378809e-012
8.854473101494144e-009	-1.676292e-010	1.227503e-009	1.931174e-007	1.932162e-007	5.378835e-012
8.854474346726932e-009	-1.676321e-010	1.227513e-009	1.931275e-007	1.932263e-007	5.378865e-012
8.854475856170699e-009	-1.676357e-010	1.227524e-009	1.931398e-007	1.932385e-007	5.378901e-012
8.854477907118512e-009	-1.676406e-010	1.227540e-009	1.931564e-007	1.932552e-007	5.378952e-012
8.854485206565730e-009	-1.676578e-010	1.227596e-009	1.932156e-007	1.933144e-007	5.379130e-012
8.854917912605777e-009	-1.687071e-010	1.230988e-009	1.967530e-007	1.968538e-007	5.389917e-012
8.855350618645825e-009	-1.697871e-010	1.234470e-009	2.003286e-007	2.004315e-007	5.400957e-012
8.855783324685872e-009	-1.708981e-010	1.238041e-009	2.039426e-007	2.040475e-007	5.412251e-012
8.856216030725919e-009	-1.720399e-010	1.241702e-009	2.075949e-007	2.077019e-007	5.423798e-012
8.856648736765966e-009	-1.732125e-010	1.245452e-009	2.112854e-007	2.113946e-007	5.435599e-012
8.857081442806015e-009	-1.744160e-010	1.249293e-009	2.150143e-007	2.151255e-007	5.447653e-012
8.857514148846062e-009	-1.756503e-010	1.253223e-009	2.187815e-007	2.188949e-007	5.459961e-012
8.858514148846062e-009	-1.786283e-010	1.262670e-009	2.276403e-007	2.277587e-007	5.489442e-012
8.860514148846060e-009	-1.851312e-010	1.283165e-009	2.460017e-007	2.461306e-007	5.552947e-012
8.863514148846059e-009	-1.963039e-010	1.318071e-009	2.751246e-007	2.752701e-007	5.660071e-012
8.865799863131772e-009	-2.059258e-010	1.347896e-009	2.986232e-007	2.987820e-007	5.750844e-012
8.868085577417486e-009	-2.167006e-010	1.381183e-009	3.231109e-007	3.232835e-007	5.851629e-012
8.870371291703198e-009	-2.286283e-010	1.417930e-009	3.485877e-007	3.487747e-007	5.962426e-012
8.872657005988911e-009	-2.417089e-010	1.458138e-009	3.750536e-007	3.752555e-007	6.083236e-012
8.874942720274624e-009	-2.559425e-010	1.501806e-009	4.025085e-007	4.027260e-007	6.214059e-012
8.877228434560338e-009	-2.713289e-010	1.548936e-009	4.309526e-007	4.311861e-007	6.354894e-012
8.879514148846051e-009	-2.878682e-010	1.599526e-009	4.603858e-007	4.606358e-007	6.505742e-012
8.881514148846050e-009	-3.034354e-010	1.647165e-009	4.868214e-007	4.870863e-007	6.647652e-012
8.882514148846049e-009	-3.115401e-010	1.671966e-009	5.002617e-007	5.005342e-007	6.721484e-012
8.882794823136538e-009	-3.138581e-010	1.679060e-009	5.040638e-007	5.043385e-007	6.742595e-012
8.883025407462346e-009	-3.157862e-010	1.684960e-009	5.072077e-007	5.074842e-007	6.760151e-012
8.883349302447735e-009	-3.185214e-010	1.693329e-009	5.116644e-007	5.119434e-007	6.785047e-012
8.883684336832679e-009	-3.213889e-010	1.702101e-009	5.163306e-007	5.166122e-007	6.811135e-012
8.884354405602568e-009	-3.272186e-010	1.719934e-009	5.257914e-007	5.260785e-007	6.864153e-012
8.885354405602567e-009	-3.361172e-010	1.747150e-009	5.401721e-007	5.404673e-007	6.945039e-012
8.886354405602567e-009	-3.452623e-010	1.775117e-009	5.548736e-007	5.551772e-007	7.028116e-012
8.887354405602566e-009	-3.546813e-010	1.803918e-009	5.699301e-007	5.702422e-007	7.113629e-012
8.888354405602566e-009	-3.643804e-010	1.833574e-009	5.853468e-007	5.856677e-007	7.201637e-012
8.889354405602565e-009	-3.743659e-010	1.864102e-009	6.011269e-007	6.014567e-007	7.292198e-012
8.890354405602565e-009	-3.846438e-010	1.895524e-009	6.172712e-007	6.176102e-007	7.385370e-012
8.891354405602564e-009	-3.952200e-010	1.927857e-009	6.337785e-007	6.341270e-007	7.481213e-012
8.892354405602564e-009	-4.061006e-010	1.961122e-009	6.506460e-007	6.510040e-007	7.579782e-012
8.893354405602563e-009	-4.172911e-010	1.995338e-009	6.678686e-007	6.682364e-007	7.681138e-012
8.894354405602563e-009	-4.287972e-010	2.030521e-009	6.854398e-007	6.858175e-007	7.785335e-012
8.895354405602562e-009	-4.406240e-010	2.066691e-009	7.033510e-007	7.037389e-007	7.892427e-012
8.896354405602562e-009	-4.527765e-010	2.103863e-009	7.215922e-007	7.219905e-007	8.002469e-012
8.897354405602561e-009	-4.652594e-010	2.142055e-009	7.401516e-007	7.405604e-007	8.115512e-012
8.898354405602561e-009	-4.780769e-010	2.181281e-009	7.590157e-007	7.594351e-007	8.231603e-012
8.899354405602560e-009	-4.912329e-010	2.221556e-009	7.781697e-007	7.785999e-007	8.350790e-012
8.900354405602560e-009	-5.047311e-010	2.262893e-009	7.975975e-007	7.980387e-007	8.473115e-012
8.901354405602559e-009	-5.185745e-010	2.305303e-009	8.172821e-007	8.177344e-007	8.598618e-012
8.902354405602559e-009	-5.327657e-010	2.348799e-009	8.372058e-007	8.376694e-007	8.727339e-012
8.903354405602558e-009	-5.473071e-010	2.393389e-009	8.573510e-007	8.578259e-007	8.859311e-012
8.904354405602558e-009	-5.622005e-010	2.439083e-009	8.776995e-007	8.781859e-007	8.994565e-012
8.907354405602556e-009	-6.090058e-010	2.582855e-009	9.397930e-007	9.403142e-007	9.420283e-012
8.910354405602554e-009	-6.590112e-010	2.736769e-009	1.003128e-006	1.003684e-006	9.876377e-012
8.913354405602553e-009	-7.122131e-010	2.900900e-009	1.067347e-006	1.067940e-006	1.036324e-011
8.916354405602551e-009	-7.685892e-010	3.075268e-009	1.132181e-006	1.132810e-006	1.088111e-011
8.919354405602550e-009	-8.281048e-010	3.259856e-009	1.197440e-006	1.198105e-006	1.143009e-011
8.922354405602548e-009	-8.907164e-010	3.454615e-009	1.262989e-006	1.263691e-006	1.201022e-011
8.925354405602547e-009	-9.563746e-010	3.659480e-009	1.328736e-006	1.329474e-006	1.262147e-011
8.927640119888259e-009	-1.008481e-009	3.822422e-009	1.378982e-006	1.379748e-006	1.310820e-011
8.929925834173974e-009	-1.062232e-009	3.991028e-009	1.429210e-006	1.430005e-006	1.361274e-011
8.932211548459686e-009	-1.117629e-009	4.165300e-009	1.479422e-006	1.480244e-006	1.413510e-011
8.934497262745399e-009	-1.174671e-009	4.345237e-009	1.529616e-006	1.530467e-006	1.467528e-011
8.936782977031111e-009	-1.233358e-009	4.530838e-009	1.579794e-006	1.580672e-006	1.523327e-011
8.939068691316826e-009	-1.293691e-009	4.722105e-009	1.629954e-006	1.630860e-006	1.580908e-011
8.941354405602538e-009	-1.355670e-009	4.919037e-009	1.680096e-006	1.681030e-006	1.640271e-011
8.945068691316823e-009	-1.459944e-009	5.251357e-009	1.761534e-006	1.762513e-006	1.740612e-011
8.948782977031105e-009	-1.567760e-009	5.597019e-009	1.842219e-006	1.843243e-006	1.845350e-011
8.952497262745389e-009	-1.679118e-009	5.956021e-009	1.922152e-006	1.923220e-006	1.954483e-011
8.956211548459674e-009	-1.794018e-009	6.328365e-009	2.001333e-006	2.002445e-006	2.068013e-011
8.959925834173958e-009	-1.912459e-009	6.714050e-009	2.079762e-006	2.080917e-006	2.185938e-011
8.963640119888240e-009	-2.034442e-009	7.113076e-009	2.157439e-006	2.158636e-006	2.308260e-011
8.967354405602525e-009	-2.159967e-009	7.525443e-009	2.234364e-006	2.235603e-006	2.434978e-011
8.976925834173949e-009	-2.503390e-009	8.660517e-009	2.427342e-006	2.428687e-006	2.784898e-011
8.986497262745372e-009	-2.855120e-009	9.846692e-009	2.609746e-006	2.611190e-006	3.154906e-011
8.996068691316796e-009	-3.215159e-009	1.108397e-008	2.781573e-006	2.783110e-006	3.545001e-011
9.005640119888219e-009	-3.583505e-009	1.237235e-008	2.942825e-006	2.944448e-006	3.955184e-011
9.015211548459643e-009	-3.960158e-009	1.371183e-008	3.093502e-006	3.095203e-006	4.385455e-011
9.024782977031066e-009	-4.345119e-009	1.510241e-008	3.233602e-006	3.235377e-006	4.835814e-011
9.034354405602490e-009	-4.738388e-009	1.654410e-008	3.363127e-006	3.364969e-006	5.306260e-011
9.042782977031056e-009	-5.079558e-009	1.782474e-008	3.467223e-006	3.469116e-006	5.729207e-011
9.051211548459624e-009	-5.414730e-009	1.910946e-008	3.564876e-006	3.566818e-006	6.158021e-011
9.059640119888191e-009	-5.743905e-009	2.039825e-008	3.656089e-006	3.658075e-006	6.592704e-011
9.068068691316759e-009	-6.067083e-009	2.169112e-008	3.740859e-006	3.742887e-006	7.033254e-011
9.076497262745325e-009	-6.384264e-009	2.298807e-008	3.819189e-006	3.821253e-006	7.479672e-011
9.084925834173893e-009	-6.695447e-009	2.428910e-008	3.891077e-006	3.893174e-006	7.931958e-011
9.093354405602459e-009	-7.000633e-009	2.559420e-008	3.956524e-006	3.958649e-006	8.390112e-011
9.095550834173887e-009	-7.078029e-009	2.593120e-008	3.973046e-006	3.975178e-006	8.509351e-011
9.097747262745314e-009	-7.154771e-009	2.626761e-008	3.989263e-006	3.991403e-006	8.628724e-011
9.099943691316742e-009	-7.230860e-009	2.660344e-008	4.005177e-006	4.007322e-006	8.748233e-011
9.102140119888169e-009	-7.306296e-009	2.693869e-008	4.020785e-006	4.022938e-006	8.867877e-011
9.104336548459597e-009	-7.381079e-009	2.727335e-008	4.036089e-006	4.038248e-006	8.987657e-011
9.106532977031024e-009	-7.455209e-009	2.760743e-008	4.051089e-006	4.053254e-006	9.107571e-011
9.108729405602452e-009	-7.528686e-009	2.794092e-008	4.065784e-006	4.067955e-006	9.227621e-011
9.109229405602452e-009	-7.545296e-009	2.801670e-008	4.069082e-006	4.071255e-006	9.254959e-011
9.110354405602452e-009	-7.582581e-009	2.818712e-008	4.076456e-006	4.078632e-006	9.316479e-011
9.110604405602452e-009	-7.590835e-009	2.822496e-008	4.078073e-006	4.080250e-006	9.330154e-011
9.111104405602453e-009	-7.607314e-009	2.830060e-008	4.081294e-006	4.083472e-006	9.357507e-011
9.111775394743089e-009	-7.629371e-009	2.840205e-008	4.085598e-006	4.087776e-006	9.394222e-011
9.115684681079080e-009	-7.756629e-009	2.899169e-008	4.110255e-006	4.112443e-006	9.608246e-011
9.116684681079079e-009	-7.788825e-009	2.914212e-008	4.116431e-006	4.118622e-006	9.663025e-011
9.118684681079078e-009	-7.852771e-009	2.944245e-008	4.128605e-006	4.130800e-006	9.772616e-011
9.121684681079077e-009	-7.947568e-009	2.989158e-008	4.146465e-006	4.148667e-006	9.937066e-011
9.124559681079077e-009	-8.037178e-009	3.032048e-008	4.163137e-006	4.165346e-006	1.009472e-010
9.124684681079077e-009	-8.041042e-009	3.033909e-008	4.163850e-006	4.166060e-006	1.010157e-010
9.124934681079077e-009	-8.048764e-009	3.037629e-008	4.165271e-006	4.167481e-006	1.011528e-010
9.125983420686617e-009	-8.081051e-009	3.053223e-008	4.171120e-006	4.173332e-006	1.017280e-010
9.126932236648791e-009	-8.110114e-009	3.067312e-008	4.176251e-006	4.178465e-006	1.022484e-010
9.127881052610964e-009	-8.139028e-009	3.081380e-008	4.181243e-006	4.183458e-006	1.027687e-010
9.128829868573138e-009	-8.167792e-009	3.095427e-008	4.186095e-006	4.188312e-006	1.032889e-010
9.129778684535310e-009	-8.196405e-009	3.109451e-008	4.190807e-006	4.193025e-006	1.038091e-010
9.130727500497483e-009	-8.224870e-009	3.123454e-008	4.195379e-006	4.197599e-006	1.043291e-010
9.131676316459656e-009	-8.253184e-009	3.137436e-008	4.199812e-006	4.202033e-006	1.048491e-010
9.132625132421830e-009	-8.281349e-009	3.151396e-008	4.204105e-006	4.206328e-006	1.053689e-010
9.133625132421829e-009	-8.310876e-009	3.166083e-008	4.208481e-006	4.210704e-006	1.059166e-010
9.134016666792961e-009	-8.322392e-009	3.171827e-008	4.210143e-006	4.212367e-006	1.061310e-010
9.134123905281446e-009	-8.325538e-009	3.173399e-008	4.210587e-006	4.212810e-006	1.061897e-010
9.134196598680750e-009	-8.327669e-009	3.174465e-008	4.210884e-006	4.213108e-006	1.062295e-010
9.134274940432665e-009	-8.329964e-009	3.175612e-008	4.211204e-006	4.213427e-006	1.062724e-010
9.134288252271575e-009	-8.330354e-009	3.175807e-008	4.211258e-006	4.213482e-006	1.062797e-010
9.134288525097782e-009	-8.330362e-009	3.175812e-008	4.211259e-006	4.213483e-006	1.062798e-010
9.135030584031376e-009	-8.352023e-009	3.186672e-008	4.214212e-006	4.216437e-006	1.066859e-010
9.135772642964972e-009	-8.373583e-009	3.197515e-008	4.217058e-006	4.219284e-006	1.070919e-010
9.136514701898567e-009	-8.395042e-009	3.208341e-008	4.219797e-006	4.222024e-006	1.074976e-010
9.137256760832163e-009	-8.416402e-009	3.219151e-008	4.222429e-006	4.224656e-006	1.079032e-010
9.137998819765757e-009	-8.437661e-009	3.229944e-008	4.224954e-006	4.227181e-006	1.083086e-010
9.138740878699353e-009	-8.458820e-009	3.240720e-008	4.227372e-006	4.229599e-006	1.087138e-010
9.139482937632948e-009	-8.479879e-009	3.251479e-008	4.229682e-006	4.231910e-006	1.091189e-010
9.139610740140001e-009	-8.483492e-009	3.253330e-008	4.230066e-006	4.232294e-006	1.091886e-010
9.140925367050112e-009	-8.520428e-009	3.272326e-008	4.233806e-006	4.236034e-006	1.099054e-010
9.142239993960225e-009	-8.556999e-009	3.291256e-008	4.237326e-006	4.239554e-006	1.106212e-010
9.143554620870337e-009	-8.593205e-009	3.310118e-008	4.240625e-006	4.242854e-006	1.113361e-010
9.144869247780450e-009	-8.629046e-009	3.328913e-008	4.243704e-006	4.245933e-006	1.120500e-010
9.146183874690562e-009	-8.664522e-009	3.347640e-008	4.246562e-006	4.248791e-006	1.127630e-010
9.147498501600675e-009	-8.699633e-009	3.366301e-008	4.249200e-006	4.251428e-006	1.134750e-010
9.148813128510786e-009	-8.734379e-009	3.384894e-008	4.251617e-006	4.253845e-006	1.141861e-010
9.149813128510786e-009	-8.760574e-009	3.398991e-008	4.253330e-006	4.255558e-006	1.147262e-010
9.150211545116992e-009	-8.770956e-009	3.404597e-008	4.253979e-006	4.256206e-006	1.149412e-010
9.150332892329109e-009	-8.774106e-009	3.406302e-008	4.254169e-006	4.256396e-006	1.150067e-010
9.150453384002691e-009	-8.777230e-009	3.407995e-008	4.254354e-006	4.256581e-006	1.150716e-010
9.150469530290651e-009	-8.777648e-009	3.408221e-008	4.254378e-006	4.256606e-006	1.150803e-010
9.150475553274693e-009	-8.777804e-009	3.408306e-008	4.254388e-006	4.256615e-006	1.150836e-010
9.150480281083162e-009	-8.777927e-009	3.408372e-008	4.254395e-006	4.256622e-006	1.150861e-010
9.150486577301804e-009	-8.778089e-009	3.408461e-008	4.254405e-006	4.256632e-006	1.150895e-010
9.150493808546534e-009	-8.778277e-009	3.408562e-008	4.254416e-006	4.256643e-006	1.150934e-010
9.150500940673789e-009	-8.778462e-009	3.408662e-008	4.254427e-006	4.256654e-006	1.150973e-010
9.150507847897308e-009	-8.778640e-009	3.408759e-008	4.254437e-006	4.256665e-006	1.151010e-010
9.150514672335184e-009	-8.778817e-009	3.408855e-008	4.254448e-006	4.256675e-006	1.151047e-010
9.150521548028029e-009	-8.778995e-009	3.408952e-008	4.254458e-006	4.256686e-006	1.151084e-010
9.150528439100147e-009	-8.779174e-009	3.409048e-008	4.254469e-006	4.256697e-006	1.151121e-010
9.150535341641742e-009	-8.779352e-009	3.409145e-008	4.254480e-006	4.256707e-006	1.151158e-010
9.150542228811200e-009	-8.779531e-009	3.409242e-008	4.254490e-006	4.256718e-006	1.151195e-010
9.150549735929717e-009	-8.779725e-009	3.409347e-008	4.254502e-006	4.256729e-006	1.151236e-010
9.150558458921989e-009	-8.779951e-009	3.409470e-008	4.254515e-006	4.256743e-006	1.151283e-010
9.150568501346744e-009	-8.780210e-009	3.409611e-008	4.254531e-006	4.256758e-006	1.151337e-010
9.150580335561288e-009	-8.780517e-009	3.409777e-008	4.254549e-006	4.256776e-006	1.151401e-010
9.150611925952788e-009	-8.781334e-009	3.410220e-008	4.254598e-006	4.256825e-006	1.151571e-010
9.153651656232207e-009	-8.858863e-009	3.452668e-008	4.259292e-006	4.261518e-006	1.167926e-010
9.156691386511627e-009	-8.934468e-009	3.494736e-008	4.263978e-006	4.266203e-006	1.184219e-010
9.159731116791046e-009	-9.008148e-009	3.536422e-008	4.268655e-006	4.270879e-006	1.200449e-010
9.162770847070467e-009	-9.079904e-009	3.577728e-008	4.273323e-006	4.275546e-006	1.216617e-010
9.165810577349886e-009	-9.149735e-009	3.618653e-008	4.277983e-006	4.280205e-006	1.232723e-010
9.168850307629306e-009	-9.217641e-009	3.659197e-008	4.282634e-006	4.284855e-006	1.248766e-010
9.171890037908725e-009	-9.283623e-009	3.699361e-008	4.287277e-006	4.289497e-006	1.264748e-010
9.189461466480145e-009	-9.619395e-009	3.922872e-008	4.313988e-006	4.316202e-006	1.355775e-010
9.207032895051564e-009	-9.911386e-009	4.136617e-008	4.340499e-006	4.342707e-006	1.445027e-010
9.224604323622984e-009	-1.015959e-008	4.340595e-008	4.366810e-006	4.369013e-006	1.532506e-010
9.242175752194403e-009	-1.036402e-008	4.534808e-008	4.392921e-006	4.395118e-006	1.618210e-010
9.259747180765823e-009	-1.052466e-008	4.719254e-008	4.418832e-006	4.421023e-006	1.702140e-010
9.277318609337241e-009	-1.064153e-008	4.893935e-008	4.444544e-006	4.446728e-006	1.784296e-010
9.294890037908661e-009	-1.071461e-008	5.058849e-008	4.470056e-006	4.472233e-006	1.864678e-010
9.305032895051513e-009	-1.074747e-008	5.151173e-008	4.484704e-006	4.486878e-006	1.910443e-010
9.315175752194365e-009	-1.077216e-008	5.241228e-008	4.499296e-006	4.501465e-006	1.955731e-010
9.325318609337216e-009	-1.078869e-008	5.329013e-008	4.513830e-006	4.515995e-006	2.000543e-010
9.335461466480070e-009	-1.079705e-008	5.414528e-008	4.528306e-006	4.530468e-006	2.044879e-010
9.345604323622921e-009	-1.079725e-008	5.497774e-008	4.542725e-006	4.544882e-006	2.088738e-010
9.355747180765773e-009	-1.078928e-008	5.578750e-008	4.557086e-006	4.559239e-006	2.132121e-010
9.365890037908624e-009	-1.077314e-008	5.657456e-008	4.571389e-006	4.573539e-006	2.175027e-010
9.366890037908624e-009	-1.077132e-008	5.665127e-008	4.572797e-006	4.574946e-006	2.179236e-010
9.400032895051464e-009	-1.065511e-008	5.904565e-008	4.619097e-006	4.621233e-006	2.315702e-010
9.433175752194303e-009	-1.050784e-008	6.129554e-008	4.664888e-006	4.667010e-006	2.448465e-010
9.466318609337143e-009	-1.032949e-008	6.340095e-008	4.710171e-006	4.712278e-006	2.577525e-010
9.499461466479984e-009	-1.012008e-008	6.536188e-008	4.754945e-006	4.757038e-006	2.702882e-010
9.532604323622824e-009	-9.879595e-009	6.717833e-008	4.799210e-006	4.801287e-006	2.824535e-010
9.565747180765663e-009	-9.608039e-009	6.885029e-008	4.842966e-006	4.845028e-006	2.942485e-010
9.598890037908503e-009	-9.305412e-009	7.037777e-008	4.886213e-006	4.888259e-006	3.056731e-010
9.608461466479927e-009	-9.221672e-009	7.081072e-008	4.898631e-006	4.900672e-006	3.089341e-010
9.618032895051350e-009	-9.137574e-009	7.123634e-008	4.911012e-006	4.913048e-006	3.121723e-010
9.627604323622774e-009	-9.053119e-009	7.165464e-008	4.923356e-006	4.925388e-006	3.153878e-010
9.637175752194197e-009	-8.968308e-009	7.206561e-008	4.935664e-006	4.937692e-006	3.185806e-010
9.646747180765621e-009	-8.883140e-009	7.246926e-008	4.947936e-006	4.949958e-006	3.217506e-010
9.656318609337044e-009	-8.797615e-009	7.286558e-008	4.960171e-006	4.962189e-006	3.248979e-010
9.665890037908468e-009	-8.711734e-009	7.325458e-008	4.972370e-006	4.974383e-006	3.280226e-010
9.666890037908468e-009	-8.702777e-009	7.329488e-008	4.973643e-006	4.975655e-006	3.283479e-010
9.703747180765592e-009	-8.367987e-009	7.471398e-008	5.020247e-006	5.022240e-006	3.401368e-010
9.740604323622716e-009	-8.040672e-009	7.606465e-008	5.066373e-006	5.068346e-006	3.516774e-010
9.777461466479839e-009	-7.720832e-009	7.734692e-008	5.112021e-006	5.113974e-006	3.629697e-010
9.814318609336962e-009	-7.408467e-009	7.856077e-008	5.157191e-006	5.159124e-006	3.740137e-010
9.851175752194086e-009	-7.103577e-009	7.970621e-008	5.201884e-006	5.203796e-006	3.848093e-010
9.888032895051210e-009	-6.806162e-009	8.078323e-008	5.246098e-006	5.247989e-006	3.953566e-010
9.924890037908333e-009	-6.516221e-009	8.179185e-008	5.289834e-006	5.291703e-006	4.056556e-010
9.966890037908312e-009	-6.203652e-009	8.290120e-008	5.339170e-006	5.341013e-006	4.171998e-010
1.000960432362258e-008	-5.902056e-009	8.396150e-008	5.388743e-006	5.390560e-006	4.286642e-010
1.005231860933684e-008	-5.615305e-009	8.497913e-008	5.437776e-006	5.439567e-006	4.399354e-010
1.009503289505110e-008	-5.343397e-009	8.595411e-008	5.486268e-006	5.488031e-006	4.510134e-010
1.013774718076537e-008	-5.086333e-009	8.688643e-008	5.534219e-006	5.535954e-006	4.618981e-010
1.018046146647963e-008	-4.844112e-009	8.777609e-008	5.581628e-006	5.583335e-006	4.725896e-010
1.022317575219389e-008	-4.616736e-009	8.862308e-008	5.628497e-006	5.630175e-006	4.830880e-010
1.026589003790816e-008	-4.404203e-009	8.942742e-008	5.674825e-006	5.676473e-006	4.933931e-010
1.026689003790816e-008	-4.399356e-009	8.944608e-008	5.675904e-006	5.677551e-006	4.936332e-010
1.030960432362242e-008	-4.200521e-009	9.022256e-008	5.721717e-006	5.723334e-006	5.037946e-010
1.035231860933668e-008	-4.012201e-009	9.097389e-008	5.767045e-006	5.768632e-006	5.138288e-010
1.039503289505095e-008	-3.834395e-009	9.170009e-008	5.811887e-006	5.813444e-006	5.237359e-010
1.043774718076521e-008	-3.667105e-009	9.240113e-008	5.856245e-006	5.857770e-006	5.335160e-010
1.048046146647947e-008	-3.510330e-009	9.307704e-008	5.900117e-006	5.901610e-006	5.431690e-010
1.052317575219374e-008	-3.364070e-009	9.372779e-008	5.943504e-006	5.944965e-006	5.526949e-010
1.056589003790800e-008	-3.228325e-009	9.435340e-008	5.986406e-006	5.987833e-006	5.620938e-010
1.056689003790800e-008	-3.225210e-009	9.436789e-008	5.987405e-006	5.988832e-006	5.623129e-010
1.060960432362226e-008	-3.097519e-009	9.497441e-008	6.029835e-006	6.031229e-006	5.716094e-010
1.065231860933653e-008	-2.976270e-009	9.556368e-008	6.071820e-006	6.073181e-006	5.808129e-010
1.069503289505079e-008	-2.861463e-009	9.613570e-008	6.113360e-006	6.114687e-006	5.899234e-010
1.073774718076505e-008	-2.753098e-009	9.669046e-008	6.154454e-006	6.155747e-006	5.989407e-010
1.078046146647932e-008	-2.651175e-009	9.722798e-008	6.195103e-006	6.196361e-006	6.078650e-010
1.082317575219358e-008	-2.555694e-009	9.774824e-008	6.235307e-006	6.236530e-006	6.166961e-010
1.086589003790784e-008	-2.466656e-009	9.825126e-008	6.275066e-006	6.276252e-006	6.254343e-010
1.086689003790784e-008	-2.464605e-009	9.826289e-008	6.275992e-006	6.277178e-006	6.256380e-010
1.100004398483689e-008	-2.213683e-009	9.974261e-008	6.397209e-006	6.398282e-006	6.523760e-010
1.100080391985214e-008	-2.212368e-009	9.975067e-008	6.397889e-006	6.398961e-006	6.525264e-010
1.100156385486738e-008	-2.211054e-009	9.975873e-008	6.398569e-006	6.399640e-006	6.526768e-010
1.100232378988263e-008	-2.209741e-009	9.976678e-008	6.399249e-006	6.400319e-006	6.528272e-010
1.100308372489788e-008	-2.208430e-009	9.977482e-008	6.399928e-006	6.400999e-006	6.529775e-010
1.100384365991312e-008	-2.207119e-009	9.978287e-008	6.400608e-006	6.401677e-006	6.531278e-010
1.100460359492837e-008	-2.205810e-009	9.979091e-008	6.401287e-006	6.402356e-006	6.532781e-010
1.100536352994361e-008	-2.204502e-009	9.979894e-008	6.401967e-006	6.403035e-006	6.534284e-010
1.116036352994353e-008	-1.960790e-009	1.013532e-007	6.537819e-006	6.538751e-006	6.835884e-010
1.120307781565780e-008	-1.901226e-009	1.017526e-007	6.574314e-006	6.575208e-006	6.917311e-010
1.124579210137206e-008	-1.843881e-009	1.021411e-007	6.610423e-006	6.611279e-006	6.998066e-010
1.128850638708632e-008	-1.788755e-009	1.025187e-007	6.646147e-006	6.646964e-006	7.078148e-010
1.133122067280059e-008	-1.735848e-009	1.028854e-007	6.681484e-006	6.682262e-006	7.157558e-010
1.137393495851485e-008	-1.685160e-009	1.032412e-007	6.716435e-006	6.717174e-006	7.236295e-010
1.141664924422911e-008	-1.636691e-009	1.035862e-007	6.751001e-006	6.751700e-006	7.314359e-010
1.145936352994338e-008	-1.590441e-009	1.039202e-007	6.785180e-006	6.785839e-006	7.391751e-010
1.146036352994338e-008	-1.589369e-009	1.039280e-007	6.785976e-006	6.786634e-006	7.393556e-010
1.150307781565764e-008	-1.544691e-009	1.042519e-007	6.819774e-006	6.820392e-006	7.470295e-010
1.154579210137190e-008	-1.501335e-009	1.045665e-007	6.853211e-006	6.853789e-006	7.546404e-010
1.158850638708617e-008	-1.459304e-009	1.048717e-007	6.886287e-006	6.886824e-006	7.621883e-010
1.163122067280043e-008	-1.418596e-009	1.051676e-007	6.919003e-006	6.919498e-006	7.696732e-010
1.167393495851469e-008	-1.379212e-009	1.054541e-007	6.951357e-006	6.951811e-006	7.770951e-010
1.171664924422896e-008	-1.341151e-009	1.057313e-007	6.983350e-006	6.983763e-006	7.844540e-010
1.175936352994322e-008	-1.304414e-009	1.059990e-007	7.014982e-006	7.015353e-006	7.917498e-010
1.176036352994322e-008	-1.303561e-009	1.060052e-007	7.015718e-006	7.016089e-006	7.919199e-010
1.189836352994315e-008	-1.190958e-009	1.068119e-007	7.115545e-006	7.115779e-006	8.150685e-010
1.189936352994315e-008	-1.190176e-009	1.068174e-007	7.116255e-006	7.116489e-006	8.152339e-010
1.190036352994315e-008	-1.189395e-009	1.068229e-007	7.116965e-006	7.117198e-006	8.153992e-010
1.190064420427219e-008	-1.189176e-009	1.068245e-007	7.117164e-006	7.117397e-006	8.154457e-010
1.190074735365764e-008	-1.189095e-009	1.068250e-007	7.117238e-006	7.117470e-006	8.154627e-010
1.190082264622549e-008	-1.189036e-009	1.068254e-007	7.117291e-006	7.117524e-006	8.154751e-010
1.190090301477187e-008	-1.188974e-009	1.068259e-007	7.117348e-006	7.117580e-006	8.154885e-010
1.190091717619844e-008	-1.188963e-009	1.068260e-007	7.117359e-006	7.117590e-006	8.154908e-010
1.190363997913400e-008	-1.186838e-009	1.068410e-007	7.119291e-006	7.119520e-006	8.159408e-010
1.190636278206956e-008	-1.184717e-009	1.068559e-007	7.121222e-006	7.121449e-006	8.163907e-010
1.190908558500511e-008	-1.182600e-009	1.068709e-007	7.123151e-006	7.123376e-006	8.168402e-010
1.191180838794067e-008	-1.180485e-009	1.068857e-007	7.125080e-006	7.125301e-006	8.172895e-010
1.191453119087622e-008	-1.178374e-009	1.069006e-007	7.127007e-006	7.127225e-006	8.177386e-010
1.191725399381178e-008	-1.176267e-009	1.069154e-007	7.128932e-006	7.129148e-006	8.181875e-010
1.191997679674734e-008	-1.174163e-009	1.069302e-007	7.130856e-006	7.131070e-006	8.186360e-010
1.203097679674728e-008	-1.091053e-009	1.075052e-007	7.208149e-006	7.208252e-006	8.367128e-010
1.207369108246154e-008	-1.060447e-009	1.077119e-007	7.237293e-006	7.237352e-006	8.435597e-010
1.211640536817580e-008	-1.030419e-009	1.079110e-007	7.266119e-006	7.266135e-006	8.503465e-010
1.215911965389007e-008	-1.000970e-009	1.081026e-007	7.294627e-006	7.294600e-006	8.570732e-010
1.220183393960433e-008	-9.720988e-010	1.082868e-007	7.322818e-006	7.322747e-006	8.637398e-010
1.224454822531860e-008	-9.438058e-010	1.084634e-007	7.350690e-006	7.350576e-006	8.703463e-010
1.228726251103286e-008	-9.160909e-010	1.086325e-007	7.378245e-006	7.378087e-006	8.768928e-010
1.232997679674712e-008	-8.889542e-010	1.087941e-007	7.405481e-006	7.405280e-006	8.833791e-010
1.233097679674712e-008	-8.883231e-010	1.087978e-007	7.406116e-006	7.405913e-006	8.835303e-010
1.263097679674697e-008	-7.097278e-010	1.097377e-007	7.588884e-006	7.588369e-006	9.273978e-010
1.276997679674689e-008	-6.332943e-010	1.100626e-007	7.668673e-006	7.668013e-006	9.467294e-010
1.278526251103260e-008	-6.252541e-010	1.100943e-007	7.677264e-006	7.676587e-006	9.488166e-010
1.280054822531831e-008	-6.170975e-010	1.101252e-007	7.685820e-006	7.685126e-006	9.508966e-010
1.281583393960401e-008	-6.088245e-010	1.101552e-007	7.694340e-006	7.693630e-006	9.529695e-010
1.283111965388972e-008	-6.004351e-010	1.101844e-007	7.702824e-006	7.702098e-006	9.550353e-010
1.284640536817542e-008	-5.919292e-010	1.102127e-007	7.711272e-006	7.710531e-006	9.570940e-010
1.286169108246113e-008	-5.833070e-010	1.102402e-007	7.719686e-006	7.718928e-006	9.591455e-010
1.287697679674684e-008	-5.745683e-010	1.102669e-007	7.728063e-006	7.727289e-006	9.611899e-010
1.293097679674681e-008	-5.394022e-010	1.103535e-007	7.757378e-006	7.756547e-006	9.683657e-010
1.296569108246108e-008	-5.121098e-010	1.104024e-007	7.775991e-006	7.775123e-006	9.729431e-010
1.300040536817534e-008	-4.822464e-010	1.104471e-007	7.794428e-006	7.793524e-006	9.774922e-010
1.303511965388961e-008	-4.498119e-010	1.104875e-007	7.812691e-006	7.811749e-006	9.820131e-010
1.306983393960388e-008	-4.148063e-010	1.105237e-007	7.830779e-006	7.829800e-006	9.865058e-010
1.310454822531815e-008	-3.772298e-010	1.105555e-007	7.848692e-006	7.847677e-006	9.909703e-010
1.313926251103241e-008	-3.370821e-010	1.105831e-007	7.866431e-006	7.865378e-006	9.954066e-010
1.317397679674668e-008	-2.943635e-010	1.106064e-007	7.883994e-006	7.882904e-006	9.998147e-010
1.323097679674665e-008	-2.233776e-010	1.106380e-007	7.912467e-006	7.911318e-006	1.006981e-009
1.353097679674650e-008	1.507020e-010	1.106648e-007	8.054968e-006	8.053498e-006	1.043160e-009
1.383097679674634e-008	4.697489e-010	1.104743e-007	8.185642e-006	8.183853e-006	1.076520e-009
1.385204276888674e-008	4.189296e-010	1.104673e-007	8.194392e-006	8.192580e-006	1.078496e-009
1.387310874102713e-008	5.744300e-010	1.103966e-007	8.203088e-006	8.201254e-006	1.081090e-009
1.389417471316753e-008	9.362504e-010	1.102619e-007	8.211730e-006	8.209873e-006	1.084301e-009
1.391524068530792e-008	1.504391e-009	1.100635e-007	8.220318e-006	8.218438e-006	1.088131e-009
1.393630665744831e-008	2.278851e-009	1.098012e-007	8.228851e-006	8.226950e-006	1.092578e-009
1.395737262958871e-008	3.259630e-009	1.094751e-007	8.237331e-006	8.235408e-006	1.097643e-009
1.397843860172910e-008	4.446730e-009	1.090852e-007	8.245757e-006	8.243812e-006	1.103326e-009
1.399172431601481e-008	5.338807e-009	1.088072e-007	8.251044e-006	8.249084e-006	1.107412e-009
1.400501003030052e-008	6.265235e-009	1.085272e-007	8.256310e-006	8.254336e-006	1.111652e-009
1.401829574458623e-008	7.226015e-009	1.082453e-007	8.261555e-006	8.259567e-006	1.116047e-009
1.403158145887193e-008	8.221146e-009	1.079615e-007	8.266779e-006	8.264777e-006	1.120595e-009
1.404486717315764e-008	9.250630e-009	1.076756e-007	8.271983e-006	8.269966e-006	1.125298e-009
1.405815288744335e-008	1.031447e-008	1.073879e-007	8.277165e-006	8.275134e-006	1.130155e-009
1.407143860172906e-008	1.141265e-008	1.070981e-007	8.282326e-006	8.280282e-006	1.135166e-009
1.412643860172903e-008	1.584677e-008	1.060366e-007	8.303473e-006	8.301370e-006	1.156207e-009
1.416915288744329e-008	1.899517e-008	1.054468e-007	8.319649e-006	8.317501e-006	1.172520e-009
1.421186717315755e-008	2.190185e-008	1.049593e-007	8.335620e-006	8.333427e-006	1.188360e-009
1.425458145887182e-008	2.456681e-008	1.045739e-007	8.351385e-006	8.349147e-006	1.203729e-009
1.429729574458608e-008	2.699003e-008	1.042908e-007	8.366944e-006	8.364662e-006	1.218626e-009
1.434001003030035e-008	2.917153e-008	1.041099e-007	8.382299e-006	8.379971e-006	1.233051e-009
1.438272431601461e-008	3.111129e-008	1.040312e-007	8.397447e-006	8.395075e-006	1.247004e-009
1.442543860172887e-008	3.280933e-008	1.040547e-007	8.412390e-006	8.409974e-006	1.260486e-009
1.442643860172887e-008	3.284918e-008	1.040543e-007	8.412738e-006	8.410320e-006	1.260799e-009
1.472643860172872e-008	4.214047e-008	1.043383e-007	8.512175e-006	8.509445e-006	1.346526e-009
1.502643860172877e-008	4.830117e-008	1.044797e-007	8.602370e-006	8.599334e-006	1.420152e-009
1.532643860172911e-008	5.296141e-008	1.041294e-007	8.683874e-006	8.680538e-006	1.485664e-009
1.562643860172945e-008	5.677668e-008	1.033605e-007	8.757203e-006	8.753573e-006	1.545289e-009
1.592643860172979e-008	6.004452e-008	1.022874e-007	8.822840e-006	8.818924e-006	1.600239e-009
1.599943860172987e-008	6.077561e-008	1.019906e-007	8.837700e-006	8.833716e-006	1.612985e-009
1.600143860172987e-008	6.079533e-008	1.019823e-007	8.838101e-006	8.834115e-006	1.613331e-009
1.601301003030132e-008	6.090907e-008	1.019341e-007	8.840416e-006	8.836418e-006	1.615329e-009
1.602458145887276e-008	6.102228e-008	1.018856e-007	8.842720e-006	8.838712e-006	1.617322e-009
1.603615288744420e-008	6.113496e-008	1.018368e-007	8.845014e-006	8.840995e-006	1.619308e-009
1.604772431601564e-008	6.124711e-008	1.017877e-007	8.847297e-006	8.843267e-006	1.621289e-009
1.605929574458708e-008	6.135873e-008	1.017384e-007	8.849569e-006	8.845529e-006	1.623264e-009
1.607086717315852e-008	6.146982e-008	1.016887e-007	8.851831e-006	8.847781e-006	1.625234e-009
1.608243860172996e-008	6.158037e-008	1.016388e-007	8.854083e-006	8.850022e-006	1.627197e-009
1.622643860173013e-008	6.291467e-008	1.009957e-007	8.881239e-006	8.877046e-006	1.651169e-009
1.650000000000000e-008	6.525550e-008	9.967523e-008	8.928548e-006	8.924107e-006	1.694408e-009
1.652350000000003e-008	6.544570e-008	9.955649e-008	8.932358e-006	8.927896e-006	1.697985e-009
1.682350000000037e-008	6.773644e-008	9.797751e-008	8.977602e-006	8.972879e-006	1.741812e-009
1.689950000000045e-008	6.827845e-008	9.756054e-008	8.988091e-006	8.983304e-006	1.752379e-009
1.690050000000045e-008	6.828549e-008	9.755501e-008	8.988227e-006	8.983438e-006	1.752516e-009
1.690250000000046e-008	6.829955e-008	9.754395e-008	8.988498e-006	8.983708e-006	1.752792e-009
1.712350000000071e-008	6.979232e-008	9.629660e-008	9.016813e-006	9.011838e-006	1.782287e-009
1.742350000000105e-008	7.163620e-008	9.453102e-008	9.050346e-006	9.045129e-006	1.819493e-009
1.772350000000139e-008	7.328539e-008	9.269401e-008	9.078537e-006	9.073088e-006	1.853495e-009
1.776950000000144e-008	7.352198e-008	9.240672e-008	9.082408e-006	9.076924e-006	1.858429e-009
1.778492857143003e-008	7.360039e-008	9.231005e-008	9.083679e-006	9.078184e-006	1.860067e-009
1.780035714285862e-008	7.367833e-008	9.221322e-008	9.084938e-006	9.079431e-006	1.861697e-009
1.781578571428720e-008	7.375580e-008	9.211624e-008	9.086184e-006	9.080665e-006	1.863319e-009
1.783121428571580e-008	7.383281e-008	9.201911e-008	9.087416e-006	9.081886e-006	1.864932e-009
1.784664285714438e-008	7.390935e-008	9.192183e-008	9.088636e-006	9.083094e-006	1.866537e-009
1.786207142857297e-008	7.398542e-008	9.182439e-008	9.089843e-006	9.084290e-006	1.868134e-009
1.787750000000156e-008	7.406103e-008	9.172680e-008	9.091036e-006	9.085472e-006	1.869723e-009
1.802350000000173e-008	7.475418e-008	9.079617e-008	9.101700e-006	9.096029e-006	1.884351e-009
1.804592857143032e-008	7.485712e-008	9.065208e-008	9.103238e-006	9.097551e-006	1.886533e-009
1.806835714285892e-008	7.495916e-008	9.050771e-008	9.104749e-006	9.099046e-006	1.888698e-009
1.809078571428752e-008	7.506028e-008	9.036306e-008	9.106235e-006	9.100516e-006	1.890846e-009
1.811321428571612e-008	7.516050e-008	9.021813e-008	9.107694e-006	9.101959e-006	1.892977e-009
1.813564285714471e-008	7.525980e-008	9.007292e-008	9.109128e-006	9.103377e-006	1.895091e-009
1.815807142857331e-008	7.535820e-008	8.992743e-008	9.110536e-006	9.104769e-006	1.897187e-009
1.818050000000190e-008	7.545568e-008	8.978166e-008	9.111917e-006	9.106136e-006	1.899267e-009
1.832350000000207e-008	7.605629e-008	8.884623e-008	9.120131e-006	9.114250e-006	1.912127e-009
1.862350000000241e-008	7.720127e-008	8.685273e-008	9.134110e-006	9.128031e-006	1.936881e-009
1.865507142857387e-008	7.731292e-008	8.664070e-008	9.135333e-006	9.129233e-006	1.939312e-009
1.868664285714534e-008	7.742296e-008	8.642830e-008	9.136510e-006	9.130390e-006	1.941711e-009
1.871821428571680e-008	7.753138e-008	8.621552e-008	9.137641e-006	9.131502e-006	1.944078e-009
1.874978571428826e-008	7.763819e-008	8.600237e-008	9.138727e-006	9.132568e-006	1.946412e-009
1.878135714285973e-008	7.774339e-008	8.578884e-008	9.139767e-006	9.133589e-006	1.948713e-009
1.881292857143119e-008	7.784697e-008	8.557494e-008	9.140762e-006	9.134564e-006	1.950982e-009
1.884450000000266e-008	7.794894e-008	8.536067e-008	9.141711e-006	9.135493e-006	1.953218e-009
1.885564285714553e-008	7.798448e-008	8.528498e-008	9.142033e-006	9.135808e-006	1.953999e-009
1.886678571428840e-008	7.801998e-008	8.520920e-008	9.142350e-006	9.136118e-006	1.954777e-009
1.887792857143127e-008	7.805544e-008	8.513332e-008	9.142661e-006	9.136423e-006	1.955551e-009
1.888907142857414e-008	7.809088e-008	8.505733e-008	9.142967e-006	9.136723e-006	1.956321e-009
1.890021428571701e-008	7.812627e-008	8.498125e-008	9.143267e-006	9.137017e-006	1.957088e-009
1.891135714285988e-008	7.816163e-008	8.490508e-008	9.143561e-006	9.137306e-006	1.957852e-009
1.892250000000275e-008	7.819696e-008	8.482880e-008	9.143850e-006	9.137590e-006	1.958612e-009
1.892350000000275e-008	7.820015e-008	8.482194e-008	9.143875e-006	9.137615e-006	1.958680e-009
1.893678571428848e-008	7.824255e-008	8.473075e-008	9.144213e-006	9.137948e-006	1.959582e-009
1.895007142857421e-008	7.828539e-008	8.463929e-008	9.144542e-006	9.138273e-006	1.960480e-009
1.896335714285994e-008	7.832867e-008	8.454757e-008	9.144864e-006	9.138591e-006	1.961375e-009
1.897664285714566e-008	7.837239e-008	8.445558e-008	9.145178e-006	9.138902e-006	1.962267e-009
1.898992857143139e-008	7.841655e-008	8.436334e-008	9.145484e-006	9.139205e-006	1.963155e-009
1.900321428571712e-008	7.846115e-008	8.427083e-008	9.145782e-006	9.139500e-006	1.964040e-009
1.901650000000285e-008	7.850620e-008	8.417806e-008	9.146072e-006	9.139789e-006	1.964922e-009
1.904364285714574e-008	7.860118e-008	8.398727e-008	9.146639e-006	9.140354e-006	1.966717e-009
1.907078571428863e-008	7.869653e-008	8.379617e-008	9.147173e-006	9.140888e-006	1.968495e-009
1.909792857143152e-008	7.879227e-008	8.360476e-008	9.147676e-006	9.141390e-006	1.970257e-009
1.912507142857441e-008	7.888838e-008	8.341304e-008	9.148146e-006	9.141861e-006	1.972002e-009
1.915221428571729e-008	7.898486e-008	8.322101e-008	9.148585e-006	9.142301e-006	1.973731e-009
1.917935714286018e-008	7.908173e-008	8.302867e-008	9.148991e-006	9.142710e-006	1.975443e-009
1.920650000000307e-008	7.917897e-008	8.283602e-008	9.149366e-006	9.143087e-006	1.977139e-009
1.922350000000309e-008	7.923818e-008	8.271586e-008	9.149585e-006	9.143308e-006	1.978187e-009
1.924982341747813e-008	7.932874e-008	8.253012e-008	9.149901e-006	9.143626e-006	1.979794e-009
1.927614683495317e-008	7.941696e-008	8.234483e-008	9.150189e-006	9.143917e-006	1.981377e-009
1.930247025242822e-008	7.950285e-008	8.215998e-008	9.150449e-006	9.144179e-006	1.982936e-009
1.932879366990326e-008	7.958640e-008	8.197558e-008	9.150680e-006	9.144414e-006	1.984471e-009
1.935511708737831e-008	7.966762e-008	8.179162e-008	9.150884e-006	9.144620e-006	1.985983e-009
1.938144050485335e-008	7.974650e-008	8.160812e-008	9.151059e-006	9.144799e-006	1.987470e-009
1.940776392232839e-008	7.982305e-008	8.142506e-008	9.151207e-006	9.144949e-006	1.988933e-009
1.949676392232849e-008	8.006300e-008	8.080839e-008	9.151504e-006	9.145258e-006	1.993691e-009
1.979163631843699e-008	8.068498e-008	7.877367e-008	9.150310e-006	9.144118e-006	2.007427e-009
2.009163631843733e-008	8.112655e-008	7.668746e-008	9.145820e-006	9.139702e-006	2.018406e-009
2.039163631843767e-008	8.144686e-008	7.457665e-008	9.138223e-006	9.132199e-006	2.026637e-009
2.069163631843801e-008	8.167685e-008	7.244920e-008	9.127708e-006	9.121797e-006	2.032318e-009
2.099163631843835e-008	8.182733e-008	7.031485e-008	9.114453e-006	9.108671e-006	2.035584e-009
2.129163631843869e-008	8.190222e-008	6.818094e-008	9.098626e-006	9.092989e-006	2.036534e-009
2.149863631843892e-008	8.191112e-008	6.671153e-008	9.086289e-006	9.080760e-006	2.035885e-009
2.149963631843892e-008	8.191109e-008	6.670444e-008	9.086227e-006	9.080698e-006	2.035879e-009
2.150063631843893e-008	8.191105e-008	6.669735e-008	9.086164e-006	9.080636e-006	2.035874e-009
2.150163631843893e-008	8.191100e-008	6.669026e-008	9.086102e-006	9.080574e-006	2.035868e-009
2.150463631843893e-008	8.191087e-008	6.666899e-008	9.085915e-006	9.080389e-006	2.035851e-009
2.150763631843893e-008	8.191073e-008	6.664772e-008	9.085727e-006	9.080203e-006	2.035833e-009
2.151063631843894e-008	8.191059e-008	6.662645e-008	9.085539e-006	9.080017e-006	2.035816e-009
2.151363631843894e-008	8.191044e-008	6.660519e-008	9.085352e-006	9.079831e-006	2.035798e-009
2.151663631843894e-008	8.191028e-008	6.658392e-008	9.085164e-006	9.079644e-006	2.035780e-009
2.151963631843895e-008	8.191011e-008	6.656266e-008	9.084975e-006	9.079458e-006	2.035761e-009
2.152263631843895e-008	8.190994e-008	6.654140e-008	9.084787e-006	9.079271e-006	2.035743e-009
2.159163631843903e-008	8.190399e-008	6.605259e-008	9.080391e-006	9.074913e-006	2.035256e-009
2.163435060415336e-008	8.189840e-008	6.575022e-008	9.077612e-006	9.072158e-006	2.034897e-009
2.167706488986770e-008	8.189141e-008	6.544809e-008	9.074790e-006	9.069360e-006	2.034495e-009
2.171977917558203e-008	8.188300e-008	6.514621e-008	9.071925e-006	9.066519e-006	2.034051e-009
2.176249346129637e-008	8.187318e-008	6.484456e-008	9.069017e-006	9.063636e-006	2.033564e-009
2.180520774701070e-008	8.186196e-008	6.454315e-008	9.066066e-006	9.060710e-006	2.033035e-009
2.184792203272503e-008	8.184932e-008	6.424199e-008	9.063073e-006	9.057741e-006	2.032463e-009
2.189063631843937e-008	8.183527e-008	6.394106e-008	9.060036e-006	9.054730e-006	2.031849e-009
2.189163631843937e-008	8.183493e-008	6.393402e-008	9.059964e-006	9.054659e-006	2.031834e-009
2.189292203272508e-008	8.183449e-008	6.392496e-008	9.059872e-006	9.054568e-006	2.031815e-009
2.189420774701080e-008	8.183404e-008	6.391591e-008	9.059780e-006	9.054476e-006	2.031796e-009
2.189549346129652e-008	8.183359e-008	6.390686e-008	9.059687e-006	9.054385e-006	2.031776e-009
2.189677917558223e-008	8.183315e-008	6.389781e-008	9.059595e-006	9.054293e-006	2.031757e-009
2.189806488986795e-008	8.183270e-008	6.388876e-008	9.059503e-006	9.054202e-006	2.031738e-009
2.189935060415366e-008	8.183225e-008	6.387970e-008	9.059411e-006	9.054110e-006	2.031718e-009
2.190063631843938e-008	8.183179e-008	6.387065e-008	9.059319e-006	9.054019e-006	2.031699e-009
2.190435060415367e-008	8.183048e-008	6.384450e-008	9.059052e-006	9.053754e-006	2.031643e-009
2.190806488986796e-008	8.182916e-008	6.381836e-008	9.058785e-006	9.053489e-006	2.031586e-009
2.191177917558225e-008	8.182782e-008	6.379221e-008	9.058517e-006	9.053224e-006	2.031530e-009
2.191549346129654e-008	8.182648e-008	6.376607e-008	9.058250e-006	9.052958e-006	2.031472e-009
2.191920774701083e-008	8.182513e-008	6.373993e-008	9.057982e-006	9.052692e-006	2.031415e-009
2.192292203272512e-008	8.182376e-008	6.371379e-008	9.057713e-006	9.052426e-006	2.031357e-009
2.192663631843941e-008	8.182239e-008	6.368766e-008	9.057445e-006	9.052160e-006	2.031299e-009
2.219163631843971e-008	8.169791e-008	6.182862e-008	9.037472e-006	9.032352e-006	2.026353e-009
2.240000000000000e-008	8.156456e-008	6.037529e-008	9.020692e-006	9.015707e-006	2.021378e-009
2.247561636865616e-008	8.150871e-008	5.984984e-008	9.014378e-006	9.009443e-006	2.019342e-009
2.277561636865650e-008	8.124944e-008	5.777625e-008	8.988185e-006	8.983457e-006	2.010091e-009
2.281633065437083e-008	8.120860e-008	5.749650e-008	8.984494e-006	8.979794e-006	2.008689e-009
2.285704494008516e-008	8.116850e-008	5.721664e-008	8.980772e-006	8.976100e-006	2.007261e-009
2.289775922579949e-008	8.112914e-008	5.693665e-008	8.977018e-006	8.972376e-006	2.005805e-009
2.293847351151383e-008	8.109052e-008	5.665654e-008	8.973234e-006	8.968621e-006	2.004322e-009
2.297918779722816e-008	8.105264e-008	5.637631e-008	8.969419e-006	8.964836e-006	2.002813e-009
2.301990208294249e-008	8.101550e-008	5.609596e-008	8.965573e-006	8.961019e-006	2.001276e-009
2.306061636865682e-008	8.097909e-008	5.581549e-008	8.961696e-006	8.957172e-006	1.999712e-009
2.307561636865684e-008	8.096610e-008	5.571217e-008	8.960261e-006	8.955747e-006	1.999131e-009
2.326661636865705e-008	8.080220e-008	5.440085e-008	8.941631e-006	8.937259e-006	1.991419e-009
2.326761636865706e-008	8.080132e-008	5.439402e-008	8.941531e-006	8.937161e-006	1.991377e-009
2.326789704298611e-008	8.080107e-008	5.439210e-008	8.941503e-006	8.937132e-006	1.991366e-009
2.326812923576268e-008	8.080087e-008	5.439052e-008	8.941481e-006	8.937110e-006	1.991356e-009
2.326878613621917e-008	8.080029e-008	5.438602e-008	8.941415e-006	8.937045e-006	1.991328e-009
2.327045467932124e-008	8.079882e-008	5.437462e-008	8.941250e-006	8.936880e-006	1.991258e-009
2.327245467932125e-008	8.079705e-008	5.436096e-008	8.941051e-006	8.936684e-006	1.991174e-009
2.327445467932125e-008	8.079528e-008	5.434730e-008	8.940852e-006	8.936487e-006	1.991090e-009
2.327645467932125e-008	8.079351e-008	5.433364e-008	8.940654e-006	8.936290e-006	1.991006e-009
2.327845467932125e-008	8.079174e-008	5.431998e-008	8.940456e-006	8.936093e-006	1.990922e-009
2.328045467932125e-008	8.078997e-008	5.430632e-008	8.940257e-006	8.935896e-006	1.990837e-009
2.328245467932126e-008	8.078819e-008	5.429266e-008	8.940060e-006	8.935701e-006	1.990753e-009
2.328445467932126e-008	8.078641e-008	5.427901e-008	8.939863e-006	8.935504e-006	1.990668e-009
2.328645467932126e-008	8.078463e-008	5.426536e-008	8.939665e-006	8.935309e-006	1.990584e-009
2.328845467932126e-008	8.078285e-008	5.425171e-008	8.939469e-006	8.935114e-006	1.990499e-009
2.329145467932127e-008	8.078016e-008	5.423124e-008	8.939175e-006	8.934822e-006	1.990372e-009
2.329445467932127e-008	8.077748e-008	5.421077e-008	8.938882e-006	8.934531e-006	1.990245e-009
2.329745467932127e-008	8.077479e-008	5.419031e-008	8.938590e-006	8.934242e-006	1.990118e-009
2.330045467932128e-008	8.077209e-008	5.416985e-008	8.938301e-006	8.933955e-006	1.989990e-009
2.330616896503557e-008	8.076694e-008	5.413090e-008	8.937752e-006	8.933409e-006	1.989747e-009
2.331188325074986e-008	8.076176e-008	5.409197e-008	8.937212e-006	8.932874e-006	1.989503e-009
2.331759753646415e-008	8.075656e-008	5.405309e-008	8.936683e-006	8.932350e-006	1.989259e-009
2.332331182217845e-008	8.075132e-008	5.401423e-008	8.936164e-006	8.931835e-006	1.989014e-009
2.332902610789274e-008	8.074606e-008	5.397541e-008	8.935655e-006	8.931331e-006	1.988769e-009
2.333474039360703e-008	8.074077e-008	5.393663e-008	8.935156e-006	8.930836e-006	1.988523e-009
2.334045467932132e-008	8.073545e-008	5.389787e-008	8.934668e-006	8.930352e-006	1.988276e-009
2.334474039360704e-008	8.073144e-008	5.386884e-008	8.934311e-006	8.929999e-006	1.988091e-009
2.334902610789276e-008	8.072741e-008	5.383985e-008	8.933963e-006	8.929655e-006	1.987906e-009
2.335331182217848e-008	8.072336e-008	5.381089e-008	8.933624e-006	8.929319e-006	1.987720e-009
2.335759753646420e-008	8.071928e-008	5.378196e-008	8.933294e-006	8.928992e-006	1.987535e-009
2.336188325074992e-008	8.071518e-008	5.375307e-008	8.932972e-006	8.928674e-006	1.987349e-009
2.336616896503564e-008	8.071106e-008	5.372422e-008	8.932659e-006	8.928364e-006	1.987162e-009
2.337045467932136e-008	8.070692e-008	5.369539e-008	8.932355e-006	8.928063e-006	1.986976e-009
2.337145467932136e-008	8.070595e-008	5.368868e-008	8.932286e-006	8.927994e-006	1.986932e-009
2.337345467932136e-008	8.070400e-008	5.367525e-008	8.932148e-006	8.927858e-006	1.986845e-009
2.337545467932136e-008	8.070205e-008	5.366183e-008	8.932013e-006	8.927725e-006	1.986758e-009
2.338345467932137e-008	8.069420e-008	5.360823e-008	8.931493e-006	8.927210e-006	1.986409e-009
2.339145467932138e-008	8.068625e-008	5.355483e-008	8.931009e-006	8.926732e-006	1.986059e-009
2.339945467932139e-008	8.067818e-008	5.350165e-008	8.930560e-006	8.926290e-006	1.985708e-009
2.340745467932140e-008	8.067001e-008	5.344869e-008	8.930147e-006	8.925883e-006	1.985357e-009
2.341545467932141e-008	8.066174e-008	5.339593e-008	8.929770e-006	8.925513e-006	1.985005e-009
2.342345467932142e-008	8.065335e-008	5.334339e-008	8.929428e-006	8.925178e-006	1.984653e-009
2.343145467932143e-008	8.064486e-008	5.329106e-008	8.929122e-006	8.924879e-006	1.984300e-009
2.344245467932144e-008	8.063298e-008	5.321953e-008	8.928769e-006	8.924533e-006	1.983814e-009
2.345345467932145e-008	8.062085e-008	5.314859e-008	8.928466e-006	8.924239e-006	1.983328e-009
2.346445467932146e-008	8.060847e-008	5.307821e-008	8.928214e-006	8.923996e-006	1.982841e-009
2.347545467932148e-008	8.059584e-008	5.300842e-008	8.928014e-006	8.923804e-006	1.982354e-009
2.348645467932149e-008	8.058297e-008	5.293920e-008	8.927864e-006	8.923664e-006	1.981866e-009
2.349745467932150e-008	8.056984e-008	5.287056e-008	8.927766e-006	8.923575e-006	1.981378e-009
2.350845467932151e-008	8.055648e-008	5.280249e-008	8.927719e-006	8.923537e-006	1.980889e-009
2.351931182217867e-008	8.054301e-008	5.273598e-008	8.927706e-006	8.923533e-006	1.980407e-009
2.353016896503582e-008	8.052933e-008	5.267004e-008	8.927710e-006	8.923546e-006	1.979924e-009
2.354102610789298e-008	8.051541e-008	5.260470e-008	8.927732e-006	8.923577e-006	1.979441e-009
2.355188325075013e-008	8.050127e-008	5.253995e-008	8.927771e-006	8.923625e-006	1.978958e-009
2.356274039360729e-008	8.048691e-008	5.247578e-008	8.927828e-006	8.923691e-006	1.978474e-009
2.357359753646444e-008	8.047231e-008	5.241220e-008	8.927903e-006	8.923775e-006	1.977990e-009
2.358445467932160e-008	8.045749e-008	5.234921e-008	8.927995e-006	8.923876e-006	1.977507e-009
2.359059753646446e-008	8.044902e-008	5.231381e-008	8.928044e-006	8.923930e-006	1.977233e-009
2.359674039360733e-008	8.044049e-008	5.227857e-008	8.928093e-006	8.923985e-006	1.976959e-009
2.360288325075019e-008	8.043190e-008	5.224350e-008	8.928142e-006	8.924039e-006	1.976685e-009
2.360902610789306e-008	8.042325e-008	5.220859e-008	8.928191e-006	8.924092e-006	1.976411e-009
2.361516896503592e-008	8.041454e-008	5.217384e-008	8.928239e-006	8.924146e-006	1.976136e-009
2.362131182217878e-008	8.040578e-008	5.213925e-008	8.928287e-006	8.924199e-006	1.975862e-009
2.362745467932165e-008	8.039695e-008	5.210483e-008	8.928335e-006	8.924251e-006	1.975587e-009
2.363159753646451e-008	8.039097e-008	5.208170e-008	8.928365e-006	8.924285e-006	1.975402e-009
2.363574039360737e-008	8.038497e-008	5.205863e-008	8.928394e-006	8.924318e-006	1.975217e-009
2.363988325075023e-008	8.037895e-008	5.203563e-008	8.928422e-006	8.924350e-006	1.975032e-009
2.364402610789310e-008	8.037290e-008	5.201270e-008	8.928449e-006	8.924380e-006	1.974846e-009
2.364816896503596e-008	8.036683e-008	5.198982e-008	8.928474e-006	8.924409e-006	1.974661e-009
2.365231182217882e-008	8.036074e-008	5.196701e-008	8.928498e-006	8.924436e-006	1.974475e-009
2.365645467932168e-008	8.035462e-008	5.194427e-008	8.928521e-006	8.924462e-006	1.974290e-009
2.365845467932168e-008	8.035166e-008	5.193331e-008	8.928532e-006	8.924474e-006	1.974200e-009
2.366045467932169e-008	8.034870e-008	5.192236e-008	8.928542e-006	8.924486e-006	1.974111e-009
2.366245467932169e-008	8.034573e-008	5.191143e-008	8.928551e-006	8.924498e-006	1.974021e-009
2.366445467932169e-008	8.034276e-008	5.190051e-008	8.928560e-006	8.924509e-006	1.973931e-009
2.366645467932169e-008	8.033978e-008	5.188961e-008	8.928569e-006	8.924519e-006	1.973842e-009
2.366845467932169e-008	8.033680e-008	5.187872e-008	8.928578e-006	8.924529e-006	1.973752e-009
2.367045467932170e-008	8.033381e-008	5.186784e-008	8.928586e-006	8.924539e-006	1.973662e-009
2.367145467932170e-008	8.033232e-008	5.186240e-008	8.928590e-006	8.924543e-006	1.973617e-009
2.367574039360742e-008	8.032590e-008	5.183915e-008	8.928605e-006	8.924562e-006	1.973425e-009
2.368002610789314e-008	8.031946e-008	5.181596e-008	8.928618e-006	8.924579e-006	1.973232e-009
2.368431182217886e-008	8.031300e-008	5.179282e-008	8.928629e-006	8.924594e-006	1.973040e-009
2.368859753646457e-008	8.030653e-008	5.176973e-008	8.928638e-006	8.924606e-006	1.972847e-009
2.369288325075029e-008	8.030003e-008	5.174670e-008	8.928645e-006	8.924617e-006	1.972655e-009
2.369716896503601e-008	8.029352e-008	5.172373e-008	8.928650e-006	8.924625e-006	1.972462e-009
2.370145467932173e-008	8.028699e-008	5.170081e-008	8.928652e-006	8.924630e-006	1.972269e-009
2.370245467932173e-008	8.028546e-008	5.169547e-008	8.928652e-006	8.924632e-006	1.972224e-009
2.370345467932173e-008	8.028394e-008	5.169013e-008	8.928652e-006	8.924633e-006	1.972179e-009
2.370545467932174e-008	8.028088e-008	5.167946e-008	8.928652e-006	8.924634e-006	1.972088e-009
2.370774039360745e-008	8.027738e-008	5.166728e-008	8.928651e-006	8.924635e-006	1.971986e-009
2.371002610789317e-008	8.027388e-008	5.165511e-008	8.928649e-006	8.924635e-006	1.971882e-009
2.371231182217889e-008	8.027037e-008	5.164296e-008	8.928646e-006	8.924634e-006	1.971779e-009
2.371459753646460e-008	8.026686e-008	5.163082e-008	8.928642e-006	8.924632e-006	1.971676e-009
2.371688325075032e-008	8.026335e-008	5.161869e-008	8.928637e-006	8.924629e-006	1.971573e-009
2.371916896503604e-008	8.025983e-008	5.160657e-008	8.928632e-006	8.924625e-006	1.971470e-009
2.372145467932175e-008	8.025631e-008	5.159447e-008	8.928625e-006	8.924620e-006	1.971367e-009
2.372216896503604e-008	8.025520e-008	5.159069e-008	8.928622e-006	8.924618e-006	1.971335e-009
2.372288325075033e-008	8.025410e-008	5.158691e-008	8.928620e-006	8.924616e-006	1.971302e-009
2.372359753646461e-008	8.025300e-008	5.158314e-008	8.928617e-006	8.924614e-006	1.971270e-009
2.372431182217890e-008	8.025190e-008	5.157936e-008	8.928615e-006	8.924612e-006	1.971238e-009
2.372502610789319e-008	8.025079e-008	5.157559e-008	8.928612e-006	8.924610e-006	1.971205e-009
2.372574039360747e-008	8.024969e-008	5.157181e-008	8.928609e-006	8.924608e-006	1.971173e-009
2.372645467932176e-008	8.024859e-008	5.156804e-008	8.928606e-006	8.924606e-006	1.971141e-009
2.372783839915641e-008	8.024645e-008	5.156074e-008	8.928600e-006	8.924600e-006	1.971078e-009
2.372795668141066e-008	8.024627e-008	5.156011e-008	8.928599e-006	8.924600e-006	1.971073e-009
2.372807391771965e-008	8.024608e-008	5.155949e-008	8.928599e-006	8.924600e-006	1.971068e-009
2.372808933509444e-008	8.024606e-008	5.155941e-008	8.928599e-006	8.924600e-006	1.971067e-009
2.372809538755861e-008	8.024605e-008	5.155938e-008	8.928599e-006	8.924600e-006	1.971067e-009
2.372810022556375e-008	8.024605e-008	5.155935e-008	8.928599e-006	8.924600e-006	1.971066e-009
2.372810659355522e-008	8.024603e-008	5.155932e-008	8.928599e-006	8.924600e-006	1.971066e-009
2.372811378869396e-008	8.024602e-008	5.155928e-008	8.928599e-006	8.924600e-006	1.971066e-009
2.372812092083277e-008	8.024601e-008	5.155924e-008	8.928599e-006	8.924600e-006	1.971066e-009
2.372812781159430e-008	8.024600e-008	5.155921e-008	8.928599e-006	8.924600e-006	1.971065e-009
2.372813465142951e-008	8.024599e-008	5.155917e-008	8.928598e-006	8.924600e-006	1.971065e-009
2.372814151859198e-008	8.024598e-008	5.155913e-008	8.928598e-006	8.924600e-006	1.971065e-009
2.372814841803999e-008	8.024597e-008	5.155910e-008	8.928598e-006	8.924600e-006	1.971064e-009
2.372815531283327e-008	8.024596e-008	5.155906e-008	8.928598e-006	8.924600e-006	1.971064e-009
2.372816220602259e-008	8.024595e-008	5.155903e-008	8.928598e-006	8.924600e-006	1.971064e-009
2.372816989434429e-008	8.024593e-008	5.155898e-008	8.928598e-006	8.924600e-006	1.971063e-009
2.372817873288000e-008	8.024592e-008	5.155894e-008	8.928598e-006	8.924599e-006	1.971063e-009
2.372818902001927e-008	8.024590e-008	5.155889e-008	8.928598e-006	8.924599e-006	1.971062e-009
2.372821555623629e-008	8.024586e-008	5.155874e-008	8.928598e-006	8.924599e-006	1.971061e-009
2.372826949946835e-008	8.024578e-008	5.155846e-008	8.928597e-006	8.924599e-006	1.971059e-009
2.372832344270040e-008	8.024570e-008	5.155817e-008	8.928597e-006	8.924599e-006	1.971056e-009
2.372837738593245e-008	8.024561e-008	5.155789e-008	8.928597e-006	8.924599e-006	1.971054e-009
2.372843132916451e-008	8.024553e-008	5.155761e-008	8.928597e-006	8.924599e-006	1.971051e-009
2.372848527239656e-008	8.024545e-008	5.155732e-008	8.928596e-006	8.924598e-006	1.971049e-009
2.372853921562862e-008	8.024536e-008	5.155704e-008	8.928596e-006	8.924598e-006	1.971047e-009
2.372859315886067e-008	8.024528e-008	5.155675e-008	8.928596e-006	8.924598e-006	1.971044e-009
2.373231055383500e-008	8.023952e-008	5.153716e-008	8.928576e-006	8.924580e-006	1.970876e-009
2.373602794880932e-008	8.023376e-008	5.151759e-008	8.928552e-006	8.924560e-006	1.970708e-009
2.373974534378365e-008	8.022798e-008	5.149805e-008	8.928526e-006	8.924536e-006	1.970539e-009
2.374346273875797e-008	8.022220e-008	5.147853e-008	8.928496e-006	8.924509e-006	1.970371e-009
2.374718013373230e-008	8.021641e-008	5.145904e-008	8.928463e-006	8.924479e-006	1.970202e-009
2.375089752870662e-008	8.021060e-008	5.143958e-008	8.928426e-006	8.924446e-006	1.970034e-009
2.375461492368095e-008	8.020479e-008	5.142014e-008	8.928387e-006	8.924409e-006	1.969865e-009
2.377104349510954e-008	8.017099e-008	5.133749e-008	8.928168e-006	8.924204e-006	1.969095e-009
2.378747206653813e-008	8.014252e-008	5.125310e-008	8.927894e-006	8.923945e-006	1.968338e-009
2.380390063796672e-008	8.011939e-008	5.116698e-008	8.927567e-006	8.923631e-006	1.967592e-009
2.382032920939531e-008	8.010160e-008	5.107913e-008	8.927185e-006	8.923263e-006	1.966859e-009
2.383675778082390e-008	8.008915e-008	5.098954e-008	8.926749e-006	8.922840e-006	1.966136e-009
2.385318635225249e-008	8.008204e-008	5.089823e-008	8.926258e-006	8.922363e-006	1.965426e-009
2.386961492368108e-008	8.008027e-008	5.080518e-008	8.925714e-006	8.921832e-006	1.964728e-009
2.388032920939538e-008	8.010752e-008	5.073413e-008	8.925335e-006	8.921462e-006	1.964347e-009
2.389104349510967e-008	8.016465e-008	5.065382e-008	8.924938e-006	8.921074e-006	1.964056e-009
2.390175778082397e-008	8.025165e-008	5.056424e-008	8.924523e-006	8.920668e-006	1.963853e-009
2.391247206653827e-008	8.036853e-008	5.046539e-008	8.924089e-006	8.920243e-006	1.963739e-009
2.392318635225257e-008	8.051528e-008	5.035728e-008	8.923637e-006	8.919800e-006	1.963714e-009
2.393390063796687e-008	8.069190e-008	5.023990e-008	8.923167e-006	8.919338e-006	1.963778e-009
2.394461492368116e-008	8.089840e-008	5.011326e-008	8.922678e-006	8.918858e-006	1.963931e-009
2.394561492368117e-008	8.091947e-008	5.010100e-008	8.922631e-006	8.918812e-006	1.963951e-009
2.397718635225263e-008	8.185179e-008	4.963288e-008	8.921073e-006	8.917280e-006	1.965393e-009
2.400875778082409e-008	8.282418e-008	4.917621e-008	8.919399e-006	8.915633e-006	1.967096e-009
2.404032920939556e-008	8.383664e-008	4.873099e-008	8.917612e-006	8.913872e-006	1.969059e-009
2.407190063796702e-008	8.488917e-008	4.829723e-008	8.915710e-006	8.911996e-006	1.971282e-009
2.410347206653849e-008	8.598177e-008	4.787493e-008	8.913694e-006	8.910005e-006	1.973765e-009
2.413504349510995e-008	8.711444e-008	4.746408e-008	8.911563e-006	8.907901e-006	1.976508e-009
2.416661492368142e-008	8.828718e-008	4.706468e-008	8.909318e-006	8.905681e-006	1.979512e-009
2.424561492368151e-008	9.049923e-008	4.635990e-008	8.903369e-006	8.899797e-006	1.985355e-009
2.429474534430225e-008	9.162653e-008	4.602713e-008	8.899422e-006	8.895891e-006	1.988471e-009
2.429487783509152e-008	9.162935e-008	4.602632e-008	8.899411e-006	8.895880e-006	1.988479e-009
2.429490858050940e-008	9.163000e-008	4.602613e-008	8.899409e-006	8.895878e-006	1.988481e-009
2.429492277274249e-008	9.163031e-008	4.602604e-008	8.899408e-006	8.895878e-006	1.988482e-009
2.429492776426757e-008	9.163040e-008	4.602601e-008	8.899408e-006	8.895877e-006	1.988482e-009
2.429493774731775e-008	9.163062e-008	4.602595e-008	8.899408e-006	8.895877e-006	1.988483e-009
2.429494006395463e-008	9.163067e-008	4.602594e-008	8.899408e-006	8.895877e-006	1.988483e-009
2.429494202648466e-008	9.163071e-008	4.602592e-008	8.899407e-006	8.895877e-006	1.988483e-009
2.429528921476768e-008	9.163809e-008	4.602379e-008	8.899368e-006	8.895838e-006	1.988504e-009
2.429563640305070e-008	9.164547e-008	4.602166e-008	8.899328e-006	8.895797e-006	1.988525e-009
2.429598359133372e-008	9.165284e-008	4.601953e-008	8.899287e-006	8.895756e-006	1.988545e-009
2.429633077961674e-008	9.166020e-008	4.601741e-008	8.899244e-006	8.895714e-006	1.988566e-009
2.429667796789976e-008	9.166756e-008	4.601529e-008	8.899201e-006	8.895670e-006	1.988586e-009
2.429702515618278e-008	9.167491e-008	4.601317e-008	8.899156e-006	8.895626e-006	1.988607e-009
2.429737234446580e-008	9.168225e-008	4.601105e-008	8.899110e-006	8.895580e-006	1.988628e-009
2.429837234446580e-008	9.170334e-008	4.600496e-008	8.899025e-006	8.895497e-006	1.988687e-009
2.429937234446580e-008	9.172438e-008	4.599890e-008	8.898990e-006	8.895463e-006	1.988746e-009
2.430037234446580e-008	9.174535e-008	4.599287e-008	8.899014e-006	8.895488e-006	1.988805e-009
2.430137234446580e-008	9.176625e-008	4.598688e-008	8.899107e-006	8.895582e-006	1.988864e-009
2.430237234446580e-008	9.178709e-008	4.598093e-008	8.899284e-006	8.895759e-006	1.988923e-009
2.430337234446580e-008	9.180785e-008	4.597502e-008	8.899556e-006	8.896032e-006	1.988981e-009
2.430437234446580e-008	9.182854e-008	4.596916e-008	8.899938e-006	8.896415e-006	1.989040e-009
2.430537234446581e-008	9.184915e-008	4.596337e-008	8.900444e-006	8.896925e-006	1.989098e-009
2.430637234446581e-008	9.186969e-008	4.595766e-008	8.901093e-006	8.897574e-006	1.989157e-009
2.430737234446581e-008	9.189013e-008	4.595202e-008	8.901897e-006	8.898379e-006	1.989215e-009
2.430837234446581e-008	9.191049e-008	4.594648e-008	8.902872e-006	8.899356e-006	1.989274e-009
2.431037234446581e-008	9.195092e-008	4.593573e-008	8.905393e-006	8.901880e-006	1.989391e-009
2.431237234446581e-008	9.199094e-008	4.592552e-008	8.908764e-006	8.905256e-006	1.989509e-009
2.431537234446582e-008	9.205011e-008	4.591148e-008	8.915609e-006	8.912109e-006	1.989688e-009
2.431837234446582e-008	9.210811e-008	4.589938e-008	8.924794e-006	8.921303e-006	1.989871e-009
2.432137234446582e-008	9.216478e-008	4.588969e-008	8.936448e-006	8.932966e-006	1.990058e-009
2.432337234446583e-008	9.220174e-008	4.588482e-008	8.945613e-006	8.942139e-006	1.990186e-009
2.432537234446583e-008	9.223798e-008	4.588138e-008	8.955890e-006	8.952424e-006	1.990318e-009
2.432637234446583e-008	9.225583e-008	4.588023e-008	8.961441e-006	8.957980e-006	1.990385e-009
2.432737234446583e-008	9.227348e-008	4.587951e-008	8.967265e-006	8.963808e-006	1.990453e-009
2.432837234446583e-008	9.229095e-008	4.587917e-008	8.973334e-006	8.969882e-006	1.990522e-009
2.432903526238507e-008	9.230242e-008	4.587917e-008	8.977498e-006	8.974049e-006	1.990568e-009
2.432952451226285e-008	9.231082e-008	4.587932e-008	8.980663e-006	8.977217e-006	1.990603e-009
2.433010731390075e-008	9.232076e-008	4.587965e-008	8.984521e-006	8.981077e-006	1.990644e-009
2.433046334539375e-008	9.232680e-008	4.587993e-008	8.986926e-006	8.983485e-006	1.990669e-009
2.433094400863603e-008	9.233491e-008	4.588039e-008	8.990221e-006	8.986783e-006	1.990704e-009
2.433108698980989e-008	9.233731e-008	4.588055e-008	8.991209e-006	8.987771e-006	1.990714e-009
2.433113612121418e-008	9.233813e-008	4.588061e-008	8.991551e-006	8.988112e-006	1.990718e-009
2.433117463463756e-008	9.233878e-008	4.588065e-008	8.991819e-006	8.988382e-006	1.990721e-009
2.433119048705919e-008	9.233904e-008	4.588067e-008	8.991929e-006	8.988492e-006	1.990722e-009
2.433119544478470e-008	9.233913e-008	4.588068e-008	8.991964e-006	8.988526e-006	1.990722e-009
2.433119633998370e-008	9.233914e-008	4.588068e-008	8.991970e-006	8.988532e-006	1.990722e-009
2.433119668028413e-008	9.233915e-008	4.588068e-008	8.991973e-006	8.988535e-006	1.990722e-009
2.433119720346593e-008	9.233916e-008	4.588068e-008	8.991977e-006	8.988539e-006	1.990722e-009
2.433119769739038e-008	9.233916e-008	4.588068e-008	8.991979e-006	8.988543e-006	1.990722e-009
2.433119821484987e-008	9.233918e-008	4.588068e-008	8.991983e-006	8.988546e-006	1.990722e-009
2.433119878643747e-008	9.233919e-008	4.588068e-008	8.991988e-006	8.988550e-006	1.990722e-009
2.433119933731305e-008	9.233919e-008	4.588068e-008	8.991991e-006	8.988553e-006	1.990722e-009
2.433119989665406e-008	9.233921e-008	4.588069e-008	8.991995e-006	8.988557e-006	1.990722e-009
2.433120043980334e-008	9.233921e-008	4.588069e-008	8.991999e-006	8.988562e-006	1.990722e-009
2.433120102517134e-008	9.233922e-008	4.588069e-008	8.992003e-006	8.988565e-006	1.990723e-009
2.433120170453045e-008	9.233923e-008	4.588069e-008	8.992008e-006	8.988570e-006	1.990723e-009
2.433120248666177e-008	9.233925e-008	4.588069e-008	8.992013e-006	8.988575e-006	1.990723e-009
2.433120340469854e-008	9.233926e-008	4.588069e-008	8.992020e-006	8.988582e-006	1.990723e-009
2.433120449224668e-008	9.233928e-008	4.588069e-008	8.992028e-006	8.988590e-006	1.990723e-009
2.433120583451313e-008	9.233931e-008	4.588069e-008	8.992037e-006	8.988599e-006	1.990723e-009
2.433120754288305e-008	9.233933e-008	4.588069e-008	8.992049e-006	8.988611e-006	1.990723e-009
2.433120985778037e-008	9.233937e-008	4.588070e-008	8.992065e-006	8.988627e-006	1.990723e-009
2.433170040899374e-008	9.234755e-008	4.588139e-008	8.995509e-006	8.992074e-006	1.990759e-009
2.433219096020711e-008	9.235567e-008	4.588221e-008	8.998992e-006	8.995560e-006	1.990795e-009
2.433268151142048e-008	9.236375e-008	4.588313e-008	9.002514e-006	8.999085e-006	1.990832e-009
2.433317206263385e-008	9.237177e-008	4.588418e-008	9.006075e-006	9.002648e-006	1.990868e-009
2.433366261384722e-008	9.237974e-008	4.588534e-008	9.009675e-006	9.006251e-006	1.990905e-009
2.433415316506059e-008	9.238766e-008	4.588662e-008	9.013315e-006	9.009893e-006	1.990943e-009
2.433464371627396e-008	9.239553e-008	4.588801e-008	9.016993e-006	9.013574e-006	1.990980e-009
2.433664371627396e-008	9.242706e-008	4.589499e-008	9.032418e-006	9.029010e-006	1.991137e-009
2.433964371627397e-008	9.247259e-008	4.590952e-008	9.056812e-006	9.053422e-006	1.991382e-009
2.434192943055968e-008	9.250590e-008	4.592376e-008	9.076443e-006	9.073067e-006	1.991576e-009
2.434421514484540e-008	9.253787e-008	4.594130e-008	9.096843e-006	9.093482e-006	1.991779e-009
2.434650085913112e-008	9.256850e-008	4.596214e-008	9.118013e-006	9.114667e-006	1.991991e-009
2.434878657341683e-008	9.259779e-008	4.598628e-008	9.139952e-006	9.136621e-006	1.992211e-009
2.435107228770255e-008	9.262573e-008	4.601372e-008	9.162661e-006	9.159346e-006	1.992440e-009
2.435335800198827e-008	9.265233e-008	4.604446e-008	9.186140e-006	9.182841e-006	1.992678e-009
2.435564371627399e-008	9.267759e-008	4.607850e-008	9.210387e-006	9.207105e-006	1.992924e-009
2.435692943055970e-008	9.269115e-008	4.609932e-008	9.224305e-006	9.221032e-006	1.993067e-009
2.435821514484542e-008	9.270425e-008	4.612132e-008	9.238422e-006	9.235160e-006	1.993213e-009
2.435950085913113e-008	9.271689e-008	4.614451e-008	9.252741e-006	9.249488e-006	1.993362e-009
2.436078657341685e-008	9.272908e-008	4.616888e-008	9.267259e-006	9.264016e-006	1.993515e-009
2.436207228770256e-008	9.274081e-008	4.619443e-008	9.281978e-006	9.278745e-006	1.993671e-009
2.436335800198828e-008	9.275208e-008	4.622116e-008	9.296898e-006	9.293675e-006	1.993829e-009
2.436464371627400e-008	9.276289e-008	4.624908e-008	9.312018e-006	9.308805e-006	1.993992e-009
2.436564371627400e-008	9.277102e-008	4.627153e-008	9.323877e-006	9.320672e-006	1.994120e-009
2.436592439076405e-008	9.277325e-008	4.627796e-008	9.327225e-006	9.324023e-006	1.994156e-009
2.436615530661007e-008	9.277506e-008	4.628332e-008	9.329995e-006	9.326794e-006	1.994186e-009
2.436647893009282e-008	9.277757e-008	4.629091e-008	9.333913e-006	9.330715e-006	1.994229e-009
2.436681379861183e-008	9.278011e-008	4.629889e-008	9.338016e-006	9.334821e-006	1.994273e-009
2.436748353564985e-008	9.278511e-008	4.631512e-008	9.346330e-006	9.343141e-006	1.994362e-009
2.436848353564985e-008	9.279233e-008	4.633994e-008	9.358961e-006	9.355781e-006	1.994497e-009
2.436948353564985e-008	9.279928e-008	4.636550e-008	9.371857e-006	9.368686e-006	1.994633e-009
2.437048353564985e-008	9.280591e-008	4.639188e-008	9.385046e-006	9.381884e-006	1.994772e-009
2.437148353564985e-008	9.281224e-008	4.641909e-008	9.398529e-006	9.395376e-006	1.994913e-009
2.437248353564986e-008	9.281824e-008	4.644716e-008	9.412309e-006	9.409165e-006	1.995057e-009
2.437348353564986e-008	9.282392e-008	4.647610e-008	9.426384e-006	9.423250e-006	1.995203e-009
2.437448353564986e-008	9.282927e-008	4.650592e-008	9.440751e-006	9.437627e-006	1.995351e-009
2.437548353564986e-008	9.283429e-008	4.653664e-008	9.455406e-006	9.452292e-006	1.995502e-009
2.437648353564986e-008	9.283897e-008	4.656829e-008	9.470342e-006	9.467238e-006	1.995655e-009
2.437748353564986e-008	9.284331e-008	4.660086e-008	9.485551e-006	9.482457e-006	1.995812e-009
2.437848353564986e-008	9.284729e-008	4.663439e-008	9.501023e-006	9.497940e-006	1.995970e-009
2.437948353564986e-008	9.285093e-008	4.666888e-008	9.516747e-006	9.513674e-006	1.996131e-009
2.438048353564986e-008	9.285421e-008	4.670435e-008	9.532710e-006	9.529647e-006	1.996296e-009
2.438148353564987e-008	9.285714e-008	4.674080e-008	9.548897e-006	9.545845e-006	1.996463e-009
2.438248353564987e-008	9.285969e-008	4.677826e-008	9.565295e-006	9.562254e-006	1.996632e-009
2.438348353564987e-008	9.286190e-008	4.681672e-008	9.581888e-006	9.578858e-006	1.996805e-009
2.438548353564987e-008	9.286521e-008	4.689670e-008	9.615596e-006	9.612590e-006	1.997159e-009
2.438748353564987e-008	9.286705e-008	4.698081e-008	9.649895e-006	9.646912e-006	1.997524e-009
2.439048353564988e-008	9.286706e-008	4.711478e-008	9.702196e-006	9.699247e-006	1.998095e-009
2.439148353564988e-008	9.286633e-008	4.716153e-008	9.719803e-006	9.716866e-006	1.998291e-009
2.439248353564988e-008	9.286524e-008	4.720933e-008	9.737478e-006	9.734553e-006	1.998490e-009
2.439348353564988e-008	9.286377e-008	4.725818e-008	9.755210e-006	9.752296e-006	1.998693e-009
2.439448353564988e-008	9.286195e-008	4.730807e-008	9.772991e-006	9.770089e-006	1.998898e-009
2.439648353564988e-008	9.285721e-008	4.741101e-008	9.808664e-006	9.805784e-006	1.999318e-009
2.439848353564988e-008	9.285104e-008	4.751812e-008	9.844443e-006	9.841588e-006	1.999749e-009
2.440048353564989e-008	9.284346e-008	4.762938e-008	9.880286e-006	9.877454e-006	2.000193e-009
2.440248353564989e-008	9.283447e-008	4.774477e-008	9.916162e-006	9.913352e-006	2.000649e-009
2.440448353564989e-008	9.282410e-008	4.786427e-008	9.952046e-006	9.949260e-006	2.001118e-009
2.440748353564990e-008	9.280598e-008	4.805114e-008	1.000585e-005	1.000310e-005	2.001843e-009
2.441048353564990e-008	9.278485e-008	4.824706e-008	1.005959e-005	1.005688e-005	2.002595e-009
2.441348353564990e-008	9.276079e-008	4.845192e-008	1.011324e-005	1.011056e-005	2.003373e-009
2.441591210707847e-008	9.273910e-008	4.862439e-008	1.015663e-005	1.015397e-005	2.004023e-009
2.441834067850705e-008	9.271565e-008	4.880241e-008	1.019987e-005	1.019725e-005	2.004691e-009
2.442076924993562e-008	9.269045e-008	4.898596e-008	1.024298e-005	1.024038e-005	2.005375e-009
2.442319782136420e-008	9.266349e-008	4.917504e-008	1.028594e-005	1.028337e-005	2.006076e-009
2.442562639279277e-008	9.263477e-008	4.936966e-008	1.032876e-005	1.032622e-005	2.006794e-009
2.442805496422135e-008	9.260429e-008	4.956982e-008	1.037144e-005	1.036893e-005	2.007529e-009
2.443048353564992e-008	9.257206e-008	4.977551e-008	1.041398e-005	1.041150e-005	2.008282e-009
2.443505496422136e-008	9.250645e-008	5.017820e-008	1.049371e-005	1.049127e-005	2.009745e-009
2.443962639279279e-008	9.243610e-008	5.059737e-008	1.057219e-005	1.056981e-005	2.011262e-009
2.444419782136422e-008	9.236101e-008	5.103300e-008	1.064945e-005	1.064711e-005	2.012833e-009
2.444876924993566e-008	9.228116e-008	5.148510e-008	1.072546e-005	1.072318e-005	2.014457e-009
2.445334067850709e-008	9.219657e-008	5.195367e-008	1.080025e-005	1.079801e-005	2.016135e-009
2.445791210707852e-008	9.210723e-008	5.243871e-008	1.087380e-005	1.087160e-005	2.017866e-009
2.446248353564996e-008	9.201315e-008	5.294022e-008	1.094611e-005	1.094396e-005	2.019651e-009
2.446591210707853e-008	9.194038e-008	5.332510e-008	1.099912e-005	1.099700e-005	2.021021e-009
2.446934067850711e-008	9.186601e-008	5.371672e-008	1.105113e-005	1.104904e-005	2.022414e-009
2.447276924993568e-008	9.179002e-008	5.411509e-008	1.110214e-005	1.110009e-005	2.023832e-009
2.447619782136426e-008	9.171242e-008	5.452019e-008	1.115216e-005	1.115014e-005	2.025274e-009
2.447962639279283e-008	9.163321e-008	5.493204e-008	1.120119e-005	1.119920e-005	2.026741e-009
2.448305496422141e-008	9.155238e-008	5.535063e-008	1.124921e-005	1.124726e-005	2.028231e-009
2.448648353564998e-008	9.146994e-008	5.577596e-008	1.129625e-005	1.129432e-005	2.029745e-009
2.448748353564999e-008	9.144577e-008	5.590085e-008	1.130976e-005	1.130783e-005	2.030191e-009
2.449748353565000e-008	9.119317e-008	5.719114e-008	1.143914e-005	1.143730e-005	2.034784e-009
2.450748353565001e-008	9.094015e-008	5.850326e-008	1.156038e-005	1.155861e-005	2.039490e-009
2.451748353565002e-008	9.068672e-008	5.983719e-008	1.167346e-005	1.167176e-005	2.044308e-009
2.452748353565003e-008	9.043287e-008	6.119294e-008	1.177839e-005	1.177675e-005	2.049240e-009
2.453748353565004e-008	9.017860e-008	6.257050e-008	1.187517e-005	1.187359e-005	2.054283e-009
2.454748353565005e-008	8.992391e-008	6.396988e-008	1.196380e-005	1.196227e-005	2.059440e-009
2.455748353565007e-008	8.966881e-008	6.539108e-008	1.204427e-005	1.204279e-005	2.064709e-009
2.456219782136436e-008	8.955297e-008	6.605551e-008	1.208027e-005	1.207881e-005	2.067196e-009
2.456691210707865e-008	8.943902e-008	6.671878e-008	1.211500e-005	1.211356e-005	2.069691e-009
2.457162639279294e-008	8.932695e-008	6.738089e-008	1.214847e-005	1.214704e-005	2.072194e-009
2.457634067850723e-008	8.921677e-008	6.804184e-008	1.218067e-005	1.217926e-005	2.074704e-009
2.458105496422152e-008	8.910846e-008	6.870163e-008	1.221161e-005	1.221021e-005	2.077223e-009
2.458576924993581e-008	8.900204e-008	6.936027e-008	1.224128e-005	1.223990e-005	2.079749e-009
2.459048353565010e-008	8.889751e-008	7.001774e-008	1.226969e-005	1.226833e-005	2.082283e-009
2.459148353565010e-008	8.887568e-008	7.015669e-008	1.227559e-005	1.227424e-005	2.082821e-009
2.459248353565010e-008	8.885395e-008	7.029554e-008	1.228145e-005	1.228010e-005	2.083358e-009
2.459348353565011e-008	8.883230e-008	7.043430e-008	1.228726e-005	1.228591e-005	2.083896e-009
2.459385853565011e-008	8.882422e-008	7.048629e-008	1.228941e-005	1.228806e-005	2.084098e-009
2.459435853565011e-008	8.881347e-008	7.055557e-008	1.229226e-005	1.229091e-005	2.084367e-009
2.459497060385297e-008	8.880035e-008	7.064035e-008	1.229573e-005	1.229439e-005	2.084696e-009
2.459577899289620e-008	8.878307e-008	7.075226e-008	1.230031e-005	1.229896e-005	2.085131e-009
2.459658738193944e-008	8.876586e-008	7.086408e-008	1.230485e-005	1.230351e-005	2.085566e-009
2.459739577098267e-008	8.874872e-008	7.097581e-008	1.230937e-005	1.230803e-005	2.086001e-009
2.459820416002590e-008	8.873165e-008	7.108746e-008	1.231385e-005	1.231252e-005	2.086437e-009
2.459901254906913e-008	8.871465e-008	7.119902e-008	1.231831e-005	1.231698e-005	2.086872e-009
2.459982093811237e-008	8.869772e-008	7.131049e-008	1.232275e-005	1.232142e-005	2.087307e-009
2.460062932715560e-008	8.868086e-008	7.142188e-008	1.232715e-005	1.232582e-005	2.087743e-009
2.460162932715560e-008	8.866011e-008	7.155954e-008	1.233255e-005	1.233123e-005	2.088281e-009
2.460362932715560e-008	8.861892e-008	7.183443e-008	1.234321e-005	1.234189e-005	2.089359e-009
2.460562932715560e-008	8.857818e-008	7.210871e-008	1.235369e-005	1.235237e-005	2.090436e-009
2.460862932715561e-008	8.851790e-008	7.251899e-008	1.236908e-005	1.236777e-005	2.092053e-009
2.460962932715561e-008	8.849803e-008	7.265542e-008	1.237412e-005	1.237282e-005	2.092592e-009
2.461062932715561e-008	8.847828e-008	7.279169e-008	1.237910e-005	1.237780e-005	2.093131e-009
2.461162932715561e-008	8.845865e-008	7.292780e-008	1.238401e-005	1.238271e-005	2.093670e-009
2.461262932715561e-008	8.843914e-008	7.306372e-008	1.238879e-005	1.238749e-005	2.094209e-009
2.461533245215561e-008	8.838698e-008	7.343021e-008	1.240101e-005	1.239972e-005	2.095665e-009
2.461544182715561e-008	8.838489e-008	7.344501e-008	1.240148e-005	1.240019e-005	2.095724e-009
2.461549651465561e-008	8.838385e-008	7.345241e-008	1.240171e-005	1.240042e-005	2.095754e-009
2.461555901465561e-008	8.838266e-008	7.346086e-008	1.240198e-005	1.240069e-005	2.095787e-009
2.461571129617434e-008	8.837976e-008	7.348145e-008	1.240263e-005	1.240134e-005	2.095869e-009
2.461587498528668e-008	8.837664e-008	7.350358e-008	1.240333e-005	1.240203e-005	2.095958e-009
2.461606197525850e-008	8.837308e-008	7.352885e-008	1.240412e-005	1.240282e-005	2.096058e-009
2.461625252887688e-008	8.836946e-008	7.355460e-008	1.240492e-005	1.240362e-005	2.096161e-009
2.461847551097217e-008	8.832763e-008	7.385425e-008	1.241381e-005	1.241252e-005	2.097357e-009
2.461947551097217e-008	8.830899e-008	7.398874e-008	1.241761e-005	1.241633e-005	2.097895e-009
2.461966178635974e-008	8.830554e-008	7.401377e-008	1.241830e-005	1.241702e-005	2.097995e-009
2.461980647902202e-008	8.830286e-008	7.403320e-008	1.241883e-005	1.241755e-005	2.098073e-009
2.461995519201508e-008	8.830012e-008	7.405315e-008	1.241938e-005	1.241810e-005	2.098153e-009
2.462001775773215e-008	8.829896e-008	7.406155e-008	1.241961e-005	1.241833e-005	2.098187e-009
2.462002639349958e-008	8.829880e-008	7.406270e-008	1.241964e-005	1.241836e-005	2.098191e-009
2.462036318465897e-008	8.829260e-008	7.410787e-008	1.242087e-005	1.241959e-005	2.098372e-009
2.462069997581837e-008	8.828641e-008	7.415301e-008	1.242208e-005	1.242080e-005	2.098553e-009
2.462103676697777e-008	8.828024e-008	7.419812e-008	1.242327e-005	1.242199e-005	2.098734e-009
2.462137355813717e-008	8.827409e-008	7.424319e-008	1.242444e-005	1.242317e-005	2.098915e-009
2.462171034929656e-008	8.826795e-008	7.428824e-008	1.242560e-005	1.242432e-005	2.099096e-009
2.462204714045596e-008	8.826183e-008	7.433325e-008	1.242674e-005	1.242546e-005	2.099277e-009
2.462238393161536e-008	8.825573e-008	7.437823e-008	1.242786e-005	1.242659e-005	2.099458e-009
2.462338393161536e-008	8.823771e-008	7.451162e-008	1.243105e-005	1.242977e-005	2.099995e-009
2.462474073843420e-008	8.821347e-008	7.469220e-008	1.243509e-005	1.243382e-005	2.100722e-009
2.462496265999220e-008	8.820954e-008	7.472168e-008	1.243571e-005	1.243444e-005	2.100841e-009
2.462649049503313e-008	8.818270e-008	7.492417e-008	1.243972e-005	1.243845e-005	2.101660e-009
2.462801833007406e-008	8.815627e-008	7.512583e-008	1.244344e-005	1.244217e-005	2.102477e-009
2.462954616511499e-008	8.813024e-008	7.532667e-008	1.244686e-005	1.244559e-005	2.103292e-009
2.463107400015591e-008	8.810462e-008	7.552666e-008	1.244999e-005	1.244872e-005	2.104107e-009
2.463260183519684e-008	8.807942e-008	7.572583e-008	1.245283e-005	1.245156e-005	2.104920e-009
2.463412967023777e-008	8.805462e-008	7.592416e-008	1.245537e-005	1.245410e-005	2.105731e-009
2.463565750527869e-008	8.803023e-008	7.612167e-008	1.245761e-005	1.245634e-005	2.106541e-009
2.463665750527870e-008	8.801447e-008	7.625046e-008	1.245894e-005	1.245768e-005	2.107071e-009
2.463685719962261e-008	8.801135e-008	7.627613e-008	1.245919e-005	1.245793e-005	2.107177e-009
2.463705212068321e-008	8.800831e-008	7.630116e-008	1.245943e-005	1.245816e-005	2.107280e-009
2.463708665090401e-008	8.800778e-008	7.630560e-008	1.245947e-005	1.245821e-005	2.107298e-009
2.463708914718267e-008	8.800774e-008	7.630592e-008	1.245948e-005	1.245821e-005	2.107299e-009
2.463709347397611e-008	8.800767e-008	7.630647e-008	1.245948e-005	1.245822e-005	2.107301e-009
2.463709891436993e-008	8.800759e-008	7.630717e-008	1.245949e-005	1.245822e-005	2.107304e-009
2.463710579552267e-008	8.800748e-008	7.630805e-008	1.245950e-005	1.245823e-005	2.107308e-009
2.463711351424060e-008	8.800736e-008	7.630904e-008	1.245951e-005	1.245824e-005	2.107312e-009
2.463712167827126e-008	8.800723e-008	7.631009e-008	1.245952e-005	1.245825e-005	2.107317e-009
2.463713119021411e-008	8.800709e-008	7.631131e-008	1.245953e-005	1.245826e-005	2.107321e-009
2.463714206336948e-008	8.800692e-008	7.631270e-008	1.245954e-005	1.245828e-005	2.107327e-009
2.463717109032289e-008	8.800647e-008	7.631643e-008	1.245958e-005	1.245831e-005	2.107343e-009
2.463759342189784e-008	8.799994e-008	7.637056e-008	1.246010e-005	1.245883e-005	2.107566e-009
2.463801575347279e-008	8.799344e-008	7.642462e-008	1.246061e-005	1.245935e-005	2.107789e-009
2.463843808504773e-008	8.798698e-008	7.647861e-008	1.246113e-005	1.245987e-005	2.108012e-009
2.463886041662268e-008	8.798054e-008	7.653253e-008	1.246165e-005	1.246038e-005	2.108234e-009
2.463928274819763e-008	8.797414e-008	7.658638e-008	1.246217e-005	1.246090e-005	2.108457e-009
2.463970507977258e-008	8.796778e-008	7.664017e-008	1.246268e-005	1.246142e-005	2.108679e-009
2.464012741134752e-008	8.796144e-008	7.669388e-008	1.246320e-005	1.246194e-005	2.108902e-009
2.464755598277610e-008	8.785612e-008	7.762589e-008	1.247225e-005	1.247098e-005	2.112791e-009
2.465498455420468e-008	8.775955e-008	7.853789e-008	1.248125e-005	1.247999e-005	2.116642e-009
2.466241312563326e-008	8.767173e-008	7.942990e-008	1.249022e-005	1.248897e-005	2.120455e-009
2.466984169706184e-008	8.759266e-008	8.030191e-008	1.249915e-005	1.249790e-005	2.124231e-009
2.467727026849042e-008	8.752234e-008	8.115392e-008	1.250805e-005	1.250680e-005	2.127968e-009
2.468469883991900e-008	8.746076e-008	8.198593e-008	1.251690e-005	1.251565e-005	2.131667e-009
2.469212741134758e-008	8.740794e-008	8.279795e-008	1.252572e-005	1.252447e-005	2.135329e-009
2.469312741134758e-008	8.740129e-008	8.290604e-008	1.252690e-005	1.252566e-005	2.135819e-009
2.471541312563332e-008	8.730260e-008	8.520659e-008	1.255310e-005	1.255187e-005	2.146548e-009
2.473769883991906e-008	8.724628e-008	8.738382e-008	1.257902e-005	1.257779e-005	2.157003e-009
2.475998455420480e-008	8.723233e-008	8.943774e-008	1.260465e-005	1.260343e-005	2.167185e-009
2.478227026849054e-008	8.726075e-008	9.136833e-008	1.263000e-005	1.262879e-005	2.177094e-009
2.480455598277628e-008	8.733154e-008	9.317560e-008	1.265506e-005	1.265386e-005	2.186729e-009
2.482684169706202e-008	8.744470e-008	9.485955e-008	1.267984e-005	1.267864e-005	2.196090e-009
2.484912741134776e-008	8.760023e-008	9.642018e-008	1.270433e-005	1.270314e-005	2.205178e-009
2.486955598277635e-008	8.775669e-008	9.777987e-008	1.272657e-005	1.272539e-005	2.213316e-009
2.488998455420495e-008	8.792471e-008	9.907818e-008	1.274861e-005	1.274744e-005	2.221285e-009
2.491041312563354e-008	8.810430e-008	1.003151e-007	1.277047e-005	1.276930e-005	2.229084e-009
2.493084169706214e-008	8.829544e-008	1.014907e-007	1.279212e-005	1.279097e-005	2.236714e-009
2.495127026849073e-008	8.849815e-008	1.026049e-007	1.281359e-005	1.281244e-005	2.244174e-009
2.497169883991933e-008	8.871242e-008	1.036577e-007	1.283486e-005	1.283372e-005	2.251465e-009
2.499212741134792e-008	8.893826e-008	1.046491e-007	1.285594e-005	1.285481e-005	2.258587e-009
2.499312741134792e-008	8.894921e-008	1.046969e-007	1.285697e-005	1.285584e-005	2.258933e-009
2.502227026849081e-008	8.927915e-008	1.060233e-007	1.288672e-005	1.288560e-005	2.268820e-009
2.505141312563370e-008	8.960886e-008	1.072781e-007	1.291615e-005	1.291503e-005	2.278460e-009
2.508055598277659e-008	8.993834e-008	1.084614e-007	1.294525e-005	1.294414e-005	2.287852e-009
2.510969883991949e-008	9.026759e-008	1.095732e-007	1.297403e-005	1.297293e-005	2.296997e-009
2.513884169706238e-008	9.059661e-008	1.106134e-007	1.300249e-005	1.300140e-005	2.305895e-009
2.516798455420527e-008	9.092540e-008	1.115821e-007	1.303063e-005	1.302954e-005	2.314545e-009
2.519712741134816e-008	9.125395e-008	1.124793e-007	1.305844e-005	1.305736e-005	2.322948e-009
2.521069883991960e-008	9.140254e-008	1.128851e-007	1.307130e-005	1.307023e-005	2.326803e-009
2.522427026849104e-008	9.154940e-008	1.132809e-007	1.308410e-005	1.308303e-005	2.330618e-009
2.523784169706249e-008	9.169453e-008	1.136668e-007	1.309683e-005	1.309577e-005	2.334391e-009
2.525141312563393e-008	9.183793e-008	1.140428e-007	1.310951e-005	1.310845e-005	2.338123e-009
2.526498455420538e-008	9.197960e-008	1.144089e-007	1.312212e-005	1.312107e-005	2.341814e-009
2.527855598277682e-008	9.211954e-008	1.147649e-007	1.313468e-005	1.313362e-005	2.345464e-009
2.529212741134826e-008	9.225775e-008	1.151111e-007	1.314717e-005	1.314612e-005	2.349073e-009
2.529312741134826e-008	9.226784e-008	1.151363e-007	1.314808e-005	1.314703e-005	2.349338e-009
2.532141312563401e-008	9.254920e-008	1.158254e-007	1.317391e-005	1.317287e-005	2.356723e-009
2.534969883991976e-008	9.282123e-008	1.164849e-007	1.319950e-005	1.319846e-005	2.363968e-009
2.537798455420550e-008	9.308391e-008	1.171150e-007	1.322484e-005	1.322381e-005	2.371072e-009
2.540627026849125e-008	9.333725e-008	1.177155e-007	1.324995e-005	1.324892e-005	2.378037e-009
2.543455598277699e-008	9.358125e-008	1.182866e-007	1.327481e-005	1.327379e-005	2.384861e-009
2.546284169706274e-008	9.381591e-008	1.188281e-007	1.329943e-005	1.329842e-005	2.391545e-009
2.549112741134849e-008	9.404123e-008	1.193402e-007	1.332381e-005	1.332280e-005	2.398089e-009
2.550555598277708e-008	9.415240e-008	1.195944e-007	1.333616e-005	1.333515e-005	2.401386e-009
2.551998455420567e-008	9.426120e-008	1.198433e-007	1.334845e-005	1.334745e-005	2.404655e-009
2.553441312563425e-008	9.436761e-008	1.200868e-007	1.336069e-005	1.335969e-005	2.407894e-009
2.554884169706284e-008	9.447164e-008	1.203249e-007	1.337287e-005	1.337187e-005	2.411104e-009
2.556327026849143e-008	9.457329e-008	1.205575e-007	1.338498e-005	1.338399e-005	2.414285e-009
2.557769883992002e-008	9.467257e-008	1.207848e-007	1.339705e-005	1.339605e-005	2.417437e-009
2.559212741134860e-008	9.476945e-008	1.210067e-007	1.340905e-005	1.340806e-005	2.420560e-009
2.559312741134860e-008	9.477608e-008	1.210219e-007	1.340988e-005	1.340889e-005	2.420776e-009
2.563584169706294e-008	9.504721e-008	1.216447e-007	1.344506e-005	1.344408e-005	2.429837e-009
2.567855598277727e-008	9.530091e-008	1.222355e-007	1.347977e-005	1.347879e-005	2.438700e-009
2.572127026849161e-008	9.553721e-008	1.227941e-007	1.351401e-005	1.351304e-005	2.447365e-009
2.576398455420594e-008	9.575608e-008	1.233206e-007	1.354779e-005	1.354683e-005	2.455834e-009
2.580669883992028e-008	9.595754e-008	1.238151e-007	1.358110e-005	1.358015e-005	2.464104e-009
2.584941312563461e-008	9.614159e-008	1.242774e-007	1.361395e-005	1.361300e-005	2.472177e-009
2.589212741134894e-008	9.630822e-008	1.247077e-007	1.364633e-005	1.364538e-005	2.480052e-009
2.589312741134894e-008	9.631199e-008	1.247176e-007	1.364708e-005	1.364614e-005	2.480235e-009
2.593584169706328e-008	9.646404e-008	1.251254e-007	1.367901e-005	1.367807e-005	2.487950e-009
2.597855598277761e-008	9.660406e-008	1.255131e-007	1.371052e-005	1.370959e-005	2.495519e-009
2.602127026849195e-008	9.673204e-008	1.258806e-007	1.374161e-005	1.374068e-005	2.502943e-009
2.606398455420628e-008	9.684797e-008	1.262281e-007	1.377228e-005	1.377135e-005	2.510220e-009
2.610669883992062e-008	9.695188e-008	1.265554e-007	1.380252e-005	1.380160e-005	2.517352e-009
2.614941312563495e-008	9.704374e-008	1.268626e-007	1.383235e-005	1.383142e-005	2.524338e-009
2.619212741134928e-008	9.712357e-008	1.271496e-007	1.386175e-005	1.386083e-005	2.531178e-009
2.619312741134929e-008	9.712535e-008	1.271562e-007	1.386243e-005	1.386151e-005	2.531337e-009
2.623584169706362e-008	9.719561e-008	1.274274e-007	1.389142e-005	1.389050e-005	2.538050e-009
2.627855598277795e-008	9.725768e-008	1.276843e-007	1.392002e-005	1.391911e-005	2.544644e-009
2.632127026849229e-008	9.731158e-008	1.279269e-007	1.394823e-005	1.394732e-005	2.551119e-009
2.636398455420662e-008	9.735730e-008	1.281552e-007	1.397606e-005	1.397515e-005	2.557475e-009
2.640669883992096e-008	9.739483e-008	1.283692e-007	1.400349e-005	1.400258e-005	2.563713e-009
2.644941312563529e-008	9.742419e-008	1.285690e-007	1.403054e-005	1.402963e-005	2.569832e-009
2.649212741134962e-008	9.744537e-008	1.287544e-007	1.405720e-005	1.405629e-005	2.575832e-009
2.649312741134963e-008	9.744581e-008	1.287586e-007	1.405782e-005	1.405691e-005	2.575971e-009
2.649412741134963e-008	9.744625e-008	1.287628e-007	1.405844e-005	1.405753e-005	2.576110e-009
2.649512741134963e-008	9.744668e-008	1.287670e-007	1.405906e-005	1.405815e-005	2.576250e-009
2.649612741134963e-008	9.744711e-008	1.287712e-007	1.405968e-005	1.405877e-005	2.576389e-009
2.649712741134963e-008	9.744753e-008	1.287754e-007	1.406029e-005	1.405939e-005	2.576528e-009
2.649812741134963e-008	9.744795e-008	1.287796e-007	1.406091e-005	1.406001e-005	2.576667e-009
2.649912741134963e-008	9.744837e-008	1.287838e-007	1.406153e-005	1.406062e-005	2.576806e-009
2.650012741134963e-008	9.744878e-008	1.287880e-007	1.406215e-005	1.406124e-005	2.576944e-009
2.650112741134963e-008	9.744918e-008	1.287921e-007	1.406277e-005	1.406186e-005	2.577083e-009
2.650298455420678e-008	9.744993e-008	1.287999e-007	1.406392e-005	1.406301e-005	2.577341e-009
2.650484169706393e-008	9.745067e-008	1.288076e-007	1.406506e-005	1.406415e-005	2.577598e-009
2.650669883992107e-008	9.745139e-008	1.288152e-007	1.406621e-005	1.406530e-005	2.577856e-009
2.650855598277821e-008	9.745210e-008	1.288229e-007	1.406735e-005	1.406645e-005	2.578113e-009
2.651041312563536e-008	9.745280e-008	1.288305e-007	1.406850e-005	1.406759e-005	2.578369e-009
2.651227026849250e-008	9.745348e-008	1.288381e-007	1.406964e-005	1.406874e-005	2.578626e-009
2.651412741134965e-008	9.745415e-008	1.288457e-007	1.407079e-005	1.406988e-005	2.578882e-009
2.679312741134997e-008	9.742639e-008	1.297399e-007	1.423474e-005	1.423383e-005	2.615129e-009
2.683584169706430e-008	9.740159e-008	1.298364e-007	1.425849e-005	1.425758e-005	2.620291e-009
2.687855598277863e-008	9.737247e-008	1.299237e-007	1.428191e-005	1.428100e-005	2.625356e-009
2.692127026849297e-008	9.733904e-008	1.300018e-007	1.430499e-005	1.430408e-005	2.630325e-009
2.696398455420730e-008	9.730131e-008	1.300707e-007	1.432774e-005	1.432683e-005	2.635197e-009
2.700669883992164e-008	9.725926e-008	1.301304e-007	1.435015e-005	1.434924e-005	2.639971e-009
2.704941312563597e-008	9.721290e-008	1.301809e-007	1.437222e-005	1.437131e-005	2.644649e-009
2.709212741135030e-008	9.716224e-008	1.302223e-007	1.439396e-005	1.439304e-005	2.649231e-009
2.709312741135031e-008	9.716101e-008	1.302231e-007	1.439447e-005	1.439355e-005	2.649337e-009
2.739312741135065e-008	9.670629e-008	1.302865e-007	1.453815e-005	1.453721e-005	2.678881e-009
2.739812741135065e-008	9.669733e-008	1.302843e-007	1.454042e-005	1.453948e-005	2.679335e-009
2.739912741135065e-008	9.669554e-008	1.302839e-007	1.454087e-005	1.453993e-005	2.679425e-009
2.740012741135065e-008	9.669373e-008	1.302835e-007	1.454132e-005	1.454038e-005	2.679516e-009
2.740040808567970e-008	9.669323e-008	1.302833e-007	1.454145e-005	1.454051e-005	2.679541e-009
2.740051123506515e-008	9.669304e-008	1.302833e-007	1.454150e-005	1.454056e-005	2.679551e-009
2.740058652763300e-008	9.669291e-008	1.302832e-007	1.454153e-005	1.454059e-005	2.679557e-009
2.740066689617938e-008	9.669277e-008	1.302832e-007	1.454157e-005	1.454063e-005	2.679565e-009
2.740068105760595e-008	9.669274e-008	1.302832e-007	1.454157e-005	1.454063e-005	2.679566e-009
2.740297544746248e-008	9.668860e-008	1.302821e-007	1.454261e-005	1.454167e-005	2.679774e-009
2.740526983731901e-008	9.668446e-008	1.302811e-007	1.454365e-005	1.454271e-005	2.679981e-009
2.740756422717555e-008	9.668030e-008	1.302800e-007	1.454468e-005	1.454374e-005	2.680188e-009
2.740985861703208e-008	9.667614e-008	1.302789e-007	1.454571e-005	1.454478e-005	2.680395e-009
2.741215300688862e-008	9.667196e-008	1.302777e-007	1.454675e-005	1.454581e-005	2.680601e-009
2.741444739674515e-008	9.666778e-008	1.302766e-007	1.454778e-005	1.454684e-005	2.680808e-009
2.741674178660168e-008	9.666359e-008	1.302754e-007	1.454881e-005	1.454787e-005	2.681014e-009
2.766374178660196e-008	9.616292e-008	1.300293e-007	1.465490e-005	1.465394e-005	2.701671e-009
2.770645607231630e-008	9.606674e-008	1.299635e-007	1.467226e-005	1.467130e-005	2.704940e-009
2.774917035803063e-008	9.596804e-008	1.298914e-007	1.468934e-005	1.468838e-005	2.708120e-009
2.779188464374496e-008	9.586683e-008	1.298131e-007	1.470615e-005	1.470518e-005	2.711212e-009
2.783459892945930e-008	9.576309e-008	1.297286e-007	1.472268e-005	1.472170e-005	2.714217e-009
2.787731321517363e-008	9.565684e-008	1.296378e-007	1.473894e-005	1.473795e-005	2.717133e-009
2.792002750088796e-008	9.554807e-008	1.295407e-007	1.475491e-005	1.475393e-005	2.719961e-009
2.796274178660230e-008	9.543677e-008	1.294374e-007	1.477062e-005	1.476963e-005	2.722701e-009
2.796374178660230e-008	9.543415e-008	1.294349e-007	1.477098e-005	1.476999e-005	2.722764e-009
2.826374178660264e-008	9.458910e-008	1.285483e-007	1.487387e-005	1.487284e-005	2.739560e-009
2.826659892945979e-008	9.458053e-008	1.285386e-007	1.487479e-005	1.487376e-005	2.739700e-009
2.826945607231693e-008	9.457196e-008	1.285288e-007	1.487570e-005	1.487468e-005	2.739839e-009
2.827231321517408e-008	9.456338e-008	1.285190e-007	1.487662e-005	1.487560e-005	2.739978e-009
2.827517035803122e-008	9.455479e-008	1.285092e-007	1.487754e-005	1.487651e-005	2.740116e-009
2.827802750088837e-008	9.454619e-008	1.284993e-007	1.487845e-005	1.487743e-005	2.740255e-009
2.828088464374552e-008	9.453758e-008	1.284895e-007	1.487936e-005	1.487834e-005	2.740392e-009
2.828374178660266e-008	9.452896e-008	1.284796e-007	1.488028e-005	1.487925e-005	2.740530e-009
2.829717035803125e-008	9.448826e-008	1.284328e-007	1.488455e-005	1.488353e-005	2.741170e-009
2.831059892945984e-008	9.444743e-008	1.283854e-007	1.488880e-005	1.488777e-005	2.741801e-009
2.832402750088842e-008	9.440648e-008	1.283375e-007	1.489302e-005	1.489200e-005	2.742425e-009
2.833745607231701e-008	9.436541e-008	1.282891e-007	1.489722e-005	1.489620e-005	2.743040e-009
2.835088464374560e-008	9.432421e-008	1.282401e-007	1.490140e-005	1.490037e-005	2.743647e-009
2.836431321517418e-008	9.428289e-008	1.281906e-007	1.490555e-005	1.490452e-005	2.744246e-009
2.837774178660277e-008	9.424145e-008	1.281406e-007	1.490968e-005	1.490864e-005	2.744837e-009
2.840388464374566e-008	9.416052e-008	1.280415e-007	1.491764e-005	1.491661e-005	2.745964e-009
2.843002750088854e-008	9.408030e-008	1.279402e-007	1.492552e-005	1.492448e-005	2.747064e-009
2.845617035803143e-008	9.400081e-008	1.278366e-007	1.493330e-005	1.493226e-005	2.748137e-009
2.848231321517432e-008	9.392205e-008	1.277308e-007	1.494100e-005	1.493995e-005	2.749184e-009
2.850845607231720e-008	9.384400e-008	1.276227e-007	1.494860e-005	1.494755e-005	2.750203e-009
2.853459892946009e-008	9.376668e-008	1.275124e-007	1.495612e-005	1.495507e-005	2.751196e-009
2.856074178660298e-008	9.369008e-008	1.273998e-007	1.496354e-005	1.496249e-005	2.752162e-009
2.856374178660298e-008	9.368139e-008	1.273867e-007	1.496439e-005	1.496334e-005	2.752272e-009
2.858602750088872e-008	9.361732e-008	1.272887e-007	1.497064e-005	1.496958e-005	2.753074e-009
2.860831321517446e-008	9.355365e-008	1.271894e-007	1.497683e-005	1.497577e-005	2.753857e-009
2.863059892946020e-008	9.349038e-008	1.270887e-007	1.498296e-005	1.498190e-005	2.754622e-009
2.865288464374594e-008	9.342751e-008	1.269865e-007	1.498902e-005	1.498796e-005	2.755368e-009
2.867517035803168e-008	9.336504e-008	1.268830e-007	1.499502e-005	1.499396e-005	2.756095e-009
2.869745607231742e-008	9.330297e-008	1.267781e-007	1.500096e-005	1.499989e-005	2.756803e-009
2.871974178660316e-008	9.324130e-008	1.266719e-007	1.500684e-005	1.500576e-005	2.757492e-009
2.874017035803175e-008	9.318482e-008	1.265734e-007	1.501217e-005	1.501109e-005	2.758107e-009
2.876059892946035e-008	9.312815e-008	1.264740e-007	1.501745e-005	1.501637e-005	2.758705e-009
2.878102750088894e-008	9.307127e-008	1.263737e-007	1.502268e-005	1.502160e-005	2.759286e-009
2.880145607231754e-008	9.301420e-008	1.262725e-007	1.502786e-005	1.502677e-005	2.759849e-009
2.882188464374613e-008	9.295692e-008	1.261704e-007	1.503298e-005	1.503190e-005	2.760396e-009
2.884231321517473e-008	9.289945e-008	1.260674e-007	1.503806e-005	1.503697e-005	2.760925e-009
2.886274178660332e-008	9.284178e-008	1.259634e-007	1.504308e-005	1.504200e-005	2.761438e-009
2.886374178660332e-008	9.283894e-008	1.259583e-007	1.504333e-005	1.504224e-005	2.761462e-009
2.888331321517477e-008	9.278303e-008	1.258579e-007	1.504809e-005	1.504700e-005	2.761935e-009
2.890288464374622e-008	9.272721e-008	1.257567e-007	1.505281e-005	1.505172e-005	2.762393e-009
2.892245607231767e-008	9.267150e-008	1.256545e-007	1.505748e-005	1.505639e-005	2.762836e-009
2.894202750088912e-008	9.261589e-008	1.255514e-007	1.506211e-005	1.506102e-005	2.763265e-009
2.896159892946058e-008	9.256037e-008	1.254473e-007	1.506669e-005	1.506560e-005	2.763678e-009
2.898117035803202e-008	9.250496e-008	1.253424e-007	1.507122e-005	1.507013e-005	2.764077e-009
2.900074178660348e-008	9.244964e-008	1.252365e-007	1.507571e-005	1.507462e-005	2.764461e-009
2.902388464374636e-008	9.238522e-008	1.251099e-007	1.508096e-005	1.507987e-005	2.764899e-009
2.904702750088924e-008	9.232071e-008	1.249821e-007	1.508614e-005	1.508506e-005	2.765316e-009
2.907017035803212e-008	9.225610e-008	1.248533e-007	1.509126e-005	1.509019e-005	2.765712e-009
2.909331321517501e-008	9.219139e-008	1.247233e-007	1.509633e-005	1.509525e-005	2.766087e-009
2.911645607231789e-008	9.212659e-008	1.245922e-007	1.510132e-005	1.510026e-005	2.766442e-009
2.913959892946078e-008	9.206170e-008	1.244600e-007	1.510626e-005	1.510520e-005	2.766775e-009
2.916274178660366e-008	9.199670e-008	1.243267e-007	1.511114e-005	1.511008e-005	2.767088e-009
2.916374178660366e-008	9.199386e-008	1.243210e-007	1.511135e-005	1.511029e-005	2.767101e-009
2.919874178660370e-008	9.171476e-008	1.241767e-007	1.511860e-005	1.511755e-005	2.767006e-009
2.923374178660374e-008	9.155745e-008	1.239895e-007	1.512572e-005	1.512468e-005	2.767218e-009
2.926874178660378e-008	9.152196e-008	1.237594e-007	1.513270e-005	1.513167e-005	2.767737e-009
2.930374178660382e-008	9.160827e-008	1.234865e-007	1.513955e-005	1.513853e-005	2.768564e-009
2.933874178660386e-008	9.181638e-008	1.231707e-007	1.514627e-005	1.514525e-005	2.769697e-009
2.937374178660390e-008	9.214630e-008	1.228121e-007	1.515285e-005	1.515184e-005	2.771137e-009
2.940874178660394e-008	9.259802e-008	1.224105e-007	1.515929e-005	1.515829e-005	2.772883e-009
2.946374178660400e-008	9.505411e-008	1.212643e-007	1.516916e-005	1.516817e-005	2.781002e-009
2.947945607231831e-008	9.600551e-008	1.208740e-007	1.517192e-005	1.517094e-005	2.784147e-009
2.949517035803261e-008	9.699182e-008	1.204845e-007	1.517466e-005	1.517367e-005	2.787463e-009
2.951088464374691e-008	9.801303e-008	1.200958e-007	1.517736e-005	1.517639e-005	2.790950e-009
2.952659892946122e-008	9.906914e-008	1.197078e-007	1.518005e-005	1.517907e-005	2.794608e-009
2.954231321517552e-008	1.001602e-007	1.193207e-007	1.518270e-005	1.518173e-005	2.798437e-009
2.955802750088982e-008	1.012861e-007	1.189343e-007	1.518533e-005	1.518437e-005	2.802437e-009
2.957374178660413e-008	1.024469e-007	1.185487e-007	1.518794e-005	1.518698e-005	2.806607e-009
2.964674178660421e-008	1.075342e-007	1.170079e-007	1.519971e-005	1.519876e-005	2.826014e-009
2.964774178660421e-008	1.075991e-007	1.169899e-007	1.519991e-005	1.519892e-005	2.826275e-009
2.964802246093326e-008	1.076173e-007	1.169848e-007	1.519989e-005	1.519896e-005	2.826348e-009
2.964825466088139e-008	1.076323e-007	1.169807e-007	1.519963e-005	1.519900e-005	2.826409e-009
2.964901544178363e-008	1.076814e-007	1.169671e-007	1.519719e-005	1.519912e-005	2.826608e-009
2.964977622268586e-008	1.077305e-007	1.169536e-007	1.519359e-005	1.519924e-005	2.826806e-009
2.965053700358810e-008	1.077794e-007	1.169401e-007	1.518882e-005	1.519936e-005	2.827004e-009
2.965129778449034e-008	1.078282e-007	1.169267e-007	1.518288e-005	1.519948e-005	2.827202e-009
2.965205856539258e-008	1.078769e-007	1.169134e-007	1.517577e-005	1.519960e-005	2.827400e-009
2.965281934629481e-008	1.079255e-007	1.169001e-007	1.516749e-005	1.519972e-005	2.827597e-009
2.965358012719705e-008	1.079740e-007	1.168868e-007	1.515805e-005	1.519984e-005	2.827795e-009
2.965458012719705e-008	1.080377e-007	1.168695e-007	1.514413e-005	1.520004e-005	2.828054e-009
2.965486080152610e-008	1.080555e-007	1.168646e-007	1.513986e-005	1.520002e-005	2.828127e-009
2.965509300148010e-008	1.080702e-007	1.168607e-007	1.513613e-005	1.519976e-005	2.828187e-009
2.965613949668072e-008	1.081380e-007	1.168347e-007	1.511763e-005	1.519615e-005	2.828430e-009
2.965718599188135e-008	1.081959e-007	1.168330e-007	1.509695e-005	1.519032e-005	2.828733e-009
2.965823248708197e-008	1.082441e-007	1.168555e-007	1.507409e-005	1.518227e-005	2.829097e-009
2.965927898228259e-008	1.082824e-007	1.169023e-007	1.504905e-005	1.517200e-005	2.829521e-009
2.966032547748321e-008	1.083109e-007	1.169734e-007	1.502182e-005	1.515950e-005	2.830005e-009
2.966137197268384e-008	1.083295e-007	1.170687e-007	1.499240e-005	1.514478e-005	2.830549e-009
2.966241846788446e-008	1.083384e-007	1.171882e-007	1.496081e-005	1.512784e-005	2.831154e-009
2.966341846788446e-008	1.083264e-007	1.173575e-007	1.492855e-005	1.510950e-005	2.831878e-009
2.966441846788446e-008	1.082974e-007	1.175720e-007	1.489431e-005	1.508913e-005	2.832722e-009
2.966541846788446e-008	1.082498e-007	1.178366e-007	1.485811e-005	1.506671e-005	2.833699e-009
2.966641846788446e-008	1.081818e-007	1.181561e-007	1.481995e-005	1.504227e-005	2.834823e-009
2.966741846788446e-008	1.080918e-007	1.185356e-007	1.477986e-005	1.501582e-005	2.836109e-009
2.966841846788447e-008	1.079782e-007	1.189797e-007	1.473785e-005	1.498736e-005	2.837570e-009
2.967041846788447e-008	1.076735e-007	1.200815e-007	1.464812e-005	1.492446e-005	2.841073e-009
2.967241846788447e-008	1.072545e-007	1.215003e-007	1.455093e-005	1.485370e-005	2.845442e-009
2.967441846788447e-008	1.067082e-007	1.232747e-007	1.444642e-005	1.477517e-005	2.850790e-009
2.967641846788447e-008	1.060219e-007	1.254431e-007	1.433475e-005	1.468901e-005	2.857228e-009
2.967841846788448e-008	1.051826e-007	1.280439e-007	1.421611e-005	1.459535e-005	2.864866e-009
2.968041846788448e-008	1.041779e-007	1.311152e-007	1.409067e-005	1.449435e-005	2.873816e-009
2.968341846788448e-008	1.023330e-007	1.366878e-007	1.389022e-005	1.432942e-005	2.889943e-009
2.968641846788449e-008	1.000456e-007	1.435330e-007	1.367564e-005	1.414890e-005	2.909650e-009
2.968941846788449e-008	9.727453e-008	1.517780e-007	1.344768e-005	1.395344e-005	2.933310e-009
2.969241846788449e-008	9.397905e-008	1.615495e-007	1.320713e-005	1.374373e-005	2.961301e-009
2.969361489645592e-008	9.251346e-008	1.658873e-007	1.310770e-005	1.365612e-005	2.973716e-009
2.969481132502735e-008	9.095095e-008	1.705110e-007	1.300661e-005	1.356656e-005	2.986949e-009
2.969600775359878e-008	8.929153e-008	1.754205e-007	1.290387e-005	1.347505e-005	3.001001e-009
2.969720418217021e-008	8.753520e-008	1.806157e-007	1.279948e-005	1.338159e-005	3.015871e-009
2.969840061074164e-008	8.568196e-008	1.860968e-007	1.269343e-005	1.328617e-005	3.031560e-009
2.969959703931307e-008	8.373181e-008	1.918636e-007	1.258572e-005	1.318881e-005	3.048067e-009
2.970079346788450e-008	8.168475e-008	1.979163e-007	1.247636e-005	1.308951e-005	3.065392e-009
2.970329346788451e-008	7.701669e-008	2.117277e-007	1.224668e-005	1.287604e-005	3.104954e-009
2.970766846788451e-008	6.770827e-008	2.393003e-007	1.184308e-005	1.248591e-005	3.184021e-009
2.971016846788451e-008	6.164823e-008	2.572804e-007	1.161147e-005	1.225731e-005	3.235656e-009
2.971502561074166e-008	4.857474e-008	2.959589e-007	1.115653e-005	1.180755e-005	3.346488e-009
2.971988275359881e-008	3.306711e-008	3.422135e-007	1.070537e-005	1.135943e-005	3.479887e-009
2.972473989645596e-008	1.512533e-008	3.960443e-007	1.025799e-005	1.091295e-005	3.635855e-009
2.972959703931311e-008	-5.250585e-009	4.574512e-007	9.814396e-006	1.046813e-005	3.814390e-009
2.973445418217025e-008	-2.806064e-008	5.264342e-007	9.374577e-006	1.002495e-005	4.015493e-009
2.973931132502740e-008	-5.330484e-008	6.029934e-007	8.938538e-006	9.583424e-006	4.239163e-009
2.974416846788455e-008	-8.098318e-008	6.871287e-007	8.506278e-006	9.143544e-006	4.485401e-009
2.975116846788456e-008	-1.257657e-007	8.243939e-007	7.905048e-006	8.527606e-006	4.889702e-009
2.975716846788457e-008	-1.689870e-007	9.572568e-007	7.404742e-006	8.010575e-006	5.281807e-009
2.976316846788457e-008	-2.156338e-007	1.102181e-006	6.925914e-006	7.513275e-006	5.713087e-009
2.976916846788458e-008	-2.657060e-007	1.259166e-006	6.468565e-006	7.035704e-006	6.183542e-009
2.977516846788459e-008	-3.192038e-007	1.428211e-006	6.032694e-006	6.577863e-006	6.693172e-009
2.978116846788459e-008	-3.761270e-007	1.609318e-006	5.618300e-006	6.139751e-006	7.241976e-009
2.978716846788460e-008	-4.364757e-007	1.802486e-006	5.225385e-006	5.721370e-006	7.829956e-009
2.979316846788461e-008	-5.002498e-007	2.007715e-006	4.853949e-006	5.322719e-006	8.457110e-009
2.980016846788462e-008	-5.783337e-007	2.261402e-006	4.455080e-006	4.891880e-006	9.237782e-009
2.980716846788462e-008	-6.579092e-007	2.523510e-006	4.083581e-006	4.489084e-006	1.005265e-008
2.981416846788463e-008	-7.389763e-007	2.794037e-006	3.739451e-006	4.114329e-006	1.090171e-008
2.982116846788464e-008	-8.215350e-007	3.072983e-006	3.422690e-006	3.767615e-006	1.178496e-008
2.982816846788464e-008	-9.055852e-007	3.360350e-006	3.133299e-006	3.448943e-006	1.270240e-008
2.983516846788465e-008	-9.911271e-007	3.656136e-006	2.871276e-006	3.158313e-006	1.365404e-008
2.984216846788466e-008	-1.078160e-006	3.960342e-006	2.636624e-006	2.895724e-006	1.463987e-008
2.984845418217038e-008	-1.155588e-006	4.235327e-006	2.443917e-006	2.679600e-006	1.554051e-008
2.985473989645610e-008	-1.232007e-006	4.510761e-006	2.264645e-006	2.477982e-006	1.645138e-008
2.986102561074182e-008	-1.307419e-006	4.786644e-006	2.098806e-006	2.290869e-006	1.737249e-008
2.986731132502755e-008	-1.381824e-006	5.062975e-006	1.946402e-006	2.118262e-006	1.830382e-008
2.987359703931327e-008	-1.455220e-006	5.339756e-006	1.807432e-006	1.960159e-006	1.924538e-008
2.987988275359899e-008	-1.527609e-006	5.616985e-006	1.681896e-006	1.816562e-006	2.019718e-008
2.988616846788471e-008	-1.598990e-006	5.894663e-006	1.569795e-006	1.687470e-006	2.115920e-008
2.989002561074185e-008	-1.641747e-006	6.063582e-006	1.504727e-006	1.612448e-006	2.174964e-008
2.989388275359900e-008	-1.683806e-006	6.231614e-006	1.442720e-006	1.540807e-006	2.234070e-008
2.989773989645615e-008	-1.725167e-006	6.398761e-006	1.383775e-006	1.472548e-006	2.293239e-008
2.990159703931330e-008	-1.765832e-006	6.565023e-006	1.327891e-006	1.407670e-006	2.352470e-008
2.990545418217044e-008	-1.805799e-006	6.730399e-006	1.275069e-006	1.346174e-006	2.411764e-008
2.990931132502760e-008	-1.845069e-006	6.894890e-006	1.225308e-006	1.288060e-006	2.471120e-008
2.991316846788474e-008	-1.883642e-006	7.058495e-006	1.178609e-006	1.233327e-006	2.530538e-008
2.991416846788474e-008	-1.893506e-006	7.100679e-006	1.166794e-006	1.219480e-006	2.545924e-008
2.991516846788474e-008	-1.903319e-006	7.142786e-006	1.155111e-006	1.205816e-006	2.561307e-008
2.991816846788475e-008	-1.932448e-006	7.268634e-006	1.120736e-006	1.165904e-006	2.607444e-008
2.992016846788475e-008	-1.951608e-006	7.352131e-006	1.098372e-006	1.140169e-006	2.638186e-008
2.992116846788475e-008	-1.961109e-006	7.393754e-006	1.087388e-006	1.127556e-006	2.653551e-008
2.992216846788475e-008	-1.970558e-006	7.435295e-006	1.076676e-006	1.115109e-006	2.668912e-008
2.992416846788475e-008	-1.989297e-006	7.518122e-006	1.056468e-006	1.090705e-006	2.699620e-008
2.992816846788476e-008	-2.026138e-006	7.682736e-006	1.020618e-006	1.043784e-006	2.760972e-008
2.992916846788476e-008	-2.035214e-006	7.723668e-006	1.012558e-006	1.032398e-006	2.776295e-008
2.993116846788476e-008	-2.053202e-006	7.805254e-006	9.974767e-007	1.009916e-006	2.806919e-008
2.993216846788476e-008	-2.062123e-006	7.845925e-006	9.903771e-007	9.988023e-007	2.822220e-008
2.993236488013113e-008	-2.063869e-006	7.853901e-006	9.890268e-007	9.966308e-007	2.825225e-008
2.993308825931835e-008	-2.070268e-006	7.883229e-006	9.842786e-007	9.886762e-007	2.836285e-008
2.993381163850556e-008	-2.076638e-006	7.912503e-006	9.797227e-007	9.807749e-007	2.847340e-008
2.993453501769278e-008	-2.082977e-006	7.941723e-006	9.753591e-007	9.729268e-007	2.858390e-008
2.993525839687999e-008	-2.089287e-006	7.970890e-006	9.711879e-007	9.651319e-007	2.869433e-008
2.993598177606721e-008	-2.095566e-006	8.000003e-006	9.672091e-007	9.573903e-007	2.880471e-008
2.993670515525442e-008	-2.101815e-006	8.029061e-006	9.634226e-007	9.497018e-007	2.891504e-008
2.993742853444164e-008	-2.108035e-006	8.058067e-006	9.598284e-007	9.420665e-007	2.902531e-008
2.993842853444164e-008	-2.116581e-006	8.098069e-006	9.551582e-007	9.318048e-007	2.917763e-008
2.994042853444165e-008	-2.133489e-006	8.177733e-006	9.469001e-007	9.124384e-007	2.948185e-008
2.994142853444165e-008	-2.141858e-006	8.217406e-006	9.432763e-007	9.032664e-007	2.963376e-008
2.994192646669038e-008	-2.146004e-006	8.237120e-006	9.416433e-007	8.988169e-007	2.970934e-008
2.994206373193172e-008	-2.147143e-006	8.242547e-006	9.412182e-007	8.976119e-007	2.973017e-008
2.994220029333167e-008	-2.148274e-006	8.247943e-006	9.407473e-007	8.964227e-007	2.975088e-008
2.994222040873771e-008	-2.148441e-006	8.248738e-006	9.406729e-007	8.962480e-007	2.975393e-008
2.994222615274615e-008	-2.148488e-006	8.248964e-006	9.406552e-007	8.961982e-007	2.975480e-008
2.994223032434723e-008	-2.148523e-006	8.249130e-006	9.406440e-007	8.961621e-007	2.975544e-008
2.994223618442351e-008	-2.148571e-006	8.249361e-006	9.406272e-007	8.961113e-007	2.975633e-008
2.994224367553067e-008	-2.148633e-006	8.249656e-006	9.406044e-007	8.960464e-007	2.975746e-008
2.994225076156485e-008	-2.148692e-006	8.249936e-006	9.405820e-007	8.959851e-007	2.975854e-008
2.994225779659071e-008	-2.148750e-006	8.250215e-006	9.405591e-007	8.959242e-007	2.975960e-008
2.994226450613849e-008	-2.148806e-006	8.250479e-006	9.405369e-007	8.958661e-007	2.976062e-008
2.994227145612633e-008	-2.148863e-006	8.250754e-006	9.405137e-007	8.958060e-007	2.976168e-008
2.994227827923779e-008	-2.148920e-006	8.251023e-006	9.404907e-007	8.957470e-007	2.976271e-008
2.994228524361401e-008	-2.148977e-006	8.251298e-006	9.404672e-007	8.956868e-007	2.976377e-008
2.994229208192342e-008	-2.149034e-006	8.251568e-006	9.404440e-007	8.956276e-007	2.976480e-008
2.994229925231594e-008	-2.149093e-006	8.251852e-006	9.404196e-007	8.955657e-007	2.976589e-008
2.994230769627469e-008	-2.149163e-006	8.252185e-006	9.403909e-007	8.954927e-007	2.976717e-008
2.994231727562012e-008	-2.149242e-006	8.252563e-006	9.403582e-007	8.954100e-007	2.976862e-008
2.994232865235856e-008	-2.149336e-006	8.253012e-006	9.403194e-007	8.953118e-007	2.977035e-008
2.994235846509505e-008	-2.149583e-006	8.254189e-006	9.402175e-007	8.950548e-007	2.977487e-008
2.994677869576215e-008	-2.185486e-006	8.427448e-006	9.252549e-007	8.602789e-007	3.044334e-008
2.994691548518170e-008	-2.186576e-006	8.432769e-006	9.247963e-007	8.593083e-007	3.046397e-008
2.994705227460125e-008	-2.187665e-006	8.438087e-006	9.243380e-007	8.583470e-007	3.048459e-008
2.994718906402080e-008	-2.188753e-006	8.443402e-006	9.238800e-007	8.573951e-007	3.050521e-008
2.994732585344035e-008	-2.189839e-006	8.448714e-006	9.234223e-007	8.564524e-007	3.052582e-008
2.994746264285990e-008	-2.190923e-006	8.454022e-006	9.229649e-007	8.555190e-007	3.054642e-008
2.994759943227946e-008	-2.192006e-006	8.459328e-006	9.225079e-007	8.545949e-007	3.056702e-008
2.994773622169901e-008	-2.193087e-006	8.464631e-006	9.220512e-007	8.536801e-007	3.058761e-008
2.994924840023410e-008	-2.204961e-006	8.523094e-006	9.170194e-007	8.440001e-007	3.081507e-008
2.995076057876919e-008	-2.216680e-006	8.581235e-006	9.120186e-007	8.351198e-007	3.104197e-008
2.995227275730428e-008	-2.228242e-006	8.639054e-006	9.070489e-007	8.270394e-007	3.126833e-008
2.995378493583937e-008	-2.239648e-006	8.696551e-006	9.021102e-007	8.197587e-007	3.149415e-008
2.995529711437446e-008	-2.250898e-006	8.753725e-006	8.972025e-007	8.132778e-007	3.171943e-008
2.995680929290956e-008	-2.261992e-006	8.810578e-006	8.923259e-007	8.075967e-007	3.194415e-008
2.995832147144464e-008	-2.272930e-006	8.867108e-006	8.874803e-007	8.027154e-007	3.216834e-008
2.995866069061451e-008	-2.275365e-006	8.879749e-006	8.863967e-007	8.017265e-007	3.221855e-008
2.995876687689065e-008	-2.276124e-006	8.883699e-006	8.860581e-007	8.014300e-007	3.223426e-008
2.995886988498773e-008	-2.276860e-006	8.887529e-006	8.857298e-007	8.011171e-007	3.224949e-008
2.995888243378766e-008	-2.276949e-006	8.887995e-006	8.856898e-007	8.010753e-007	3.225135e-008
2.995888849630883e-008	-2.276992e-006	8.888221e-006	8.856705e-007	8.010562e-007	3.225224e-008
2.995889381474735e-008	-2.277030e-006	8.888419e-006	8.856535e-007	8.010408e-007	3.225303e-008
2.995890043552598e-008	-2.277077e-006	8.888665e-006	8.856325e-007	8.010217e-007	3.225401e-008
2.995890753195248e-008	-2.277128e-006	8.888928e-006	8.856098e-007	8.010010e-007	3.225506e-008
2.995891462885161e-008	-2.277179e-006	8.889192e-006	8.855872e-007	8.009800e-007	3.225611e-008
2.995892148089074e-008	-2.277228e-006	8.889447e-006	8.855654e-007	8.009595e-007	3.225712e-008
2.995892835847074e-008	-2.277277e-006	8.889702e-006	8.855435e-007	8.009388e-007	3.225814e-008
2.995893521194663e-008	-2.277325e-006	8.889957e-006	8.855217e-007	8.009180e-007	3.225915e-008
2.995894212802264e-008	-2.277375e-006	8.890214e-006	8.854996e-007	8.008969e-007	3.226017e-008
2.995894900621154e-008	-2.277424e-006	8.890470e-006	8.854777e-007	8.008759e-007	3.226119e-008
2.995895654587764e-008	-2.277478e-006	8.890750e-006	8.854537e-007	8.008528e-007	3.226230e-008
2.995896526555155e-008	-2.277540e-006	8.891074e-006	8.854259e-007	8.008261e-007	3.226359e-008
2.995897534546795e-008	-2.277612e-006	8.891448e-006	8.853938e-007	8.007951e-007	3.226508e-008
2.995898718406810e-008	-2.277696e-006	8.891889e-006	8.853561e-007	8.007588e-007	3.226683e-008
2.995901885712640e-008	-2.277922e-006	8.893066e-006	8.852553e-007	8.006614e-007	3.227152e-008
2.995904142921112e-008	-2.278083e-006	8.893904e-006	8.851834e-007	8.005920e-007	3.227485e-008
2.996236487697186e-008	-2.301333e-006	9.016482e-006	8.746824e-007	7.904476e-007	3.276459e-008
2.996568832473260e-008	-2.323863e-006	9.137503e-006	8.643223e-007	7.804412e-007	3.325149e-008
2.996901177249334e-008	-2.345673e-006	9.256967e-006	8.541032e-007	7.705727e-007	3.373553e-008
2.997233522025409e-008	-2.366762e-006	9.374876e-006	8.440251e-007	7.608422e-007	3.421673e-008
2.997565866801482e-008	-2.387131e-006	9.491228e-006	8.340879e-007	7.512497e-007	3.469508e-008
2.997898211577557e-008	-2.406779e-006	9.606023e-006	8.242917e-007	7.417952e-007	3.517058e-008
2.998230556353631e-008	-2.425707e-006	9.719262e-006	8.146365e-007	7.324786e-007	3.564324e-008
3.000444842067919e-008	-2.528583e-006	1.042585e-005	7.546825e-007	6.746819e-007	3.870988e-008
3.002659127782207e-008	-2.611962e-006	1.108336e-005	6.990643e-007	6.211100e-007	4.167140e-008
3.004873413496495e-008	-2.675845e-006	1.169180e-005	6.477821e-007	5.717630e-007	4.452777e-008
3.007087699210783e-008	-2.720232e-006	1.225116e-005	6.008357e-007	5.266408e-007	4.727902e-008
3.009301984925072e-008	-2.745124e-006	1.276144e-005	5.582251e-007	4.857434e-007	4.992513e-008
3.011516270639360e-008	-2.750519e-006	1.322265e-005	5.199505e-007	4.490708e-007	5.246610e-008
3.013730556353648e-008	-2.736419e-006	1.363478e-005	4.860117e-007	4.166231e-007	5.490194e-008
3.015387699210793e-008	-2.721241e-006	1.392454e-005	4.621646e-007	3.938424e-007	5.667153e-008
3.017044842067938e-008	-2.701604e-006	1.419810e-005	4.396759e-007	3.723789e-007	5.839683e-008
3.018701984925082e-008	-2.677509e-006	1.445546e-005	4.185456e-007	3.522329e-007	6.007785e-008
3.020359127782227e-008	-2.648954e-006	1.469662e-005	3.987737e-007	3.334042e-007	6.171458e-008
3.022016270639372e-008	-2.615941e-006	1.492158e-005	3.803602e-007	3.158929e-007	6.330702e-008
3.023673413496517e-008	-2.578469e-006	1.513034e-005	3.633052e-007	2.996990e-007	6.485517e-008
3.025330556353661e-008	-2.536539e-006	1.532290e-005	3.476085e-007	2.848224e-007	6.635904e-008
3.025430556353661e-008	-2.533993e-006	1.533425e-005	3.466819e-007	2.839444e-007	6.644874e-008
3.028744842067951e-008	-2.439869e-006	1.567392e-005	3.190185e-007	2.578006e-007	6.932172e-008
3.032059127782240e-008	-2.342410e-006	1.597931e-005	2.939835e-007	2.341894e-007	7.206994e-008
3.035373413496530e-008	-2.241617e-006	1.625042e-005	2.715770e-007	2.131109e-007	7.469342e-008
3.038687699210819e-008	-2.137489e-006	1.648726e-005	2.517990e-007	1.945651e-007	7.719215e-008
3.042001984925109e-008	-2.030026e-006	1.668982e-005	2.346494e-007	1.785520e-007	7.956612e-008
3.045316270639398e-008	-1.919228e-006	1.685811e-005	2.201282e-007	1.650715e-007	8.181535e-008
3.048630556353688e-008	-1.805095e-006	1.699212e-005	2.082355e-007	1.541238e-007	8.393983e-008
3.048730556353688e-008	-1.801658e-006	1.699622e-005	2.078759e-007	1.537924e-007	8.400335e-008
3.048758623786593e-008	-1.800787e-006	1.699728e-005	2.077753e-007	1.536997e-007	8.402139e-008
3.048781843686727e-008	-1.800803e-006	1.699741e-005	2.076921e-007	1.536231e-007	8.403559e-008
3.048847530918940e-008	-1.812735e-006	1.698590e-005	2.074574e-007	1.534068e-007	8.407321e-008
3.048914383286905e-008	-1.839793e-006	1.695928e-005	2.072193e-007	1.531873e-007	8.413855e-008
3.049014383286905e-008	-1.900008e-006	1.689972e-005	2.068642e-007	1.528598e-007	8.429894e-008
3.049114383286906e-008	-1.983156e-006	1.681726e-005	2.065103e-007	1.525334e-007	8.454775e-008
3.049214383286906e-008	-2.090341e-006	1.671078e-005	2.061578e-007	1.522080e-007	8.490328e-008
3.049314383286906e-008	-2.220589e-006	1.658129e-005	2.058068e-007	1.518836e-007	8.537622e-008
3.049414383286906e-008	-2.372810e-006	1.642986e-005	2.054571e-007	1.515602e-007	8.597817e-008
3.049514383286906e-008	-2.545754e-006	1.625777e-005	2.051088e-007	1.512377e-007	8.672203e-008
3.049614383286906e-008	-2.738023e-006	1.606641e-005	2.047619e-007	1.509160e-007	8.762184e-008
3.049814383286906e-008	-3.174354e-006	1.563211e-005	2.040722e-007	1.502752e-007	8.994988e-008
3.050014383286907e-008	-3.668623e-006	1.514019e-005	2.033879e-007	1.496373e-007	9.308878e-008
3.050214383286907e-008	-4.206968e-006	1.460453e-005	2.027090e-007	1.490022e-007	9.716733e-008
3.050414383286907e-008	-4.775693e-006	1.403887e-005	2.020355e-007	1.483697e-007	1.023081e-007
3.050614383286907e-008	-5.362011e-006	1.345598e-005	2.013672e-007	1.477397e-007	1.086204e-007
3.050814383286907e-008	-5.954601e-006	1.286721e-005	2.007043e-007	1.471121e-007	1.161959e-007
3.051014383286908e-008	-6.543954e-006	1.228204e-005	2.000465e-007	1.464870e-007	1.251057e-007
3.051214383286908e-008	-7.122535e-006	1.170800e-005	1.993939e-007	1.458644e-007	1.354004e-007
3.051414383286908e-008	-7.684774e-006	1.115065e-005	1.987464e-007	1.452444e-007	1.471108e-007
3.051614383286908e-008	-8.226937e-006	1.061370e-005	1.981040e-007	1.446269e-007	1.602500e-007
3.051714383286908e-008	-8.489780e-006	1.035358e-005	1.977847e-007	1.443192e-007	1.673554e-007
3.051814383286909e-008	-8.746930e-006	1.009922e-005	1.974667e-007	1.440122e-007	1.748162e-007
3.051914383286909e-008	-8.998894e-006	9.850110e-006	1.971497e-007	1.437058e-007	1.825907e-007
3.051968238039038e-008	-9.131657e-006	9.718915e-006	1.969796e-007	1.435411e-007	1.869323e-007
3.052033624693712e-008	-9.289615e-006	9.562887e-006	1.967735e-007	1.433414e-007	1.923560e-007
3.052068386073911e-008	-9.372699e-006	9.480841e-006	1.966642e-007	1.432353e-007	1.952992e-007
3.052113958565377e-008	-9.481520e-006	9.373392e-006	1.965211e-007	1.430965e-007	1.992143e-007
3.052130424960601e-008	-9.521093e-006	9.334317e-006	1.964694e-007	1.430463e-007	2.006394e-007
3.052135207995644e-008	-9.532685e-006	9.322871e-006	1.964544e-007	1.430317e-007	2.010552e-007
3.052138747427775e-008	-9.541306e-006	9.314358e-006	1.964433e-007	1.430210e-007	2.013632e-007
3.052140165390333e-008	-9.544762e-006	9.310945e-006	1.964389e-007	1.430166e-007	2.014866e-007
3.052140582658545e-008	-9.545781e-006	9.309939e-006	1.964376e-007	1.430154e-007	2.015229e-007
3.052140653575583e-008	-9.545954e-006	9.309768e-006	1.964374e-007	1.430152e-007	2.015291e-007
3.052140684050872e-008	-9.546028e-006	9.309695e-006	1.964373e-007	1.430151e-007	2.015318e-007
3.052140729197498e-008	-9.546138e-006	9.309586e-006	1.964371e-007	1.430149e-007	2.015357e-007
3.052140785102732e-008	-9.546275e-006	9.309451e-006	1.964369e-007	1.430148e-007	2.015406e-007
3.052140844391181e-008	-9.546419e-006	9.309309e-006	1.964367e-007	1.430146e-007	2.015457e-007
3.052140899542942e-008	-9.546554e-006	9.309176e-006	1.964366e-007	1.430144e-007	2.015505e-007
3.052140962412610e-008	-9.546707e-006	9.309024e-006	1.964364e-007	1.430142e-007	2.015560e-007
3.052141032841499e-008	-9.546879e-006	9.308855e-006	1.964362e-007	1.430140e-007	2.015621e-007
3.052141117541288e-008	-9.547086e-006	9.308650e-006	1.964359e-007	1.430138e-007	2.015695e-007
3.052141214491333e-008	-9.547322e-006	9.308416e-006	1.964356e-007	1.430135e-007	2.015780e-007
3.052141334134061e-008	-9.547614e-006	9.308128e-006	1.964352e-007	1.430131e-007	2.015884e-007
3.052141479998561e-008	-9.547970e-006	9.307777e-006	1.964348e-007	1.430126e-007	2.016011e-007
3.052141674175448e-008	-9.548444e-006	9.307309e-006	1.964342e-007	1.430121e-007	2.016180e-007
3.052142351078358e-008	-9.550096e-006	9.305677e-006	1.964320e-007	1.430100e-007	2.016770e-007
3.052234316493285e-008	-9.778699e-006	9.079918e-006	1.961445e-007	1.427304e-007	2.098147e-007
3.052327006045337e-008	-1.001464e-005	8.846902e-006	1.958558e-007	1.424492e-007	2.182279e-007
3.052427006045337e-008	-1.027402e-005	8.590748e-006	1.955453e-007	1.421464e-007	2.275120e-007
3.052627006045338e-008	-1.080871e-005	8.062731e-006	1.949280e-007	1.415427e-007	2.468005e-007
3.052827006045338e-008	-1.136367e-005	7.514758e-006	1.943155e-007	1.409413e-007	2.670496e-007
3.053127006045338e-008	-1.223085e-005	6.658677e-006	1.934058e-007	1.400437e-007	2.991946e-007
3.053327006045338e-008	-1.283521e-005	6.062133e-006	1.928053e-007	1.394481e-007	3.218245e-007
3.053527006045339e-008	-1.344890e-005	5.456626e-006	1.922094e-007	1.388546e-007	3.453270e-007
3.053727006045339e-008	-1.407191e-005	4.842156e-006	1.916181e-007	1.382629e-007	3.697020e-007
3.053927006045339e-008	-1.470425e-005	4.218724e-006	1.910314e-007	1.376733e-007	3.949496e-007
3.054127006045339e-008	-1.534591e-005	3.586328e-006	1.904492e-007	1.370856e-007	4.210698e-007
3.054327006045339e-008	-1.599690e-005	2.944970e-006	1.898717e-007	1.364998e-007	4.480624e-007
3.054527006045340e-008	-1.665721e-005	2.294650e-006	1.892987e-007	1.359160e-007	4.759277e-007
3.054627006045340e-008	-1.698483e-005	1.972148e-006	1.890137e-007	1.356246e-007	4.901123e-007
3.054655073489865e-008	-1.707669e-005	1.881743e-006	1.889339e-007	1.355430e-007	4.941299e-007
3.054678110496669e-008	-1.715142e-005	1.808204e-006	1.888685e-007	1.354759e-007	4.974513e-007
3.054710517674383e-008	-1.725347e-005	1.707856e-006	1.887766e-007	1.353817e-007	5.021676e-007
3.054744031961721e-008	-1.735473e-005	1.608364e-006	1.886817e-007	1.352844e-007	5.071063e-007
3.054811060536398e-008	-1.754763e-005	1.419012e-006	1.884924e-007	1.350899e-007	5.171262e-007
3.054911060536399e-008	-1.781576e-005	1.156231e-006	1.882107e-007	1.348003e-007	5.323669e-007
3.055011060536399e-008	-1.805926e-005	9.181135e-007	1.879301e-007	1.345113e-007	5.479677e-007
3.055111060536399e-008	-1.827487e-005	7.079389e-007	1.876506e-007	1.342230e-007	5.639677e-007
3.055211060536399e-008	-1.846145e-005	5.268067e-007	1.873722e-007	1.339356e-007	5.803740e-007
3.055311060536399e-008	-1.861825e-005	3.754838e-007	1.870948e-007	1.336489e-007	5.971915e-007
3.055411060536399e-008	-1.874482e-005	2.543829e-007	1.868185e-007	1.333633e-007	6.144223e-007
3.055511060536399e-008	-1.884108e-005	1.635870e-007	1.865433e-007	1.330786e-007	6.320664e-007
3.055611060536399e-008	-1.890723e-005	1.028779e-007	1.862692e-007	1.327950e-007	6.501217e-007
3.055711060536399e-008	-1.894376e-005	7.176236e-008	1.859961e-007	1.325125e-007	6.685846e-007
3.055811060536400e-008	-1.895140e-005	6.949067e-008	1.857241e-007	1.322311e-007	6.874493e-007
3.055911060536400e-008	-1.893113e-005	9.506711e-008	1.854531e-007	1.319511e-007	7.067086e-007
3.056011060536400e-008	-1.888419e-005	1.472536e-007	1.851832e-007	1.316723e-007	7.263537e-007
3.056111060536400e-008	-1.881204e-005	2.245715e-007	1.849143e-007	1.313948e-007	7.463737e-007
3.056211060536400e-008	-1.871640e-005	3.253080e-007	1.846465e-007	1.311188e-007	7.667560e-007
3.056311060536400e-008	-1.859917e-005	4.475326e-007	1.843797e-007	1.308442e-007	7.874864e-007
3.056411060536400e-008	-1.846248e-005	5.891247e-007	1.841139e-007	1.305710e-007	8.085490e-007
3.056511060536400e-008	-1.830859e-005	7.478154e-007	1.838492e-007	1.302994e-007	8.299263e-007
3.056611060536400e-008	-1.813986e-005	9.212365e-007	1.835855e-007	1.300292e-007	8.516000e-007
3.056711060536401e-008	-1.795870e-005	1.106976e-006	1.833228e-007	1.297606e-007	8.735509e-007
3.056911060536401e-008	-1.756861e-005	1.505866e-006	1.828005e-007	1.292281e-007	9.182066e-007
3.057211060536401e-008	-1.694734e-005	2.139463e-006	1.820245e-007	1.284410e-007	9.867891e-007
3.057511060536401e-008	-1.632732e-005	2.770758e-006	1.812575e-007	1.276679e-007	1.056875e-006
3.057811060536402e-008	-1.574444e-005	3.363906e-006	1.804994e-007	1.269083e-007	1.128077e-006
3.058111060536402e-008	-1.521937e-005	3.898327e-006	1.797499e-007	1.261616e-007	1.200105e-006
3.058411060536403e-008	-1.476040e-005	4.365822e-006	1.790091e-007	1.254272e-007	1.272750e-006
3.058711060536403e-008	-1.436717e-005	4.766833e-006	1.782767e-007	1.247046e-007	1.345865e-006
3.059011060536403e-008	-1.403413e-005	5.107005e-006	1.775528e-007	1.239932e-007	1.419340e-006
3.059239631964975e-008	-1.382408e-005	5.322043e-006	1.770069e-007	1.234587e-007	1.475597e-006
3.059468203393546e-008	-1.363180e-005	5.519062e-006	1.764657e-007	1.229297e-007	1.531891e-006
3.059696774822118e-008	-1.345727e-005	5.698060e-006	1.759291e-007	1.224064e-007	1.588222e-006
3.059925346250690e-008	-1.330051e-005	5.859037e-006	1.753972e-007	1.218886e-007	1.644589e-006
3.060153917679262e-008	-1.316150e-005	6.001995e-006	1.748699e-007	1.213764e-007	1.700993e-006
3.060382489107833e-008	-1.304026e-005	6.126933e-006	1.743473e-007	1.208698e-007	1.757435e-006
3.060611060536405e-008	-1.293677e-005	6.233850e-006	1.738293e-007	1.203688e-007	1.813912e-006
3.061011060536405e-008	-1.277079e-005	6.405347e-006	1.729340e-007	1.195047e-007	1.912850e-006
3.061411060536406e-008	-1.261466e-005	6.566462e-006	1.720517e-007	1.186551e-007	2.010761e-006
3.061811060536406e-008	-1.246838e-005	6.717195e-006	1.711824e-007	1.178199e-007	2.107644e-006
3.062211060536407e-008	-1.233195e-005	6.857547e-006	1.703261e-007	1.169992e-007	2.203499e-006
3.062611060536407e-008	-1.220537e-005	6.987517e-006	1.694828e-007	1.161930e-007	2.298327e-006
3.063011060536408e-008	-1.208865e-005	7.107105e-006	1.686524e-007	1.154013e-007	2.392128e-006
3.063411060536408e-008	-1.198177e-005	7.216311e-006	1.678350e-007	1.146240e-007	2.484901e-006
3.064339631964981e-008	-1.174091e-005	7.460581e-006	1.659889e-007	1.128762e-007	2.693520e-006
3.065268203393553e-008	-1.151722e-005	7.685775e-006	1.642004e-007	1.111901e-007	2.890273e-006
3.066196774822125e-008	-1.131071e-005	7.891891e-006	1.624694e-007	1.095656e-007	3.075159e-006
3.067125346250698e-008	-1.112136e-005	8.078931e-006	1.607961e-007	1.080027e-007	3.248179e-006
3.068053917679271e-008	-1.094919e-005	8.246893e-006	1.591804e-007	1.065014e-007	3.409332e-006
3.068982489107843e-008	-1.079418e-005	8.395779e-006	1.576223e-007	1.050617e-007	3.558619e-006
3.069911060536416e-008	-1.065635e-005	8.525588e-006	1.561217e-007	1.036836e-007	3.696039e-006
3.070711060536416e-008	-1.054778e-005	8.626260e-006	1.548673e-007	1.025358e-007	3.804023e-006
3.071511060536417e-008	-1.044695e-005	8.718335e-006	1.536460e-007	1.014219e-007	3.905323e-006
3.072311060536418e-008	-1.035388e-005	8.801812e-006	1.524578e-007	1.003421e-007	3.999941e-006
3.073111060536419e-008	-1.026857e-005	8.876690e-006	1.513027e-007	9.929617e-008	4.087877e-006
3.073911060536420e-008	-1.019101e-005	8.942971e-006	1.501807e-007	9.828426e-008	4.169129e-006
3.074711060536421e-008	-1.012121e-005	9.000654e-006	1.490919e-007	9.730633e-008	4.243698e-006
3.075511060536422e-008	-1.005916e-005	9.049739e-006	1.480361e-007	9.636237e-008	4.311584e-006
3.075739631964994e-008	-1.004204e-005	9.063066e-006	1.477392e-007	9.609731e-008	4.330371e-006
3.075968203393565e-008	-1.002543e-005	9.075834e-006	1.474446e-007	9.583459e-008	4.348784e-006
3.076196774822137e-008	-1.000933e-005	9.088043e-006	1.471523e-007	9.557420e-008	4.366822e-006
3.076425346250709e-008	-9.993741e-006	9.099692e-006	1.468623e-007	9.531614e-008	4.384487e-006
3.076653917679281e-008	-9.978660e-006	9.110782e-006	1.465747e-007	9.506041e-008	4.401777e-006
3.076882489107852e-008	-9.964087e-006	9.121313e-006	1.462894e-007	9.480701e-008	4.418693e-006
3.077111060536424e-008	-9.950023e-006	9.131284e-006	1.460063e-007	9.455594e-008	4.435235e-006
3.077211060536424e-008	-9.944595e-006	9.134907e-006	1.458832e-007	9.444678e-008	4.442370e-006
3.077311060536424e-008	-9.940220e-006	9.137473e-006	1.457604e-007	9.433794e-008	4.449446e-006
3.077348560536424e-008	-9.939958e-006	9.137054e-006	1.457145e-007	9.429728e-008	4.452067e-006
3.077398560536424e-008	-9.940443e-006	9.135660e-006	1.456534e-007	9.424316e-008	4.455538e-006
3.077468273989203e-008	-9.940644e-006	9.134188e-006	1.455684e-007	9.416787e-008	4.460353e-006
3.077664097769726e-008	-9.938160e-006	9.133087e-006	1.453307e-007	9.395741e-008	4.473753e-006
3.077964097769726e-008	-9.935257e-006	9.130443e-006	1.449696e-007	9.363797e-008	4.493812e-006
3.078062312055441e-008	-9.934274e-006	9.129597e-006	1.448522e-007	9.353420e-008	4.500258e-006
3.078160526341155e-008	-9.933297e-006	9.128739e-006	1.447352e-007	9.343080e-008	4.506648e-006
3.078258740626870e-008	-9.932326e-006	9.127868e-006	1.446186e-007	9.332778e-008	4.512981e-006
3.078356954912583e-008	-9.931362e-006	9.126986e-006	1.445023e-007	9.322513e-008	4.519257e-006
3.078455169198298e-008	-9.930403e-006	9.126091e-006	1.443865e-007	9.312286e-008	4.525476e-006
3.078553383484012e-008	-9.929451e-006	9.125184e-006	1.442710e-007	9.302096e-008	4.531638e-006
3.078651597769727e-008	-9.928504e-006	9.124265e-006	1.441559e-007	9.291944e-008	4.537744e-006
3.078664097769726e-008	-9.928294e-006	9.124237e-006	1.441413e-007	9.290655e-008	4.538515e-006
3.078689097769726e-008	-9.927545e-006	9.124510e-006	1.441121e-007	9.288080e-008	4.540052e-006
3.078800180366565e-008	-9.924343e-006	9.125589e-006	1.439827e-007	9.276668e-008	4.546750e-006
3.078881520225396e-008	-9.922542e-006	9.125829e-006	1.438882e-007	9.268341e-008	4.551519e-006
3.078962860084227e-008	-9.920869e-006	9.125938e-006	1.437940e-007	9.260040e-008	4.556183e-006
3.079044199943058e-008	-9.919324e-006	9.125915e-006	1.437000e-007	9.251764e-008	4.560740e-006
3.079125539801889e-008	-9.917906e-006	9.125759e-006	1.436063e-007	9.243513e-008	4.565192e-006
3.079206879660720e-008	-9.916616e-006	9.125472e-006	1.435128e-007	9.235287e-008	4.569539e-006
3.079288219519551e-008	-9.915454e-006	9.125053e-006	1.434196e-007	9.227086e-008	4.573780e-006
3.079369559378382e-008	-9.914420e-006	9.124502e-006	1.433267e-007	9.218910e-008	4.577915e-006
3.079469559378382e-008	-9.913556e-006	9.123411e-006	1.432128e-007	9.208892e-008	4.582842e-006
3.079569559378382e-008	-9.913389e-006	9.121617e-006	1.430993e-007	9.198913e-008	4.587574e-006
3.079669559378382e-008	-9.914085e-006	9.118957e-006	1.429861e-007	9.188965e-008	4.592118e-006
3.079700720262897e-008	-9.914574e-006	9.117854e-006	1.429509e-007	9.185871e-008	4.593485e-006
3.079708703988127e-008	-9.914762e-006	9.117509e-006	1.429419e-007	9.185079e-008	4.593827e-006
3.079713061909758e-008	-9.914859e-006	9.117325e-006	1.429370e-007	9.184648e-008	4.594012e-006
3.079715473195619e-008	-9.914898e-006	9.117239e-006	1.429343e-007	9.184409e-008	4.594115e-006
3.079716325992621e-008	-9.914910e-006	9.117211e-006	1.429333e-007	9.184325e-008	4.594151e-006
3.079716515969197e-008	-9.914912e-006	9.117204e-006	1.429331e-007	9.184306e-008	4.594159e-006
3.079716556999174e-008	-9.914913e-006	9.117203e-006	1.429330e-007	9.184301e-008	4.594161e-006
3.079716599610358e-008	-9.914913e-006	9.117202e-006	1.429330e-007	9.184297e-008	4.594162e-006
3.079716653351587e-008	-9.914914e-006	9.117201e-006	1.429329e-007	9.184292e-008	4.594165e-006
3.079716742509635e-008	-9.914915e-006	9.117198e-006	1.429328e-007	9.184283e-008	4.594169e-006
3.079716836286359e-008	-9.914916e-006	9.117195e-006	1.429327e-007	9.184274e-008	4.594172e-006
3.079716958039438e-008	-9.914917e-006	9.117191e-006	1.429326e-007	9.184262e-008	4.594178e-006
3.079717092136878e-008	-9.914918e-006	9.117187e-006	1.429324e-007	9.184249e-008	4.594183e-006
3.079717283992691e-008	-9.914920e-006	9.117181e-006	1.429322e-007	9.184230e-008	4.594192e-006
3.079717527181841e-008	-9.914923e-006	9.117174e-006	1.429320e-007	9.184205e-008	4.594202e-006
3.079789492109536e-008	-9.911868e-006	9.118808e-006	1.428510e-007	9.177091e-008	4.597190e-006
3.079861457037231e-008	-9.906119e-006	9.123129e-006	1.427702e-007	9.169996e-008	4.600076e-006
3.079933421964927e-008	-9.897676e-006	9.130137e-006	1.426895e-007	9.162922e-008	4.602861e-006
3.080005386892621e-008	-9.886538e-006	9.139833e-006	1.426091e-007	9.155867e-008	4.605544e-006
3.080077351820317e-008	-9.872707e-006	9.152217e-006	1.425288e-007	9.148832e-008	4.608126e-006
3.080149316748012e-008	-9.856182e-006	9.167288e-006	1.424487e-007	9.141817e-008	4.610606e-006
3.080221281675707e-008	-9.836963e-006	9.185046e-006	1.423688e-007	9.134823e-008	4.612985e-006
3.080233750881199e-008	-9.833166e-006	9.188589e-006	1.423550e-007	9.133613e-008	4.613383e-006
3.080365272082266e-008	-9.796843e-006	9.222206e-006	1.422097e-007	9.120910e-008	4.617378e-006
3.080496793283333e-008	-9.762209e-006	9.254110e-006	1.420650e-007	9.108276e-008	4.621150e-006
3.080628314484400e-008	-9.729262e-006	9.284303e-006	1.419209e-007	9.095712e-008	4.624699e-006
3.080759835685466e-008	-9.698005e-006	9.312783e-006	1.417775e-007	9.083217e-008	4.628025e-006
3.080891356886533e-008	-9.668435e-006	9.339550e-006	1.416347e-007	9.070791e-008	4.631128e-006
3.081022878087600e-008	-9.640554e-006	9.364606e-006	1.414925e-007	9.058435e-008	4.634008e-006
3.081154399288667e-008	-9.614360e-006	9.387949e-006	1.413510e-007	9.046148e-008	4.636665e-006
3.081254399288667e-008	-9.594944e-006	9.405187e-006	1.412437e-007	9.036845e-008	4.638558e-006
3.081293635279928e-008	-9.587561e-006	9.411712e-006	1.412017e-007	9.033204e-008	4.639267e-006
3.081305648727429e-008	-9.585362e-006	9.413648e-006	1.411889e-007	9.032091e-008	4.639477e-006
3.081317570438118e-008	-9.583202e-006	9.415547e-006	1.411762e-007	9.030988e-008	4.639681e-006
3.081319156190972e-008	-9.582911e-006	9.415803e-006	1.411745e-007	9.030841e-008	4.639709e-006
3.081319759771230e-008	-9.582800e-006	9.415901e-006	1.411738e-007	9.030785e-008	4.639719e-006
3.081320236875756e-008	-9.582712e-006	9.415979e-006	1.411733e-007	9.030741e-008	4.639727e-006
3.081320869372412e-008	-9.582595e-006	9.416081e-006	1.411726e-007	9.030683e-008	4.639738e-006
3.081321591018388e-008	-9.582462e-006	9.416199e-006	1.411719e-007	9.030616e-008	4.639750e-006
3.081322304268570e-008	-9.582331e-006	9.416314e-006	1.411711e-007	9.030550e-008	4.639763e-006
3.081322994310568e-008	-9.582203e-006	9.416427e-006	1.411704e-007	9.030486e-008	4.639774e-006
3.081323677388629e-008	-9.582077e-006	9.416538e-006	1.411696e-007	9.030423e-008	4.639786e-006
3.081324364598629e-008	-9.581951e-006	9.416650e-006	1.411689e-007	9.030359e-008	4.639798e-006
3.081325054055010e-008	-9.581823e-006	9.416762e-006	1.411682e-007	9.030295e-008	4.639810e-006
3.081325743987265e-008	-9.581695e-006	9.416874e-006	1.411674e-007	9.030231e-008	4.639822e-006
3.081326432955189e-008	-9.581568e-006	9.416986e-006	1.411667e-007	9.030168e-008	4.639834e-006
3.081327185981058e-008	-9.581428e-006	9.417109e-006	1.411659e-007	9.030098e-008	4.639847e-006
3.081328060055398e-008	-9.581267e-006	9.417252e-006	1.411650e-007	9.030018e-008	4.639862e-006
3.081329067468351e-008	-9.581080e-006	9.417417e-006	1.411639e-007	9.029924e-008	4.639879e-006
3.081330253863987e-008	-9.580860e-006	9.417610e-006	1.411626e-007	9.029814e-008	4.639900e-006
3.081333424929814e-008	-9.580271e-006	9.418131e-006	1.411592e-007	9.029521e-008	4.639954e-006
3.081637594531935e-008	-9.522363e-006	9.469298e-006	1.408364e-007	9.001587e-008	4.645202e-006
3.081941764134056e-008	-9.464820e-006	9.519996e-006	1.405167e-007	8.973993e-008	4.650442e-006
3.082245933736178e-008	-9.407642e-006	9.570224e-006	1.402002e-007	8.946738e-008	4.655673e-006
3.082550103338300e-008	-9.350828e-006	9.619982e-006	1.398869e-007	8.919824e-008	4.660897e-006
3.082854272940421e-008	-9.294379e-006	9.669271e-006	1.395767e-007	8.893250e-008	4.666113e-006
3.083158442542542e-008	-9.238294e-006	9.718090e-006	1.392697e-007	8.867016e-008	4.671320e-006
3.083462612144664e-008	-9.182574e-006	9.766439e-006	1.389659e-007	8.841123e-008	4.676520e-006
3.085448326430380e-008	-8.829990e-006	1.006759e-005	1.370761e-007	8.682208e-008	4.710321e-006
3.087434040716097e-008	-8.491647e-006	1.035188e-005	1.352840e-007	8.533438e-008	4.743884e-006
3.089419755001813e-008	-8.167545e-006	1.061931e-005	1.335897e-007	8.394813e-008	4.777210e-006
3.091405469287530e-008	-7.857685e-006	1.086986e-005	1.319932e-007	8.266332e-008	4.810300e-006
3.093391183573246e-008	-7.562066e-006	1.110355e-005	1.304945e-007	8.147996e-008	4.843152e-006
3.095376897858963e-008	-7.280688e-006	1.132038e-005	1.290936e-007	8.039804e-008	4.875766e-006
3.097362612144679e-008	-7.013551e-006	1.152034e-005	1.277905e-007	7.941756e-008	4.908144e-006
3.098205469287538e-008	-6.903347e-006	1.160192e-005	1.272524e-007	7.901547e-008	4.921826e-006
3.099048326430395e-008	-6.795200e-006	1.168124e-005	1.267260e-007	7.862482e-008	4.935470e-006
3.099891183573254e-008	-6.689110e-006	1.175830e-005	1.262112e-007	7.824561e-008	4.949075e-006
3.100734040716112e-008	-6.585078e-006	1.183311e-005	1.257080e-007	7.787785e-008	4.962643e-006
3.101576897858970e-008	-6.483103e-006	1.190566e-005	1.252164e-007	7.752153e-008	4.976173e-006
3.102419755001828e-008	-6.383185e-006	1.197595e-005	1.247363e-007	7.717666e-008	4.989664e-006
3.103262612144686e-008	-6.285325e-006	1.204398e-005	1.242679e-007	7.684323e-008	5.003118e-006
3.103362612144686e-008	-6.273831e-006	1.205193e-005	1.242129e-007	7.680421e-008	5.004711e-006
3.107276897858977e-008	-5.851835e-006	1.233208e-005	1.222219e-007	7.543813e-008	5.066633e-006
3.111191183573266e-008	-5.460104e-006	1.258210e-005	1.203608e-007	7.418810e-008	5.127857e-006
3.115105469287557e-008	-5.098641e-006	1.280199e-005	1.186295e-007	7.305411e-008	5.188384e-006
3.119019755001847e-008	-4.767443e-006	1.299174e-005	1.170281e-007	7.203616e-008	5.248213e-006
3.122934040716137e-008	-4.466512e-006	1.315137e-005	1.155566e-007	7.113425e-008	5.307345e-006
3.126848326430427e-008	-4.195847e-006	1.328086e-005	1.142150e-007	7.034838e-008	5.365780e-006
3.130762612144717e-008	-3.955449e-006	1.338023e-005	1.130032e-007	6.967855e-008	5.423518e-006
3.133362612144720e-008	-3.803329e-006	1.344053e-005	1.122081e-007	6.923332e-008	5.461564e-006
3.135734040716152e-008	-3.673290e-006	1.348747e-005	1.115125e-007	6.885068e-008	5.496022e-006
3.138105469287583e-008	-3.549346e-006	1.352907e-005	1.108349e-007	6.848058e-008	5.530269e-006
3.140476897859014e-008	-3.431495e-006	1.356532e-005	1.101752e-007	6.812301e-008	5.564304e-006
3.142848326430445e-008	-3.319739e-006	1.359623e-005	1.095333e-007	6.777799e-008	5.598127e-006
3.145219755001876e-008	-3.214078e-006	1.362178e-005	1.089093e-007	6.744550e-008	5.631739e-006
3.147591183573308e-008	-3.114510e-006	1.364199e-005	1.083033e-007	6.712555e-008	5.665139e-006
3.149962612144739e-008	-3.021037e-006	1.365685e-005	1.077151e-007	6.681814e-008	5.698328e-006
3.150162612144739e-008	-3.013312e-006	1.365798e-005	1.076658e-007	6.679231e-008	5.701119e-006
3.152034040716170e-008	-2.943013e-006	1.366687e-005	1.072098e-007	6.655419e-008	5.727158e-006
3.153905469287601e-008	-2.875338e-006	1.367360e-005	1.067604e-007	6.631973e-008	5.753076e-006
3.155776897859032e-008	-2.810287e-006	1.367819e-005	1.063174e-007	6.608894e-008	5.778874e-006
3.157648326430462e-008	-2.747860e-006	1.368062e-005	1.058808e-007	6.586181e-008	5.804551e-006
3.159519755001893e-008	-2.688057e-006	1.368090e-005	1.054508e-007	6.563834e-008	5.830108e-006
3.161391183573323e-008	-2.630879e-006	1.367903e-005	1.050272e-007	6.541853e-008	5.855544e-006
3.163262612144754e-008	-2.576324e-006	1.367500e-005	1.046101e-007	6.520239e-008	5.880859e-006
3.163362612144754e-008	-2.573457e-006	1.367475e-005	1.045879e-007	6.519087e-008	5.882209e-006
3.167634040716188e-008	-2.458941e-006	1.365750e-005	1.036587e-007	6.470913e-008	5.939522e-006
3.171905469287621e-008	-2.352576e-006	1.363419e-005	1.027472e-007	6.423432e-008	5.996267e-006
3.176176897859055e-008	-2.254361e-006	1.360483e-005	1.018533e-007	6.376643e-008	6.052444e-006
3.180448326430488e-008	-2.164296e-006	1.356941e-005	1.009771e-007	6.330547e-008	6.108053e-006
3.184719755001921e-008	-2.082382e-006	1.352793e-005	1.001185e-007	6.285144e-008	6.163095e-006
3.188991183573355e-008	-2.008619e-006	1.348039e-005	9.927765e-008	6.240433e-008	6.217569e-006
3.193262612144788e-008	-1.943007e-006	1.342680e-005	9.845444e-008	6.196416e-008	6.271475e-006
3.193362612144788e-008	-1.941493e-006	1.342554e-005	9.843521e-008	6.195383e-008	6.272731e-006
3.197634040716222e-008	-1.880646e-006	1.336898e-005	9.762125e-008	6.151479e-008	6.326097e-006
3.201905469287655e-008	-1.823736e-006	1.331004e-005	9.681654e-008	6.107816e-008	6.378955e-006
3.206176897859089e-008	-1.770763e-006	1.324871e-005	9.602109e-008	6.064392e-008	6.431304e-006
3.210448326430522e-008	-1.721727e-006	1.318499e-005	9.523489e-008	6.021208e-008	6.483145e-006
3.214719755001955e-008	-1.676627e-006	1.311889e-005	9.445794e-008	5.978264e-008	6.534478e-006
3.218991183573389e-008	-1.635465e-006	1.305040e-005	9.369025e-008	5.935560e-008	6.585303e-006
3.223262612144822e-008	-1.598240e-006	1.297953e-005	9.293181e-008	5.893096e-008	6.635619e-006
3.223362612144822e-008	-1.597379e-006	1.297787e-005	9.291411e-008	5.892103e-008	6.636792e-006
3.239962612144841e-008	-1.472695e-006	1.269422e-005	9.003036e-008	5.728786e-008	6.827811e-006
3.240062612144841e-008	-1.472040e-006	1.269247e-005	9.001330e-008	5.727811e-008	6.828940e-006
3.240362612144842e-008	-1.470079e-006	1.268722e-005	8.996214e-008	5.724887e-008	6.832326e-006
3.253362612144856e-008	-1.392934e-006	1.245730e-005	8.777495e-008	5.599126e-008	6.976894e-006
3.257634040716290e-008	-1.370734e-006	1.238084e-005	8.706886e-008	5.558211e-008	7.023475e-006
3.261905469287723e-008	-1.349498e-006	1.230438e-005	8.636838e-008	5.517515e-008	7.069625e-006
3.266176897859157e-008	-1.329225e-006	1.222791e-005	8.567352e-008	5.477038e-008	7.115345e-006
3.270448326430590e-008	-1.309916e-006	1.215144e-005	8.498427e-008	5.436780e-008	7.160634e-006
3.274719755002023e-008	-1.291570e-006	1.207496e-005	8.430063e-008	5.396742e-008	7.205494e-006
3.278991183573457e-008	-1.274189e-006	1.199848e-005	8.362261e-008	5.356923e-008	7.249924e-006
3.283262612144890e-008	-1.257771e-006	1.192199e-005	8.295021e-008	5.317323e-008	7.293923e-006
3.283362612144890e-008	-1.257389e-006	1.192021e-005	8.293453e-008	5.316399e-008	7.294949e-006
3.313362612144924e-008	-1.156892e-006	1.139177e-005	7.835781e-008	5.044958e-008	7.592533e-006
3.326962612144940e-008	-1.118130e-006	1.115828e-005	7.636417e-008	4.925794e-008	7.721069e-006
3.328505469287799e-008	-1.113933e-006	1.113208e-005	7.614109e-008	4.912430e-008	7.735408e-006
3.330048326430657e-008	-1.109770e-006	1.110593e-005	7.591862e-008	4.899097e-008	7.749699e-006
3.331591183573516e-008	-1.105641e-006	1.107984e-005	7.569676e-008	4.885796e-008	7.763941e-006
3.333134040716375e-008	-1.101546e-006	1.105382e-005	7.547552e-008	4.872526e-008	7.778135e-006
3.334676897859234e-008	-1.097485e-006	1.102785e-005	7.525489e-008	4.859288e-008	7.792280e-006
3.336219755002093e-008	-1.093458e-006	1.100195e-005	7.503487e-008	4.846080e-008	7.806377e-006
3.337762612144952e-008	-1.089465e-006	1.097610e-005	7.481546e-008	4.832904e-008	7.820425e-006
3.343362612144958e-008	-1.075220e-006	1.088283e-005	7.402419e-008	4.785347e-008	7.871016e-006
3.347419755002106e-008	-1.065158e-006	1.081576e-005	7.345597e-008	4.751157e-008	7.907273e-006
3.351476897859253e-008	-1.055256e-006	1.074914e-005	7.289179e-008	4.717184e-008	7.943213e-006
3.355534040716401e-008	-1.045514e-006	1.068297e-005	7.233166e-008	4.683429e-008	7.978836e-006
3.359591183573548e-008	-1.035931e-006	1.061725e-005	7.177557e-008	4.649892e-008	8.014142e-006
3.363648326430695e-008	-1.026507e-006	1.055198e-005	7.122352e-008	4.616572e-008	8.049131e-006
3.367705469287843e-008	-1.017242e-006	1.048715e-005	7.067552e-008	4.583470e-008	8.083804e-006
3.371762612144991e-008	-1.008137e-006	1.042278e-005	7.013156e-008	4.550585e-008	8.118160e-006
3.373362612144992e-008	-1.004574e-006	1.039752e-005	6.991809e-008	4.537675e-008	8.131626e-006
3.403362612145026e-008	-9.391651e-007	9.936436e-006	6.602615e-008	4.301694e-008	8.375485e-006
3.433362612145060e-008	-8.764662e-007	9.499669e-006	6.233019e-008	4.076402e-008	8.603627e-006
3.435405469287920e-008	-8.724879e-007	9.470834e-006	6.208258e-008	4.061205e-008	8.618614e-006
3.437448326430779e-008	-8.685365e-007	9.442109e-006	6.183607e-008	4.046149e-008	8.633533e-006
3.439491183573639e-008	-8.646119e-007	9.413492e-006	6.159066e-008	4.031236e-008	8.648384e-006
3.441534040716498e-008	-8.607143e-007	9.384983e-006	6.134637e-008	4.016465e-008	8.663168e-006
3.443576897859358e-008	-8.568435e-007	9.356583e-006	6.110318e-008	4.001837e-008	8.677885e-006
3.445619755002217e-008	-8.529996e-007	9.328291e-006	6.086110e-008	3.987350e-008	8.692534e-006
3.447662612145077e-008	-8.491826e-007	9.300108e-006	6.062013e-008	3.973006e-008	8.707116e-006
3.449034040716507e-008	-8.466317e-007	9.281247e-006	6.045828e-008	3.963371e-008	8.716867e-006
3.450405469287937e-008	-8.440908e-007	9.262433e-006	6.029665e-008	3.953747e-008	8.726590e-006
3.451776897859367e-008	-8.415597e-007	9.243666e-006	6.013525e-008	3.944135e-008	8.736282e-006
3.453148326430797e-008	-8.390386e-007	9.224946e-006	5.997407e-008	3.934533e-008	8.745945e-006
3.454519755002227e-008	-8.365273e-007	9.206273e-006	5.981312e-008	3.924943e-008	8.755578e-006
3.455891183573657e-008	-8.340260e-007	9.187648e-006	5.965240e-008	3.915364e-008	8.765182e-006
3.457262612145087e-008	-8.315346e-007	9.169070e-006	5.949190e-008	3.905795e-008	8.774756e-006
3.463362612145094e-008	-8.205656e-007	9.087002e-006	5.878437e-008	3.863565e-008	8.816985e-006
3.464119755002238e-008	-8.214723e-007	9.077524e-006	5.869687e-008	3.858318e-008	8.822180e-006
3.464876897859382e-008	-8.203987e-007	9.067482e-006	5.860946e-008	3.853070e-008	8.827372e-006
3.465634040716526e-008	-8.173446e-007	9.056875e-006	5.852216e-008	3.847823e-008	8.832560e-006
3.466391183573669e-008	-8.123101e-007	9.045704e-006	5.843495e-008	3.842574e-008	8.837746e-006
3.467148326430813e-008	-8.052951e-007	9.033968e-006	5.834784e-008	3.837326e-008	8.842928e-006
3.467905469287957e-008	-7.962996e-007	9.021668e-006	5.826082e-008	3.832077e-008	8.848107e-006
3.468662612145100e-008	-7.853238e-007	9.008803e-006	5.817390e-008	3.826827e-008	8.853283e-006
3.469448326430815e-008	-7.675839e-007	8.993583e-006	5.808398e-008	3.821395e-008	8.858663e-006
3.470234040716531e-008	-7.399900e-007	8.975801e-006	5.799403e-008	3.815949e-008	8.864063e-006
3.471019755002246e-008	-7.025422e-007	8.955456e-006	5.790404e-008	3.810488e-008	8.869483e-006
3.471805469287961e-008	-6.552404e-007	8.932549e-006	5.781401e-008	3.805014e-008	8.874924e-006
3.472591183573676e-008	-5.980847e-007	8.907080e-006	5.772395e-008	3.799525e-008	8.880385e-006
3.473376897859392e-008	-5.310750e-007	8.879048e-006	5.763385e-008	3.794021e-008	8.885866e-006
3.474162612145107e-008	-4.542113e-007	8.848454e-006	5.754372e-008	3.788504e-008	8.891368e-006
3.474862612145107e-008	-3.728569e-007	8.817960e-006	5.746321e-008	3.783560e-008	8.896301e-006
3.475562612145108e-008	-2.826311e-007	8.785500e-006	5.738243e-008	3.778584e-008	8.901255e-006
3.476262612145109e-008	-1.835338e-007	8.751075e-006	5.730137e-008	3.773574e-008	8.906231e-006
3.476962612145110e-008	-7.556504e-008	8.714684e-006	5.722003e-008	3.768533e-008	8.911228e-006
3.477662612145111e-008	4.127515e-008	8.676328e-006	5.713841e-008	3.763459e-008	8.916247e-006
3.478362612145111e-008	1.669868e-007	8.636006e-006	5.705652e-008	3.758352e-008	8.921287e-006
3.479062612145112e-008	3.015699e-007	8.593719e-006	5.697434e-008	3.753213e-008	8.926349e-006
3.479776897859399e-008	4.468033e-007	8.549120e-006	5.689006e-008	3.747923e-008	8.931533e-006
3.480491183573685e-008	5.964167e-007	8.504072e-006	5.680538e-008	3.742594e-008	8.936727e-006
3.481205469287972e-008	7.504099e-007	8.458577e-006	5.672032e-008	3.737226e-008	8.941932e-006
3.481919755002258e-008	9.087831e-007	8.412634e-006	5.663486e-008	3.731818e-008	8.947146e-006
3.482634040716545e-008	1.071536e-006	8.366243e-006	5.654901e-008	3.726371e-008	8.952370e-006
3.483348326430831e-008	1.238669e-006	8.319404e-006	5.646277e-008	3.720885e-008	8.957604e-006
3.484062612145118e-008	1.410182e-006	8.272117e-006	5.637614e-008	3.715359e-008	8.962848e-006
3.485319755002262e-008	1.717751e-006	8.189551e-006	5.622246e-008	3.705519e-008	8.972089e-006
3.486576897859407e-008	2.022230e-006	8.110075e-006	5.606810e-008	3.695615e-008	8.981313e-006
3.487834040716551e-008	2.323619e-006	8.033691e-006	5.591304e-008	3.685647e-008	8.990519e-006
3.489091183573695e-008	2.621918e-006	7.960399e-006	5.575729e-008	3.675615e-008	8.999708e-006
3.490348326430839e-008	2.917127e-006	7.890197e-006	5.560085e-008	3.665520e-008	9.008879e-006
3.491605469287984e-008	3.209246e-006	7.823087e-006	5.544372e-008	3.655361e-008	9.018032e-006
3.492862612145128e-008	3.498275e-006	7.759068e-006	5.528590e-008	3.645138e-008	9.027169e-006
3.493362612145128e-008	3.608882e-006	7.735232e-006	5.522322e-008	3.641081e-008	9.030787e-006
3.496119755002274e-008	4.175586e-006	7.623896e-006	5.487514e-008	3.618534e-008	9.050596e-006
3.498876897859421e-008	4.700814e-006	7.527079e-006	5.453095e-008	3.596322e-008	9.070206e-006
3.501634040716566e-008	5.184565e-006	7.444781e-006	5.419064e-008	3.574443e-008	9.089617e-006
3.504391183573712e-008	5.626839e-006	7.377001e-006	5.385422e-008	3.552898e-008	9.108829e-006
3.507148326430858e-008	6.027637e-006	7.323741e-006	5.352168e-008	3.531687e-008	9.127843e-006
3.509905469288004e-008	6.386957e-006	7.284998e-006	5.319303e-008	3.510811e-008	9.146657e-006
3.512662612145150e-008	6.704802e-006	7.260775e-006	5.286826e-008	3.490268e-008	9.165273e-006
3.514176897859438e-008	6.871340e-006	7.248174e-006	5.269328e-008	3.479259e-008	9.175427e-006
3.515691183573725e-008	7.030627e-006	7.237161e-006	5.251999e-008	3.468386e-008	9.185530e-006
3.517205469288013e-008	7.182662e-006	7.227738e-006	5.234841e-008	3.457649e-008	9.195581e-006
3.518719755002300e-008	7.327445e-006	7.219903e-006	5.217852e-008	3.447047e-008	9.205581e-006
3.520234040716588e-008	7.464975e-006	7.213656e-006	5.201033e-008	3.436582e-008	9.215530e-006
3.521748326430875e-008	7.595254e-006	7.208999e-006	5.184383e-008	3.426252e-008	9.225427e-006
3.523262612145162e-008	7.718281e-006	7.205930e-006	5.167903e-008	3.416059e-008	9.235273e-006
3.523362612145162e-008	7.726253e-006	7.205736e-006	5.166821e-008	3.415389e-008	9.235921e-006
3.526862612145166e-008	7.989445e-006	7.201509e-006	5.129362e-008	3.392317e-008	9.258491e-006
3.526962612145166e-008	7.996673e-006	7.201590e-006	5.128303e-008	3.391667e-008	9.259133e-006
3.526990679578072e-008	7.998588e-006	7.201503e-006	5.128007e-008	3.391485e-008	9.259313e-006
3.527013899006341e-008	7.999346e-006	7.200609e-006	5.127761e-008	3.391334e-008	9.259458e-006
3.527079584070780e-008	7.989045e-006	7.185649e-006	5.127067e-008	3.390902e-008	9.259815e-006
3.527246434447456e-008	7.907904e-006	7.092784e-006	5.125305e-008	3.389773e-008	9.260569e-006
3.527446434447457e-008	7.730031e-006	6.901085e-006	5.123194e-008	3.388339e-008	9.261321e-006
3.527646434447457e-008	7.467101e-006	6.624650e-006	5.121087e-008	3.386776e-008	9.261964e-006
3.527846434447457e-008	7.130292e-006	6.274712e-006	5.118982e-008	3.385050e-008	9.262586e-006
3.528046434447457e-008	6.733046e-006	5.864757e-006	5.116880e-008	3.383132e-008	9.263292e-006
3.528246434447458e-008	6.290066e-006	5.409521e-006	5.114781e-008	3.381003e-008	9.264197e-006
3.528446434447458e-008	5.816240e-006	4.923913e-006	5.112684e-008	3.378648e-008	9.265415e-006
3.528746434447458e-008	5.078135e-006	4.169037e-006	5.109543e-008	3.374684e-008	9.268058e-006
3.529046434447458e-008	4.342780e-006	3.417980e-006	5.106408e-008	3.370205e-008	9.271939e-006
3.529346434447459e-008	3.640537e-006	2.701055e-006	5.103280e-008	3.365239e-008	9.277264e-006
3.529546434447459e-008	3.200845e-006	2.252107e-006	5.101197e-008	3.361679e-008	9.281681e-006
3.529746434447459e-008	2.788147e-006	1.830549e-006	5.099117e-008	3.357937e-008	9.286810e-006
3.529946434447460e-008	2.404238e-006	1.438147e-006	5.097039e-008	3.354027e-008	9.292658e-006
3.530146434447460e-008	2.049625e-006	1.075383e-006	5.094964e-008	3.349967e-008	9.299216e-006
3.530246434447460e-008	1.883186e-006	9.049893e-007	5.093928e-008	3.347885e-008	9.302758e-006
3.530346434447460e-008	1.723830e-006	7.417540e-007	5.092892e-008	3.345771e-008	9.306474e-006
3.530446434447460e-008	1.571387e-006	5.855046e-007	5.091857e-008	3.343627e-008	9.310358e-006
3.530546434447460e-008	1.425657e-006	4.360379e-007	5.090822e-008	3.341454e-008	9.314410e-006
3.530646434447460e-008	1.286417e-006	2.931270e-007	5.089788e-008	3.339255e-008	9.318626e-006
3.530746434447460e-008	1.153423e-006	1.565278e-007	5.088754e-008	3.337030e-008	9.323005e-006
3.530858934447460e-008	1.009612e-006	8.718996e-009	5.087593e-008	3.334505e-008	9.328082e-006
3.530883934447460e-008	9.791148e-007	-2.265143e-008	5.087335e-008	3.333938e-008	9.329249e-006
3.530933934447460e-008	9.190431e-007	-8.446065e-008	5.086818e-008	3.332800e-008	9.331609e-006
3.530976494739863e-008	8.692642e-007	-1.357090e-007	5.086379e-008	3.331829e-008	9.333648e-006
3.531022916866591e-008	8.171074e-007	-1.894577e-007	5.085900e-008	3.330765e-008	9.335909e-006
3.531058764252308e-008	7.786438e-007	-2.291428e-007	5.085531e-008	3.329942e-008	9.337688e-006
3.531107672265727e-008	7.283375e-007	-2.811016e-007	5.085027e-008	3.328813e-008	9.340161e-006
3.531205488292563e-008	6.301825e-007	-3.825377e-007	5.084019e-008	3.326548e-008	9.345178e-006
3.531221145611538e-008	6.146558e-007	-3.985861e-007	5.083857e-008	3.326184e-008	9.345989e-006
3.531234969591958e-008	6.008753e-007	-4.128248e-007	5.083715e-008	3.325862e-008	9.346711e-006
3.531248793572379e-008	5.870041e-007	-4.271532e-007	5.083572e-008	3.325540e-008	9.347434e-006
3.531262617552799e-008	5.730423e-007	-4.415712e-007	5.083430e-008	3.325217e-008	9.348158e-006
3.531276441533219e-008	5.589897e-007	-4.560789e-007	5.083288e-008	3.324894e-008	9.348883e-006
3.531290265513639e-008	5.448465e-007	-4.706762e-007	5.083145e-008	3.324571e-008	9.349610e-006
3.531304089494059e-008	5.306127e-007	-4.853632e-007	5.083003e-008	3.324247e-008	9.350338e-006
3.531317913474480e-008	5.162881e-007	-5.001398e-007	5.082861e-008	3.323923e-008	9.351067e-006
3.531339913730979e-008	4.934545e-007	-5.236908e-007	5.082634e-008	3.323406e-008	9.352232e-006
3.531354738139380e-008	4.780211e-007	-5.396062e-007	5.082482e-008	3.323058e-008	9.353019e-006
3.531360324241884e-008	4.721965e-007	-5.456122e-007	5.082424e-008	3.322926e-008	9.353316e-006
3.531360990274651e-008	4.715012e-007	-5.463291e-007	5.082417e-008	3.322910e-008	9.353352e-006
3.531554501387327e-008	2.647151e-007	-7.592918e-007	5.080427e-008	3.318322e-008	9.363852e-006
3.531748012500003e-008	5.286250e-008	-9.771160e-007	5.078439e-008	3.313658e-008	9.374666e-006
3.531941523612679e-008	-1.640565e-007	-1.199802e-006	5.076453e-008	3.308918e-008	9.385795e-006
3.532135034725355e-008	-3.860419e-007	-1.427349e-006	5.074469e-008	3.304103e-008	9.397238e-006
3.532328545838032e-008	-6.130938e-007	-1.659758e-006	5.072487e-008	3.299213e-008	9.408996e-006
3.532522056950707e-008	-8.452121e-007	-1.897029e-006	5.070508e-008	3.294248e-008	9.421068e-006
3.532715568063384e-008	-1.082397e-006	-2.139161e-006	5.068531e-008	3.289207e-008	9.433455e-006
3.533029853777670e-008	-1.477981e-006	-2.542312e-006	5.065325e-008	3.280841e-008	9.454249e-006
3.533344139491956e-008	-1.877160e-006	-2.948505e-006	5.062125e-008	3.272260e-008	9.475688e-006
3.533658425206242e-008	-2.279931e-006	-3.357740e-006	5.058931e-008	3.263464e-008	9.497772e-006
3.533972710920528e-008	-2.686297e-006	-3.770017e-006	5.055742e-008	3.254454e-008	9.520500e-006
3.534286996634814e-008	-3.096255e-006	-4.185337e-006	5.052559e-008	3.245230e-008	9.543873e-006
3.534601282349100e-008	-3.509808e-006	-4.603698e-006	5.049382e-008	3.235791e-008	9.567890e-006
3.534915568063386e-008	-3.926954e-006	-5.025102e-006	5.046211e-008	3.226138e-008	9.592552e-006
3.535258425206244e-008	-4.379091e-006	-5.481247e-006	5.042758e-008	3.215352e-008	9.620061e-006
3.535601282349101e-008	-4.822431e-006	-5.928037e-006	5.039312e-008	3.204355e-008	9.648036e-006
3.535944139491959e-008	-5.256976e-006	-6.365472e-006	5.035872e-008	3.193149e-008	9.676477e-006
3.536286996634816e-008	-5.682725e-006	-6.793553e-006	5.032438e-008	3.181734e-008	9.705384e-006
3.536629853777674e-008	-6.099679e-006	-7.212280e-006	5.029011e-008	3.170108e-008	9.734756e-006
3.536972710920531e-008	-6.507836e-006	-7.621651e-006	5.025591e-008	3.158273e-008	9.764594e-006
3.537315568063389e-008	-6.907198e-006	-8.021669e-006	5.022177e-008	3.146228e-008	9.794898e-006
3.537415568063389e-008	-7.020335e-006	-8.134930e-006	5.021182e-008	3.142694e-008	9.803762e-006
3.537443635479131e-008	-7.051794e-006	-8.166418e-006	5.020903e-008	3.141700e-008	9.806255e-006
3.537466793408629e-008	-7.076882e-006	-8.191525e-006	5.020673e-008	3.140878e-008	9.808320e-006
3.537532557461351e-008	-7.136156e-006	-8.250848e-006	5.020019e-008	3.138545e-008	9.814283e-006
3.537799467083421e-008	-7.261698e-006	-8.376543e-006	5.017369e-008	3.129093e-008	9.839427e-006
3.537999467083421e-008	-7.249324e-006	-8.364311e-006	5.015386e-008	3.122073e-008	9.859163e-006
3.538199467083422e-008	-7.148407e-006	-8.263636e-006	5.013405e-008	3.115152e-008	9.879670e-006
3.538499467083422e-008	-6.850024e-006	-7.965935e-006	5.010437e-008	3.105040e-008	9.911771e-006
3.538799467083422e-008	-6.411239e-006	-7.528364e-006	5.007474e-008	3.095339e-008	9.945249e-006
3.539099467083423e-008	-5.879239e-006	-6.998221e-006	5.004515e-008	3.086119e-008	9.979782e-006
3.539399467083423e-008	-5.301232e-006	-6.422769e-006	5.001561e-008	3.077414e-008	1.001502e-005
3.539699467083423e-008	-4.718046e-006	-5.842841e-006	4.998612e-008	3.069223e-008	1.005066e-005
3.539899467083424e-008	-4.336888e-006	-5.464284e-006	4.996648e-008	3.064075e-008	1.007458e-005
3.540099467083424e-008	-3.980377e-006	-5.110598e-006	4.994687e-008	3.059101e-008	1.009842e-005
3.540299467083424e-008	-3.648512e-006	-4.781781e-006	4.992727e-008	3.054303e-008	1.012218e-005
3.540499467083424e-008	-3.341293e-006	-4.477835e-006	4.990769e-008	3.049679e-008	1.014586e-005
3.540699467083424e-008	-3.058720e-006	-4.198760e-006	4.988814e-008	3.045230e-008	1.016945e-005
3.540899467083425e-008	-2.800794e-006	-3.944554e-006	4.986860e-008	3.040956e-008	1.019296e-005
3.541099467083425e-008	-2.567514e-006	-3.715219e-006	4.984908e-008	3.036857e-008	1.021639e-005
3.541399467083425e-008	-2.266330e-006	-3.420133e-006	4.981985e-008	3.030889e-008	1.025121e-005
3.541699467083426e-008	-2.014082e-006	-3.174250e-006	4.979066e-008	3.025164e-008	1.028574e-005
3.541999467083426e-008	-1.803946e-006	-2.970687e-006	4.976150e-008	3.019650e-008	1.031999e-005
3.542299467083426e-008	-1.629130e-006	-2.802607e-006	4.973240e-008	3.014315e-008	1.035396e-005
3.542599467083427e-008	-1.483350e-006	-2.663689e-006	4.970333e-008	3.009136e-008	1.038768e-005
3.542828038511998e-008	-1.392004e-006	-2.577654e-006	4.968122e-008	3.005294e-008	1.041319e-005
3.543056609940570e-008	-1.308246e-006	-2.499232e-006	4.965913e-008	3.001511e-008	1.043857e-005
3.543285181369141e-008	-1.232078e-006	-2.428424e-006	4.963706e-008	2.997787e-008	1.046381e-005
3.543513752797714e-008	-1.163498e-006	-2.365229e-006	4.961502e-008	2.994121e-008	1.048890e-005
3.543742324226285e-008	-1.102508e-006	-2.309648e-006	4.959300e-008	2.990514e-008	1.051386e-005
3.543970895654857e-008	-1.049107e-006	-2.261680e-006	4.957100e-008	2.986966e-008	1.053867e-005
3.544199467083428e-008	-1.003295e-006	-2.221326e-006	4.954903e-008	2.983476e-008	1.056334e-005
3.544570895654858e-008	-9.345551e-007	-2.161460e-006	4.951338e-008	2.977899e-008	1.060316e-005
3.544942324226287e-008	-8.698790e-007	-2.105646e-006	4.947779e-008	2.972422e-008	1.064253e-005
3.545313752797716e-008	-8.092661e-007	-2.053884e-006	4.944226e-008	2.967043e-008	1.068146e-005
3.545685181369144e-008	-7.527166e-007	-2.006175e-006	4.940679e-008	2.961764e-008	1.071994e-005
3.546056609940573e-008	-7.002304e-007	-1.962519e-006	4.937138e-008	2.956583e-008	1.075798e-005
3.546428038512002e-008	-6.518075e-007	-1.922915e-006	4.933603e-008	2.951501e-008	1.079557e-005
3.546799467083431e-008	-6.074480e-007	-1.887363e-006	4.930074e-008	2.946518e-008	1.083272e-005
3.547070895654860e-008	-5.746469e-007	-1.860977e-006	4.927499e-008	2.942924e-008	1.085954e-005
3.547342324226289e-008	-5.425480e-007	-1.835277e-006	4.924926e-008	2.939373e-008	1.088607e-005
3.547613752797718e-008	-5.111513e-007	-1.810264e-006	4.922357e-008	2.935864e-008	1.091233e-005
3.547885181369147e-008	-4.804568e-007	-1.785939e-006	4.919791e-008	2.932397e-008	1.093830e-005
3.548156609940576e-008	-4.504645e-007	-1.762300e-006	4.917228e-008	2.928972e-008	1.096399e-005
3.548428038512005e-008	-4.211744e-007	-1.739348e-006	4.914667e-008	2.925590e-008	1.098940e-005
3.548699467083434e-008	-3.925864e-007	-1.717083e-006	4.912110e-008	2.922249e-008	1.101452e-005
3.548799467083434e-008	-3.821672e-007	-1.708989e-006	4.911167e-008	2.921027e-008	1.102370e-005
3.549128038512005e-008	-3.485336e-007	-1.682979e-006	4.908143e-008	2.917053e-008	1.105358e-005
3.549456609940577e-008	-3.156528e-007	-1.657694e-006	4.904827e-008	2.913130e-008	1.108301e-005
3.549785181369149e-008	-2.835251e-007	-1.633135e-006	4.901221e-008	2.909260e-008	1.111199e-005
3.550113752797721e-008	-2.521503e-007	-1.609301e-006	4.897323e-008	2.905441e-008	1.114053e-005
3.550442324226293e-008	-2.215284e-007	-1.586192e-006	4.893134e-008	2.901675e-008	1.116863e-005
3.550770895654865e-008	-1.916595e-007	-1.563808e-006	4.888653e-008	2.897960e-008	1.119629e-005
3.551099467083436e-008	-1.625435e-007	-1.542150e-006	4.883882e-008	2.894298e-008	1.122350e-005
3.551656609940580e-008	-1.148024e-007	-1.506989e-006	4.875013e-008	2.888203e-008	1.126857e-005
3.552213752797724e-008	-6.883571e-008	-1.473510e-006	4.865252e-008	2.882226e-008	1.131243e-005
3.552770895654867e-008	-2.464329e-008	-1.441712e-006	4.854600e-008	2.876368e-008	1.135506e-005
3.553328038512010e-008	1.777482e-008	-1.411596e-006	4.843056e-008	2.870627e-008	1.139646e-005
3.553885181369153e-008	5.841862e-008	-1.383162e-006	4.830620e-008	2.865005e-008	1.143665e-005
3.554442324226297e-008	9.728812e-008	-1.356409e-006	4.817293e-008	2.859500e-008	1.147561e-005
3.554999467083441e-008	1.343833e-007	-1.331338e-006	4.803075e-008	2.854114e-008	1.151334e-005
3.555328038512012e-008	1.555750e-007	-1.317190e-006	4.794158e-008	2.850980e-008	1.153508e-005
3.555656609940584e-008	1.762305e-007	-1.303542e-006	4.785430e-008	2.847879e-008	1.155644e-005
3.555985181369156e-008	1.963499e-007	-1.290396e-006	4.776890e-008	2.844809e-008	1.157743e-005
3.556313752797728e-008	2.159331e-007	-1.277751e-006	4.768539e-008	2.841772e-008	1.159804e-005
3.556642324226300e-008	2.349802e-007	-1.265607e-006	4.760376e-008	2.838767e-008	1.161828e-005
3.556970895654872e-008	2.534912e-007	-1.253964e-006	4.752403e-008	2.835795e-008	1.163814e-005
3.557299467083443e-008	2.714660e-007	-1.242822e-006	4.744617e-008	2.832854e-008	1.165763e-005
3.557585181369158e-008	2.867926e-007	-1.233409e-006	4.738302e-008	2.830321e-008	1.167429e-005
3.557870895654873e-008	3.015999e-007	-1.224487e-006	4.732160e-008	2.827807e-008	1.169070e-005
3.558156609940587e-008	3.158877e-007	-1.216056e-006	4.726193e-008	2.825314e-008	1.170686e-005
3.558442324226302e-008	3.296561e-007	-1.208117e-006	4.720399e-008	2.822842e-008	1.172276e-005
3.558728038512016e-008	3.429051e-007	-1.200670e-006	4.714780e-008	2.820389e-008	1.173842e-005
3.559013752797731e-008	3.556347e-007	-1.193714e-006	4.709336e-008	2.817957e-008	1.175382e-005
3.559299467083446e-008	3.678449e-007	-1.187251e-006	4.704065e-008	2.815545e-008	1.176896e-005
3.559536967083445e-008	3.768186e-007	-1.183031e-006	4.699724e-008	2.813552e-008	1.178138e-005
3.559586967083446e-008	3.784639e-007	-1.182384e-006	4.698819e-008	2.813134e-008	1.178397e-005
3.559619346371724e-008	3.790047e-007	-1.182489e-006	4.698235e-008	2.812863e-008	1.178564e-005
3.559662518756094e-008	3.786554e-007	-1.183697e-006	4.697458e-008	2.812502e-008	1.178785e-005
3.559715524192054e-008	3.780287e-007	-1.185377e-006	4.696508e-008	2.812059e-008	1.179056e-005
3.559863826756828e-008	3.783681e-007	-1.187978e-006	4.693867e-008	2.810822e-008	1.179811e-005
3.560012129321601e-008	3.790519e-007	-1.190225e-006	4.691247e-008	2.809588e-008	1.180559e-005
3.560160431886374e-008	3.800801e-007	-1.192117e-006	4.688648e-008	2.808357e-008	1.181302e-005
3.560308734451148e-008	3.814527e-007	-1.193655e-006	4.686070e-008	2.807130e-008	1.182039e-005
3.560457037015922e-008	3.831698e-007	-1.194839e-006	4.683513e-008	2.805905e-008	1.182771e-005
3.560605339580695e-008	3.852312e-007	-1.195668e-006	4.680977e-008	2.804684e-008	1.183496e-005
3.560753642145468e-008	3.876371e-007	-1.196143e-006	4.678462e-008	2.803466e-008	1.184216e-005
3.561053642145469e-008	3.915463e-007	-1.198034e-006	4.673424e-008	2.801013e-008	1.185652e-005
3.561210785002612e-008	3.928343e-007	-1.199768e-006	4.670815e-008	2.799732e-008	1.186395e-005
3.561367927859755e-008	3.941558e-007	-1.201458e-006	4.668223e-008	2.798455e-008	1.187130e-005
3.561525070716898e-008	3.955108e-007	-1.203103e-006	4.665649e-008	2.797182e-008	1.187859e-005
3.561682213574041e-008	3.968994e-007	-1.204704e-006	4.663092e-008	2.795911e-008	1.188582e-005
3.561839356431184e-008	3.983214e-007	-1.206260e-006	4.660553e-008	2.794644e-008	1.189297e-005
3.561996499288327e-008	3.997770e-007	-1.207773e-006	4.658031e-008	2.793380e-008	1.190006e-005
3.562153642145470e-008	4.012660e-007	-1.209241e-006	4.655527e-008	2.792119e-008	1.190708e-005
3.562266142145470e-008	4.029162e-007	-1.209703e-006	4.653742e-008	2.791219e-008	1.191207e-005
3.562275517145470e-008	4.029991e-007	-1.209795e-006	4.653594e-008	2.791144e-008	1.191249e-005
3.562284892145470e-008	4.031478e-007	-1.209822e-006	4.653446e-008	2.791069e-008	1.191290e-005
3.562294267145470e-008	4.033621e-007	-1.209784e-006	4.653298e-008	2.790994e-008	1.191331e-005
3.562303642145470e-008	4.036422e-007	-1.209679e-006	4.653150e-008	2.790919e-008	1.191373e-005
3.562313017145470e-008	4.039879e-007	-1.209509e-006	4.653002e-008	2.790844e-008	1.191414e-005
3.562322392145469e-008	4.043995e-007	-1.209273e-006	4.652854e-008	2.790769e-008	1.191455e-005
3.562331767145470e-008	4.048767e-007	-1.208972e-006	4.652706e-008	2.790695e-008	1.191496e-005
3.562356767145470e-008	4.064040e-007	-1.207913e-006	4.652312e-008	2.790495e-008	1.191605e-005
3.562389870957236e-008	4.082923e-007	-1.206645e-006	4.651790e-008	2.790232e-008	1.191748e-005
3.562664312094787e-008	4.163799e-007	-1.203680e-006	4.647497e-008	2.788054e-008	1.192868e-005
3.562764312094787e-008	4.179962e-007	-1.203924e-006	4.645943e-008	2.787262e-008	1.193251e-005
3.562864312094787e-008	4.192101e-007	-1.204566e-006	4.644395e-008	2.786472e-008	1.193624e-005
3.562882537874769e-008	4.194363e-007	-1.204678e-006	4.644113e-008	2.786329e-008	1.193690e-005
3.562896331465675e-008	4.197819e-007	-1.204588e-006	4.643900e-008	2.786220e-008	1.193740e-005
3.562924392214841e-008	4.212036e-007	-1.203686e-006	4.643468e-008	2.785999e-008	1.193841e-005
3.562949832880824e-008	4.230999e-007	-1.202262e-006	4.643076e-008	2.785799e-008	1.193932e-005
3.562972478758544e-008	4.251919e-007	-1.200590e-006	4.642727e-008	2.785621e-008	1.194012e-005
3.562988175946717e-008	4.268415e-007	-1.199231e-006	4.642486e-008	2.785498e-008	1.194068e-005
3.562994500599879e-008	4.275510e-007	-1.198639e-006	4.642389e-008	2.785448e-008	1.194090e-005
3.562995363135238e-008	4.276505e-007	-1.198556e-006	4.642376e-008	2.785442e-008	1.194093e-005
3.563049997178035e-008	4.354479e-007	-1.191772e-006	4.641538e-008	2.785015e-008	1.194284e-005
3.563104631220832e-008	4.448016e-007	-1.183434e-006	4.640702e-008	2.784590e-008	1.194473e-005
3.563159265263630e-008	4.557113e-007	-1.173542e-006	4.639867e-008	2.784167e-008	1.194659e-005
3.563213899306428e-008	4.681773e-007	-1.162095e-006	4.639034e-008	2.783747e-008	1.194843e-005
3.563268533349225e-008	4.821994e-007	-1.149094e-006	4.638202e-008	2.783328e-008	1.195024e-005
3.563323167392022e-008	4.977776e-007	-1.134539e-006	4.637372e-008	2.782912e-008	1.195204e-005
3.563377801434820e-008	5.149120e-007	-1.118429e-006	4.636544e-008	2.782497e-008	1.195380e-005
3.563392838605211e-008	5.201450e-007	-1.113479e-006	4.636316e-008	2.782384e-008	1.195428e-005
3.563407875775602e-008	5.252945e-007	-1.108613e-006	4.636088e-008	2.782271e-008	1.195476e-005
3.563422912945994e-008	5.303605e-007	-1.103830e-006	4.635861e-008	2.782158e-008	1.195524e-005
3.563437950116385e-008	5.353430e-007	-1.099131e-006	4.635634e-008	2.782046e-008	1.195572e-005
3.563452987286776e-008	5.402420e-007	-1.094516e-006	4.635407e-008	2.781933e-008	1.195619e-005
3.563468024457168e-008	5.450575e-007	-1.089984e-006	4.635180e-008	2.781821e-008	1.195667e-005
3.563483061627559e-008	5.497894e-007	-1.085537e-006	4.634953e-008	2.781709e-008	1.195714e-005
3.563578412657850e-008	5.799050e-007	-1.057227e-006	4.633519e-008	2.781004e-008	1.196014e-005
3.563673763688142e-008	6.098622e-007	-1.029083e-006	4.632089e-008	2.780306e-008	1.196312e-005
3.563769114718433e-008	6.396609e-007	-1.001103e-006	4.630664e-008	2.779616e-008	1.196610e-005
3.563864465748724e-008	6.693013e-007	-9.732889e-007	4.629244e-008	2.778932e-008	1.196906e-005
3.563959816779015e-008	6.987832e-007	-9.456396e-007	4.627829e-008	2.778257e-008	1.197201e-005
3.564055167809307e-008	7.281067e-007	-9.181554e-007	4.626419e-008	2.777588e-008	1.197495e-005
3.564150518839598e-008	7.572718e-007	-8.908363e-007	4.625014e-008	2.776927e-008	1.197787e-005
3.564250518839598e-008	7.875034e-007	-8.625476e-007	4.623546e-008	2.776241e-008	1.198091e-005
3.564350518839598e-008	8.170771e-007	-8.349233e-007	4.622083e-008	2.775563e-008	1.198388e-005
3.564450518839598e-008	8.457184e-007	-8.082378e-007	4.620625e-008	2.774893e-008	1.198676e-005
3.564650518839598e-008	9.002032e-007	-7.576814e-007	4.617725e-008	2.773573e-008	1.199213e-005
3.564850518839598e-008	9.512810e-007	-7.105523e-007	4.614845e-008	2.772280e-008	1.199701e-005
3.565150518839599e-008	1.021627e-006	-6.461614e-007	4.610563e-008	2.770386e-008	1.200338e-005
3.565250518839599e-008	1.043418e-006	-6.263617e-007	4.609146e-008	2.769766e-008	1.200526e-005
3.565350518839599e-008	1.064370e-006	-6.074047e-007	4.607733e-008	2.769152e-008	1.200701e-005
3.565450518839599e-008	1.084616e-006	-5.891565e-007	4.606325e-008	2.768541e-008	1.200866e-005
3.565470644237016e-008	1.088590e-006	-5.855845e-007	4.606041e-008	2.768419e-008	1.200897e-005
3.565490318610523e-008	1.092450e-006	-5.821173e-007	4.605765e-008	2.768300e-008	1.200927e-005
3.565493822171977e-008	1.093147e-006	-5.814912e-007	4.605716e-008	2.768279e-008	1.200933e-005
3.565494026328561e-008	1.093187e-006	-5.814546e-007	4.605713e-008	2.768278e-008	1.200933e-005
3.565494402414799e-008	1.093262e-006	-5.813872e-007	4.605708e-008	2.768275e-008	1.200934e-005
3.565494869494872e-008	1.093355e-006	-5.813035e-007	4.605701e-008	2.768273e-008	1.200934e-005
3.565495622144208e-008	1.093505e-006	-5.811686e-007	4.605691e-008	2.768268e-008	1.200935e-005
3.565496457111965e-008	1.093672e-006	-5.810189e-007	4.605679e-008	2.768263e-008	1.200937e-005
3.565497398688421e-008	1.093859e-006	-5.808500e-007	4.605666e-008	2.768257e-008	1.200938e-005
3.565498437015053e-008	1.094066e-006	-5.806637e-007	4.605651e-008	2.768251e-008	1.200940e-005
3.565501207728187e-008	1.094620e-006	-5.801660e-007	4.605612e-008	2.768234e-008	1.200944e-005
3.565513304093560e-008	1.097045e-006	-5.779826e-007	4.605443e-008	2.768161e-008	1.200963e-005
3.565525400458933e-008	1.099475e-006	-5.757950e-007	4.605273e-008	2.768088e-008	1.200981e-005
3.565537496824306e-008	1.101909e-006	-5.736031e-007	4.605104e-008	2.768015e-008	1.201000e-005
3.565549593189679e-008	1.104347e-006	-5.714069e-007	4.604934e-008	2.767943e-008	1.201018e-005
3.565561689555053e-008	1.106789e-006	-5.692066e-007	4.604765e-008	2.767870e-008	1.201037e-005
3.565573785920425e-008	1.109236e-006	-5.670020e-007	4.604596e-008	2.767797e-008	1.201056e-005
3.565585882285799e-008	1.111687e-006	-5.647931e-007	4.604426e-008	2.767725e-008	1.201074e-005
3.566211807392803e-008	1.237645e-006	-4.514433e-007	4.595782e-008	2.764089e-008	1.202033e-005
3.566837732499808e-008	1.361752e-006	-3.400253e-007	4.587287e-008	2.760625e-008	1.202990e-005
3.567463657606813e-008	1.484007e-006	-2.305392e-007	4.578942e-008	2.757335e-008	1.203943e-005
3.568089582713819e-008	1.604412e-006	-1.229849e-007	4.570746e-008	2.754218e-008	1.204894e-005
3.568715507820823e-008	1.722965e-006	-1.736241e-008	4.562700e-008	2.751274e-008	1.205843e-005
3.569341432927828e-008	1.839668e-006	8.632822e-008	4.554803e-008	2.748502e-008	1.206788e-005
3.569967358034833e-008	1.954519e-006	1.880870e-007	4.547056e-008	2.745904e-008	1.207731e-005
3.570067358034833e-008	1.972712e-006	2.041856e-007	4.545826e-008	2.745500e-008	1.207882e-005
3.571624500891978e-008	2.249354e-006	4.478690e-007	4.527241e-008	2.739872e-008	1.210217e-005
3.573181643749123e-008	2.516351e-006	6.818622e-007	4.509087e-008	2.734846e-008	1.212537e-005
3.574738786606267e-008	2.773705e-006	9.061653e-007	4.491365e-008	2.730421e-008	1.214844e-005
3.576295929463412e-008	3.021415e-006	1.120778e-006	4.474074e-008	2.726599e-008	1.217136e-005
3.577853072320556e-008	3.259480e-006	1.325701e-006	4.457214e-008	2.723378e-008	1.219415e-005
3.579410215177701e-008	3.487901e-006	1.520933e-006	4.440785e-008	2.720760e-008	1.221680e-005
3.580967358034846e-008	3.706678e-006	1.706476e-006	4.424787e-008	2.718743e-008	1.223930e-005
3.583681643749135e-008	4.065991e-006	2.008255e-006	4.398892e-008	2.716198e-008	1.227821e-005
3.586395929463423e-008	4.404797e-006	2.290638e-006	4.374172e-008	2.714006e-008	1.231675e-005
3.589110215177712e-008	4.723097e-006	2.553622e-006	4.350627e-008	2.712168e-008	1.235494e-005
3.591824500892000e-008	5.020891e-006	2.797209e-006	4.328256e-008	2.710683e-008	1.239277e-005
3.594538786606290e-008	5.298178e-006	3.021398e-006	4.307060e-008	2.709552e-008	1.243024e-005
3.597253072320578e-008	5.554960e-006	3.226190e-006	4.287039e-008	2.708774e-008	1.246736e-005
3.599967358034867e-008	5.791234e-006	3.411584e-006	4.268193e-008	2.708350e-008	1.250412e-005
3.600067358034867e-008	5.799747e-006	3.418258e-006	4.267493e-008	2.708319e-008	1.250546e-005
3.604338786606301e-008	6.135860e-006	3.677801e-006	4.238815e-008	2.707063e-008	1.256261e-005
3.608610215177734e-008	6.444215e-006	3.912960e-006	4.210511e-008	2.704958e-008	1.261905e-005
3.612881643749168e-008	6.724812e-006	4.123734e-006	4.182582e-008	2.702004e-008	1.267479e-005
3.617153072320601e-008	6.977650e-006	4.310125e-006	4.155028e-008	2.698201e-008	1.272982e-005
3.621424500892034e-008	7.202730e-006	4.472132e-006	4.127849e-008	2.693549e-008	1.278413e-005
3.625695929463468e-008	7.400053e-006	4.609754e-006	4.101043e-008	2.688048e-008	1.283775e-005
3.629967358034901e-008	7.569617e-006	4.722992e-006	4.074613e-008	2.681698e-008	1.289065e-005
3.630067358034901e-008	7.573519e-006	4.725605e-006	4.073982e-008	2.681534e-008	1.289188e-005
3.634338786606335e-008	7.727268e-006	4.826153e-006	4.047014e-008	2.673911e-008	1.294416e-005
3.638610215177768e-008	7.867953e-006	4.915972e-006	4.019838e-008	2.665482e-008	1.299586e-005
3.642881643749202e-008	7.995574e-006	4.995063e-006	3.992454e-008	2.656246e-008	1.304697e-005
3.647153072320635e-008	8.110132e-006	5.063426e-006	3.964861e-008	2.646202e-008	1.309750e-005
3.651424500892068e-008	8.211625e-006	5.121061e-006	3.937061e-008	2.635352e-008	1.314746e-005
3.655695929463502e-008	8.300054e-006	5.167968e-006	3.909052e-008	2.623694e-008	1.319683e-005
3.659967358034935e-008	8.375419e-006	5.204146e-006	3.880836e-008	2.611230e-008	1.324561e-005
3.660067358034935e-008	8.377151e-006	5.204974e-006	3.880172e-008	2.610934e-008	1.324675e-005
3.664338786606369e-008	8.445039e-006	5.235401e-006	3.851697e-008	2.597855e-008	1.329500e-005
3.668610215177802e-008	8.506730e-006	5.261022e-006	3.823099e-008	2.584345e-008	1.334273e-005
3.672881643749236e-008	8.562224e-006	5.281837e-006	3.794378e-008	2.570405e-008	1.338997e-005
3.677153072320669e-008	8.611520e-006	5.297845e-006	3.765534e-008	2.556032e-008	1.343669e-005
3.681424500892102e-008	8.654618e-006	5.309047e-006	3.736568e-008	2.541229e-008	1.348290e-005
3.685695929463536e-008	8.691520e-006	5.315443e-006	3.707479e-008	2.525995e-008	1.352861e-005
3.689967358034969e-008	8.722223e-006	5.317033e-006	3.678267e-008	2.510329e-008	1.357381e-005
3.690067358034969e-008	8.722926e-006	5.317062e-006	3.677584e-008	2.509961e-008	1.357486e-005
3.720067358035003e-008	8.850487e-006	5.264508e-006	3.472490e-008	2.394712e-008	1.387919e-005
3.739967358035026e-008	8.872942e-006	5.186323e-006	3.337951e-008	2.315479e-008	1.406900e-005
3.740167358035026e-008	8.873003e-006	5.185432e-006	3.336610e-008	2.314679e-008	1.407086e-005
3.750067358035037e-008	8.872830e-006	5.139377e-006	3.270575e-008	2.275132e-008	1.416185e-005
3.780067358035071e-008	8.843765e-006	4.984380e-006	3.075111e-008	2.156427e-008	1.442449e-005
3.810067358035105e-008	8.789115e-006	4.819474e-006	2.887600e-008	2.041080e-008	1.466851e-005
3.812895929463680e-008	8.783144e-006	4.803791e-006	2.870355e-008	2.030423e-008	1.469060e-005
3.815724500892254e-008	8.777082e-006	4.788120e-006	2.853186e-008	2.019807e-008	1.471254e-005
3.818553072320829e-008	8.770930e-006	4.772462e-006	2.836093e-008	2.009233e-008	1.473433e-005
3.821381643749404e-008	8.764686e-006	4.756816e-006	2.819076e-008	1.998701e-008	1.475597e-005
3.824210215177979e-008	8.758351e-006	4.741183e-006	2.802135e-008	1.988210e-008	1.477745e-005
3.827038786606553e-008	8.751925e-006	4.725563e-006	2.785271e-008	1.977760e-008	1.479878e-005
3.829867358035128e-008	8.745408e-006	4.709954e-006	2.768483e-008	1.967353e-008	1.481997e-005
3.840067358035139e-008	8.721373e-006	4.653923e-006	2.708577e-008	1.930180e-008	1.489514e-005
3.870067358035173e-008	8.646699e-006	4.491915e-006	2.538090e-008	1.824129e-008	1.510547e-005
3.884167358035189e-008	8.610141e-006	4.417559e-006	2.460856e-008	1.775987e-008	1.519899e-005
3.884267358035189e-008	8.609880e-006	4.417036e-006	2.460315e-008	1.775650e-008	1.519968e-005
3.884295425468095e-008	8.609806e-006	4.416889e-006	2.460163e-008	1.775555e-008	1.519980e-005
3.884318645471306e-008	8.609741e-006	4.416764e-006	2.460037e-008	1.775477e-008	1.519965e-005
3.884423295129230e-008	8.609297e-006	4.416047e-006	2.459471e-008	1.775124e-008	1.519687e-005
3.884527944787153e-008	8.608717e-006	4.415194e-006	2.458904e-008	1.774770e-008	1.519206e-005
3.884632594445077e-008	8.608000e-006	4.414205e-006	2.458338e-008	1.774417e-008	1.518522e-005
3.884737244103000e-008	8.607147e-006	4.413080e-006	2.457772e-008	1.774063e-008	1.517636e-005
3.884841893760924e-008	8.606157e-006	4.411818e-006	2.457206e-008	1.773710e-008	1.516547e-005
3.884946543418847e-008	8.605030e-006	4.410421e-006	2.456640e-008	1.773356e-008	1.515255e-005
3.885051193076771e-008	8.603767e-006	4.408887e-006	2.456074e-008	1.773002e-008	1.513760e-005
3.885151193076771e-008	8.602432e-006	4.407294e-006	2.455533e-008	1.772664e-008	1.512136e-005
3.885251193076771e-008	8.600974e-006	4.405579e-006	2.454992e-008	1.772325e-008	1.510327e-005
3.885451193076771e-008	8.597688e-006	4.401780e-006	2.453911e-008	1.771647e-008	1.506152e-005
3.885651193076771e-008	8.593916e-006	4.397499e-006	2.452831e-008	1.770967e-008	1.501242e-005
3.885851193076772e-008	8.589666e-006	4.392741e-006	2.451750e-008	1.770286e-008	1.495607e-005
3.886051193076772e-008	8.584944e-006	4.387516e-006	2.450670e-008	1.769603e-008	1.489256e-005
3.886251193076772e-008	8.579759e-006	4.381833e-006	2.449590e-008	1.768918e-008	1.482199e-005
3.886451193076772e-008	8.574121e-006	4.375701e-006	2.448510e-008	1.768231e-008	1.474448e-005
3.886751193076773e-008	8.564839e-006	4.365684e-006	2.446891e-008	1.767195e-008	1.461551e-005
3.887051193076773e-008	8.554595e-006	4.354719e-006	2.445272e-008	1.766154e-008	1.447170e-005
3.887351193076773e-008	8.543433e-006	4.342846e-006	2.443654e-008	1.765105e-008	1.431359e-005
3.887651193076774e-008	8.531395e-006	4.330111e-006	2.442037e-008	1.764050e-008	1.414176e-005
3.887920835933917e-008	8.519768e-006	4.317868e-006	2.440583e-008	1.763095e-008	1.397476e-005
3.888190478791060e-008	8.507599e-006	4.305097e-006	2.439130e-008	1.762133e-008	1.379898e-005
3.888460121648203e-008	8.494889e-006	4.291798e-006	2.437677e-008	1.761164e-008	1.361440e-005
3.888729764505346e-008	8.481638e-006	4.277970e-006	2.436225e-008	1.760187e-008	1.342104e-005
3.888999407362490e-008	8.467846e-006	4.263613e-006	2.434773e-008	1.759203e-008	1.321889e-005
3.889269050219632e-008	8.453512e-006	4.248729e-006	2.433322e-008	1.758212e-008	1.300796e-005
3.889538693076776e-008	8.438637e-006	4.233315e-006	2.431870e-008	1.757214e-008	1.278824e-005
3.889638693076776e-008	8.433070e-006	4.227553e-006	2.431332e-008	1.756841e-008	1.270596e-005
3.890138693076776e-008	8.405167e-006	4.198706e-006	2.428642e-008	1.754959e-008	1.229250e-005
3.890638693076777e-008	8.377659e-006	4.170294e-006	2.425953e-008	1.753053e-008	1.188170e-005
3.891138693076777e-008	8.350545e-006	4.142318e-006	2.423265e-008	1.751123e-008	1.147359e-005
3.891638693076778e-008	8.323824e-006	4.114778e-006	2.420578e-008	1.749169e-008	1.106815e-005
3.892138693076778e-008	8.297497e-006	4.087674e-006	2.417892e-008	1.747192e-008	1.066538e-005
3.892638693076779e-008	8.271564e-006	4.061005e-006	2.415206e-008	1.745191e-008	1.026530e-005
3.893138693076780e-008	8.246025e-006	4.034772e-006	2.412522e-008	1.743165e-008	9.867884e-006
3.893767264505352e-008	8.214833e-006	4.002764e-006	2.409149e-008	1.740589e-008	9.377325e-006
3.894395835933924e-008	8.184930e-006	3.972085e-006	2.405777e-008	1.737990e-008	8.901791e-006
3.895024407362496e-008	8.156315e-006	3.942735e-006	2.402408e-008	1.735370e-008	8.441283e-006
3.895652978791068e-008	8.128990e-006	3.914715e-006	2.399040e-008	1.732729e-008	7.995800e-006
3.896281550219641e-008	8.102952e-006	3.888023e-006	2.395674e-008	1.730066e-008	7.565343e-006
3.896910121648213e-008	8.078204e-006	3.862661e-006	2.392310e-008	1.727381e-008	7.149912e-006
3.897538693076785e-008	8.054743e-006	3.838629e-006	2.388948e-008	1.724676e-008	6.749506e-006
3.897795835933928e-008	8.045622e-006	3.829276e-006	2.387573e-008	1.723567e-008	6.591936e-006
3.898052978791071e-008	8.036741e-006	3.820168e-006	2.386199e-008	1.722458e-008	6.437420e-006
3.898310121648214e-008	8.028100e-006	3.811303e-006	2.384825e-008	1.721347e-008	6.285958e-006
3.898567264505357e-008	8.019699e-006	3.802681e-006	2.383452e-008	1.720235e-008	6.137551e-006
3.898824407362500e-008	8.011539e-006	3.794303e-006	2.382079e-008	1.719122e-008	5.992197e-006
3.899081550219644e-008	8.003619e-006	3.786169e-006	2.380706e-008	1.718007e-008	5.849898e-006
3.899338693076787e-008	7.995939e-006	3.778278e-006	2.379334e-008	1.716891e-008	5.710653e-006
3.899438693076787e-008	7.993016e-006	3.775272e-006	2.378800e-008	1.716457e-008	5.657328e-006
3.900424407362502e-008	7.966631e-006	3.748123e-006	2.373544e-008	1.712157e-008	5.162356e-006
3.901410121648218e-008	7.943031e-006	3.723748e-006	2.368295e-008	1.707874e-008	4.704854e-006
3.902395835933933e-008	7.922216e-006	3.702147e-006	2.363055e-008	1.703608e-008	4.284822e-006
3.903381550219649e-008	7.904186e-006	3.683321e-006	2.357822e-008	1.699359e-008	3.902261e-006
3.904367264505364e-008	7.888942e-006	3.667269e-006	2.352597e-008	1.695127e-008	3.557170e-006
3.905352978791079e-008	7.876483e-006	3.653992e-006	2.347380e-008	1.690912e-008	3.249549e-006
3.906338693076795e-008	7.866809e-006	3.643490e-006	2.342171e-008	1.686713e-008	2.979399e-006
3.907038693076795e-008	7.860914e-006	3.636970e-006	2.338478e-008	1.683762e-008	2.801947e-006
3.907738693076796e-008	7.855758e-006	3.631165e-006	2.334790e-008	1.680831e-008	2.635276e-006
3.908438693076797e-008	7.851342e-006	3.626074e-006	2.331106e-008	1.677921e-008	2.479387e-006
3.909138693076798e-008	7.847665e-006	3.621698e-006	2.327428e-008	1.675031e-008	2.334279e-006
3.909838693076799e-008	7.844728e-006	3.618037e-006	2.323754e-008	1.672163e-008	2.199954e-006
3.910538693076799e-008	7.842531e-006	3.615090e-006	2.320085e-008	1.669315e-008	2.076410e-006
3.911238693076800e-008	7.841073e-006	3.612858e-006	2.316420e-008	1.666488e-008	1.963647e-006
3.911410121648229e-008	7.840760e-006	3.612351e-006	2.315524e-008	1.665800e-008	1.936809e-006
3.911581550219658e-008	7.840476e-006	3.611871e-006	2.314627e-008	1.665113e-008	1.910422e-006
3.911752978791087e-008	7.840221e-006	3.611418e-006	2.313731e-008	1.664427e-008	1.884487e-006
3.911924407362515e-008	7.839995e-006	3.610993e-006	2.312836e-008	1.663743e-008	1.859002e-006
3.912095835933944e-008	7.839798e-006	3.610595e-006	2.311940e-008	1.663060e-008	1.833969e-006
3.912267264505373e-008	7.839630e-006	3.610225e-006	2.311045e-008	1.662378e-008	1.809387e-006
3.912438693076802e-008	7.839491e-006	3.609881e-006	2.310151e-008	1.661698e-008	1.785256e-006
3.912538693076802e-008	7.839421e-006	3.609691e-006	2.309629e-008	1.661302e-008	1.771353e-006
3.912638693076802e-008	7.839359e-006	3.609508e-006	2.309107e-008	1.660906e-008	1.757560e-006
3.912838693076802e-008	7.839250e-006	3.609157e-006	2.308064e-008	1.660116e-008	1.730235e-006
3.913024407362516e-008	7.839172e-006	3.608850e-006	2.307096e-008	1.659384e-008	1.705221e-006
3.913210121648231e-008	7.839108e-006	3.608556e-006	2.306128e-008	1.658654e-008	1.680455e-006
3.913395835933945e-008	7.839057e-006	3.608275e-006	2.305161e-008	1.657925e-008	1.655935e-006
3.913581550219660e-008	7.839021e-006	3.608005e-006	2.304193e-008	1.657198e-008	1.631663e-006
3.913767264505374e-008	7.838999e-006	3.607748e-006	2.303227e-008	1.656473e-008	1.607637e-006
3.913952978791089e-008	7.838991e-006	3.607503e-006	2.302260e-008	1.655749e-008	1.583858e-006
3.914138693076803e-008	7.838998e-006	3.607271e-006	2.301294e-008	1.655026e-008	1.560326e-006
3.914180450240773e-008	7.839000e-006	3.607219e-006	2.301077e-008	1.654864e-008	1.555048e-006
3.914506328827230e-008	7.839066e-006	3.606859e-006	2.299383e-008	1.653601e-008	1.514769e-006
3.914606328827230e-008	7.839100e-006	3.606763e-006	2.298864e-008	1.653214e-008	1.502670e-006
3.914706328827230e-008	7.839149e-006	3.606679e-006	2.298344e-008	1.652828e-008	1.490849e-006
3.914806328827230e-008	7.839222e-006	3.606619e-006	2.297825e-008	1.652443e-008	1.479436e-006
3.914992043112944e-008	7.839431e-006	3.606580e-006	2.296861e-008	1.651727e-008	1.459380e-006
3.915177757398659e-008	7.839723e-006	3.606622e-006	2.295897e-008	1.651014e-008	1.440613e-006
3.915363471684374e-008	7.840098e-006	3.606745e-006	2.294933e-008	1.650302e-008	1.423132e-006
3.915549185970088e-008	7.840556e-006	3.606949e-006	2.293970e-008	1.649592e-008	1.406939e-006
3.915734900255803e-008	7.841097e-006	3.607233e-006	2.293008e-008	1.648884e-008	1.392033e-006
3.915920614541518e-008	7.841722e-006	3.607599e-006	2.292046e-008	1.648177e-008	1.378414e-006
3.916106328827232e-008	7.842429e-006	3.608046e-006	2.291084e-008	1.647472e-008	1.366083e-006
3.916406328827232e-008	7.843730e-006	3.608921e-006	2.289531e-008	1.646337e-008	1.348676e-006
3.916506328827232e-008	7.844204e-006	3.609252e-006	2.289013e-008	1.645960e-008	1.343520e-006
3.916538000380658e-008	7.844359e-006	3.609362e-006	2.288849e-008	1.645841e-008	1.341962e-006
3.916546955645674e-008	7.844404e-006	3.609393e-006	2.288803e-008	1.645807e-008	1.341528e-006
3.916555688789980e-008	7.844447e-006	3.609424e-006	2.288758e-008	1.645774e-008	1.341090e-006
3.916556686226730e-008	7.844452e-006	3.609428e-006	2.288753e-008	1.645770e-008	1.341038e-006
3.916557281229035e-008	7.844455e-006	3.609430e-006	2.288750e-008	1.645768e-008	1.341007e-006
3.916557870471056e-008	7.844458e-006	3.609432e-006	2.288747e-008	1.645766e-008	1.340977e-006
3.916558547788459e-008	7.844462e-006	3.609434e-006	2.288743e-008	1.645763e-008	1.340944e-006
3.916559256038198e-008	7.844465e-006	3.609437e-006	2.288740e-008	1.645761e-008	1.340908e-006
3.916559955224039e-008	7.844468e-006	3.609439e-006	2.288736e-008	1.645758e-008	1.340873e-006
3.916560642456099e-008	7.844472e-006	3.609442e-006	2.288732e-008	1.645755e-008	1.340838e-006
3.916561329001711e-008	7.844475e-006	3.609444e-006	2.288729e-008	1.645753e-008	1.340804e-006
3.916562017154613e-008	7.844478e-006	3.609446e-006	2.288725e-008	1.645750e-008	1.340769e-006
3.916562738228080e-008	7.844482e-006	3.609449e-006	2.288722e-008	1.645748e-008	1.340733e-006
3.916563593249724e-008	7.844486e-006	3.609452e-006	2.288717e-008	1.645744e-008	1.340689e-006
3.916564557126282e-008	7.844491e-006	3.609455e-006	2.288712e-008	1.645741e-008	1.340641e-006
3.916565709107847e-008	7.844497e-006	3.609459e-006	2.288706e-008	1.645736e-008	1.340582e-006
3.916568729487429e-008	7.844512e-006	3.609470e-006	2.288690e-008	1.645725e-008	1.340429e-006
3.916899173331243e-008	7.846126e-006	3.610604e-006	2.286982e-008	1.644484e-008	1.323800e-006
3.917229617175058e-008	7.847736e-006	3.611727e-006	2.285274e-008	1.643248e-008	1.307394e-006
3.917560061018873e-008	7.849343e-006	3.612841e-006	2.283568e-008	1.642017e-008	1.291213e-006
3.917890504862688e-008	7.850947e-006	3.613944e-006	2.281863e-008	1.640792e-008	1.275255e-006
3.918220948706503e-008	7.852547e-006	3.615037e-006	2.280159e-008	1.639572e-008	1.259521e-006
3.918551392550318e-008	7.854144e-006	3.616119e-006	2.278456e-008	1.638358e-008	1.244011e-006
3.918881836394132e-008	7.855737e-006	3.617192e-006	2.276754e-008	1.637149e-008	1.228724e-006
3.919696122108419e-008	7.859648e-006	3.619789e-006	2.272566e-008	1.634195e-008	1.192043e-006
3.920510407822705e-008	7.863526e-006	3.622321e-006	2.268385e-008	1.631268e-008	1.156510e-006
3.921324693536992e-008	7.867371e-006	3.624785e-006	2.264212e-008	1.628369e-008	1.122125e-006
3.922138979251278e-008	7.871181e-006	3.627183e-006	2.260045e-008	1.625498e-008	1.088888e-006
3.922953264965565e-008	7.874958e-006	3.629515e-006	2.255885e-008	1.622655e-008	1.056799e-006
3.923767550679852e-008	7.878701e-006	3.631779e-006	2.251732e-008	1.619839e-008	1.025859e-006
3.924581836394139e-008	7.882411e-006	3.633978e-006	2.247586e-008	1.617052e-008	9.960667e-007
3.924681836394139e-008	7.882863e-006	3.634243e-006	2.247077e-008	1.616711e-008	9.924665e-007
3.927453264965570e-008	7.895095e-006	3.641185e-006	2.233023e-008	1.607465e-008	9.009773e-007
3.930224693537002e-008	7.906824e-006	3.647324e-006	2.219041e-008	1.598403e-008	8.173516e-007
3.932996122108434e-008	7.918049e-006	3.652660e-006	2.205132e-008	1.589526e-008	7.415895e-007
3.935767550679865e-008	7.928771e-006	3.657193e-006	2.191296e-008	1.580834e-008	6.736909e-007
3.938538979251297e-008	7.938989e-006	3.660923e-006	2.177533e-008	1.572326e-008	6.136559e-007
3.941310407822729e-008	7.948704e-006	3.663849e-006	2.163842e-008	1.564003e-008	5.614844e-007
3.944081836394161e-008	7.957915e-006	3.665973e-006	2.150223e-008	1.555864e-008	5.171764e-007
3.945581836394162e-008	7.962740e-006	3.666798e-006	2.142879e-008	1.551483e-008	4.943773e-007
3.947081836394164e-008	7.967399e-006	3.667427e-006	2.135554e-008	1.547128e-008	4.727807e-007
3.948581836394166e-008	7.971894e-006	3.667859e-006	2.128249e-008	1.542799e-008	4.523867e-007
3.950081836394167e-008	7.976222e-006	3.668093e-006	2.120963e-008	1.538497e-008	4.331951e-007
3.951581836394169e-008	7.980385e-006	3.668131e-006	2.113696e-008	1.534221e-008	4.152060e-007
3.953081836394171e-008	7.984383e-006	3.667971e-006	2.106449e-008	1.529972e-008	3.984194e-007
3.954581836394173e-008	7.988215e-006	3.667614e-006	2.099221e-008	1.525749e-008	3.828353e-007
3.954681836394173e-008	7.988463e-006	3.667585e-006	2.098739e-008	1.525468e-008	3.818186e-007
3.956210407822746e-008	7.992161e-006	3.667030e-006	2.091402e-008	1.521186e-008	3.669266e-007
3.957738979251319e-008	7.995666e-006	3.666312e-006	2.084079e-008	1.516921e-008	3.528256e-007
3.959267550679892e-008	7.998978e-006	3.665431e-006	2.076771e-008	1.512672e-008	3.395157e-007
3.960796122108466e-008	8.002098e-006	3.664386e-006	2.069478e-008	1.508441e-008	3.269967e-007
3.962324693537039e-008	8.005025e-006	3.663177e-006	2.062200e-008	1.504227e-008	3.152687e-007
3.963853264965612e-008	8.007759e-006	3.661805e-006	2.054937e-008	1.500029e-008	3.043317e-007
3.965381836394185e-008	8.010300e-006	3.660270e-006	2.047689e-008	1.495849e-008	2.941858e-007
3.966553264965615e-008	8.012073e-006	3.659011e-006	2.044701e-008	1.492667e-008	2.867802e-007
3.967724693537045e-008	8.013773e-006	3.657662e-006	2.035760e-008	1.489500e-008	2.796845e-007
3.968896122108475e-008	8.015398e-006	3.656223e-006	2.020866e-008	1.486348e-008	2.728987e-007
3.970067550679904e-008	8.016950e-006	3.654695e-006	2.000018e-008	1.483210e-008	2.664229e-007
3.971238979251334e-008	8.018428e-006	3.653076e-006	1.973217e-008	1.480086e-008	2.602569e-007
3.972410407822764e-008	8.019831e-006	3.651368e-006	1.940463e-008	1.476977e-008	2.544008e-007
3.973581836394194e-008	8.021161e-006	3.649570e-006	1.901754e-008	1.473882e-008	2.488547e-007
3.974310407822766e-008	8.022002e-006	3.648398e-006	1.870575e-008	1.471948e-008	2.455206e-007
3.975038979251338e-008	8.022861e-006	3.647183e-006	1.835903e-008	1.470009e-008	2.422769e-007
3.975767550679911e-008	8.023740e-006	3.645927e-006	1.797738e-008	1.468066e-008	2.391234e-007
3.976496122108483e-008	8.024637e-006	3.644628e-006	1.756081e-008	1.466117e-008	2.360601e-007
3.977224693537056e-008	8.025554e-006	3.643288e-006	1.710931e-008	1.464164e-008	2.330871e-007
3.977953264965628e-008	8.026489e-006	3.641905e-006	1.662289e-008	1.462206e-008	2.302044e-007
3.978681836394200e-008	8.027443e-006	3.640480e-006	1.610154e-008	1.460244e-008	2.274119e-007
3.979524693537058e-008	8.028602e-006	3.638773e-006	1.545803e-008	1.457967e-008	2.242829e-007
3.980367550679916e-008	8.029814e-006	3.637011e-006	1.479650e-008	1.455692e-008	2.212496e-007
3.981210407822774e-008	8.031079e-006	3.635193e-006	1.411694e-008	1.453419e-008	2.183121e-007
3.982053264965632e-008	8.032399e-006	3.633320e-006	1.341936e-008	1.451146e-008	2.154702e-007
3.982896122108491e-008	8.033771e-006	3.631392e-006	1.270376e-008	1.448874e-008	2.127240e-007
3.983738979251348e-008	8.035198e-006	3.629408e-006	1.197013e-008	1.446604e-008	2.100735e-007
3.984581836394207e-008	8.036678e-006	3.627368e-006	1.121848e-008	1.444335e-008	2.075186e-007
3.984681836394207e-008	8.036857e-006	3.627124e-006	1.113050e-008	1.444066e-008	2.072202e-007
3.985524693537065e-008	8.038404e-006	3.625026e-006	1.038249e-008	1.441804e-008	2.047577e-007
3.986367550679923e-008	8.039986e-006	3.622888e-006	9.642355e-009	1.439545e-008	2.023694e-007
3.987210407822781e-008	8.041602e-006	3.620708e-006	8.910084e-009	1.437291e-008	2.000552e-007
3.988053264965639e-008	8.043253e-006	3.618488e-006	8.185681e-009	1.435040e-008	1.978151e-007
3.988896122108497e-008	8.044939e-006	3.616226e-006	7.469145e-009	1.432793e-008	1.956490e-007
3.989738979251355e-008	8.046659e-006	3.613924e-006	6.760477e-009	1.430549e-008	1.935571e-007
3.990581836394213e-008	8.048413e-006	3.611580e-006	6.059676e-009	1.428310e-008	1.915392e-007
3.991181836394214e-008	8.049669e-006	3.609895e-006	5.570489e-009	1.426721e-008	1.901399e-007
3.991781836394215e-008	8.050925e-006	3.608196e-006	5.091143e-009	1.425130e-008	1.887709e-007
3.992381836394215e-008	8.052183e-006	3.606484e-006	4.621637e-009	1.423538e-008	1.874320e-007
3.992981836394216e-008	8.053442e-006	3.604758e-006	4.161971e-009	1.421944e-008	1.861234e-007
3.993581836394217e-008	8.054702e-006	3.603019e-006	3.712147e-009	1.420349e-008	1.848451e-007
3.994181836394217e-008	8.055963e-006	3.601267e-006	3.272162e-009	1.418753e-008	1.835969e-007
3.994781836394218e-008	8.057225e-006	3.599502e-006	2.842018e-009	1.417155e-008	1.823790e-007
3.996281836394220e-008	8.060336e-006	3.595052e-006	1.821181e-009	1.413191e-008	1.794487e-007
3.996381836394220e-008	8.060540e-006	3.594753e-006	1.755040e-009	1.412928e-008	1.792591e-007
3.996409903827125e-008	8.060599e-006	3.594669e-006	1.741184e-009	1.412854e-008	1.792060e-007
3.996420218765669e-008	8.060620e-006	3.594639e-006	1.738293e-009	1.412827e-008	1.791865e-007
3.996427748022454e-008	8.060635e-006	3.594616e-006	1.733853e-009	1.412807e-008	1.791723e-007
3.996435784877092e-008	8.060651e-006	3.594592e-006	1.729334e-009	1.412786e-008	1.791571e-007
3.996437201019750e-008	8.060654e-006	3.594588e-006	1.728259e-009	1.412783e-008	1.791544e-007
3.998638080587429e-008	8.065188e-006	3.587917e-006	4.513454e-010	1.407004e-008	1.752299e-007
4.000838960155109e-008	8.069317e-006	3.581224e-006	-8.194870e-010	1.401235e-008	1.715568e-007
4.003039839722789e-008	8.073042e-006	3.574509e-006	-2.084238e-009	1.395478e-008	1.681351e-007
4.005240719290468e-008	8.076361e-006	3.567770e-006	-3.342908e-009	1.389731e-008	1.649648e-007
4.007441598858148e-008	8.079276e-006	3.561010e-006	-4.595497e-009	1.383995e-008	1.620460e-007
4.009642478425828e-008	8.081786e-006	3.554226e-006	-5.842005e-009	1.378270e-008	1.593786e-007
4.011843357993508e-008	8.083892e-006	3.547420e-006	-7.082432e-009	1.372555e-008	1.569626e-007
4.011943357993508e-008	8.083971e-006	3.547113e-006	-7.138762e-009	1.372296e-008	1.568546e-007
4.014114786564939e-008	8.085413e-006	3.540448e-006	-8.359030e-009	1.366672e-008	1.546292e-007
4.016286215136370e-008	8.086367e-006	3.533795e-006	-9.576745e-009	1.361062e-008	1.525310e-007
4.018457643707801e-008	8.086833e-006	3.527153e-006	-1.079191e-008	1.355467e-008	1.505601e-007
4.020629072279231e-008	8.086813e-006	3.520523e-006	-1.200452e-008	1.349886e-008	1.487165e-007
4.022800500850663e-008	8.086304e-006	3.513904e-006	-1.321458e-008	1.344320e-008	1.470001e-007
4.024971929422094e-008	8.085309e-006	3.507296e-006	-1.442208e-008	1.338769e-008	1.454110e-007
4.027143357993525e-008	8.083825e-006	3.500700e-006	-1.562704e-008	1.333232e-008	1.439491e-007
4.027371929422096e-008	8.083645e-006	3.500005e-006	-1.575393e-008	1.332650e-008	1.437978e-007
4.027600500850668e-008	8.083460e-006	3.499310e-006	-1.588210e-008	1.332068e-008	1.436475e-007
4.027829072279240e-008	8.083271e-006	3.498616e-006	-1.601152e-008	1.331487e-008	1.434981e-007
4.028057643707812e-008	8.083076e-006	3.497921e-006	-1.614221e-008	1.330906e-008	1.433498e-007
4.028286215136384e-008	8.082877e-006	3.497226e-006	-1.627416e-008	1.330324e-008	1.432024e-007
4.028514786564955e-008	8.082673e-006	3.496531e-006	-1.640738e-008	1.329744e-008	1.430560e-007
4.028743357993527e-008	8.082465e-006	3.495837e-006	-1.654186e-008	1.329163e-008	1.429106e-007
4.029143357993527e-008	8.082087e-006	3.494621e-006	-1.678279e-008	1.328147e-008	1.426584e-007
4.029543357993528e-008	8.081696e-006	3.493405e-006	-1.702694e-008	1.327131e-008	1.424090e-007
4.029943357993528e-008	8.081290e-006	3.492189e-006	-1.727430e-008	1.326117e-008	1.421624e-007
4.030343357993529e-008	8.080870e-006	3.490973e-006	-1.752487e-008	1.325102e-008	1.419185e-007
4.030743357993529e-008	8.080435e-006	3.489756e-006	-1.777866e-008	1.324089e-008	1.416773e-007
4.031143357993529e-008	8.079987e-006	3.488540e-006	-1.803566e-008	1.323075e-008	1.414389e-007
4.031543357993530e-008	8.079524e-006	3.487324e-006	-1.829588e-008	1.322063e-008	1.412032e-007
4.032157643707817e-008	8.078786e-006	3.485455e-006	-1.869749e-008	1.320509e-008	1.408465e-007
4.032771929422103e-008	8.078017e-006	3.483586e-006	-1.910500e-008	1.318956e-008	1.404954e-007
4.033386215136389e-008	8.077217e-006	3.481716e-006	-1.951841e-008	1.317404e-008	1.401498e-007
4.034000500850675e-008	8.076385e-006	3.479845e-006	-1.993772e-008	1.315854e-008	1.398098e-007
4.034614786564962e-008	8.075523e-006	3.477973e-006	-2.036293e-008	1.314305e-008	1.394755e-007
4.035229072279248e-008	8.074629e-006	3.476101e-006	-2.079404e-008	1.312758e-008	1.391467e-007
4.035843357993535e-008	8.073705e-006	3.474228e-006	-2.123105e-008	1.311211e-008	1.388235e-007
4.036086215136392e-008	8.073331e-006	3.473487e-006	-2.140555e-008	1.310601e-008	1.386970e-007
4.036329072279249e-008	8.072954e-006	3.472746e-006	-2.158091e-008	1.309990e-008	1.385713e-007
4.036571929422107e-008	8.072571e-006	3.472005e-006	-2.175711e-008	1.309379e-008	1.384463e-007
4.036814786564965e-008	8.072185e-006	3.471263e-006	-2.193417e-008	1.308769e-008	1.383221e-007
4.037057643707822e-008	8.071793e-006	3.470522e-006	-2.211209e-008	1.308159e-008	1.381987e-007
4.037300500850679e-008	8.071397e-006	3.469780e-006	-2.229086e-008	1.307549e-008	1.380761e-007
4.037543357993537e-008	8.070997e-006	3.469038e-006	-2.247048e-008	1.306939e-008	1.379542e-007
4.037843357993537e-008	8.070497e-006	3.468121e-006	-2.269281e-008	1.306186e-008	1.378047e-007
4.038143357993537e-008	8.069989e-006	3.467204e-006	-2.291502e-008	1.305434e-008	1.376563e-007
4.038443357993538e-008	8.069475e-006	3.466286e-006	-2.313643e-008	1.304681e-008	1.375090e-007
4.038614786564967e-008	8.069179e-006	3.465762e-006	-2.326246e-008	1.304252e-008	1.374253e-007
4.038786215136395e-008	8.068880e-006	3.465238e-006	-2.338786e-008	1.303822e-008	1.373420e-007
4.038957643707824e-008	8.068579e-006	3.464713e-006	-2.351263e-008	1.303393e-008	1.372590e-007
4.039129072279252e-008	8.068276e-006	3.464188e-006	-2.363676e-008	1.302963e-008	1.371764e-007
4.039300500850681e-008	8.067971e-006	3.463663e-006	-2.376027e-008	1.302534e-008	1.370941e-007
4.039471929422110e-008	8.067664e-006	3.463138e-006	-2.388314e-008	1.302105e-008	1.370122e-007
4.039643357993539e-008	8.067354e-006	3.462613e-006	-2.400539e-008	1.301676e-008	1.369306e-007
4.039957643707825e-008	8.066782e-006	3.461650e-006	-2.422715e-008	1.300889e-008	1.367819e-007
4.040271929422111e-008	8.066203e-006	3.460687e-006	-2.444747e-008	1.300103e-008	1.366344e-007
4.040586215136397e-008	8.065617e-006	3.459723e-006	-2.466634e-008	1.299317e-008	1.364879e-007
4.040900500850683e-008	8.065024e-006	3.458759e-006	-2.488376e-008	1.298532e-008	1.363425e-007
4.041214786564970e-008	8.064425e-006	3.457794e-006	-2.509973e-008	1.297747e-008	1.361982e-007
4.041529072279255e-008	8.063819e-006	3.456829e-006	-2.531426e-008	1.296962e-008	1.360550e-007
4.041843357993542e-008	8.063205e-006	3.455864e-006	-2.552733e-008	1.296178e-008	1.359129e-007
4.041943357993542e-008	8.063009e-006	3.455556e-006	-2.559515e-008	1.295928e-008	1.358679e-007
4.042443357993542e-008	8.062016e-006	3.454019e-006	-2.593274e-008	1.294681e-008	1.356446e-007
4.042943357993543e-008	8.061008e-006	3.452481e-006	-2.626964e-008	1.293435e-008	1.354237e-007
4.043443357993543e-008	8.059984e-006	3.450941e-006	-2.660586e-008	1.292190e-008	1.352053e-007
4.043943357993544e-008	8.058945e-006	3.449400e-006	-2.694140e-008	1.290946e-008	1.349893e-007
4.044443357993544e-008	8.057889e-006	3.447858e-006	-2.727625e-008	1.289702e-008	1.347758e-007
4.044943357993545e-008	8.056818e-006	3.446315e-006	-2.761041e-008	1.288460e-008	1.345647e-007
4.045443357993546e-008	8.055731e-006	3.444770e-006	-2.794389e-008	1.287218e-008	1.343561e-007
4.047686215136406e-008	8.053721e-006	3.436262e-006	-2.943562e-008	1.281693e-008	1.334647e-007
4.049929072279265e-008	8.058593e-006	3.426121e-006	-3.092499e-008	1.276146e-008	1.326239e-007
4.052171929422125e-008	8.070348e-006	3.414347e-006	-3.241199e-008	1.270579e-008	1.318336e-007
4.054414786564984e-008	8.088986e-006	3.400939e-006	-3.389664e-008	1.264991e-008	1.310939e-007
4.056657643707844e-008	8.114507e-006	3.385898e-006	-3.537893e-008	1.259383e-008	1.304048e-007
4.058900500850704e-008	8.146911e-006	3.369223e-006	-3.685886e-008	1.253753e-008	1.297661e-007
4.061143357993563e-008	8.186197e-006	3.350915e-006	-3.833643e-008	1.248103e-008	1.291781e-007
4.061457643707850e-008	8.188664e-006	3.349320e-006	-3.854394e-008	1.247312e-008	1.290881e-007
4.061771929422135e-008	8.191048e-006	3.347753e-006	-3.875145e-008	1.246521e-008	1.289982e-007
4.062086215136422e-008	8.193350e-006	3.346214e-006	-3.895895e-008	1.245730e-008	1.289086e-007
4.062400500850708e-008	8.195571e-006	3.344702e-006	-3.916645e-008	1.244940e-008	1.288193e-007
4.062714786564994e-008	8.197709e-006	3.343219e-006	-3.937394e-008	1.244150e-008	1.287301e-007
4.063029072279280e-008	8.199766e-006	3.341763e-006	-3.958142e-008	1.243360e-008	1.286411e-007
4.063343357993566e-008	8.201740e-006	3.340336e-006	-3.978890e-008	1.242571e-008	1.285524e-007
4.064171929422138e-008	8.206546e-006	3.336709e-006	-4.033352e-008	1.240492e-008	1.283196e-007
4.065000500850710e-008	8.210961e-006	3.333205e-006	-4.087669e-008	1.238416e-008	1.280883e-007
4.065829072279283e-008	8.214986e-006	3.329823e-006	-4.141840e-008	1.236344e-008	1.278586e-007
4.066657643707856e-008	8.218620e-006	3.326563e-006	-4.195866e-008	1.234276e-008	1.276304e-007
4.067486215136428e-008	8.221863e-006	3.323425e-006	-4.249746e-008	1.232212e-008	1.274037e-007
4.068314786565000e-008	8.224715e-006	3.320408e-006	-4.303481e-008	1.230151e-008	1.271787e-007
4.069143357993573e-008	8.227177e-006	3.317514e-006	-4.357069e-008	1.228094e-008	1.269551e-007
4.071943357993576e-008	8.233668e-006	3.308212e-006	-4.537341e-008	1.221177e-008	1.262109e-007
4.076214786565009e-008	8.238424e-006	3.295552e-006	-4.809151e-008	1.210729e-008	1.251196e-007
4.080486215136443e-008	8.238758e-006	3.283568e-006	-5.079042e-008	1.200402e-008	1.240545e-007
4.084757643707876e-008	8.234669e-006	3.272258e-006	-5.347013e-008	1.190194e-008	1.230158e-007
4.089029072279309e-008	8.226159e-006	3.261624e-006	-5.613063e-008	1.180105e-008	1.220034e-007
4.093300500850743e-008	8.213227e-006	3.251664e-006	-5.877194e-008	1.170137e-008	1.210173e-007
4.097571929422176e-008	8.195873e-006	3.242380e-006	-6.139404e-008	1.160288e-008	1.200575e-007
4.101843357993610e-008	8.174096e-006	3.233771e-006	-6.399695e-008	1.150559e-008	1.191241e-007
4.101943357993610e-008	8.173600e-006	3.233553e-006	-6.405790e-008	1.150332e-008	1.191024e-007
4.106214786565043e-008	8.150715e-006	3.224157e-006	-6.665282e-008	1.140713e-008	1.181890e-007
4.110486215136477e-008	8.127338e-006	3.214353e-006	-6.924188e-008	1.131165e-008	1.172930e-007
4.114757643707910e-008	8.103470e-006	3.204140e-006	-7.182507e-008	1.121690e-008	1.164142e-007
4.119029072279343e-008	8.079111e-006	3.193518e-006	-7.440240e-008	1.112287e-008	1.155526e-007
4.123300500850777e-008	8.054261e-006	3.182487e-006	-7.697387e-008	1.102955e-008	1.147084e-007
4.127571929422210e-008	8.028920e-006	3.171046e-006	-7.953947e-008	1.093696e-008	1.138814e-007
4.131843357993644e-008	8.003087e-006	3.159197e-006	-8.209921e-008	1.084510e-008	1.130717e-007
4.131943357993644e-008	8.002500e-006	3.158914e-006	-8.215918e-008	1.084295e-008	1.130528e-007
4.136214786565077e-008	7.977454e-006	3.146548e-006	-8.471820e-008	1.075151e-008	1.122561e-007
4.140486215136511e-008	7.952881e-006	3.133912e-006	-8.727716e-008	1.066055e-008	1.114701e-007
4.144757643707944e-008	7.928781e-006	3.121004e-006	-8.983608e-008	1.057007e-008	1.106948e-007
4.149029072279377e-008	7.905155e-006	3.107826e-006	-9.239494e-008	1.048006e-008	1.099302e-007
4.153300500850811e-008	7.882002e-006	3.094376e-006	-9.495376e-008	1.039054e-008	1.091764e-007
4.157571929422244e-008	7.859322e-006	3.080656e-006	-9.751252e-008	1.030150e-008	1.084332e-007
4.161843357993678e-008	7.837116e-006	3.066665e-006	-1.000712e-007	1.021293e-008	1.077009e-007
4.161943357993678e-008	7.836604e-006	3.066338e-006	-1.001312e-007	1.021087e-008	1.076838e-007
4.191943357993712e-008	7.695862e-006	2.966007e-006	-1.181647e-007	9.602366e-009	1.027449e-007
4.221943357993746e-008	7.576167e-006	2.865883e-006	-1.363281e-007	9.019466e-009	9.810567e-008
4.226214786565179e-008	7.560454e-006	2.851878e-006	-1.389260e-007	8.938680e-009	9.746562e-008
4.230486215136613e-008	7.544964e-006	2.837961e-006	-1.415267e-007	8.858461e-009	9.683004e-008
4.234757643708046e-008	7.529696e-006	2.824134e-006	-1.441302e-007	8.778809e-009	9.619894e-008
4.239029072279479e-008	7.514651e-006	2.810394e-006	-1.467365e-007	8.699723e-009	9.557232e-008
4.243300500850913e-008	7.499828e-006	2.796744e-006	-1.493456e-007	8.621204e-009	9.495017e-008
4.247571929422346e-008	7.485228e-006	2.783182e-006	-1.519575e-007	8.543251e-009	9.433249e-008
4.251843357993780e-008	7.470851e-006	2.769709e-006	-1.545722e-007	8.465864e-009	9.371929e-008
4.251943357993780e-008	7.470515e-006	2.769395e-006	-1.546334e-007	8.464060e-009	9.370498e-008
4.256214786565213e-008	7.456301e-006	2.756023e-006	-1.572508e-007	8.387260e-009	9.309605e-008
4.260486215136647e-008	7.442222e-006	2.742744e-006	-1.598706e-007	8.311022e-009	9.249119e-008
4.264757643708080e-008	7.428278e-006	2.729558e-006	-1.624928e-007	8.235346e-009	9.189042e-008
4.269029072279513e-008	7.414469e-006	2.716465e-006	-1.651174e-007	8.160231e-009	9.129373e-008
4.273300500850947e-008	7.400794e-006	2.703465e-006	-1.677443e-007	8.085677e-009	9.070112e-008
4.277571929422380e-008	7.387254e-006	2.690558e-006	-1.703736e-007	8.011684e-009	9.011260e-008
4.281843357993814e-008	7.373849e-006	2.677743e-006	-1.730053e-007	7.938253e-009	8.952816e-008
4.281943357993814e-008	7.373536e-006	2.677444e-006	-1.730669e-007	7.936540e-009	8.951452e-008
4.311943357993848e-008	7.281811e-006	2.589918e-006	-1.916041e-007	7.436236e-009	8.551942e-008
4.316214786565281e-008	7.269057e-006	2.577797e-006	-1.942504e-007	7.367159e-009	8.496593e-008
4.320486215136715e-008	7.256353e-006	2.565753e-006	-1.968979e-007	7.298598e-009	8.441611e-008
4.324757643708148e-008	7.243701e-006	2.553786e-006	-1.995467e-007	7.230553e-009	8.386996e-008
4.329029072279581e-008	7.231100e-006	2.541897e-006	-2.021966e-007	7.163022e-009	8.332748e-008
4.333300500851015e-008	7.218551e-006	2.530085e-006	-2.048478e-007	7.096006e-009	8.278866e-008
4.337571929422448e-008	7.206052e-006	2.518351e-006	-2.075002e-007	7.029505e-009	8.225351e-008
4.341843357993882e-008	7.193604e-006	2.506694e-006	-2.101538e-007	6.963520e-009	8.172204e-008
4.341943357993882e-008	7.193312e-006	2.506422e-006	-2.102159e-007	6.961981e-009	8.170964e-008
4.371943357993916e-008	7.106878e-006	2.426550e-006	-2.288730e-007	6.512477e-009	7.807668e-008
4.374314786565347e-008	7.100108e-006	2.420382e-006	-2.303486e-007	6.477964e-009	7.779680e-008
4.376686215136779e-008	7.093349e-006	2.414233e-006	-2.318245e-007	6.443595e-009	7.751798e-008
4.379057643708210e-008	7.086602e-006	2.408103e-006	-2.333006e-007	6.409371e-009	7.724020e-008
4.381429072279641e-008	7.079867e-006	2.401992e-006	-2.347769e-007	6.375290e-009	7.696347e-008
4.383800500851072e-008	7.073143e-006	2.395900e-006	-2.362535e-007	6.341355e-009	7.668779e-008
4.386171929422503e-008	7.066431e-006	2.389826e-006	-2.377304e-007	6.307563e-009	7.641316e-008
4.388543357993935e-008	7.059730e-006	2.383772e-006	-2.392075e-007	6.273916e-009	7.613959e-008
4.390443357993937e-008	7.054402e-006	2.378923e-006	-2.403947e-007	6.247061e-009	7.592124e-008
4.392343357993939e-008	7.049099e-006	2.374082e-006	-2.415836e-007	6.220294e-009	7.570358e-008
4.394243357993941e-008	7.043821e-006	2.369248e-006	-2.427742e-007	6.193616e-009	7.548663e-008
4.396143357993943e-008	7.038567e-006	2.364422e-006	-2.439666e-007	6.167028e-009	7.527038e-008
4.398043357993945e-008	7.033337e-006	2.359604e-006	-2.451609e-007	6.140528e-009	7.505482e-008
4.399943357993948e-008	7.028132e-006	2.354793e-006	-2.463568e-007	6.114118e-009	7.483996e-008
4.401843357993950e-008	7.022952e-006	2.349990e-006	-2.475546e-007	6.087796e-009	7.462580e-008
4.401943357993950e-008	7.022680e-006	2.349738e-006	-2.476176e-007	6.086414e-009	7.461455e-008
4.406214786565383e-008	7.011078e-006	2.338993e-006	-2.503134e-007	6.027574e-009	7.413553e-008
4.410486215136817e-008	6.999459e-006	2.328325e-006	-2.530078e-007	5.969174e-009	7.365954e-008
4.414757643708250e-008	6.987824e-006	2.317733e-006	-2.557006e-007	5.911214e-009	7.318659e-008
4.419029072279683e-008	6.976171e-006	2.307216e-006	-2.583920e-007	5.853693e-009	7.271668e-008
4.423300500851117e-008	6.964502e-006	2.296775e-006	-2.610819e-007	5.796612e-009	7.224981e-008
4.427571929422550e-008	6.952815e-006	2.286410e-006	-2.637704e-007	5.739971e-009	7.178597e-008
4.431843357993984e-008	6.941112e-006	2.276120e-006	-2.664573e-007	5.683770e-009	7.132516e-008
4.431943357993984e-008	6.940838e-006	2.275880e-006	-2.665202e-007	5.682459e-009	7.131441e-008
4.461943357994018e-008	6.858594e-006	2.205247e-006	-2.853572e-007	5.299809e-009	6.816343e-008
4.463786215136877e-008	6.837755e-006	2.205703e-006	-2.865120e-007	5.277385e-009	6.793240e-008
4.465629072279736e-008	6.831890e-006	2.201594e-006	-2.876667e-007	5.254704e-009	6.774230e-008
4.467471929422596e-008	6.841000e-006	2.192920e-006	-2.888213e-007	5.231765e-009	6.759313e-008
4.469314786565455e-008	6.865084e-006	2.179682e-006	-2.899757e-007	5.208568e-009	6.748491e-008
4.471157643708314e-008	6.904143e-006	2.161880e-006	-2.911299e-007	5.185114e-009	6.741761e-008
4.473000500851173e-008	6.958176e-006	2.139513e-006	-2.922840e-007	5.161401e-009	6.739126e-008
4.474843357994033e-008	7.027184e-006	2.112581e-006	-2.934379e-007	5.137431e-009	6.740584e-008
4.476671929422606e-008	7.157177e-006	2.067762e-006	-2.945840e-007	5.111840e-009	6.758580e-008
4.478500500851179e-008	7.301269e-006	2.020976e-006	-2.957320e-007	5.084680e-009	6.778925e-008
4.480329072279753e-008	7.459461e-006	1.972222e-006	-2.968818e-007	5.055951e-009	6.801619e-008
4.482157643708327e-008	7.631754e-006	1.921500e-006	-2.980335e-007	5.025654e-009	6.826661e-008
4.483986215136900e-008	7.818146e-006	1.868810e-006	-2.991870e-007	4.993788e-009	6.854052e-008
4.485814786565474e-008	8.018639e-006	1.814153e-006	-3.003424e-007	4.960353e-009	6.883791e-008
4.487643357994047e-008	8.233232e-006	1.757529e-006	-3.014997e-007	4.925350e-009	6.915879e-008
4.491943357994052e-008	8.686127e-006	1.651000e-006	-3.042285e-007	4.840011e-009	6.969489e-008
4.494886215136913e-008	8.961495e-006	1.598058e-006	-3.061029e-007	4.778672e-009	6.990123e-008
4.497829072279773e-008	9.212267e-006	1.554573e-006	-3.079775e-007	4.719185e-009	7.002519e-008
4.500771929422633e-008	9.438443e-006	1.520545e-006	-3.098525e-007	4.661549e-009	7.006675e-008
4.503714786565494e-008	9.640025e-006	1.495973e-006	-3.117278e-007	4.605764e-009	7.002593e-008
4.506657643708355e-008	9.817011e-006	1.480858e-006	-3.136035e-007	4.551831e-009	6.990271e-008
4.509600500851215e-008	9.969402e-006	1.475200e-006	-3.154795e-007	4.499749e-009	6.969711e-008
4.512543357994075e-008	1.009720e-005	1.478999e-006	-3.173558e-007	4.449519e-009	6.940912e-008
4.521943357994086e-008	1.042551e-005	1.504407e-006	-3.233290e-007	4.310977e-009	6.834583e-008
4.524700500851232e-008	1.049389e-005	1.517496e-006	-3.250762e-007	4.276304e-009	6.797519e-008
4.527457643708378e-008	1.056414e-005	1.528807e-006	-3.268205e-007	4.242876e-009	6.761881e-008
4.530214786565524e-008	1.063627e-005	1.538340e-006	-3.285622e-007	4.210692e-009	6.727668e-008
4.532971929422670e-008	1.071028e-005	1.546094e-006	-3.303010e-007	4.179754e-009	6.694880e-008
4.535729072279816e-008	1.078617e-005	1.552070e-006	-3.320370e-007	4.150060e-009	6.663518e-008
4.538486215136962e-008	1.086394e-005	1.556269e-006	-3.337703e-007	4.121612e-009	6.633580e-008
4.541243357994108e-008	1.094358e-005	1.558689e-006	-3.355007e-007	4.094408e-009	6.605068e-008
4.549043357994117e-008	1.105809e-005	1.596264e-006	-3.403804e-007	4.021946e-009	6.498116e-008
4.549371929422688e-008	1.106164e-005	1.597984e-006	-3.405857e-007	4.019096e-009	6.493458e-008
4.549700500851260e-008	1.106511e-005	1.599708e-006	-3.407929e-007	4.016260e-009	6.488795e-008
4.550029072279832e-008	1.106850e-005	1.601436e-006	-3.410018e-007	4.013438e-009	6.484126e-008
4.550357643708404e-008	1.107180e-005	1.603167e-006	-3.412126e-007	4.010632e-009	6.479452e-008
4.550686215136976e-008	1.107503e-005	1.604901e-006	-3.414251e-007	4.007840e-009	6.474772e-008
4.551014786565548e-008	1.107817e-005	1.606639e-006	-3.416393e-007	4.005064e-009	6.470086e-008
4.551343357994119e-008	1.108123e-005	1.608380e-006	-3.418554e-007	4.002302e-009	6.465395e-008
4.551943357994120e-008	1.108663e-005	1.611563e-006	-3.422551e-007	3.997293e-009	6.456820e-008
4.552386215136978e-008	1.109045e-005	1.613917e-006	-3.425533e-007	3.993628e-009	6.450481e-008
4.552829072279835e-008	1.109414e-005	1.616271e-006	-3.428552e-007	3.989986e-009	6.444137e-008
4.553271929422693e-008	1.109770e-005	1.618624e-006	-3.431607e-007	3.986368e-009	6.437790e-008
4.553714786565551e-008	1.110113e-005	1.620976e-006	-3.434700e-007	3.982773e-009	6.431438e-008
4.554157643708408e-008	1.110443e-005	1.623327e-006	-3.437829e-007	3.979202e-009	6.425083e-008
4.554600500851266e-008	1.110761e-005	1.625678e-006	-3.440995e-007	3.975655e-009	6.418723e-008
4.555043357994123e-008	1.111066e-005	1.628028e-006	-3.444198e-007	3.972132e-009	6.412360e-008
4.555371929422695e-008	1.111285e-005	1.629768e-006	-3.446604e-007	3.969532e-009	6.407638e-008
4.555700500851267e-008	1.111497e-005	1.631506e-006	-3.449002e-007	3.966945e-009	6.402917e-008
4.556029072279839e-008	1.111704e-005	1.633241e-006	-3.451392e-007	3.964368e-009	6.398195e-008
4.556357643708411e-008	1.111904e-005	1.634973e-006	-3.453776e-007	3.961804e-009	6.393474e-008
4.556686215136983e-008	1.112098e-005	1.636702e-006	-3.456152e-007	3.959251e-009	6.388753e-008
4.557014786565554e-008	1.112285e-005	1.638429e-006	-3.458521e-007	3.956709e-009	6.384032e-008
4.557343357994126e-008	1.112466e-005	1.640152e-006	-3.460882e-007	3.954179e-009	6.379311e-008
4.558014786565556e-008	1.112816e-005	1.643669e-006	-3.465623e-007	3.949047e-009	6.369660e-008
4.558686215136985e-008	1.113145e-005	1.647160e-006	-3.470339e-007	3.943957e-009	6.360023e-008
4.559357643708414e-008	1.113453e-005	1.650624e-006	-3.475030e-007	3.938907e-009	6.350400e-008
4.560029072279843e-008	1.113739e-005	1.654063e-006	-3.479696e-007	3.933899e-009	6.340791e-008
4.560700500851273e-008	1.114005e-005	1.657475e-006	-3.484338e-007	3.928931e-009	6.331196e-008
4.561371929422702e-008	1.114249e-005	1.660860e-006	-3.488954e-007	3.924005e-009	6.321615e-008
4.562043357994131e-008	1.114472e-005	1.664220e-006	-3.493545e-007	3.919120e-009	6.312047e-008
4.564700500851277e-008	1.114991e-005	1.677788e-006	-3.511619e-007	3.900249e-009	6.273924e-008
4.567357643708423e-008	1.115162e-005	1.691094e-006	-3.529610e-007	3.881768e-009	6.235916e-008
4.570014786565569e-008	1.114984e-005	1.704136e-006	-3.547519e-007	3.863678e-009	6.198022e-008
4.572671929422715e-008	1.114458e-005	1.716915e-006	-3.565346e-007	3.845977e-009	6.160243e-008
4.575329072279860e-008	1.113584e-005	1.729430e-006	-3.583089e-007	3.828667e-009	6.122579e-008
4.577986215137007e-008	1.112362e-005	1.741683e-006	-3.600750e-007	3.811748e-009	6.085030e-008
4.580643357994153e-008	1.110791e-005	1.753672e-006	-3.618329e-007	3.795218e-009	6.047595e-008
4.581943357994154e-008	1.109991e-005	1.759200e-006	-3.626917e-007	3.787139e-009	6.029578e-008
4.586214786565587e-008	1.106866e-005	1.776337e-006	-3.654913e-007	3.761188e-009	5.971090e-008
4.590486215137021e-008	1.103471e-005	1.791823e-006	-3.682708e-007	3.735121e-009	5.914026e-008
4.594757643708455e-008	1.099807e-005	1.805658e-006	-3.710303e-007	3.708939e-009	5.858384e-008
4.599029072279887e-008	1.095872e-005	1.817842e-006	-3.737697e-007	3.682640e-009	5.804164e-008
4.603300500851321e-008	1.091668e-005	1.828375e-006	-3.764890e-007	3.656225e-009	5.751367e-008
4.607571929422754e-008	1.087194e-005	1.837256e-006	-3.791883e-007	3.629694e-009	5.699993e-008
4.611843357994188e-008	1.082450e-005	1.844487e-006	-3.818675e-007	3.603047e-009	5.650041e-008
4.611943357994188e-008	1.082341e-005	1.844641e-006	-3.819301e-007	3.602412e-009	5.648888e-008
4.616214786565622e-008	1.077578e-005	1.850239e-006	-3.845965e-007	3.575049e-009	5.600498e-008
4.620486215137055e-008	1.072776e-005	1.854728e-006	-3.872514e-007	3.547216e-009	5.553243e-008
4.624757643708489e-008	1.067937e-005	1.858108e-006	-3.898949e-007	3.518915e-009	5.507124e-008
4.629029072279921e-008	1.063061e-005	1.860379e-006	-3.925270e-007	3.490144e-009	5.462141e-008
4.633300500851355e-008	1.058147e-005	1.861540e-006	-3.951477e-007	3.460903e-009	5.418293e-008
4.637571929422788e-008	1.053194e-005	1.861591e-006	-3.977570e-007	3.431194e-009	5.375580e-008
4.641843357994222e-008	1.048205e-005	1.860534e-006	-4.003549e-007	3.401015e-009	5.334003e-008
4.641943357994222e-008	1.048089e-005	1.860505e-006	-4.004157e-007	3.400304e-009	5.333037e-008
4.671943357994256e-008	1.013678e-005	1.836444e-006	-4.184415e-007	3.178859e-009	5.062356e-008
4.701943357994290e-008	9.805895e-006	1.794347e-006	-4.361323e-007	2.949264e-009	4.819733e-008
4.731943357994324e-008	9.489857e-006	1.745652e-006	-4.535379e-007	2.721331e-009	4.595319e-008
4.761943357994358e-008	9.187286e-006	1.695528e-006	-4.706754e-007	2.500782e-009	4.384126e-008
4.791943357994392e-008	8.896530e-006	1.646068e-006	-4.875473e-007	2.290256e-009	4.183710e-008
4.821943357994426e-008	8.616259e-006	1.598011e-006	-5.041505e-007	2.090644e-009	3.992826e-008
4.851943357994460e-008	8.345511e-006	1.551541e-006	-5.204795e-007	1.901986e-009	3.810753e-008
4.877943357994490e-008	8.118043e-006	1.512537e-006	-5.344048e-007	1.747094e-009	3.659702e-008
4.878043357994490e-008	8.117180e-006	1.512390e-006	-5.344579e-007	1.746086e-009	3.659132e-008
4.878071425427394e-008	8.116938e-006	1.512348e-006	-5.344728e-007	1.749908e-009	3.658972e-008
4.878081740365939e-008	8.116849e-006	1.512333e-006	-5.344783e-007	1.753865e-009	3.658914e-008
4.878089269622724e-008	8.116785e-006	1.512322e-006	-5.344823e-007	1.754818e-009	3.658871e-008
4.878097306477362e-008	8.116715e-006	1.512310e-006	-5.344866e-007	1.755235e-009	3.658825e-008
4.878098722620019e-008	8.116703e-006	1.512308e-006	-5.344873e-007	1.755219e-009	3.658817e-008
4.879204710606624e-008	8.107170e-006	1.510675e-006	-5.350749e-007	1.829783e-009	3.652527e-008
4.909204710606658e-008	7.864617e-006	1.463996e-006	-5.508718e-007	3.731939e-009	3.488784e-008
4.939204710606692e-008	7.627188e-006	1.421974e-006	-5.663865e-007	5.413371e-009	3.330230e-008
4.965604710606722e-008	7.419198e-006	1.387139e-006	-5.797941e-007	6.724284e-009	3.195631e-008
4.966104710606723e-008	7.415280e-006	1.386493e-006	-5.800457e-007	6.747653e-009	3.193129e-008
4.966604710606723e-008	7.411362e-006	1.385847e-006	-5.803010e-007	6.770970e-009	3.190629e-008
4.967104710606724e-008	7.407446e-006	1.385202e-006	-5.805599e-007	6.794233e-009	3.188131e-008
4.967604710606725e-008	7.403530e-006	1.384557e-006	-5.808224e-007	6.817443e-009	3.185635e-008
4.968104710606725e-008	7.399616e-006	1.383912e-006	-5.810886e-007	6.840601e-009	3.183141e-008
4.968604710606726e-008	7.395702e-006	1.383268e-006	-5.813584e-007	6.863706e-009	3.180649e-008
4.969104710606726e-008	7.391790e-006	1.382624e-006	-5.816318e-007	6.886758e-009	3.178158e-008
4.969204710606726e-008	7.391008e-006	1.382495e-006	-5.816875e-007	6.891362e-009	3.177660e-008
4.970104710606727e-008	7.383964e-006	1.381338e-006	-5.821935e-007	6.932704e-009	3.173181e-008
4.971004710606728e-008	7.376943e-006	1.380175e-006	-5.827328e-007	6.973876e-009	3.168714e-008
4.971904710606729e-008	7.369946e-006	1.379007e-006	-5.833055e-007	7.014879e-009	3.164258e-008
4.972804710606730e-008	7.362973e-006	1.377833e-006	-5.839115e-007	7.055712e-009	3.159814e-008
4.973704710606731e-008	7.356023e-006	1.376653e-006	-5.845510e-007	7.096375e-009	3.155382e-008
4.974604710606732e-008	7.349097e-006	1.375468e-006	-5.852237e-007	7.136868e-009	3.150961e-008
4.975504710606734e-008	7.342195e-006	1.374277e-006	-5.859299e-007	7.177192e-009	3.146551e-008
4.976833282035306e-008	7.332087e-006	1.372495e-006	-5.870757e-007	7.236408e-009	3.140074e-008
4.978161853463879e-008	7.322098e-006	1.370683e-006	-5.882856e-007	7.295255e-009	3.133639e-008
4.979490424892452e-008	7.312229e-006	1.368841e-006	-5.895597e-007	7.353735e-009	3.127244e-008
4.980818996321026e-008	7.302478e-006	1.366970e-006	-5.908979e-007	7.411846e-009	3.120890e-008
4.982147567749598e-008	7.292846e-006	1.365070e-006	-5.923003e-007	7.469589e-009	3.114577e-008
4.983476139178171e-008	7.283333e-006	1.363139e-006	-5.937668e-007	7.526964e-009	3.108305e-008
4.984804710606744e-008	7.273939e-006	1.361179e-006	-5.952975e-007	7.583971e-009	3.102074e-008
4.986533282035317e-008	7.261956e-006	1.358573e-006	-5.973346e-007	7.657587e-009	3.094041e-008
4.988261853463891e-008	7.250088e-006	1.355959e-006	-5.993825e-007	7.730585e-009	3.086043e-008
4.989990424892464e-008	7.238334e-006	1.353336e-006	-6.014411e-007	7.802965e-009	3.078082e-008
4.991718996321038e-008	7.226694e-006	1.350706e-006	-6.035104e-007	7.874727e-009	3.070158e-008
4.993447567749611e-008	7.215170e-006	1.348068e-006	-6.055904e-007	7.945871e-009	3.062269e-008
4.995176139178184e-008	7.203760e-006	1.345422e-006	-6.076812e-007	8.016397e-009	3.054416e-008
4.996904710606758e-008	7.192465e-006	1.342769e-006	-6.097827e-007	8.086305e-009	3.046600e-008
4.999204710606760e-008	7.177382e-006	1.339306e-006	-6.125225e-007	8.178386e-009	3.036187e-008
5.003261853463908e-008	7.150859e-006	1.333361e-006	-6.172907e-007	8.338078e-009	3.017820e-008
5.007318996321056e-008	7.123921e-006	1.327637e-006	-6.220037e-007	8.494615e-009	2.999402e-008
5.011376139178203e-008	7.096567e-006	1.322135e-006	-6.266614e-007	8.647995e-009	2.980933e-008
5.015433282035350e-008	7.068798e-006	1.316854e-006	-6.312637e-007	8.798220e-009	2.962412e-008
5.019490424892497e-008	7.040613e-006	1.311795e-006	-6.358108e-007	8.945288e-009	2.943841e-008
5.023547567749645e-008	7.012013e-006	1.306957e-006	-6.403025e-007	9.089201e-009	2.925219e-008
5.027604710606793e-008	6.982998e-006	1.302342e-006	-6.447390e-007	9.229957e-009	2.906545e-008
5.029204710606794e-008	6.971424e-006	1.300545e-006	-6.465048e-007	9.284692e-009	2.899189e-008
5.030490424892510e-008	6.962076e-006	1.299118e-006	-6.479480e-007	9.328337e-009	2.893276e-008
5.031776139178226e-008	6.952696e-006	1.297701e-006	-6.494008e-007	9.371687e-009	2.887367e-008
5.033061853463941e-008	6.943282e-006	1.296293e-006	-6.508631e-007	9.414743e-009	2.881462e-008
5.034347567749658e-008	6.933836e-006	1.294896e-006	-6.523350e-007	9.457504e-009	2.875559e-008
5.035633282035373e-008	6.924357e-006	1.293508e-006	-6.538166e-007	9.499971e-009	2.869660e-008
5.036918996321089e-008	6.914845e-006	1.292131e-006	-6.553077e-007	9.542144e-009	2.863765e-008
5.038204710606805e-008	6.905301e-006	1.290763e-006	-6.568084e-007	9.584022e-009	2.857872e-008
5.039576139178235e-008	6.895090e-006	1.289311e-006	-6.583805e-007	9.628372e-009	2.851593e-008
5.040947567749665e-008	6.884855e-006	1.287865e-006	-6.599408e-007	9.672396e-009	2.845323e-008
5.042318996321095e-008	6.874596e-006	1.286423e-006	-6.614892e-007	9.716093e-009	2.839061e-008
5.043690424892525e-008	6.864313e-006	1.284987e-006	-6.630257e-007	9.759464e-009	2.832808e-008
5.045061853463955e-008	6.854007e-006	1.283555e-006	-6.645503e-007	9.802508e-009	2.826564e-008
5.046433282035385e-008	6.843676e-006	1.282128e-006	-6.660631e-007	9.845226e-009	2.820328e-008
5.047804710606816e-008	6.833322e-006	1.280706e-006	-6.675639e-007	9.887618e-009	2.814102e-008
5.049418996321103e-008	6.823410e-006	1.278029e-006	-6.693322e-007	9.937220e-009	2.807495e-008
5.051033282035390e-008	6.816038e-006	1.274650e-006	-6.710936e-007	9.986223e-009	2.801547e-008
5.052647567749678e-008	6.811208e-006	1.270570e-006	-6.728482e-007	1.003463e-008	2.796259e-008
5.054261853463965e-008	6.808919e-006	1.265788e-006	-6.745960e-007	1.008243e-008	2.791631e-008
5.055876139178253e-008	6.809171e-006	1.260305e-006	-6.763369e-007	1.012964e-008	2.787663e-008
5.057490424892540e-008	6.811964e-006	1.254120e-006	-6.780710e-007	1.017624e-008	2.784354e-008
5.059104710606828e-008	6.817299e-006	1.247235e-006	-6.797982e-007	1.022225e-008	2.781705e-008
5.059204710606828e-008	6.817163e-006	1.246979e-006	-6.799050e-007	1.022508e-008	2.781401e-008
5.063476139178262e-008	6.803136e-006	1.239523e-006	-6.844431e-007	1.034371e-008	2.765637e-008
5.067747567749695e-008	6.786084e-006	1.233060e-006	-6.889266e-007	1.045944e-008	2.749129e-008
5.072018996321129e-008	6.766006e-006	1.227590e-006	-6.933555e-007	1.057227e-008	2.731878e-008
5.076290424892562e-008	6.742902e-006	1.223113e-006	-6.977299e-007	1.068220e-008	2.713885e-008
5.080561853463995e-008	6.716772e-006	1.219629e-006	-7.020498e-007	1.078923e-008	2.695148e-008
5.084833282035429e-008	6.687616e-006	1.217138e-006	-7.063151e-007	1.089336e-008	2.675669e-008
5.089104710606862e-008	6.655435e-006	1.215640e-006	-7.105258e-007	1.099458e-008	2.655446e-008
5.089204710606862e-008	6.654684e-006	1.215595e-006	-7.106239e-007	1.099693e-008	2.654981e-008
5.093476139178296e-008	6.621064e-006	1.213992e-006	-7.147898e-007	1.109578e-008	2.634851e-008
5.097747567749729e-008	6.586903e-006	1.212260e-006	-7.189151e-007	1.119217e-008	2.614893e-008
5.102018996321163e-008	6.552201e-006	1.210397e-006	-7.229996e-007	1.128608e-008	2.595108e-008
5.106290424892596e-008	6.516959e-006	1.208405e-006	-7.270435e-007	1.137752e-008	2.575496e-008
5.110561853464029e-008	6.481175e-006	1.206282e-006	-7.310468e-007	1.146649e-008	2.556056e-008
5.114833282035463e-008	6.444851e-006	1.204030e-006	-7.350093e-007	1.155298e-008	2.536788e-008
5.119104710606896e-008	6.407986e-006	1.201648e-006	-7.389312e-007	1.163700e-008	2.517693e-008
5.119204710606896e-008	6.407138e-006	1.201586e-006	-7.390227e-007	1.163894e-008	2.517253e-008
5.123476139178330e-008	6.370860e-006	1.198760e-006	-7.429087e-007	1.172045e-008	2.498625e-008
5.127747567749763e-008	6.334920e-006	1.195715e-006	-7.467610e-007	1.179948e-008	2.480291e-008
5.132018996321197e-008	6.299318e-006	1.192452e-006	-7.505794e-007	1.187603e-008	2.462249e-008
5.136290424892630e-008	6.264054e-006	1.188971e-006	-7.543641e-007	1.195010e-008	2.444499e-008
5.140561853464063e-008	6.229128e-006	1.185271e-006	-7.581151e-007	1.202169e-008	2.427042e-008
5.144833282035497e-008	6.194541e-006	1.181352e-006	-7.618323e-007	1.209080e-008	2.409878e-008
5.149104710606930e-008	6.160291e-006	1.177215e-006	-7.655157e-007	1.215743e-008	2.393007e-008
5.149204710606930e-008	6.159496e-006	1.177118e-006	-7.656016e-007	1.215896e-008	2.392614e-008
5.153476139178364e-008	6.125775e-006	1.172827e-006	-7.692532e-007	1.222302e-008	2.376006e-008
5.157747567749797e-008	6.092459e-006	1.168448e-006	-7.728746e-007	1.228466e-008	2.359599e-008
5.162018996321231e-008	6.059550e-006	1.163979e-006	-7.764659e-007	1.234386e-008	2.343395e-008
5.166290424892664e-008	6.027046e-006	1.159421e-006	-7.800270e-007	1.240063e-008	2.327393e-008
5.170561853464097e-008	5.994949e-006	1.154774e-006	-7.835580e-007	1.245497e-008	2.311592e-008
5.174833282035531e-008	5.963258e-006	1.150038e-006	-7.870587e-007	1.250687e-008	2.295994e-008
5.179104710606964e-008	5.931972e-006	1.145213e-006	-7.905293e-007	1.255634e-008	2.280598e-008
5.179204710606964e-008	5.931244e-006	1.145101e-006	-7.906102e-007	1.255747e-008	2.280239e-008
5.183476139178398e-008	5.900347e-006	1.140255e-006	-7.940514e-007	1.260448e-008	2.264995e-008
5.187747567749832e-008	5.869774e-006	1.135402e-006	-7.974646e-007	1.264920e-008	2.249882e-008
5.192018996321265e-008	5.839525e-006	1.130542e-006	-8.008497e-007	1.269161e-008	2.234900e-008
5.196290424892698e-008	5.809598e-006	1.125676e-006	-8.042068e-007	1.273171e-008	2.220050e-008
5.200561853464131e-008	5.779995e-006	1.120802e-006	-8.075358e-007	1.276951e-008	2.205332e-008
5.204833282035565e-008	5.750716e-006	1.115921e-006	-8.108368e-007	1.280501e-008	2.190745e-008
5.209104710606998e-008	5.721760e-006	1.111033e-006	-8.141097e-007	1.283820e-008	2.176290e-008
5.209204710606999e-008	5.721085e-006	1.110919e-006	-8.141860e-007	1.283895e-008	2.175953e-008
5.213476139178432e-008	5.692408e-006	1.106058e-006	-8.174312e-007	1.286986e-008	2.161601e-008
5.217747567749866e-008	5.663972e-006	1.101221e-006	-8.206498e-007	1.289863e-008	2.147347e-008
5.222018996321299e-008	5.635779e-006	1.096410e-006	-8.238418e-007	1.292526e-008	2.133189e-008
5.226290424892732e-008	5.607827e-006	1.091623e-006	-8.270071e-007	1.294975e-008	2.119129e-008
5.230561853464165e-008	5.580117e-006	1.086862e-006	-8.301459e-007	1.297210e-008	2.105165e-008
5.234833282035599e-008	5.552649e-006	1.082126e-006	-8.332581e-007	1.299230e-008	2.091298e-008
5.239104710607032e-008	5.525422e-006	1.077415e-006	-8.363438e-007	1.301037e-008	2.077529e-008
5.239204710607033e-008	5.524787e-006	1.077305e-006	-8.364157e-007	1.301077e-008	2.077207e-008
5.269204710607067e-008	5.338923e-006	1.045159e-006	-8.573627e-007	1.308122e-008	1.982857e-008
5.299204710607101e-008	5.161221e-006	1.014575e-006	-8.770791e-007	1.305846e-008	1.892454e-008
5.329204710607135e-008	4.990261e-006	9.853932e-007	-8.956113e-007	1.295018e-008	1.805823e-008
5.359204710607169e-008	4.825145e-006	9.574196e-007	-9.130023e-007	1.276351e-008	1.722858e-008
5.389204710607203e-008	4.665320e-006	9.304835e-007	-9.292951e-007	1.250505e-008	1.643471e-008
5.419204710607237e-008	4.511372e-006	9.042409e-007	-9.446373e-007	1.218082e-008	1.567757e-008
5.449204710607271e-008	4.361462e-006	8.791257e-007	-9.589497e-007	1.179656e-008	1.495159e-008
5.452261853464417e-008	4.343362e-006	8.776722e-007	-9.603522e-007	1.175428e-008	1.487115e-008
5.455318996321564e-008	4.327284e-006	8.755395e-007	-9.617443e-007	1.171143e-008	1.479639e-008
5.458376139178710e-008	4.313229e-006	8.727276e-007	-9.631261e-007	1.166800e-008	1.472731e-008
5.461433282035856e-008	4.301196e-006	8.692366e-007	-9.644976e-007	1.162400e-008	1.466390e-008
5.464490424893002e-008	4.291185e-006	8.650663e-007	-9.658588e-007	1.157941e-008	1.460617e-008
5.467547567750149e-008	4.283197e-006	8.602169e-007	-9.672097e-007	1.153426e-008	1.455411e-008
5.470604710607295e-008	4.277232e-006	8.546883e-007	-9.685502e-007	1.148852e-008	1.450774e-008
5.471818996321582e-008	4.286314e-006	8.485099e-007	-9.690799e-007	1.147010e-008	1.452101e-008
5.473033282035869e-008	4.301628e-006	8.405238e-007	-9.696082e-007	1.145124e-008	1.454980e-008
5.474247567750156e-008	4.323173e-006	8.307302e-007	-9.701353e-007	1.143196e-008	1.459413e-008
5.475461853464443e-008	4.350950e-006	8.191289e-007	-9.706611e-007	1.141224e-008	1.465399e-008
5.476676139178730e-008	4.384959e-006	8.057200e-007	-9.711856e-007	1.139208e-008	1.472938e-008
5.477890424893017e-008	4.425199e-006	7.905035e-007	-9.717088e-007	1.137150e-008	1.482030e-008
5.479104710607305e-008	4.471670e-006	7.734793e-007	-9.722307e-007	1.135048e-008	1.492674e-008
5.479204710607305e-008	4.475661e-006	7.720599e-007	-9.722737e-007	1.134871e-008	1.493575e-008
5.481361853464450e-008	4.576587e-006	7.375260e-007	-9.731985e-007	1.130924e-008	1.516541e-008
5.483518996321596e-008	4.676653e-006	7.050561e-007	-9.741200e-007	1.126797e-008	1.538183e-008
5.485676139178741e-008	4.775857e-006	6.746504e-007	-9.750382e-007	1.122490e-008	1.558502e-008
5.487833282035886e-008	4.874200e-006	6.463088e-007	-9.759531e-007	1.118004e-008	1.577497e-008
5.489990424893031e-008	4.971683e-006	6.200313e-007	-9.768646e-007	1.113337e-008	1.595169e-008
5.492147567750177e-008	5.068304e-006	5.958178e-007	-9.777727e-007	1.108491e-008	1.611518e-008
5.494304710607322e-008	5.164064e-006	5.736685e-007	-9.786776e-007	1.103465e-008	1.626544e-008
5.496418996321610e-008	5.241257e-006	5.588573e-007	-9.795608e-007	1.098427e-008	1.635771e-008
5.498533282035898e-008	5.311940e-006	5.466433e-007	-9.804397e-007	1.093344e-008	1.642882e-008
5.500647567750186e-008	5.376113e-006	5.370267e-007	-9.813142e-007	1.088214e-008	1.647876e-008
5.502761853464474e-008	5.433776e-006	5.300072e-007	-9.821844e-007	1.083039e-008	1.650753e-008
5.504876139178762e-008	5.484929e-006	5.255851e-007	-9.830503e-007	1.077818e-008	1.651513e-008
5.506990424893050e-008	5.529572e-006	5.237602e-007	-9.839118e-007	1.072552e-008	1.650156e-008
5.509104710607339e-008	5.567706e-006	5.245325e-007	-9.847689e-007	1.067240e-008	1.646683e-008
5.509204710607339e-008	5.569455e-006	5.245677e-007	-9.848094e-007	1.066990e-008	1.646515e-008
5.512233282035913e-008	5.614365e-006	5.285889e-007	-9.860283e-007	1.059398e-008	1.638968e-008
5.515261853464488e-008	5.653679e-006	5.336634e-007	-9.872370e-007	1.051855e-008	1.630323e-008
5.518290424893063e-008	5.687395e-006	5.397912e-007	-9.884354e-007	1.044360e-008	1.620580e-008
5.521318996321638e-008	5.715515e-006	5.469723e-007	-9.896236e-007	1.036912e-008	1.609740e-008
5.524347567750213e-008	5.738038e-006	5.552068e-007	-9.908015e-007	1.029513e-008	1.597801e-008
5.527376139178788e-008	5.754964e-006	5.644945e-007	-9.919691e-007	1.022163e-008	1.584764e-008
5.530404710607363e-008	5.766292e-006	5.748356e-007	-9.931265e-007	1.014860e-008	1.570630e-008
5.539204710607373e-008	5.838202e-006	5.866802e-007	-9.964302e-007	9.938441e-009	1.543733e-008
5.540676139178803e-008	5.844744e-006	5.902215e-007	-9.969739e-007	9.903412e-009	1.537972e-008
5.542147567750233e-008	5.849900e-006	5.940104e-007	-9.975153e-007	9.868521e-009	1.531964e-008
5.543618996321664e-008	5.853669e-006	5.980471e-007	-9.980544e-007	9.833769e-009	1.525707e-008
5.545090424893093e-008	5.856051e-006	6.023314e-007	-9.985912e-007	9.799155e-009	1.519201e-008
5.546561853464524e-008	5.857046e-006	6.068634e-007	-9.991257e-007	9.764680e-009	1.512447e-008
5.548033282035954e-008	5.856655e-006	6.116431e-007	-9.996578e-007	9.730343e-009	1.505445e-008
5.549504710607384e-008	5.854877e-006	6.166705e-007	-1.000188e-006	9.696144e-009	1.498194e-008
5.550361853464528e-008	5.853875e-006	6.194646e-007	-1.000501e-006	9.676302e-009	1.494066e-008
5.551218996321672e-008	5.852647e-006	6.222527e-007	-1.000820e-006	9.656512e-009	1.489931e-008
5.552076139178816e-008	5.851194e-006	6.250350e-007	-1.001145e-006	9.636773e-009	1.485788e-008
5.552933282035960e-008	5.849517e-006	6.278115e-007	-1.001477e-006	9.617085e-009	1.481636e-008
5.553790424893103e-008	5.847614e-006	6.305820e-007	-1.001815e-006	9.597448e-009	1.477477e-008
5.554647567750248e-008	5.845486e-006	6.333467e-007	-1.002159e-006	9.577863e-009	1.473311e-008
5.555504710607391e-008	5.843134e-006	6.361056e-007	-1.002509e-006	9.558329e-009	1.469136e-008
5.556047567750249e-008	5.841553e-006	6.378412e-007	-1.002732e-006	9.545984e-009	1.466495e-008
5.556590424893106e-008	5.839902e-006	6.395684e-007	-1.002953e-006	9.533659e-009	1.463857e-008
5.557133282035964e-008	5.838180e-006	6.412871e-007	-1.003172e-006	9.521354e-009	1.461221e-008
5.557676139178822e-008	5.836388e-006	6.429974e-007	-1.003389e-006	9.509069e-009	1.458587e-008
5.558218996321680e-008	5.834525e-006	6.446993e-007	-1.003604e-006	9.496803e-009	1.455955e-008
5.558761853464538e-008	5.832592e-006	6.463927e-007	-1.003817e-006	9.484557e-009	1.453326e-008
5.559304710607396e-008	5.830588e-006	6.480776e-007	-1.004027e-006	9.472331e-009	1.450699e-008
5.569104710607407e-008	5.782525e-006	6.772279e-007	-1.007705e-006	9.254816e-009	1.403639e-008
5.569204710607407e-008	5.781903e-006	6.775190e-007	-1.007741e-006	9.252627e-009	1.403157e-008
5.573476139178840e-008	5.752026e-006	6.898752e-007	-1.009291e-006	9.159932e-009	1.382485e-008
5.577747567750274e-008	5.720164e-006	7.013560e-007	-1.010813e-006	9.068033e-009	1.362381e-008
5.582018996321707e-008	5.686318e-006	7.119614e-007	-1.012307e-006	8.976933e-009	1.342847e-008
5.586290424893140e-008	5.650487e-006	7.216915e-007	-1.013774e-006	8.886629e-009	1.323881e-008
5.590561853464574e-008	5.612671e-006	7.305462e-007	-1.015214e-006	8.797123e-009	1.305485e-008
5.594833282036007e-008	5.572870e-006	7.385255e-007	-1.016627e-006	8.708415e-009	1.287658e-008
5.599104710607441e-008	5.531085e-006	7.456294e-007	-1.018012e-006	8.620503e-009	1.270400e-008
5.599204710607441e-008	5.530123e-006	7.457825e-007	-1.018044e-006	8.618445e-009	1.270007e-008
