time	I(L13)	I(L17)	I(L18)	I(L18)+I(L19)	I(L19)	I(L21)	I(L22)	I(R2)	I(R10)	I(R30)
0.000000000000000e+000	0.000000e+000	0.000000e+000	0.000000e+000	0.000000e+000	0.000000e+000	2.947661e-022	2.947661e-022	-1.355253e-020	-6.776264e-021	-2.671514e-020
2.823107199787331e-010	9.231543e-018	9.231543e-018	8.910624e-018	1.782125e-017	8.910624e-018	1.224075e-018	1.615668e-018	1.878640e-018	1.464396e-018	1.649804e-018
5.823107199787321e-010	7.427521e-018	7.427521e-018	7.183346e-018	1.436669e-017	7.183346e-018	4.023304e-018	4.403579e-018	2.077656e-018	1.606082e-018	1.864081e-018
8.823107199787310e-010	6.302966e-018	6.302966e-018	5.992459e-018	1.198492e-017	5.992459e-018	5.257873e-018	5.693669e-018	2.178607e-018	1.857022e-018	2.112915e-018
1.000000000000000e-009	5.771741e-018	5.771741e-018	5.827652e-018	1.165530e-017	5.827652e-018	6.532080e-018	7.001647e-018	2.566720e-018	2.181817e-018	2.390148e-018
1.179500000000018e-009	5.068638e-018	5.068638e-018	5.742919e-018	1.148584e-017	5.742919e-018	6.410759e-018	6.920531e-018	2.423460e-018	1.888520e-018	2.278530e-018
1.479500000000048e-009	5.006530e-018	5.006530e-018	4.460328e-018	8.920657e-018	4.460328e-018	6.812689e-018	7.230344e-018	2.627960e-018	2.027256e-018	2.472799e-018
1.779500000000078e-009	4.611266e-018	4.611266e-018	4.501684e-018	9.003369e-018	4.501684e-018	7.541466e-018	8.029838e-018	2.755905e-018	2.166087e-018	2.661267e-018
2.079500000000063e-009	4.064424e-018	4.064424e-018	3.789467e-018	7.578935e-018	3.789467e-018	6.241708e-018	6.768917e-018	2.942460e-018	2.287218e-018	2.800204e-018
2.379500000000031e-009	4.411650e-018	4.411650e-018	3.219228e-018	6.438457e-018	3.219228e-018	6.214712e-018	6.624278e-018	3.143369e-018	2.427507e-018	2.906232e-018
2.679499999999999e-009	3.924500e-018	3.924500e-018	3.068390e-018	6.136780e-018	3.068390e-018	6.379335e-018	6.661905e-018	3.387112e-018	2.548034e-018	3.090975e-018
2.979499999999967e-009	3.616850e-018	3.616850e-018	3.487536e-018	6.975071e-018	3.487536e-018	6.052170e-018	6.412790e-018	3.483472e-018	2.591465e-018	3.220250e-018
3.279499999999935e-009	3.149336e-018	3.149336e-018	2.366120e-018	4.732240e-018	2.366120e-018	5.442848e-018	5.866322e-018	3.568270e-018	2.679145e-018	3.369814e-018
3.579499999999903e-009	2.989273e-018	2.989273e-018	2.495997e-018	4.991994e-018	2.495997e-018	5.563459e-018	6.027103e-018	3.738745e-018	2.795045e-018	3.505543e-018
3.879499999999935e-009	2.635246e-018	2.635246e-018	3.186580e-018	6.373160e-018	3.186580e-018	5.605122e-018	6.060718e-018	3.997615e-018	2.852593e-018	3.638562e-018
3.892071428571376e-009	2.692152e-018	2.692152e-018	2.930929e-018	5.861857e-018	2.930929e-018	5.734153e-018	6.191651e-018	3.982443e-018	2.882634e-018	3.649785e-018
3.904642857142817e-009	2.755805e-018	2.755805e-018	2.734601e-018	5.469201e-018	2.734601e-018	5.829797e-018	6.288854e-018	3.973278e-018	2.909241e-018	3.658711e-018
3.917214285714258e-009	2.826204e-018	2.826204e-018	2.597596e-018	5.195193e-018	2.597596e-018	5.892055e-018	6.352325e-018	3.970121e-018	2.932414e-018	3.665339e-018
3.929785714285698e-009	2.903349e-018	2.903349e-018	2.519916e-018	5.039832e-018	2.519916e-018	5.920927e-018	6.382065e-018	3.972971e-018	2.952154e-018	3.669670e-018
3.942357142857139e-009	2.987241e-018	2.987241e-018	2.501559e-018	5.003119e-018	2.501559e-018	5.916413e-018	6.378074e-018	3.981828e-018	2.968461e-018	3.671704e-018
3.954928571428580e-009	3.077879e-018	3.077879e-018	2.542526e-018	5.085053e-018	2.542526e-018	5.878512e-018	6.340352e-018	3.996693e-018	2.981333e-018	3.671439e-018
3.967500000000021e-009	3.175263e-018	3.175263e-018	2.642817e-018	5.285634e-018	2.642817e-018	5.807226e-018	6.268899e-018	4.017565e-018	2.990772e-018	3.668877e-018
3.982071428571436e-009	3.184048e-018	3.184048e-018	2.502894e-018	5.005787e-018	2.502894e-018	5.737777e-018	6.200284e-018	4.009430e-018	2.969900e-018	3.671550e-018
3.996642857142852e-009	3.173008e-018	3.173008e-018	2.435047e-018	4.870095e-018	2.435047e-018	5.709203e-018	6.171234e-018	4.003341e-018	2.955457e-018	3.677733e-018
4.011214285714267e-009	3.142144e-018	3.142144e-018	2.439279e-018	4.878557e-018	2.439279e-018	5.721503e-018	6.181749e-018	3.999297e-018	2.947442e-018	3.687429e-018
4.025785714285682e-009	3.091455e-018	3.091455e-018	2.515587e-018	5.031174e-018	2.515587e-018	5.774677e-018	6.231829e-018	3.997299e-018	2.945855e-018	3.700636e-018
4.040357142857098e-009	3.020942e-018	3.020942e-018	2.663973e-018	5.327946e-018	2.663973e-018	5.868725e-018	6.321474e-018	3.997346e-018	2.950697e-018	3.717354e-018
4.054928571428513e-009	2.930604e-018	2.930604e-018	2.884437e-018	5.768873e-018	2.884437e-018	6.003647e-018	6.450683e-018	3.999440e-018	2.961968e-018	3.737585e-018
4.069499999999929e-009	2.820441e-018	2.820441e-018	3.176978e-018	6.353955e-018	3.176978e-018	6.179443e-018	6.619458e-018	4.003579e-018	2.979666e-018	3.761326e-018
4.173499999999961e-009	3.007664e-018	3.007664e-018	2.584988e-018	5.169977e-018	2.584988e-018	5.798573e-018	6.183307e-018	4.085435e-018	2.966669e-018	3.755555e-018
4.473500000000053e-009	2.742503e-018	2.742503e-018	2.055184e-018	4.110369e-018	2.055184e-018	5.710851e-018	5.933099e-018	4.147624e-018	3.013029e-018	3.899927e-018
4.773500000000145e-009	3.485806e-018	3.485806e-018	2.040934e-018	4.081869e-018	2.040934e-018	5.252174e-018	5.365255e-018	4.196506e-018	3.094143e-018	3.977884e-018
5.073500000000237e-009	1.401221e-017	1.401221e-017	1.246556e-017	2.493112e-017	1.246556e-017	2.746814e-018	2.903242e-018	6.101621e-018	4.468048e-018	5.571976e-018
5.373500000000329e-009	1.474303e-017	1.474303e-017	1.248894e-017	2.497787e-017	1.248894e-017	6.080014e-018	6.528929e-018	6.952966e-018	5.165610e-018	6.376821e-018
5.673500000000421e-009	9.072603e-018	9.072603e-018	9.051701e-018	1.810340e-017	9.051701e-018	9.561028e-018	1.011541e-017	6.627838e-018	4.889539e-018	6.150353e-018
5.973500000000513e-009	1.452179e-017	1.452179e-017	1.270942e-017	2.541884e-017	1.270942e-017	9.159366e-018	9.707984e-018	7.812072e-018	5.675666e-018	7.206128e-018
5.998500000000521e-009	1.526965e-017	1.526965e-017	1.372408e-017	2.744818e-017	1.372408e-017	8.107052e-018	8.659183e-018	7.673693e-018	5.594312e-018	7.113989e-018
5.999500000000521e-009	-8.143992e-012	2.209358e-011	-8.925528e-012	1.238652e-011	2.131205e-011	1.200800e-017	1.320584e-017	4.938335e-014	5.476262e-014	5.490582e-018
6.000500000000522e-009	-4.099669e-011	1.298673e-010	-4.573279e-011	7.939840e-011	1.251312e-010	2.625049e-017	3.117885e-017	3.204696e-013	3.527303e-013	3.841199e-018
6.001500000000522e-009	-9.672447e-011	3.626061e-010	-1.100679e-010	2.391947e-010	3.492626e-010	5.715712e-017	7.188301e-017	9.762581e-013	1.064776e-012	4.847052e-018
6.004214285714808e-009	-2.603145e-010	1.342915e-009	-3.060671e-010	9.910949e-010	1.297162e-009	3.178287e-016	3.940265e-016	4.186926e-012	4.438964e-012	8.108095e-018
6.006928571429095e-009	-4.232867e-010	2.333477e-009	-5.014566e-010	1.753851e-009	2.255308e-009	9.325216e-016	1.114319e-015	7.465182e-012	7.876236e-012	1.438518e-017
6.009642857143381e-009	-5.856410e-010	3.334294e-009	-6.962362e-010	2.527463e-009	3.223699e-009	1.901236e-015	2.232760e-015	1.081103e-011	1.137659e-011	2.367830e-017
6.012357142857669e-009	-7.473775e-010	4.345366e-009	-8.904060e-010	3.311931e-009	4.202337e-009	3.223971e-015	3.749350e-015	1.422446e-011	1.494003e-011	3.598746e-017
6.015071428571955e-009	-9.084962e-010	5.366691e-009	-1.083966e-009	4.107255e-009	5.191221e-009	4.900728e-015	5.664089e-015	1.770549e-011	1.856655e-011	5.131266e-017
6.017785714286241e-009	-1.068997e-009	6.398271e-009	-1.276916e-009	4.913435e-009	6.190351e-009	6.931507e-015	7.976977e-015	2.125410e-011	2.225616e-011	6.965390e-017
6.020500000000528e-009	-1.228880e-009	7.440105e-009	-1.469257e-009	5.730471e-009	7.199727e-009	9.316306e-015	1.068801e-014	2.487030e-011	2.600885e-011	9.101118e-017
6.056500000000539e-009	-3.201569e-009	2.063036e-008	-3.839150e-009	1.615363e-008	1.999278e-008	8.387736e-014	9.600243e-014	7.117940e-011	7.397372e-011	7.653385e-016
6.092500000000550e-009	-5.023017e-009	3.337251e-008	-6.026639e-009	2.634224e-008	3.236888e-008	2.040623e-013	2.291061e-013	1.171138e-010	1.213255e-010	1.871416e-015
6.128500000000561e-009	-6.693225e-009	4.566655e-008	-8.031725e-009	3.629632e-008	4.432804e-008	3.698712e-013	4.099990e-013	1.626736e-010	1.680643e-010	3.409244e-015
6.164500000000572e-009	-8.212192e-009	5.751248e-008	-9.854407e-009	4.601586e-008	5.587026e-008	5.813039e-013	6.386813e-013	2.078587e-010	2.141901e-010	5.378823e-015
6.200500000000583e-009	-9.579920e-009	6.891030e-008	-1.149469e-008	5.550085e-008	6.699554e-008	8.383606e-013	9.151527e-013	2.526692e-010	2.597028e-010	7.780152e-015
6.236500000000594e-009	-1.079641e-008	7.986002e-008	-1.295256e-008	6.475131e-008	7.770387e-008	1.141041e-012	1.239413e-012	2.971050e-010	3.046025e-010	1.061323e-014
6.272500000000605e-009	-1.186165e-008	9.036162e-008	-1.422803e-008	7.376722e-008	8.799525e-008	1.489346e-012	1.611463e-012	3.411662e-010	3.488891e-010	1.387806e-014
6.273500000000605e-009	-1.189044e-008	9.064996e-008	-1.426250e-008	7.401540e-008	8.827790e-008	1.499223e-012	1.621929e-012	3.423872e-010	3.501149e-010	1.397206e-014
6.316214285714904e-009	-1.301223e-008	1.026396e-007	-1.560468e-008	8.444249e-008	1.000472e-007	1.953570e-012	2.101484e-012	3.942635e-010	4.020238e-010	1.825773e-014
6.358928571429203e-009	-1.402320e-008	1.142338e-007	-1.681348e-008	9.463001e-008	1.114435e-007	2.438663e-012	2.609580e-012	4.458196e-010	4.534193e-010	2.288478e-014
6.401642857143502e-009	-1.492336e-008	1.254324e-007	-1.788891e-008	1.045780e-007	1.224669e-007	2.954501e-012	3.146216e-012	4.970558e-010	5.043013e-010	2.785319e-014
6.444357142857801e-009	-1.571270e-008	1.362356e-007	-1.883096e-008	1.142864e-007	1.331173e-007	3.501085e-012	3.711394e-012	5.479719e-010	5.546697e-010	3.316298e-014
6.487071428572100e-009	-1.639122e-008	1.466433e-007	-1.963964e-008	1.237552e-007	1.433949e-007	4.078416e-012	4.305112e-012	5.985679e-010	6.045248e-010	3.881413e-014
6.529785714286398e-009	-1.695893e-008	1.566555e-007	-2.031495e-008	1.329845e-007	1.532995e-007	4.686492e-012	4.927371e-012	6.488439e-010	6.538663e-010	4.480665e-014
6.572500000000697e-009	-1.741583e-008	1.662722e-007	-2.085688e-008	1.419742e-007	1.628311e-007	5.325314e-012	5.578171e-012	6.987998e-010	7.026944e-010	5.114054e-014
6.573500000000697e-009	-1.742624e-008	1.664952e-007	-2.086922e-008	1.421829e-007	1.630522e-007	5.340305e-012	5.593401e-012	6.999681e-010	7.038354e-010	5.129019e-014
6.873500000000789e-009	-1.909640e-008	2.269340e-007	-2.282865e-008	2.003730e-007	2.232017e-007	1.019218e-011	1.045837e-011	1.045931e-009	1.038631e-009	1.015442e-013
6.900000418282007e-009	-1.914021e-008	2.317551e-007	-2.287737e-008	2.051406e-007	2.280180e-007	1.064421e-011	1.090656e-011	1.076174e-009	1.067651e-009	1.064140e-013
7.144713296168485e-009	-1.909344e-008	2.733670e-007	-2.278753e-008	2.468853e-007	2.696729e-007	1.490143e-011	1.509920e-011	1.354276e-009	1.333133e-009	1.538496e-013
7.444713296168577e-009	-1.843017e-008	3.190350e-007	-2.195635e-008	2.935525e-007	3.155088e-007	2.019705e-011	2.026394e-011	1.694697e-009	1.655539e-009	2.170724e-013
7.744713296168425e-009	-1.758641e-008	3.608987e-007	-2.091513e-008	3.366548e-007	3.575699e-007	2.547014e-011	2.537215e-011	2.037436e-009	1.978176e-009	2.848155e-013
7.766713296168414e-009	-1.752504e-008	3.638609e-007	-2.083961e-008	3.397067e-007	3.605463e-007	2.585466e-011	2.574367e-011	2.062722e-009	2.001918e-009	2.899453e-013
7.767713296168413e-009	-1.752420e-008	3.639984e-007	-2.083821e-008	3.398462e-007	3.606844e-007	2.587213e-011	2.576055e-011	2.063876e-009	2.003002e-009	2.901783e-013
7.767993970497466e-009	-1.752111e-008	3.640340e-007	-2.083495e-008	3.398852e-007	3.607202e-007	2.587703e-011	2.576529e-011	2.064200e-009	2.003306e-009	2.902434e-013
7.768226163312821e-009	-1.750815e-008	3.640474e-007	-2.082145e-008	3.399127e-007	3.607341e-007	2.588109e-011	2.576920e-011	2.064451e-009	2.003539e-009	2.902976e-013
7.768883063756657e-009	-1.755941e-008	3.642184e-007	-2.087428e-008	3.400292e-007	3.609035e-007	2.589256e-011	2.578029e-011	2.065298e-009	2.004352e-009	2.904500e-013
7.770551606835988e-009	-1.842926e-008	3.676223e-007	-2.186144e-008	3.423287e-007	3.641901e-007	2.592201e-011	2.580887e-011	2.075662e-009	2.015391e-009	2.908451e-013
7.773551606835986e-009	-2.195339e-008	3.853280e-007	-2.599216e-008	3.552970e-007	3.812892e-007	2.597839e-011	2.586442e-011	2.131563e-009	2.074660e-009	2.915823e-013
7.776551606835985e-009	-2.810448e-008	4.193404e-007	-3.327794e-008	3.808890e-007	4.141669e-007	2.604434e-011	2.593121e-011	2.242003e-009	2.190941e-009	2.924070e-013
7.779551606835983e-009	-3.686574e-008	4.697917e-007	-4.370189e-008	4.192537e-007	4.629556e-007	2.612615e-011	2.601630e-011	2.408393e-009	2.365528e-009	2.933777e-013
7.782551606835981e-009	-4.821185e-008	5.366211e-007	-5.723458e-008	4.703639e-007	5.275984e-007	2.623012e-011	2.612679e-011	2.630907e-009	2.598537e-009	2.945505e-013
7.785551606835980e-009	-6.211589e-008	6.197279e-007	-7.384410e-008	5.341556e-007	6.079997e-007	2.636254e-011	2.626972e-011	2.909449e-009	2.889824e-009	2.959814e-013
7.788551606835978e-009	-7.855003e-008	7.189973e-007	-9.349744e-008	6.105525e-007	7.040500e-007	2.652961e-011	2.645205e-011	3.243853e-009	3.239179e-009	2.977294e-013
7.791551606835977e-009	-9.748553e-008	8.343053e-007	-1.161606e-007	6.994697e-007	8.156302e-007	2.673752e-011	2.668065e-011	3.633926e-009	3.646361e-009	2.998525e-013
7.794551606835975e-009	-1.188926e-007	9.655175e-007	-1.417983e-007	8.008136e-007	9.426118e-007	2.699236e-011	2.696233e-011	4.079452e-009	4.111108e-009	3.024049e-013
7.800123035407402e-009	-1.657574e-007	1.254588e-006	-1.979570e-007	1.024431e-006	1.222388e-006	2.752163e-011	2.755171e-011	5.060776e-009	5.134655e-009	3.076527e-013
7.805694463978826e-009	-2.201941e-007	1.593452e-006	-2.632482e-007	1.287149e-006	1.550397e-006	2.836171e-011	2.848801e-011	6.223588e-009	6.345376e-009	3.157503e-013
7.811265892550253e-009	-2.822028e-007	1.982109e-006	-3.376719e-007	1.588968e-006	1.926640e-006	2.951260e-011	2.977122e-011	7.567890e-009	7.743271e-009	3.266977e-013
7.816837321121677e-009	-3.517834e-007	2.420560e-006	-4.212281e-007	1.929887e-006	2.351115e-006	3.097430e-011	3.140135e-011	9.093682e-009	9.328341e-009	3.404949e-013
7.822408749693104e-009	-4.289360e-007	2.908805e-006	-5.139169e-007	2.309907e-006	2.823824e-006	3.274682e-011	3.337839e-011	1.080096e-008	1.110058e-008	3.571418e-013
7.827980178264528e-009	-5.136605e-007	3.446844e-006	-6.157382e-007	2.729028e-006	3.344766e-006	3.483014e-011	3.570235e-011	1.268973e-008	1.306000e-008	3.766385e-013
7.833551606835955e-009	-6.059570e-007	4.034676e-006	-7.266921e-007	3.187249e-006	3.913941e-006	3.722428e-011	3.837323e-011	1.475999e-008	1.520660e-008	3.989849e-013
7.839248035407381e-009	-7.075762e-007	4.684575e-006	-8.489308e-007	3.694290e-006	4.543221e-006	4.013805e-011	4.162301e-011	1.706343e-008	1.759286e-008	4.261082e-013
7.844944463978806e-009	-8.142753e-007	5.368697e-006	-9.772931e-007	4.228386e-006	5.205679e-006	4.359795e-011	4.547048e-011	1.951082e-008	2.012443e-008	4.582444e-013
7.850640892550233e-009	-9.260542e-007	6.087040e-006	-1.111779e-006	4.789536e-006	5.901315e-006	4.760398e-011	4.991563e-011	2.210215e-008	2.280133e-008	4.953936e-013
7.856337321121658e-009	-1.042913e-006	6.839606e-006	-1.252389e-006	5.377742e-006	6.630130e-006	5.215614e-011	5.495848e-011	2.483743e-008	2.562353e-008	5.375557e-013
7.862033749693084e-009	-1.164852e-006	7.626394e-006	-1.399122e-006	5.993002e-006	7.392124e-006	5.725444e-011	6.059901e-011	2.771665e-008	2.859106e-008	5.847308e-013
7.867730178264509e-009	-1.291870e-006	8.447405e-006	-1.551979e-006	6.635318e-006	8.187296e-006	6.289887e-011	6.683722e-011	3.073981e-008	3.170390e-008	6.369188e-013
7.873426606835936e-009	-1.423968e-006	9.302637e-006	-1.710959e-006	7.304688e-006	9.015647e-006	6.908943e-011	7.367313e-011	3.390692e-008	3.496205e-008	6.941198e-013
7.876426606835934e-009	-1.494368e-006	9.758096e-006	-1.795633e-006	7.661197e-006	9.456830e-006	7.263271e-011	7.757736e-011	3.560725e-008	3.670883e-008	7.268450e-013
7.883712321121644e-009	-1.671682e-006	1.090886e-005	-2.009175e-006	8.562194e-006	1.057137e-005	8.195769e-011	8.785489e-011	3.993188e-008	4.114886e-008	8.129313e-013
7.890998035407356e-009	-1.849040e-006	1.205927e-005	-2.222259e-006	9.463793e-006	1.168605e-005	9.235463e-011	9.926498e-011	4.430933e-008	4.563080e-008	9.088537e-013
7.898283749693066e-009	-2.026440e-006	1.320932e-005	-2.434884e-006	1.036599e-005	1.280088e-005	1.038235e-010	1.118076e-010	4.873961e-008	5.015464e-008	1.014612e-012
7.905569463978776e-009	-2.203884e-006	1.435902e-005	-2.647052e-006	1.126880e-005	1.391585e-005	1.163644e-010	1.254829e-010	5.322272e-008	5.472039e-008	1.130207e-012
7.912855178264486e-009	-2.381371e-006	1.550836e-005	-2.858763e-006	1.217221e-005	1.503097e-005	1.299772e-010	1.402906e-010	5.775866e-008	5.932804e-008	1.255638e-012
7.920140892550197e-009	-2.558901e-006	1.665734e-005	-3.070015e-006	1.307621e-005	1.614623e-005	1.446619e-010	1.562310e-010	6.234743e-008	6.397760e-008	1.390905e-012
7.927426606835907e-009	-2.736474e-006	1.780597e-005	-3.280809e-006	1.398083e-005	1.726163e-005	1.604186e-010	1.733039e-010	6.698903e-008	6.866906e-008	1.536009e-012
7.928426606835907e-009	-2.760047e-006	1.795881e-005	-3.308795e-006	1.410126e-005	1.741006e-005	1.626567e-010	1.757219e-010	6.761192e-008	6.929716e-008	1.556613e-012
7.928707281164959e-009	-2.766751e-006	1.800150e-005	-3.316632e-006	1.413499e-005	1.745162e-005	1.632883e-010	1.764040e-010	6.778654e-008	6.947341e-008	1.562427e-012
7.928939132167768e-009	-2.773007e-006	1.803600e-005	-3.323062e-006	1.416288e-005	1.748594e-005	1.638119e-010	1.769694e-010	6.793093e-008	6.961810e-008	1.567248e-012
7.929595556031985e-009	-2.801228e-006	1.812282e-005	-3.339712e-006	1.424462e-005	1.758434e-005	1.653020e-010	1.785767e-010	6.835265e-008	7.003091e-008	1.580960e-012
7.931263580607389e-009	-2.919374e-006	1.829490e-005	-3.370750e-006	1.447277e-005	1.784352e-005	1.691294e-010	1.827115e-010	6.952261e-008	7.126122e-008	1.616214e-012
7.932263580607388e-009	-3.015582e-006	1.837136e-005	-3.382957e-006	1.462103e-005	1.800399e-005	1.714491e-010	1.852290e-010	7.028051e-008	7.213348e-008	1.637628e-012
7.933263580607388e-009	-3.132005e-006	1.842651e-005	-3.390119e-006	1.477828e-005	1.816840e-005	1.737894e-010	1.877850e-010	7.108356e-008	7.312281e-008	1.659303e-012
7.934263580607387e-009	-3.268195e-006	1.846078e-005	-3.392346e-006	1.494428e-005	1.833663e-005	1.761503e-010	1.903859e-010	7.193129e-008	7.423414e-008	1.681267e-012
7.935263580607387e-009	-3.420291e-006	1.847823e-005	-3.390483e-006	1.511755e-005	1.850804e-005	1.785281e-010	1.930277e-010	7.281548e-008	7.544881e-008	1.703482e-012
7.935544254936439e-009	-3.466328e-006	1.847958e-005	-3.389209e-006	1.516749e-005	1.855670e-005	1.791990e-010	1.937789e-010	7.307152e-008	7.581266e-008	1.709775e-012
7.935775948234355e-009	-3.506099e-006	1.847882e-005	-3.388363e-006	1.520819e-005	1.859655e-005	1.797548e-010	1.944045e-010	7.328694e-008	7.612615e-008	1.715002e-012
7.936432144870071e-009	-3.623598e-006	1.847132e-005	-3.394411e-006	1.530609e-005	1.870050e-005	1.813363e-010	1.961999e-010	7.392768e-008	7.707754e-008	1.729941e-012
7.938099925568275e-009	-3.945118e-006	1.842636e-005	-3.447735e-006	1.547601e-005	1.892374e-005	1.854119e-010	2.009089e-010	7.587595e-008	7.989271e-008	1.768785e-012
7.940099925568274e-009	-4.366793e-006	1.833117e-005	-3.570441e-006	1.555708e-005	1.912752e-005	1.904259e-010	2.068449e-010	7.882274e-008	8.397342e-008	1.817157e-012
7.942099925568273e-009	-4.824351e-006	1.819416e-005	-3.761182e-006	1.549615e-005	1.925733e-005	1.956298e-010	2.131831e-010	8.249510e-008	8.893129e-008	1.868077e-012
7.944099925568272e-009	-5.310124e-006	1.802319e-005	-4.019380e-006	1.529456e-005	1.931394e-005	2.010711e-010	2.200048e-010	8.690690e-008	9.483347e-008	1.922096e-012
7.946099925568271e-009	-5.816707e-006	1.782592e-005	-4.342858e-006	1.495691e-005	1.929977e-005	2.067977e-010	2.273976e-010	9.208475e-008	1.017421e-007	1.979797e-012
7.948099925568270e-009	-6.337248e-006	1.760949e-005	-4.727779e-006	1.449118e-005	1.921896e-005	2.128599e-010	2.354535e-010	9.807085e-008	1.097122e-007	2.041792e-012
7.951099925568269e-009	-7.131172e-006	1.726274e-005	-5.408242e-006	1.357742e-005	1.898567e-005	2.227039e-010	2.489892e-010	1.086937e-007	1.237557e-007	2.144261e-012
7.954099925568267e-009	-7.926305e-006	1.690502e-005	-6.191256e-006	1.244881e-005	1.864007e-005	2.336419e-010	2.645552e-010	1.215051e-007	1.404027e-007	2.260174e-012
7.957099925568265e-009	-8.710467e-006	1.654972e-005	-7.049623e-006	1.116094e-005	1.821057e-005	2.459298e-010	2.824713e-010	1.367716e-007	1.597190e-007	2.392017e-012
7.960099925568264e-009	-9.475458e-006	1.620615e-005	-7.955246e-006	9.771111e-006	1.772636e-005	2.598684e-010	3.030446e-010	1.547531e-007	1.817284e-007	2.542421e-012
7.963099925568262e-009	-1.021614e-005	1.588038e-005	-8.881862e-006	8.332804e-006	1.721467e-005	2.758001e-010	3.265658e-010	1.756749e-007	2.064219e-007	2.714127e-012
7.966099925568261e-009	-1.092956e-005	1.557615e-005	-9.807010e-006	6.891692e-006	1.669870e-005	2.941014e-010	3.533081e-010	1.997102e-007	2.337669e-007	2.909950e-012
7.969099925568259e-009	-1.161419e-005	1.529549e-005	-1.071309e-005	5.483497e-006	1.619659e-005	3.151729e-010	3.835271e-010	2.269732e-007	2.637137e-007	3.132746e-012
7.972099925568258e-009	-1.226942e-005	1.503933e-005	-1.158760e-005	4.133542e-006	1.572114e-005	3.394297e-010	4.174630e-010	2.575210e-007	2.962006e-007	3.385371e-012
7.975099925568256e-009	-1.289528e-005	1.480774e-005	-1.242274e-005	2.857532e-006	1.528027e-005	3.672922e-010	4.553418e-010	2.913607e-007	3.311567e-007	3.670645e-012
7.977099925568255e-009	-1.329643e-005	1.466675e-005	-1.295561e-005	2.051967e-006	1.500757e-005	3.880770e-010	4.828906e-010	3.157339e-007	3.557942e-007	3.880330e-012
7.978099925568254e-009	-1.349225e-005	1.460018e-005	-1.321469e-005	1.663054e-006	1.487775e-005	3.991782e-010	4.973766e-010	3.284582e-007	3.685037e-007	3.991327e-012
7.979099925568254e-009	-1.368494e-005	1.453624e-005	-1.346921e-005	1.282746e-006	1.475196e-005	4.107398e-010	5.123159e-010	3.415151e-007	3.814552e-007	4.106282e-012
7.979847672753664e-009	-1.382605e-005	1.449102e-005	-1.365626e-005	1.004541e-006	1.466081e-005	4.197204e-010	5.238131e-010	3.515129e-007	3.913155e-007	4.195107e-012
7.980655423589235e-009	-1.397493e-005	1.444539e-005	-1.385473e-005	7.108674e-007	1.456560e-005	4.297545e-010	5.365536e-010	3.625412e-007	4.021407e-007	4.293891e-012
7.981292154836102e-009	-1.409046e-005	1.441103e-005	-1.400814e-005	4.851954e-007	1.449334e-005	4.379054e-010	5.468261e-010	3.713973e-007	4.107892e-007	4.373803e-012
7.981963483654107e-009	-1.421175e-005	1.437510e-005	-1.416758e-005	2.516963e-007	1.441927e-005	4.467072e-010	5.578523e-010	3.808714e-007	4.199971e-007	4.459808e-012
7.982151631585296e-009	-1.424579e-005	1.436494e-005	-1.421191e-005	1.869203e-007	1.439883e-005	4.492141e-010	5.609799e-010	3.835521e-007	4.225940e-007	4.484248e-012
7.982218314107728e-009	-1.425781e-005	1.436138e-005	-1.422732e-005	1.645458e-007	1.439187e-005	4.501115e-010	5.620966e-010	3.845094e-007	4.235184e-007	4.492985e-012
7.982266745634544e-009	-1.426653e-005	1.435880e-005	-1.423838e-005	1.485632e-007	1.438695e-005	4.507656e-010	5.629097e-010	3.852075e-007	4.241910e-007	4.499348e-012
7.982291275371139e-009	-1.427096e-005	1.435748e-005	-1.424401e-005	1.404096e-007	1.438442e-005	4.510974e-010	5.633220e-010	3.855613e-007	4.245318e-007	4.502575e-012
7.982300504946097e-009	-1.427263e-005	1.435698e-005	-1.424613e-005	1.373364e-007	1.438347e-005	4.512223e-010	5.634772e-010	3.856944e-007	4.246600e-007	4.503791e-012
7.982302604697144e-009	-1.427301e-005	1.435686e-005	-1.424662e-005	1.366334e-007	1.438325e-005	4.512507e-010	5.635125e-010	3.857247e-007	4.246891e-007	4.504068e-012
7.982302949173734e-009	-1.427307e-005	1.435684e-005	-1.424670e-005	1.365188e-007	1.438322e-005	4.512554e-010	5.635183e-010	3.857296e-007	4.246940e-007	4.504112e-012
7.982303231365712e-009	-1.427312e-005	1.435683e-005	-1.424676e-005	1.364242e-007	1.438319e-005	4.512592e-010	5.635231e-010	3.857337e-007	4.246979e-007	4.504149e-012
7.982303621590626e-009	-1.427319e-005	1.435681e-005	-1.424685e-005	1.362932e-007	1.438315e-005	4.512645e-010	5.635296e-010	3.857393e-007	4.247033e-007	4.504200e-012
7.982304157162053e-009	-1.427329e-005	1.435678e-005	-1.424698e-005	1.361141e-007	1.438309e-005	4.512718e-010	5.635387e-010	3.857471e-007	4.247107e-007	4.504271e-012
7.982304761833567e-009	-1.427340e-005	1.435675e-005	-1.424712e-005	1.359122e-007	1.438303e-005	4.512800e-010	5.635488e-010	3.857558e-007	4.247191e-007	4.504350e-012
7.982305319069304e-009	-1.427350e-005	1.435671e-005	-1.424725e-005	1.357257e-007	1.438297e-005	4.512875e-010	5.635582e-010	3.857638e-007	4.247269e-007	4.504424e-012
7.982305872869313e-009	-1.427360e-005	1.435668e-005	-1.424737e-005	1.355402e-007	1.438291e-005	4.512950e-010	5.635675e-010	3.857718e-007	4.247346e-007	4.504497e-012
7.982306412518416e-009	-1.427370e-005	1.435666e-005	-1.424750e-005	1.353592e-007	1.438286e-005	4.513023e-010	5.635766e-010	3.857796e-007	4.247421e-007	4.504569e-012
7.982306968562793e-009	-1.427380e-005	1.435662e-005	-1.424763e-005	1.351737e-007	1.438280e-005	4.513099e-010	5.635860e-010	3.857876e-007	4.247498e-007	4.504642e-012
7.982307516309272e-009	-1.427390e-005	1.435660e-005	-1.424775e-005	1.349908e-007	1.438274e-005	4.513173e-010	5.635952e-010	3.857955e-007	4.247574e-007	4.504715e-012
7.982308074684750e-009	-1.427400e-005	1.435656e-005	-1.424788e-005	1.348035e-007	1.438268e-005	4.513248e-010	5.636046e-010	3.858035e-007	4.247651e-007	4.504789e-012
7.982308740595932e-009	-1.427412e-005	1.435653e-005	-1.424803e-005	1.345807e-007	1.438262e-005	4.513339e-010	5.636158e-010	3.858131e-007	4.247744e-007	4.504876e-012
7.982309485831568e-009	-1.427426e-005	1.435649e-005	-1.424821e-005	1.343315e-007	1.438254e-005	4.513440e-010	5.636283e-010	3.858239e-007	4.247848e-007	4.504973e-012
7.982310379241970e-009	-1.427442e-005	1.435644e-005	-1.424841e-005	1.340331e-007	1.438245e-005	4.513561e-010	5.636434e-010	3.858368e-007	4.247972e-007	4.505091e-012
7.982311408110258e-009	-1.427461e-005	1.435638e-005	-1.424865e-005	1.336894e-007	1.438234e-005	4.513700e-010	5.636607e-010	3.858516e-007	4.248115e-007	4.505227e-012
7.982312693005594e-009	-1.427484e-005	1.435631e-005	-1.424895e-005	1.332592e-007	1.438221e-005	4.513874e-010	5.636823e-010	3.858702e-007	4.248293e-007	4.505396e-012
7.982314282191299e-009	-1.427513e-005	1.435623e-005	-1.424931e-005	1.327271e-007	1.438204e-005	4.514089e-010	5.637090e-010	3.858931e-007	4.248514e-007	4.505605e-012
7.982316438850442e-009	-1.427552e-005	1.435611e-005	-1.424981e-005	1.320050e-007	1.438182e-005	4.514382e-010	5.637453e-010	3.859242e-007	4.248814e-007	4.505890e-012
7.982337617795833e-009	-1.427937e-005	1.435494e-005	-1.425471e-005	1.248980e-007	1.437960e-005	4.517253e-010	5.641020e-010	3.862297e-007	4.251756e-007	4.508682e-012
7.982358796741223e-009	-1.428322e-005	1.435377e-005	-1.425961e-005	1.177698e-007	1.437738e-005	4.520128e-010	5.644589e-010	3.865352e-007	4.254700e-007	4.511477e-012
7.982379975686614e-009	-1.428708e-005	1.435259e-005	-1.426453e-005	1.106203e-007	1.437515e-005	4.523006e-010	5.648161e-010	3.868409e-007	4.257644e-007	4.514275e-012
7.982401154632006e-009	-1.429095e-005	1.435141e-005	-1.426945e-005	1.034494e-007	1.437290e-005	4.525887e-010	5.651736e-010	3.871466e-007	4.260589e-007	4.517076e-012
7.982422333577397e-009	-1.429482e-005	1.435022e-005	-1.427439e-005	9.625728e-008	1.437065e-005	4.528771e-010	5.655313e-010	3.874524e-007	4.263535e-007	4.519879e-012
7.982443512522787e-009	-1.429869e-005	1.434903e-005	-1.427934e-005	8.904382e-008	1.436838e-005	4.531659e-010	5.658894e-010	3.877583e-007	4.266482e-007	4.522684e-012
7.982464691468179e-009	-1.430258e-005	1.434783e-005	-1.428430e-005	8.180905e-008	1.436611e-005	4.534549e-010	5.662477e-010	3.880643e-007	4.269429e-007	4.525492e-012
7.982913671639042e-009	-1.438536e-005	1.432175e-005	-1.439066e-005	-7.419931e-008	1.431646e-005	4.596558e-010	5.739128e-010	3.945792e-007	4.332150e-007	4.585637e-012
7.983512311866861e-009	-1.449647e-005	1.428589e-005	-1.453466e-005	-2.869556e-007	1.424770e-005	4.681277e-010	5.843210e-010	4.033556e-007	4.416493e-007	4.667531e-012
7.984512311866861e-009	-1.468302e-005	1.422431e-005	-1.477813e-005	-6.489372e-007	1.412919e-005	4.826923e-010	6.020858e-010	4.182064e-007	4.558838e-007	4.807767e-012
7.985512311866860e-009	-1.487065e-005	1.416070e-005	-1.502460e-005	-1.017845e-006	1.400676e-005	4.977769e-010	6.203240e-010	4.332959e-007	4.702970e-007	4.952319e-012
7.987512311866859e-009	-1.524938e-005	1.402695e-005	-1.552654e-005	-1.776748e-006	1.374979e-005	5.297174e-010	6.583983e-010	4.642645e-007	4.997066e-007	5.256069e-012
7.990512311866857e-009	-1.582500e-005	1.381117e-005	-1.629989e-005	-2.963599e-006	1.333629e-005	5.822127e-010	7.195828e-010	5.126491e-007	5.452316e-007	5.749344e-012
7.993512311866856e-009	-1.640801e-005	1.357904e-005	-1.709477e-005	-4.202490e-006	1.289228e-005	6.404502e-010	7.857714e-010	5.632815e-007	5.923716e-007	6.289397e-012
7.997512311866854e-009	-1.719384e-005	1.324751e-005	-1.818212e-005	-5.922901e-006	1.225922e-005	7.274817e-010	8.820138e-010	6.341388e-007	6.575775e-007	7.085173e-012
8.000226597581139e-009	-1.773344e-005	1.300716e-005	-1.894150e-005	-7.142389e-006	1.179911e-005	7.925535e-010	9.525194e-010	6.845153e-007	7.034497e-007	7.673966e-012
8.002940883295422e-009	-1.827197e-005	1.276171e-005	-1.970133e-005	-8.368985e-006	1.133235e-005	8.633503e-010	1.027533e-009	7.362647e-007	7.501883e-007	8.307554e-012
8.005655169009706e-009	-1.880941e-005	1.251117e-005	-2.046163e-005	-9.602689e-006	1.085894e-005	9.398721e-010	1.107055e-009	7.893871e-007	7.977934e-007	8.985936e-012
8.008369454723991e-009	-1.934577e-005	1.225553e-005	-2.122240e-005	-1.084350e-005	1.037890e-005	1.022119e-009	1.191085e-009	8.438826e-007	8.462651e-007	9.709112e-012
8.011083740438276e-009	-1.988105e-005	1.199479e-005	-2.198363e-005	-1.209142e-005	9.892210e-006	1.110091e-009	1.279623e-009	8.997510e-007	8.956032e-007	1.047708e-011
8.013798026152559e-009	-2.041525e-005	1.172895e-005	-2.274533e-005	-1.334645e-005	9.398878e-006	1.203787e-009	1.372670e-009	9.569923e-007	9.458078e-007	1.128985e-011
8.016512311866844e-009	-2.094837e-005	1.145802e-005	-2.350749e-005	-1.460858e-005	8.898903e-006	1.303209e-009	1.470224e-009	1.015607e-006	9.968790e-007	1.214741e-011
8.017512311866843e-009	-2.114291e-005	1.135899e-005	-2.378330e-005	-1.506470e-005	8.718596e-006	1.341357e-009	1.507254e-009	1.037362e-006	1.015757e-006	1.247484e-011
8.017792986132370e-009	-2.119740e-005	1.133117e-005	-2.386037e-005	-1.519217e-005	8.668200e-006	1.352212e-009	1.517758e-009	1.043493e-006	1.021069e-006	1.256788e-011
8.018023907309991e-009	-2.124221e-005	1.130824e-005	-2.392302e-005	-1.529559e-005	8.627430e-006	1.361224e-009	1.526460e-009	1.048555e-006	1.025446e-006	1.264504e-011
8.018347531964862e-009	-2.130537e-005	1.127569e-005	-2.400792e-005	-1.543479e-005	8.573133e-006	1.373943e-009	1.538720e-009	1.055683e-006	1.031585e-006	1.275387e-011
8.018682401205318e-009	-2.137151e-005	1.124116e-005	-2.409220e-005	-1.557172e-005	8.520477e-006	1.387231e-009	1.551498e-009	1.063104e-006	1.037941e-006	1.286743e-011
8.019352139686229e-009	-2.150564e-005	1.117016e-005	-2.425307e-005	-1.583033e-005	8.422734e-006	1.414124e-009	1.577276e-009	1.078047e-006	1.050663e-006	1.309692e-011
8.020352139686228e-009	-2.170947e-005	1.106039e-005	-2.447781e-005	-1.618576e-005	8.292051e-006	1.454938e-009	1.616225e-009	1.100564e-006	1.069675e-006	1.344451e-011
8.021352139686228e-009	-2.191753e-005	1.094616e-005	-2.468353e-005	-1.650337e-005	8.180160e-006	1.496569e-009	1.655732e-009	1.123329e-006	1.088708e-006	1.379813e-011
8.023352139686226e-009	-2.234749e-005	1.070319e-005	-2.503101e-005	-1.701133e-005	8.019677e-006	1.582549e-009	1.736547e-009	1.169678e-006	1.126818e-006	1.452527e-011
8.025352139686225e-009	-2.279592e-005	1.044093e-005	-2.529096e-005	-1.734507e-005	7.945891e-006	1.672252e-009	1.819721e-009	1.217123e-006	1.164953e-006	1.527916e-011
8.027352139686224e-009	-2.326193e-005	1.016024e-005	-2.546325e-005	-1.750432e-005	7.958923e-006	1.765794e-009	1.905200e-009	1.265650e-006	1.203077e-006	1.606012e-011
8.030352139686223e-009	-2.398978e-005	9.708569e-006	-2.556402e-005	-1.742970e-005	8.134327e-006	1.913548e-009	2.037619e-009	1.340386e-006	1.260182e-006	1.728286e-011
8.031352139686222e-009	-2.423871e-005	9.551127e-006	-2.555841e-005	-1.732699e-005	8.231420e-006	1.964837e-009	2.082851e-009	1.365789e-006	1.279184e-006	1.770424e-011
8.032352139686222e-009	-2.448986e-005	9.391192e-006	-2.553781e-005	-1.719457e-005	8.343240e-006	2.016975e-009	2.128524e-009	1.391384e-006	1.298171e-006	1.813132e-011
8.032632814038023e-009	-2.456067e-005	9.345925e-006	-2.552894e-005	-1.715128e-005	8.377654e-006	2.031793e-009	2.141437e-009	1.398608e-006	1.303497e-006	1.825241e-011
8.032863844176846e-009	-2.461848e-005	9.309099e-006	-2.552004e-005	-1.711250e-005	8.407540e-006	2.044091e-009	2.152117e-009	1.404575e-006	1.307884e-006	1.835276e-011
8.033187381455704e-009	-2.469672e-005	9.260232e-006	-2.550631e-005	-1.705567e-005	8.450644e-006	2.061422e-009	2.167130e-009	1.412951e-006	1.314046e-006	1.849402e-011
8.033522197444610e-009	-2.477449e-005	9.212869e-006	-2.549070e-005	-1.699403e-005	8.496663e-006	2.079513e-009	2.182746e-009	1.421643e-006	1.320448e-006	1.864124e-011
8.034191829422422e-009	-2.492335e-005	9.124831e-006	-2.545608e-005	-1.686399e-005	8.592092e-006	2.116076e-009	2.214176e-009	1.439087e-006	1.333297e-006	1.893824e-011
8.035191829422421e-009	-2.513215e-005	9.006870e-006	-2.539768e-005	-1.665634e-005	8.741336e-006	2.171470e-009	2.261520e-009	1.465254e-006	1.352579e-006	1.938708e-011
8.037191829422420e-009	-2.549721e-005	8.823488e-006	-2.525873e-005	-1.619677e-005	9.061962e-006	2.285260e-009	2.357766e-009	1.518001e-006	1.391506e-006	2.030488e-011
8.040191829422419e-009	-2.589610e-005	8.696594e-006	-2.500906e-005	-1.542542e-005	9.583640e-006	2.463910e-009	2.506334e-009	1.598024e-006	1.450935e-006	2.173536e-011
8.043191829422417e-009	-2.610888e-005	8.754077e-006	-2.473527e-005	-1.460759e-005	1.012769e-005	2.652116e-009	2.660099e-009	1.678836e-006	1.511669e-006	2.323111e-011
8.046191829422415e-009	-2.614081e-005	8.989135e-006	-2.445839e-005	-1.378683e-005	1.067156e-005	2.849826e-009	2.819253e-009	1.760148e-006	1.573685e-006	2.479284e-011
8.049191829422414e-009	-2.601118e-005	9.380758e-006	-2.419099e-005	-1.299004e-005	1.120095e-005	3.056952e-009	2.983986e-009	1.841721e-006	1.636857e-006	2.642106e-011
8.051191829422413e-009	-2.584970e-005	9.713244e-006	-2.402088e-005	-1.247882e-005	1.154207e-005	3.200213e-009	3.096988e-009	1.896155e-006	1.679510e-006	2.754366e-011
8.053191829422412e-009	-2.564060e-005	1.008981e-005	-2.385776e-005	-1.198511e-005	1.187265e-005	3.347576e-009	3.212581e-009	1.950576e-006	1.722503e-006	2.869599e-011
8.055191829422411e-009	-2.539517e-005	1.049866e-005	-2.370127e-005	-1.150871e-005	1.219256e-005	3.499002e-009	3.330795e-009	2.004943e-006	1.765746e-006	2.987808e-011
8.058191829422409e-009	-2.498287e-005	1.114753e-005	-2.347752e-005	-1.082465e-005	1.265287e-005	3.733680e-009	3.513068e-009	2.086312e-006	1.830883e-006	3.170685e-011
8.061191829422408e-009	-2.454678e-005	1.180878e-005	-2.326495e-005	-1.017433e-005	1.309061e-005	3.977295e-009	3.701300e-009	2.167360e-006	1.896086e-006	3.360208e-011
8.064191829422406e-009	-2.411330e-005	1.245510e-005	-2.306202e-005	-9.555633e-006	1.350638e-005	4.229719e-009	3.895472e-009	2.247969e-006	1.961094e-006	3.556323e-011
8.066191829422405e-009	-2.383261e-005	1.287040e-005	-2.293128e-005	-9.159550e-006	1.377173e-005	4.402949e-009	4.028274e-009	2.301487e-006	2.004300e-006	3.690773e-011
8.068191829422404e-009	-2.356872e-005	1.326321e-005	-2.280521e-005	-8.778487e-006	1.402672e-005	4.579873e-009	4.163588e-009	2.354640e-006	2.047181e-006	3.828017e-011
8.070191829422403e-009	-2.332165e-005	1.363353e-005	-2.268381e-005	-8.412442e-006	1.427137e-005	4.760493e-009	4.301417e-009	2.407426e-006	2.089739e-006	3.968055e-011
8.072191829422402e-009	-2.309139e-005	1.398136e-005	-2.256709e-005	-8.061416e-006	1.450567e-005	4.944807e-009	4.441758e-009	2.459847e-006	2.131972e-006	4.110887e-011
8.074191829422401e-009	-2.287795e-005	1.430671e-005	-2.245503e-005	-7.725409e-006	1.472962e-005	5.132816e-009	4.584613e-009	2.511902e-006	2.173882e-006	4.256513e-011
8.076191829422400e-009	-2.268131e-005	1.460956e-005	-2.234765e-005	-7.404422e-006	1.494322e-005	5.324520e-009	4.729982e-009	2.563591e-006	2.215467e-006	4.404933e-011
8.078191829422399e-009	-2.250149e-005	1.488992e-005	-2.224493e-005	-7.098453e-006	1.514648e-005	5.519918e-009	4.877863e-009	2.614915e-006	2.256728e-006	4.556147e-011
8.080620400850968e-009	-2.231166e-005	1.519429e-005	-2.212881e-005	-6.751670e-006	1.537714e-005	5.762039e-009	5.060712e-009	2.676589e-006	2.306238e-006	4.743437e-011
8.083048972279539e-009	-2.213850e-005	1.547544e-005	-2.201943e-005	-6.424907e-006	1.559452e-005	6.008938e-009	5.246844e-009	2.737439e-006	2.355092e-006	4.934403e-011
8.085477543708109e-009	-2.198201e-005	1.573338e-005	-2.191678e-005	-6.118167e-006	1.579861e-005	6.260614e-009	5.436259e-009	2.797464e-006	2.403293e-006	5.129045e-011
8.087906115136680e-009	-2.184218e-005	1.596811e-005	-2.182087e-005	-5.831447e-006	1.598942e-005	6.517066e-009	5.628957e-009	2.856664e-006	2.450838e-006	5.327362e-011
8.090334686565249e-009	-2.171902e-005	1.617963e-005	-2.173170e-005	-5.564750e-006	1.616695e-005	6.778297e-009	5.824939e-009	2.915040e-006	2.497729e-006	5.529355e-011
8.092763257993820e-009	-2.161252e-005	1.636793e-005	-2.164926e-005	-5.318073e-006	1.633118e-005	7.044304e-009	6.024203e-009	2.972590e-006	2.543966e-006	5.735024e-011
8.095191829422390e-009	-2.152268e-005	1.653301e-005	-2.157356e-005	-5.091419e-006	1.648214e-005	7.315089e-009	6.226751e-009	3.029316e-006	2.589548e-006	5.944369e-011
8.098191829422388e-009	-2.142314e-005	1.671802e-005	-2.148739e-005	-4.833615e-006	1.665377e-005	7.655822e-009	6.481259e-009	3.098072e-006	2.644882e-006	6.207807e-011
8.101191829422387e-009	-2.133095e-005	1.688885e-005	-2.140549e-005	-4.591194e-006	1.681430e-005	8.002325e-009	6.739955e-009	3.165351e-006	2.699136e-006	6.475887e-011
8.104191829422385e-009	-2.124611e-005	1.704549e-005	-2.132788e-005	-4.364155e-006	1.696373e-005	8.354600e-009	7.002838e-009	3.231152e-006	2.752310e-006	6.748609e-011
8.107191829422384e-009	-2.116863e-005	1.718797e-005	-2.125455e-005	-4.152499e-006	1.710205e-005	8.712644e-009	7.269908e-009	3.295476e-006	2.804404e-006	7.025973e-011
8.110191829422382e-009	-2.109850e-005	1.731626e-005	-2.118549e-005	-3.956225e-006	1.722927e-005	9.076459e-009	7.541165e-009	3.358322e-006	2.855417e-006	7.307978e-011
8.113191829422381e-009	-2.103573e-005	1.743037e-005	-2.112072e-005	-3.775334e-006	1.734538e-005	9.446045e-009	7.816610e-009	3.419691e-006	2.905350e-006	7.594625e-011
8.116191829422379e-009	-2.098031e-005	1.753031e-005	-2.106022e-005	-3.609824e-006	1.745039e-005	9.821401e-009	8.096241e-009	3.479583e-006	2.954203e-006	7.885914e-011
8.119191829422377e-009	-2.092408e-005	1.762628e-005	-2.099996e-005	-3.449568e-006	1.755040e-005	1.020104e-008	8.379285e-009	3.537943e-006	3.001958e-006	8.180904e-011
8.121191829422376e-009	-2.088790e-005	1.768592e-005	-2.096075e-005	-3.347661e-006	1.761309e-005	1.045674e-008	8.569992e-009	3.576018e-006	3.033192e-006	8.379761e-011
8.123191829422375e-009	-2.085258e-005	1.774239e-005	-2.092218e-005	-3.249392e-006	1.767279e-005	1.071443e-008	8.762264e-009	3.613429e-006	3.063944e-006	8.580321e-011
8.126191829422374e-009	-2.080090e-005	1.782155e-005	-2.086537e-005	-3.108300e-006	1.775707e-005	1.110457e-008	9.053525e-009	3.668310e-006	3.109176e-006	8.884259e-011
8.129191829422372e-009	-2.075042e-005	1.789462e-005	-2.080961e-005	-2.974175e-006	1.783543e-005	1.149881e-008	9.348097e-009	3.721719e-006	3.153337e-006	9.191775e-011
8.134191829422370e-009	-2.066908e-005	1.800159e-005	-2.071912e-005	-2.767563e-006	1.795155e-005	1.216673e-008	9.847427e-009	3.807203e-006	3.224406e-006	9.713423e-011
8.139191829422367e-009	-2.058820e-005	1.809774e-005	-2.062963e-005	-2.573325e-006	1.805631e-005	1.284194e-008	1.035366e-008	3.889038e-006	3.292759e-006	1.024232e-010
8.144191829422364e-009	-2.050778e-005	1.818308e-005	-2.054116e-005	-2.391462e-006	1.814970e-005	1.352445e-008	1.086678e-008	3.967223e-006	3.358397e-006	1.077848e-010
8.149191829422362e-009	-2.042781e-005	1.825761e-005	-2.045369e-005	-2.221973e-006	1.823172e-005	1.421426e-008	1.138681e-008	4.041760e-006	3.421318e-006	1.132189e-010
8.154191829422359e-009	-2.034830e-005	1.832132e-005	-2.036724e-005	-2.064858e-006	1.830238e-005	1.491137e-008	1.191374e-008	4.112646e-006	3.481524e-006	1.187255e-010
8.159191829422357e-009	-2.026925e-005	1.837422e-005	-2.028179e-005	-1.920118e-006	1.836168e-005	1.561577e-008	1.244756e-008	4.179884e-006	3.539013e-006	1.243047e-010
8.164191829422354e-009	-2.019065e-005	1.841631e-005	-2.019736e-005	-1.787752e-006	1.840961e-005	1.632747e-008	1.298829e-008	4.243472e-006	3.593787e-006	1.299564e-010
8.166334686565210e-009	-2.015670e-005	1.843269e-005	-2.016117e-005	-1.732942e-006	1.842823e-005	1.663301e-008	1.322113e-008	4.269857e-006	3.616579e-006	1.323893e-010
8.168477543708066e-009	-2.012271e-005	1.844768e-005	-2.012505e-005	-1.679703e-006	1.844534e-005	1.693913e-008	1.345478e-008	4.295701e-006	3.638953e-006	1.348303e-010
8.170620400850921e-009	-2.008869e-005	1.846127e-005	-2.008900e-005	-1.628036e-006	1.846096e-005	1.724583e-008	1.368923e-008	4.321004e-006	3.660908e-006	1.372795e-010
8.172763257993779e-009	-2.005463e-005	1.847346e-005	-2.005301e-005	-1.577940e-006	1.847507e-005	1.755312e-008	1.392448e-008	4.345768e-006	3.682445e-006	1.397369e-010
8.174906115136635e-009	-2.002053e-005	1.848426e-005	-2.001710e-005	-1.529415e-006	1.848769e-005	1.786099e-008	1.416054e-008	4.369990e-006	3.703564e-006	1.422023e-010
8.177048972279490e-009	-1.998639e-005	1.849367e-005	-1.998126e-005	-1.482462e-006	1.849880e-005	1.816944e-008	1.439740e-008	4.393673e-006	3.724265e-006	1.446760e-010
8.179191829422346e-009	-1.995222e-005	1.850168e-005	-1.994549e-005	-1.437080e-006	1.850841e-005	1.847848e-008	1.463506e-008	4.416815e-006	3.744547e-006	1.471578e-010
8.180191829422346e-009	-1.993621e-005	1.850490e-005	-1.992877e-005	-1.416422e-006	1.851235e-005	1.862278e-008	1.474616e-008	4.427456e-006	3.753885e-006	1.483179e-010
8.181191829422345e-009	-1.992011e-005	1.850753e-005	-1.991197e-005	-1.396284e-006	1.851568e-005	1.876715e-008	1.485741e-008	4.437988e-006	3.763138e-006	1.494794e-010
8.183191829422344e-009	-1.988725e-005	1.850955e-005	-1.987772e-005	-1.358640e-006	1.851908e-005	1.905613e-008	1.508032e-008	4.458726e-006	3.781385e-006	1.518067e-010
8.185334686565200e-009	-1.985115e-005	1.850493e-005	-1.984008e-005	-1.324077e-006	1.851600e-005	1.936615e-008	1.531983e-008	4.480441e-006	3.800535e-006	1.543070e-010
8.187477543708056e-009	-1.981287e-005	1.849544e-005	-1.980020e-005	-1.292096e-006	1.850810e-005	1.967631e-008	1.555983e-008	4.501707e-006	3.819324e-006	1.568123e-010
8.189620400850911e-009	-1.977240e-005	1.848105e-005	-1.975808e-005	-1.262698e-006	1.849538e-005	1.998663e-008	1.580034e-008	4.522525e-006	3.837752e-006	1.593225e-010
8.191763257993769e-009	-1.972975e-005	1.846179e-005	-1.971371e-005	-1.235882e-006	1.847783e-005	2.029709e-008	1.604134e-008	4.542895e-006	3.855819e-006	1.618378e-010
8.193906115136625e-009	-1.968491e-005	1.843764e-005	-1.966710e-005	-1.211648e-006	1.845545e-005	2.060770e-008	1.628285e-008	4.562817e-006	3.873525e-006	1.643580e-010
8.196048972279480e-009	-1.963788e-005	1.840860e-005	-1.961824e-005	-1.189997e-006	1.842824e-005	2.091845e-008	1.652485e-008	4.582290e-006	3.890870e-006	1.668833e-010
8.198191829422336e-009	-1.958867e-005	1.837469e-005	-1.956714e-005	-1.170927e-006	1.839621e-005	2.122936e-008	1.676736e-008	4.601316e-006	3.907853e-006	1.694135e-010
8.198906115136622e-009	-1.957158e-005	1.836269e-005	-1.954943e-005	-1.164601e-006	1.838483e-005	2.133296e-008	1.684826e-008	4.607575e-006	3.913446e-006	1.702576e-010
8.199620400850906e-009	-1.955420e-005	1.835024e-005	-1.953144e-005	-1.158427e-006	1.837301e-005	2.143656e-008	1.692920e-008	4.613790e-006	3.919004e-006	1.711021e-010
8.200334686565192e-009	-1.953652e-005	1.833736e-005	-1.951314e-005	-1.152405e-006	1.836074e-005	2.154016e-008	1.701018e-008	4.619962e-006	3.924525e-006	1.719469e-010
8.201048972279478e-009	-1.951855e-005	1.832404e-005	-1.949456e-005	-1.146534e-006	1.834803e-005	2.164375e-008	1.709120e-008	4.626089e-006	3.930010e-006	1.727922e-010
8.201763257993764e-009	-1.950029e-005	1.831027e-005	-1.947569e-005	-1.140815e-006	1.833487e-005	2.174733e-008	1.717226e-008	4.632172e-006	3.935459e-006	1.736378e-010
8.202477543708048e-009	-1.948173e-005	1.829606e-005	-1.945652e-005	-1.135247e-006	1.832128e-005	2.185092e-008	1.725336e-008	4.638211e-006	3.940872e-006	1.744839e-010
8.203191829422334e-009	-1.946288e-005	1.828141e-005	-1.943706e-005	-1.129831e-006	1.830723e-005	2.195449e-008	1.733449e-008	4.644206e-006	3.946248e-006	1.753303e-010
8.204191829422333e-009	-1.943608e-005	1.826033e-005	-1.940942e-005	-1.122427e-006	1.828699e-005	2.209948e-008	1.744813e-008	4.652543e-006	3.953730e-006	1.765158e-010
8.204520047845246e-009	-1.942717e-005	1.825324e-005	-1.940023e-005	-1.120050e-006	1.828018e-005	2.214707e-008	1.748545e-008	4.655263e-006	3.956172e-006	1.769050e-010
8.204620207860664e-009	-1.942443e-005	1.825104e-005	-1.939740e-005	-1.119335e-006	1.827807e-005	2.216159e-008	1.749684e-008	4.656089e-006	3.956914e-006	1.770238e-010
8.204716856196752e-009	-1.942177e-005	1.824891e-005	-1.939467e-005	-1.118651e-006	1.827602e-005	2.217560e-008	1.750783e-008	4.656886e-006	3.957630e-006	1.771385e-010
8.204728240670488e-009	-1.942146e-005	1.824866e-005	-1.939434e-005	-1.118569e-006	1.827577e-005	2.217725e-008	1.750912e-008	4.656980e-006	3.957714e-006	1.771520e-010
8.204734265999400e-009	-1.942129e-005	1.824853e-005	-1.939417e-005	-1.118529e-006	1.827564e-005	2.217812e-008	1.750981e-008	4.657029e-006	3.957759e-006	1.771591e-010
8.204739812143065e-009	-1.942114e-005	1.824840e-005	-1.939402e-005	-1.118489e-006	1.827553e-005	2.217893e-008	1.751044e-008	4.657075e-006	3.957800e-006	1.771657e-010
8.204746518101660e-009	-1.942096e-005	1.824826e-005	-1.939383e-005	-1.118442e-006	1.827538e-005	2.217990e-008	1.751120e-008	4.657130e-006	3.957849e-006	1.771737e-010
8.204753594784526e-009	-1.942076e-005	1.824810e-005	-1.939362e-005	-1.118391e-006	1.827523e-005	2.218093e-008	1.751200e-008	4.657189e-006	3.957902e-006	1.771821e-010
8.204760658566887e-009	-1.942057e-005	1.824794e-005	-1.939342e-005	-1.118342e-006	1.827508e-005	2.218195e-008	1.751281e-008	4.657247e-006	3.957954e-006	1.771905e-010
8.204767508726764e-009	-1.942038e-005	1.824779e-005	-1.939323e-005	-1.118295e-006	1.827494e-005	2.218294e-008	1.751359e-008	4.657303e-006	3.958005e-006	1.771986e-010
8.204774389764804e-009	-1.942019e-005	1.824764e-005	-1.939304e-005	-1.118244e-006	1.827479e-005	2.218394e-008	1.751437e-008	4.657360e-006	3.958055e-006	1.772067e-010
8.204781248028381e-009	-1.942000e-005	1.824749e-005	-1.939284e-005	-1.118196e-006	1.827464e-005	2.218493e-008	1.751515e-008	4.657416e-006	3.958106e-006	1.772149e-010
8.204788162224073e-009	-1.941981e-005	1.824733e-005	-1.939265e-005	-1.118149e-006	1.827450e-005	2.218594e-008	1.751594e-008	4.657473e-006	3.958157e-006	1.772231e-010
8.204795313325576e-009	-1.941961e-005	1.824718e-005	-1.939244e-005	-1.118096e-006	1.827435e-005	2.218697e-008	1.751675e-008	4.657532e-006	3.958211e-006	1.772316e-010
8.204803862792695e-009	-1.941938e-005	1.824699e-005	-1.939220e-005	-1.118036e-006	1.827416e-005	2.218821e-008	1.751772e-008	4.657602e-006	3.958274e-006	1.772417e-010
8.204813429183005e-009	-1.941911e-005	1.824678e-005	-1.939193e-005	-1.117969e-006	1.827396e-005	2.218960e-008	1.751881e-008	4.657681e-006	3.958344e-006	1.772531e-010
8.204824936486755e-009	-1.941880e-005	1.824652e-005	-1.939160e-005	-1.117889e-006	1.827371e-005	2.219127e-008	1.752012e-008	4.657776e-006	3.958429e-006	1.772667e-010
8.204854978475299e-009	-1.941797e-005	1.824586e-005	-1.939075e-005	-1.117676e-006	1.827307e-005	2.219562e-008	1.752353e-008	4.658023e-006	3.958652e-006	1.773024e-010
8.208157140264302e-009	-1.932362e-005	1.817700e-005	-1.929392e-005	-1.087226e-006	1.820670e-005	2.267442e-008	1.789966e-008	4.684693e-006	3.982661e-006	1.812256e-010
8.211459302053303e-009	-1.922866e-005	1.810981e-005	-1.919689e-005	-1.055327e-006	1.814157e-005	2.315257e-008	1.827619e-008	4.710604e-006	4.006042e-006	1.851530e-010
8.214761463842305e-009	-1.913309e-005	1.804426e-005	-1.909967e-005	-1.021982e-006	1.807768e-005	2.363007e-008	1.865313e-008	4.735759e-006	4.028796e-006	1.890847e-010
8.218063625631306e-009	-1.903691e-005	1.798037e-005	-1.900224e-005	-9.871886e-007	1.801505e-005	2.410692e-008	1.903047e-008	4.760155e-006	4.050922e-006	1.930205e-010
8.221365787420309e-009	-1.894013e-005	1.791814e-005	-1.890461e-005	-9.509480e-007	1.795366e-005	2.458311e-008	1.940823e-008	4.783794e-006	4.072421e-006	1.969605e-010
8.224667949209310e-009	-1.884273e-005	1.785756e-005	-1.880678e-005	-9.132600e-007	1.789352e-005	2.505866e-008	1.978639e-008	4.806675e-006	4.093292e-006	2.009047e-010
8.227970110998312e-009	-1.874473e-005	1.779863e-005	-1.870874e-005	-8.741245e-007	1.783462e-005	2.553356e-008	2.016496e-008	4.828799e-006	4.113535e-006	2.048531e-010
8.228970110998312e-009	-1.871565e-005	1.778035e-005	-1.867918e-005	-8.623538e-007	1.781682e-005	2.567711e-008	2.027957e-008	4.835376e-006	4.119564e-006	2.060485e-010
8.229970110998311e-009	-1.868691e-005	1.776183e-005	-1.864825e-005	-8.477491e-007	1.780050e-005	2.582056e-008	2.039418e-008	4.841874e-006	4.125538e-006	2.072440e-010
8.231345110998311e-009	-1.864838e-005	1.773557e-005	-1.860171e-005	-8.194620e-007	1.778225e-005	2.601766e-008	2.055179e-008	4.850654e-006	4.133674e-006	2.088880e-010
8.231845110998312e-009	-1.863477e-005	1.772573e-005	-1.858331e-005	-8.061215e-007	1.777719e-005	2.608927e-008	2.060911e-008	4.853754e-006	4.136596e-006	2.094858e-010
8.232845110998311e-009	-1.860709e-005	1.770658e-005	-1.854717e-005	-7.806739e-007	1.776650e-005	2.623239e-008	2.072376e-008	4.859835e-006	4.142402e-006	2.106815e-010
8.233833262866209e-009	-1.857777e-005	1.768972e-005	-1.851359e-005	-7.596755e-007	1.775391e-005	2.637371e-008	2.083705e-008	4.865688e-006	4.148080e-006	2.118630e-010
8.234833262866208e-009	-1.854459e-005	1.767628e-005	-1.848231e-005	-7.437538e-007	1.773856e-005	2.651659e-008	2.095171e-008	4.871428e-006	4.153732e-006	2.130585e-010
8.235833262866208e-009	-1.850794e-005	1.766643e-005	-1.845325e-005	-7.321196e-007	1.772113e-005	2.665933e-008	2.106637e-008	4.876992e-006	4.159260e-006	2.142540e-010
8.236833262866207e-009	-1.846905e-005	1.765895e-005	-1.842587e-005	-7.237340e-007	1.770213e-005	2.680192e-008	2.118102e-008	4.882377e-006	4.164651e-006	2.154493e-010
8.237833262866207e-009	-1.842984e-005	1.765188e-005	-1.839979e-005	-7.178514e-007	1.768193e-005	2.694435e-008	2.129567e-008	4.887564e-006	4.169890e-006	2.166443e-010
8.238833262866206e-009	-1.839226e-005	1.764322e-005	-1.837461e-005	-7.137278e-007	1.766088e-005	2.708661e-008	2.141031e-008	4.892515e-006	4.174966e-006	2.178391e-010
8.239833262866206e-009	-1.835677e-005	1.763249e-005	-1.835006e-005	-7.108683e-007	1.763919e-005	2.722869e-008	2.152492e-008	4.897206e-006	4.179876e-006	2.190334e-010
8.240833262866205e-009	-1.832276e-005	1.762026e-005	-1.832617e-005	-7.093004e-007	1.761687e-005	2.737058e-008	2.163952e-008	4.901631e-006	4.184625e-006	2.202273e-010
8.241833262866205e-009	-1.828993e-005	1.760688e-005	-1.830301e-005	-7.092221e-007	1.759379e-005	2.751226e-008	2.175408e-008	4.905793e-006	4.189214e-006	2.214207e-010
8.242833262866204e-009	-1.825798e-005	1.759261e-005	-1.828058e-005	-7.105773e-007	1.757000e-005	2.765375e-008	2.186862e-008	4.909731e-006	4.193670e-006	2.226136e-010
8.243227186956807e-009	-1.824562e-005	1.758676e-005	-1.827228e-005	-7.121835e-007	1.756010e-005	2.770944e-008	2.191373e-008	4.911216e-006	4.195385e-006	2.230834e-010
8.243338538165483e-009	-1.824214e-005	1.758509e-005	-1.827027e-005	-7.132985e-007	1.755697e-005	2.772517e-008	2.192648e-008	4.911622e-006	4.195862e-006	2.232161e-010
8.243418826751169e-009	-1.823963e-005	1.758389e-005	-1.826888e-005	-7.142316e-007	1.755464e-005	2.773651e-008	2.193568e-008	4.911910e-006	4.196203e-006	2.233119e-010
8.243520523194102e-009	-1.823647e-005	1.758235e-005	-1.826690e-005	-7.149811e-007	1.755192e-005	2.775086e-008	2.194732e-008	4.912275e-006	4.196633e-006	2.234331e-010
8.243538013199153e-009	-1.823593e-005	1.758208e-005	-1.826654e-005	-7.150647e-007	1.755147e-005	2.775333e-008	2.194932e-008	4.912338e-006	4.196707e-006	2.234539e-010
8.243543437045986e-009	-1.823576e-005	1.758200e-005	-1.826643e-005	-7.150938e-007	1.755133e-005	2.775410e-008	2.194994e-008	4.912357e-006	4.196730e-006	2.234604e-010
8.243544418417877e-009	-1.823573e-005	1.758198e-005	-1.826641e-005	-7.150993e-007	1.755131e-005	2.775424e-008	2.195006e-008	4.912361e-006	4.196734e-006	2.234616e-010
8.243544769915421e-009	-1.823572e-005	1.758198e-005	-1.826640e-005	-7.151011e-007	1.755130e-005	2.775429e-008	2.195010e-008	4.912362e-006	4.196735e-006	2.234620e-010
8.243545236723269e-009	-1.823571e-005	1.758197e-005	-1.826639e-005	-7.151011e-007	1.755129e-005	2.775436e-008	2.195015e-008	4.912364e-006	4.196737e-006	2.234625e-010
8.243545743342934e-009	-1.823569e-005	1.758196e-005	-1.826638e-005	-7.151048e-007	1.755127e-005	2.775443e-008	2.195021e-008	4.912366e-006	4.196739e-006	2.234631e-010
8.243546278972455e-009	-1.823567e-005	1.758196e-005	-1.826637e-005	-7.151048e-007	1.755126e-005	2.775450e-008	2.195027e-008	4.912367e-006	4.196741e-006	2.234638e-010
8.243546853357678e-009	-1.823565e-005	1.758195e-005	-1.826636e-005	-7.151084e-007	1.755125e-005	2.775458e-008	2.195033e-008	4.912370e-006	4.196744e-006	2.234645e-010
8.243547416110129e-009	-1.823564e-005	1.758194e-005	-1.826634e-005	-7.151102e-007	1.755123e-005	2.775466e-008	2.195040e-008	4.912371e-006	4.196746e-006	2.234651e-010
8.243548107107077e-009	-1.823562e-005	1.758193e-005	-1.826633e-005	-7.151139e-007	1.755121e-005	2.775476e-008	2.195048e-008	4.912374e-006	4.196749e-006	2.234660e-010
8.243548856704134e-009	-1.823559e-005	1.758192e-005	-1.826631e-005	-7.151157e-007	1.755120e-005	2.775487e-008	2.195056e-008	4.912376e-006	4.196752e-006	2.234669e-010
8.243549784911431e-009	-1.823557e-005	1.758190e-005	-1.826629e-005	-7.151211e-007	1.755117e-005	2.775500e-008	2.195067e-008	4.912380e-006	4.196756e-006	2.234680e-010
8.243550831720869e-009	-1.823553e-005	1.758188e-005	-1.826627e-005	-7.151266e-007	1.755114e-005	2.775514e-008	2.195079e-008	4.912384e-006	4.196761e-006	2.234692e-010
8.243552175989290e-009	-1.823549e-005	1.758186e-005	-1.826624e-005	-7.151302e-007	1.755111e-005	2.775533e-008	2.195094e-008	4.912388e-006	4.196766e-006	2.234708e-010
8.243553815219368e-009	-1.823544e-005	1.758184e-005	-1.826621e-005	-7.151375e-007	1.755107e-005	2.775556e-008	2.195113e-008	4.912394e-006	4.196773e-006	2.234728e-010
8.243556104575002e-009	-1.823537e-005	1.758180e-005	-1.826616e-005	-7.151448e-007	1.755101e-005	2.775589e-008	2.195139e-008	4.912402e-006	4.196783e-006	2.234755e-010
8.243891808941446e-009	-1.822549e-005	1.757617e-005	-1.825800e-005	-7.143296e-007	1.754367e-005	2.780326e-008	2.198982e-008	4.913586e-006	4.198162e-006	2.238756e-010
8.244227513307891e-009	-1.821593e-005	1.757024e-005	-1.824928e-005	-7.124009e-007	1.753688e-005	2.785061e-008	2.202824e-008	4.914749e-006	4.199513e-006	2.242756e-010
8.244563217674335e-009	-1.820667e-005	1.756401e-005	-1.824002e-005	-7.093584e-007	1.753066e-005	2.789793e-008	2.206666e-008	4.915890e-006	4.200836e-006	2.246755e-010
8.244898922040778e-009	-1.819774e-005	1.755748e-005	-1.823021e-005	-7.052023e-007	1.752501e-005	2.794523e-008	2.210507e-008	4.917011e-006	4.202131e-006	2.250753e-010
8.245234626407222e-009	-1.818911e-005	1.755065e-005	-1.821985e-005	-6.999325e-007	1.751992e-005	2.799250e-008	2.214347e-008	4.918110e-006	4.203399e-006	2.254750e-010
8.245570330773667e-009	-1.818080e-005	1.754352e-005	-1.820894e-005	-6.935490e-007	1.751539e-005	2.803975e-008	2.218187e-008	4.919189e-006	4.204639e-006	2.258747e-010
8.245906035140111e-009	-1.817281e-005	1.753610e-005	-1.819748e-005	-6.860519e-007	1.751143e-005	2.808698e-008	2.222026e-008	4.920246e-006	4.205851e-006	2.262743e-010
8.246236021507838e-009	-1.816515e-005	1.752860e-005	-1.818598e-005	-6.782102e-007	1.750777e-005	2.813338e-008	2.225799e-008	4.921271e-006	4.207026e-006	2.266670e-010
8.246332023080278e-009	-1.816316e-005	1.752619e-005	-1.818235e-005	-6.753562e-007	1.750700e-005	2.814688e-008	2.226896e-008	4.921561e-006	4.207358e-006	2.267812e-010
8.246364360746401e-009	-1.816252e-005	1.752535e-005	-1.818107e-005	-6.742775e-007	1.750679e-005	2.815142e-008	2.227266e-008	4.921658e-006	4.207468e-006	2.268197e-010
8.246366826650225e-009	-1.816247e-005	1.752529e-005	-1.818098e-005	-6.741957e-007	1.750678e-005	2.815177e-008	2.227294e-008	4.921666e-006	4.207477e-006	2.268226e-010
8.246367477336404e-009	-1.816245e-005	1.752527e-005	-1.818095e-005	-6.741739e-007	1.750678e-005	2.815186e-008	2.227302e-008	4.921668e-006	4.207479e-006	2.268234e-010
8.246367667628473e-009	-1.816245e-005	1.752527e-005	-1.818094e-005	-6.741684e-007	1.750677e-005	2.815188e-008	2.227304e-008	4.921668e-006	4.207480e-006	2.268236e-010
8.246368001230811e-009	-1.816244e-005	1.752526e-005	-1.818093e-005	-6.741575e-007	1.750677e-005	2.815193e-008	2.227307e-008	4.921669e-006	4.207481e-006	2.268240e-010
8.246368644357085e-009	-1.816243e-005	1.752524e-005	-1.818090e-005	-6.741375e-007	1.750677e-005	2.815202e-008	2.227315e-008	4.921671e-006	4.207483e-006	2.268248e-010
8.246369274081938e-009	-1.816241e-005	1.752523e-005	-1.818088e-005	-6.741157e-007	1.750676e-005	2.815211e-008	2.227322e-008	4.921673e-006	4.207485e-006	2.268255e-010
8.246370067396346e-009	-1.816240e-005	1.752521e-005	-1.818085e-005	-6.740902e-007	1.750676e-005	2.815222e-008	2.227331e-008	4.921676e-006	4.207488e-006	2.268264e-010
8.246370855808589e-009	-1.816238e-005	1.752519e-005	-1.818082e-005	-6.740665e-007	1.750675e-005	2.815233e-008	2.227340e-008	4.921678e-006	4.207491e-006	2.268274e-010
8.246371910329945e-009	-1.816236e-005	1.752516e-005	-1.818078e-005	-6.740320e-007	1.750675e-005	2.815248e-008	2.227352e-008	4.921681e-006	4.207494e-006	2.268286e-010
8.246373063546509e-009	-1.816234e-005	1.752513e-005	-1.818073e-005	-6.739956e-007	1.750674e-005	2.815264e-008	2.227365e-008	4.921684e-006	4.207498e-006	2.268300e-010
8.246374658005617e-009	-1.816230e-005	1.752509e-005	-1.818067e-005	-6.739447e-007	1.750673e-005	2.815286e-008	2.227384e-008	4.921689e-006	4.207503e-006	2.268319e-010
8.246376570802855e-009	-1.816226e-005	1.752504e-005	-1.818060e-005	-6.738846e-007	1.750671e-005	2.815313e-008	2.227405e-008	4.921695e-006	4.207510e-006	2.268342e-010
8.246383667021650e-009	-1.816211e-005	1.752487e-005	-1.818032e-005	-6.736609e-007	1.750666e-005	2.815413e-008	2.227486e-008	4.921716e-006	4.207534e-006	2.268426e-010
8.246699357386776e-009	-1.815449e-005	1.751804e-005	-1.816891e-005	-6.652969e-007	1.750362e-005	2.819846e-008	2.231094e-008	4.922642e-006	4.208599e-006	2.272181e-010
8.247015047751902e-009	-1.814632e-005	1.751178e-005	-1.815785e-005	-6.576021e-007	1.750025e-005	2.824277e-008	2.234701e-008	4.923554e-006	4.209645e-006	2.275935e-010
8.247330738117027e-009	-1.813758e-005	1.750610e-005	-1.814713e-005	-6.505765e-007	1.749655e-005	2.828706e-008	2.238307e-008	4.924453e-006	4.210672e-006	2.279687e-010
8.247646428482153e-009	-1.812828e-005	1.750100e-005	-1.813675e-005	-6.442202e-007	1.749253e-005	2.833132e-008	2.241912e-008	4.925337e-006	4.211680e-006	2.283439e-010
8.247962118847279e-009	-1.811842e-005	1.749647e-005	-1.812671e-005	-6.385331e-007	1.748818e-005	2.837555e-008	2.245516e-008	4.926208e-006	4.212670e-006	2.287190e-010
8.248277809212405e-009	-1.810800e-005	1.749252e-005	-1.811702e-005	-6.335152e-007	1.748350e-005	2.841977e-008	2.249119e-008	4.927065e-006	4.213641e-006	2.290939e-010
8.248593499577530e-009	-1.809703e-005	1.748915e-005	-1.810767e-005	-6.291666e-007	1.747850e-005	2.846395e-008	2.252721e-008	4.927908e-006	4.214594e-006	2.294688e-010
8.248879676289834e-009	-1.808716e-005	1.748601e-005	-1.809902e-005	-6.248756e-007	1.747415e-005	2.850400e-008	2.255986e-008	4.928670e-006	4.215449e-006	2.298086e-010
8.249008094673553e-009	-1.808251e-005	1.748483e-005	-1.809526e-005	-6.231787e-007	1.747208e-005	2.852196e-008	2.257451e-008	4.929004e-006	4.215821e-006	2.299610e-010
8.249136513057271e-009	-1.807793e-005	1.748359e-005	-1.809151e-005	-6.214906e-007	1.747002e-005	2.853992e-008	2.258915e-008	4.929337e-006	4.216190e-006	2.301134e-010
8.249264931440991e-009	-1.807342e-005	1.748228e-005	-1.808776e-005	-6.198112e-007	1.746794e-005	2.855787e-008	2.260379e-008	4.929667e-006	4.216555e-006	2.302658e-010
8.249393349824709e-009	-1.806898e-005	1.748090e-005	-1.808401e-005	-6.181406e-007	1.746587e-005	2.857581e-008	2.261843e-008	4.929994e-006	4.216918e-006	2.304181e-010
8.249521768208429e-009	-1.806461e-005	1.747945e-005	-1.808027e-005	-6.164787e-007	1.746379e-005	2.859375e-008	2.263307e-008	4.930319e-006	4.217278e-006	2.305705e-010
8.249650186592147e-009	-1.806031e-005	1.747794e-005	-1.807654e-005	-6.148257e-007	1.746171e-005	2.861168e-008	2.264771e-008	4.930641e-006	4.217634e-006	2.307228e-010
8.249778604975867e-009	-1.805608e-005	1.747635e-005	-1.807281e-005	-6.131813e-007	1.745963e-005	2.862961e-008	2.266234e-008	4.930961e-006	4.217987e-006	2.308751e-010
8.250432945389864e-009	-1.803448e-005	1.746834e-005	-1.805379e-005	-6.047632e-007	1.744903e-005	2.872088e-008	2.273687e-008	4.932559e-006	4.219758e-006	2.316507e-010
8.251087285803860e-009	-1.801309e-005	1.746013e-005	-1.803496e-005	-5.966942e-007	1.743827e-005	2.881205e-008	2.281135e-008	4.934105e-006	4.221477e-006	2.324259e-010
8.251741626217857e-009	-1.799191e-005	1.745174e-005	-1.801631e-005	-5.889743e-007	1.742734e-005	2.890309e-008	2.288578e-008	4.935600e-006	4.223144e-006	2.332005e-010
8.252395966631854e-009	-1.797094e-005	1.744316e-005	-1.799785e-005	-5.816035e-007	1.741625e-005	2.899403e-008	2.296016e-008	4.937044e-006	4.224760e-006	2.339746e-010
8.253050307045851e-009	-1.795017e-005	1.743440e-005	-1.797958e-005	-5.745818e-007	1.740499e-005	2.908485e-008	2.303449e-008	4.938437e-006	4.226325e-006	2.347482e-010
8.253704647459847e-009	-1.792962e-005	1.742544e-005	-1.796149e-005	-5.679092e-007	1.739358e-005	2.917556e-008	2.310876e-008	4.939779e-006	4.227838e-006	2.355213e-010
8.254358987873844e-009	-1.790927e-005	1.741630e-005	-1.794358e-005	-5.615857e-007	1.738199e-005	2.926616e-008	2.318298e-008	4.941069e-006	4.229300e-006	2.362939e-010
8.255358987873844e-009	-1.787852e-005	1.740203e-005	-1.791661e-005	-5.526854e-007	1.736393e-005	2.940437e-008	2.329630e-008	4.942940e-006	4.231433e-006	2.374734e-010
8.256123535777852e-009	-1.785526e-005	1.739089e-005	-1.789630e-005	-5.464572e-007	1.734984e-005	2.950988e-008	2.338285e-008	4.944297e-006	4.232995e-006	2.383744e-010
8.256293449919039e-009	-1.785013e-005	1.738838e-005	-1.789184e-005	-5.451675e-007	1.734667e-005	2.953331e-008	2.340208e-008	4.944587e-006	4.233331e-006	2.385745e-010
8.256460747676766e-009	-1.784510e-005	1.738589e-005	-1.788745e-005	-5.439051e-007	1.734354e-005	2.955636e-008	2.342100e-008	4.944865e-006	4.233657e-006	2.387715e-010
8.256487423780191e-009	-1.784430e-005	1.738549e-005	-1.788674e-005	-5.436887e-007	1.734305e-005	2.956003e-008	2.342401e-008	4.944910e-006	4.233708e-006	2.388029e-010
8.256492792962135e-009	-1.784414e-005	1.738541e-005	-1.788659e-005	-5.436432e-007	1.734295e-005	2.956077e-008	2.342462e-008	4.944919e-006	4.233719e-006	2.388092e-010
8.256496077805013e-009	-1.784404e-005	1.738536e-005	-1.788651e-005	-5.436159e-007	1.734289e-005	2.956122e-008	2.342499e-008	4.944925e-006	4.233725e-006	2.388131e-010
8.256500994141261e-009	-1.784389e-005	1.738529e-005	-1.788638e-005	-5.435759e-007	1.734280e-005	2.956190e-008	2.342555e-008	4.944933e-006	4.233734e-006	2.388189e-010
8.256507879874599e-009	-1.784368e-005	1.738518e-005	-1.788619e-005	-5.435177e-007	1.734267e-005	2.956285e-008	2.342633e-008	4.944945e-006	4.233747e-006	2.388270e-010
8.256515388227412e-009	-1.784346e-005	1.738507e-005	-1.788599e-005	-5.434576e-007	1.734254e-005	2.956388e-008	2.342718e-008	4.944957e-006	4.233762e-006	2.388358e-010
8.256522381529112e-009	-1.784325e-005	1.738497e-005	-1.788581e-005	-5.433994e-007	1.734241e-005	2.956484e-008	2.342797e-008	4.944969e-006	4.233776e-006	2.388441e-010
8.256529248529500e-009	-1.784304e-005	1.738486e-005	-1.788562e-005	-5.433430e-007	1.734228e-005	2.956579e-008	2.342874e-008	4.944980e-006	4.233789e-006	2.388521e-010
8.256536032159886e-009	-1.784284e-005	1.738476e-005	-1.788544e-005	-5.432867e-007	1.734216e-005	2.956672e-008	2.342951e-008	4.944992e-006	4.233802e-006	2.388601e-010
8.256542954711066e-009	-1.784263e-005	1.738466e-005	-1.788526e-005	-5.432285e-007	1.734203e-005	2.956768e-008	2.343029e-008	4.945003e-006	4.233815e-006	2.388683e-010
8.256549855232697e-009	-1.784243e-005	1.738455e-005	-1.788508e-005	-5.431702e-007	1.734190e-005	2.956863e-008	2.343107e-008	4.945015e-006	4.233828e-006	2.388764e-010
8.256558281395790e-009	-1.784217e-005	1.738443e-005	-1.788485e-005	-5.431011e-007	1.734175e-005	2.956979e-008	2.343203e-008	4.945029e-006	4.233844e-006	2.388863e-010
8.256567506806757e-009	-1.784190e-005	1.738429e-005	-1.788461e-005	-5.430247e-007	1.734158e-005	2.957106e-008	2.343307e-008	4.945044e-006	4.233862e-006	2.388972e-010
8.256578775625769e-009	-1.784156e-005	1.738412e-005	-1.788430e-005	-5.429283e-007	1.734138e-005	2.957261e-008	2.343434e-008	4.945063e-006	4.233884e-006	2.389104e-010
8.256607722487092e-009	-1.784070e-005	1.738368e-005	-1.788353e-005	-5.426864e-007	1.734085e-005	2.957660e-008	2.343762e-008	4.945112e-006	4.233939e-006	2.389445e-010
8.256878156398690e-009	-1.783267e-005	1.737956e-005	-1.787627e-005	-5.403164e-007	1.733596e-005	2.961382e-008	2.346818e-008	4.945566e-006	4.234448e-006	2.392627e-010
8.257148590310287e-009	-1.782470e-005	1.737538e-005	-1.786899e-005	-5.379041e-007	1.733109e-005	2.965101e-008	2.349873e-008	4.946019e-006	4.234948e-006	2.395808e-010
8.257419024221885e-009	-1.781679e-005	1.737116e-005	-1.786170e-005	-5.354495e-007	1.732625e-005	2.968819e-008	2.352927e-008	4.946473e-006	4.235438e-006	2.398988e-010
8.257689458133481e-009	-1.780893e-005	1.736689e-005	-1.785438e-005	-5.329525e-007	1.732143e-005	2.972534e-008	2.355980e-008	4.946927e-006	4.235919e-006	2.402167e-010
8.257959892045079e-009	-1.780112e-005	1.736257e-005	-1.784705e-005	-5.304132e-007	1.731664e-005	2.976248e-008	2.359032e-008	4.947382e-006	4.236389e-006	2.405345e-010
8.258230325956677e-009	-1.779337e-005	1.735819e-005	-1.783970e-005	-5.278316e-007	1.731187e-005	2.979958e-008	2.362082e-008	4.947836e-006	4.236850e-006	2.408521e-010
8.258500759868275e-009	-1.778567e-005	1.735377e-005	-1.783233e-005	-5.252077e-007	1.730712e-005	2.983667e-008	2.365131e-008	4.948291e-006	4.237301e-006	2.411696e-010
8.259500759868274e-009	-1.775743e-005	1.733723e-005	-1.780506e-005	-5.154525e-007	1.728960e-005	2.997371e-008	2.376399e-008	4.949970e-006	4.238926e-006	2.423433e-010
8.259972703874476e-009	-1.774434e-005	1.732920e-005	-1.779214e-005	-5.107304e-007	1.728141e-005	3.003830e-008	2.381712e-008	4.950762e-006	4.239652e-006	2.428967e-010
8.260106495162292e-009	-1.774069e-005	1.732686e-005	-1.778846e-005	-5.093625e-007	1.727910e-005	3.005660e-008	2.383216e-008	4.950987e-006	4.239849e-006	2.430535e-010
8.260239664281553e-009	-1.773708e-005	1.732452e-005	-1.778479e-005	-5.079855e-007	1.727681e-005	3.007480e-008	2.384714e-008	4.951210e-006	4.240040e-006	2.432096e-010
8.260258880753252e-009	-1.773655e-005	1.732419e-005	-1.778426e-005	-5.077854e-007	1.727648e-005	3.007743e-008	2.384930e-008	4.951242e-006	4.240068e-006	2.432321e-010
8.260264637372984e-009	-1.773640e-005	1.732409e-005	-1.778411e-005	-5.077254e-007	1.727638e-005	3.007822e-008	2.384995e-008	4.951252e-006	4.240076e-006	2.432388e-010
8.260268921748256e-009	-1.773628e-005	1.732402e-005	-1.778399e-005	-5.076818e-007	1.727631e-005	3.007880e-008	2.385043e-008	4.951259e-006	4.240082e-006	2.432439e-010
8.260274892932886e-009	-1.773611e-005	1.732392e-005	-1.778382e-005	-5.076199e-007	1.727620e-005	3.007962e-008	2.385110e-008	4.951269e-006	4.240091e-006	2.432509e-010
8.260282325005003e-009	-1.773591e-005	1.732379e-005	-1.778362e-005	-5.075417e-007	1.727608e-005	3.008063e-008	2.385194e-008	4.951282e-006	4.240102e-006	2.432596e-010
8.260289425500844e-009	-1.773572e-005	1.732366e-005	-1.778342e-005	-5.074689e-007	1.727596e-005	3.008160e-008	2.385274e-008	4.951294e-006	4.240112e-006	2.432679e-010
8.260296426383804e-009	-1.773552e-005	1.732354e-005	-1.778323e-005	-5.073962e-007	1.727584e-005	3.008256e-008	2.385352e-008	4.951306e-006	4.240122e-006	2.432761e-010
8.260303164258492e-009	-1.773534e-005	1.732343e-005	-1.778305e-005	-5.073271e-007	1.727572e-005	3.008348e-008	2.385428e-008	4.951317e-006	4.240132e-006	2.432840e-010
8.260310094972716e-009	-1.773515e-005	1.732331e-005	-1.778286e-005	-5.072543e-007	1.727560e-005	3.008443e-008	2.385506e-008	4.951328e-006	4.240142e-006	2.432921e-010
8.260316935684708e-009	-1.773496e-005	1.732319e-005	-1.778267e-005	-5.071834e-007	1.727548e-005	3.008536e-008	2.385583e-008	4.951340e-006	4.240152e-006	2.433001e-010
8.260323884209732e-009	-1.773477e-005	1.732307e-005	-1.778247e-005	-5.071106e-007	1.727536e-005	3.008631e-008	2.385661e-008	4.951351e-006	4.240162e-006	2.433082e-010
8.260330735015921e-009	-1.773458e-005	1.732295e-005	-1.778229e-005	-5.070415e-007	1.727525e-005	3.008725e-008	2.385738e-008	4.951363e-006	4.240172e-006	2.433163e-010
8.260338124344469e-009	-1.773438e-005	1.732283e-005	-1.778208e-005	-5.069651e-007	1.727512e-005	3.008826e-008	2.385821e-008	4.951376e-006	4.240182e-006	2.433249e-010
8.260346717524995e-009	-1.773414e-005	1.732268e-005	-1.778185e-005	-5.068759e-007	1.727497e-005	3.008943e-008	2.385918e-008	4.951390e-006	4.240195e-006	2.433350e-010
8.260356592180252e-009	-1.773387e-005	1.732251e-005	-1.778158e-005	-5.067741e-007	1.727480e-005	3.009078e-008	2.386029e-008	4.951406e-006	4.240209e-006	2.433466e-010
8.260368223349293e-009	-1.773354e-005	1.732231e-005	-1.778126e-005	-5.066540e-007	1.727460e-005	3.009237e-008	2.386160e-008	4.951426e-006	4.240226e-006	2.433602e-010
8.260399091556555e-009	-1.773269e-005	1.732178e-005	-1.778041e-005	-5.063357e-007	1.727407e-005	3.009659e-008	2.386506e-008	4.951478e-006	4.240270e-006	2.433964e-010
8.263427285161576e-009	-1.764823e-005	1.727133e-005	-1.769781e-005	-4.760702e-007	1.722174e-005	3.050894e-008	2.420463e-008	4.956550e-006	4.244649e-006	2.469362e-010
8.266455478766597e-009	-1.756419e-005	1.722117e-005	-1.761566e-005	-4.459495e-007	1.716971e-005	3.091881e-008	2.454259e-008	4.961618e-006	4.249022e-006	2.504626e-010
8.269483672371618e-009	-1.748058e-005	1.717133e-005	-1.753394e-005	-4.159736e-007	1.711796e-005	3.132618e-008	2.487895e-008	4.966682e-006	4.253390e-006	2.539754e-010
8.272511865976639e-009	-1.739739e-005	1.712178e-005	-1.745266e-005	-3.861424e-007	1.706651e-005	3.173107e-008	2.521370e-008	4.971741e-006	4.257753e-006	2.574746e-010
8.275540059581660e-009	-1.731463e-005	1.707255e-005	-1.737181e-005	-3.564560e-007	1.701536e-005	3.213347e-008	2.554685e-008	4.976796e-006	4.262110e-006	2.609604e-010
8.278568253186682e-009	-1.723229e-005	1.702361e-005	-1.729141e-005	-3.269144e-007	1.696449e-005	3.253338e-008	2.587840e-008	4.981846e-006	4.266461e-006	2.644326e-010
8.281596446791703e-009	-1.715038e-005	1.697499e-005	-1.721144e-005	-2.975175e-007	1.691392e-005	3.293081e-008	2.620835e-008	4.986892e-006	4.270807e-006	2.678912e-010
8.302596446791692e-009	-1.659621e-005	1.664641e-005	-1.666997e-005	-9.733405e-008	1.657264e-005	3.560832e-008	2.844763e-008	5.021778e-006	4.300865e-006	2.914548e-010
8.323596446791681e-009	-1.606051e-005	1.632947e-005	-1.614639e-005	9.720865e-008	1.624359e-005	3.818837e-008	3.061888e-008	5.056477e-006	4.330756e-006	3.144713e-010
8.344596446791670e-009	-1.554329e-005	1.602417e-005	-1.564067e-005	2.861106e-007	1.592679e-005	4.067096e-008	3.272210e-008	5.090989e-006	4.360481e-006	3.369409e-010
8.365596446791659e-009	-1.504455e-005	1.573050e-005	-1.515284e-005	4.693717e-007	1.562221e-005	4.305609e-008	3.475728e-008	5.125315e-006	4.390039e-006	3.588636e-010
8.386596446791648e-009	-1.456429e-005	1.544848e-005	-1.468289e-005	6.469920e-007	1.532988e-005	4.534376e-008	3.672443e-008	5.159454e-006	4.419431e-006	3.802392e-010
8.407596446791637e-009	-1.410250e-005	1.517809e-005	-1.423081e-005	8.189715e-007	1.504978e-005	4.753397e-008	3.862355e-008	5.193406e-006	4.448657e-006	4.010679e-010
8.428596446791626e-009	-1.365919e-005	1.491935e-005	-1.379661e-005	9.853102e-007	1.478192e-005	4.962672e-008	4.045463e-008	5.227172e-006	4.477717e-006	4.213497e-010
8.429596446791626e-009	-1.363840e-005	1.490722e-005	-1.377625e-005	9.931191e-007	1.476937e-005	4.972490e-008	4.054057e-008	5.228775e-006	4.479097e-006	4.223065e-010
8.459882161077324e-009	-1.302986e-005	1.455315e-005	-1.317990e-005	1.223218e-006	1.440311e-005	5.258951e-008	4.306563e-008	5.277134e-006	4.520706e-006	4.506678e-010
8.490167875363024e-009	-1.244915e-005	1.421590e-005	-1.261056e-005	1.443934e-006	1.405449e-005	5.532212e-008	4.548620e-008	5.325125e-006	4.561990e-006	4.782486e-010
8.520453589648722e-009	-1.189626e-005	1.389548e-005	-1.206824e-005	1.655265e-006	1.372350e-005	5.792272e-008	4.780226e-008	5.372749e-006	4.602950e-006	5.050491e-010
8.550739303934420e-009	-1.137121e-005	1.359188e-005	-1.155294e-005	1.857213e-006	1.341015e-005	6.039132e-008	5.001384e-008	5.420006e-006	4.643585e-006	5.310691e-010
8.581025018220118e-009	-1.087398e-005	1.330510e-005	-1.106465e-005	2.049777e-006	1.311443e-005	6.272792e-008	5.212091e-008	5.466896e-006	4.683895e-006	5.563087e-010
8.611310732505817e-009	-1.040458e-005	1.303515e-005	-1.060338e-005	2.232956e-006	1.283634e-005	6.493251e-008	5.412349e-008	5.513419e-006	4.723880e-006	5.807680e-010
8.641596446791515e-009	-9.963010e-006	1.278201e-005	-1.016914e-005	2.406752e-006	1.257589e-005	6.700510e-008	5.602158e-008	5.559575e-006	4.763541e-006	6.044468e-010
8.654025018220080e-009	-9.787191e-006	1.268119e-005	-9.996190e-006	2.476002e-006	1.247219e-005	6.783347e-008	5.678013e-008	5.578416e-006	4.779729e-006	6.140238e-010
8.666453589648646e-009	-9.614945e-006	1.258245e-005	-9.826722e-006	2.543951e-006	1.237067e-005	6.864607e-008	5.752526e-008	5.597199e-006	4.795865e-006	6.235045e-010
8.678882161077210e-009	-9.446272e-006	1.248579e-005	-9.660732e-006	2.610599e-006	1.227133e-005	6.944288e-008	5.825698e-008	5.615922e-006	4.811949e-006	6.328888e-010
8.691310732505776e-009	-9.281172e-006	1.239121e-005	-9.498220e-006	2.675946e-006	1.217417e-005	7.022392e-008	5.897529e-008	5.634586e-006	4.827981e-006	6.421767e-010
8.703739303934340e-009	-9.119644e-006	1.229872e-005	-9.339186e-006	2.739992e-006	1.207918e-005	7.098918e-008	5.968017e-008	5.653191e-006	4.843961e-006	6.513684e-010
8.716167875362906e-009	-8.961689e-006	1.220831e-005	-9.183630e-006	2.802737e-006	1.198637e-005	7.173867e-008	6.037164e-008	5.671737e-006	4.859889e-006	6.604636e-010
8.728596446791470e-009	-8.807307e-006	1.211998e-005	-9.031552e-006	2.864181e-006	1.189573e-005	7.247237e-008	6.104970e-008	5.690224e-006	4.875765e-006	6.694626e-010
8.729596446791470e-009	-8.795014e-006	1.211294e-005	-9.019441e-006	2.869075e-006	1.188852e-005	7.253086e-008	6.110377e-008	5.691709e-006	4.877040e-006	6.701832e-010
8.754596446791457e-009	-8.495866e-006	1.194208e-005	-8.724630e-006	2.988689e-006	1.171332e-005	7.395704e-008	6.242500e-008	5.728707e-006	4.908809e-006	6.879801e-010
8.779596446791444e-009	-8.208126e-006	1.177754e-005	-8.440948e-006	3.103768e-006	1.154472e-005	7.533502e-008	6.370357e-008	5.765475e-006	4.940375e-006	7.054763e-010
8.804596446791431e-009	-7.931794e-006	1.161931e-005	-8.168395e-006	3.214311e-006	1.138271e-005	7.666480e-008	6.493947e-008	5.802012e-006	4.971739e-006	7.226720e-010
8.829596446791418e-009	-7.666870e-006	1.146739e-005	-7.906972e-006	3.320319e-006	1.122729e-005	7.794637e-008	6.613270e-008	5.838319e-006	5.002901e-006	7.395671e-010
8.854596446791405e-009	-7.413354e-006	1.132179e-005	-7.656677e-006	3.421791e-006	1.107847e-005	7.917974e-008	6.728326e-008	5.874396e-006	5.033860e-006	7.561617e-010
8.879596446791392e-009	-7.171246e-006	1.118251e-005	-7.417512e-006	3.518728e-006	1.093624e-005	8.036491e-008	6.839115e-008	5.910243e-006	5.064617e-006	7.724557e-010
8.904596446791379e-009	-6.940546e-006	1.104954e-005	-7.189476e-006	3.611130e-006	1.080061e-005	8.150187e-008	6.945638e-008	5.945859e-006	5.095172e-006	7.884491e-010
8.919167875362800e-009	-6.809578e-006	1.097000e-005	-7.059973e-006	3.659632e-006	1.071961e-005	8.214861e-008	7.006247e-008	5.966503e-006	5.112878e-006	7.976689e-010
8.933739303934220e-009	-6.681628e-006	1.089199e-005	-6.933422e-006	3.706778e-006	1.064020e-005	8.278304e-008	7.065733e-008	5.987071e-006	5.130518e-006	8.068104e-010
8.948310732505642e-009	-6.556698e-006	1.081552e-005	-6.809823e-006	3.752568e-006	1.056239e-005	8.340517e-008	7.124097e-008	6.007563e-006	5.148091e-006	8.158736e-010
8.962882161077062e-009	-6.434787e-006	1.074056e-005	-6.689175e-006	3.797002e-006	1.048618e-005	8.401499e-008	7.181338e-008	6.027980e-006	5.165598e-006	8.248585e-010
8.977453589648484e-009	-6.315895e-006	1.066714e-005	-6.571478e-006	3.840080e-006	1.041156e-005	8.461251e-008	7.237456e-008	6.048321e-006	5.183039e-006	8.337652e-010
8.992025018219904e-009	-6.200022e-006	1.059525e-005	-6.456733e-006	3.881803e-006	1.033854e-005	8.519773e-008	7.292452e-008	6.068587e-006	5.200414e-006	8.425936e-010
9.006596446791326e-009	-6.087168e-006	1.052488e-005	-6.344940e-006	3.922169e-006	1.026711e-005	8.577064e-008	7.346326e-008	6.088777e-006	5.217722e-006	8.513438e-010
9.029596446791314e-009	-5.913625e-006	1.041055e-005	-6.172959e-006	3.978260e-006	1.015122e-005	8.665383e-008	7.429406e-008	6.120476e-006	5.244891e-006	8.650193e-010
9.072310732505578e-009	-5.612438e-006	1.021078e-005	-5.874215e-006	4.074784e-006	9.948999e-006	8.821046e-008	7.576024e-008	6.178846e-006	5.294909e-006	8.898851e-010
9.115025018219840e-009	-5.329076e-006	1.002113e-005	-5.592956e-006	4.164291e-006	9.757248e-006	8.969763e-008	7.716141e-008	6.236611e-006	5.344399e-006	9.142950e-010
9.157739303934104e-009	-5.063538e-006	9.841612e-006	-5.329184e-006	4.246782e-006	9.575966e-006	9.111534e-008	7.849757e-008	6.293773e-006	5.393362e-006	9.382490e-010
9.200453589648368e-009	-4.815825e-006	9.672227e-006	-5.082898e-006	4.322256e-006	9.405154e-006	9.246358e-008	7.976874e-008	6.350331e-006	5.441797e-006	9.617471e-010
9.243167875362632e-009	-4.585936e-006	9.512974e-006	-4.854099e-006	4.390713e-006	9.244811e-006	9.374236e-008	8.097489e-008	6.406285e-006	5.489705e-006	9.847893e-010
9.285882161076894e-009	-4.373871e-006	9.363852e-006	-4.642785e-006	4.452153e-006	9.094938e-006	9.495167e-008	8.211604e-008	6.461636e-006	5.537085e-006	1.007376e-009
9.328596446791158e-009	-4.179630e-006	9.224862e-006	-4.448958e-006	4.506577e-006	8.955535e-006	9.609152e-008	8.319219e-008	6.516383e-006	5.583938e-006	1.029506e-009
9.329596446791157e-009	-4.175173e-006	9.221651e-006	-4.444509e-006	4.507806e-006	8.952316e-006	9.611786e-008	8.321705e-008	6.517658e-006	5.585029e-006	1.030022e-009
9.372310732505421e-009	-3.993568e-006	9.089419e-006	-4.263122e-006	4.556743e-006	8.819865e-006	9.720937e-008	8.424701e-008	6.571813e-006	5.631365e-006	1.051823e-009
9.415025018219684e-009	-3.822414e-006	8.962760e-006	-4.092027e-006	4.601120e-006	8.693147e-006	9.825932e-008	8.523766e-008	6.625410e-006	5.677214e-006	1.073335e-009
9.457739303933948e-009	-3.661711e-006	8.841677e-006	-3.931225e-006	4.640936e-006	8.572162e-006	9.926773e-008	8.618902e-008	6.678450e-006	5.722577e-006	1.094558e-009
9.500453589648212e-009	-3.511459e-006	8.726167e-006	-3.780716e-006	4.676193e-006	8.456910e-006	1.002346e-007	8.710107e-008	6.730931e-006	5.767453e-006	1.115491e-009
9.543167875362476e-009	-3.371659e-006	8.616232e-006	-3.640500e-006	4.706891e-006	8.347390e-006	1.011599e-007	8.797381e-008	6.782855e-006	5.811842e-006	1.136135e-009
9.585882161076738e-009	-3.242309e-006	8.511871e-006	-3.510576e-006	4.733028e-006	8.243604e-006	1.020436e-007	8.880726e-008	6.834221e-006	5.855744e-006	1.156490e-009
9.628596446791002e-009	-3.123411e-006	8.413085e-006	-3.390945e-006	4.754606e-006	8.145551e-006	1.028858e-007	8.960140e-008	6.885029e-006	5.899159e-006	1.176556e-009
9.629596446791001e-009	-3.120681e-006	8.410797e-006	-3.388197e-006	4.755083e-006	8.143280e-006	1.029053e-007	8.961976e-008	6.886212e-006	5.900170e-006	1.177024e-009
9.672310732505265e-009	-3.009222e-006	8.315760e-006	-3.275917e-006	4.773146e-006	8.049064e-006	1.037167e-007	9.038470e-008	6.936472e-006	5.943108e-006	1.196863e-009
9.715025018219528e-009	-2.903924e-006	8.223838e-006	-3.169728e-006	4.788306e-006	7.958033e-006	1.045011e-007	9.112427e-008	6.986215e-006	5.985594e-006	1.216497e-009
9.757739303933791e-009	-2.804787e-006	8.135032e-006	-3.069629e-006	4.800560e-006	7.870189e-006	1.052585e-007	9.183849e-008	7.035441e-006	6.027630e-006	1.235925e-009
9.800453589648055e-009	-2.711811e-006	8.049341e-006	-2.975621e-006	4.809910e-006	7.785531e-006	1.059890e-007	9.252734e-008	7.084149e-006	6.069214e-006	1.255147e-009
9.843167875362319e-009	-2.624997e-006	7.966765e-006	-2.887703e-006	4.816354e-006	7.704058e-006	1.066926e-007	9.319083e-008	7.132340e-006	6.110348e-006	1.274164e-009
9.885882161076582e-009	-2.544343e-006	7.887304e-006	-2.805876e-006	4.819895e-006	7.625771e-006	1.073691e-007	9.382896e-008	7.180014e-006	6.151030e-006	1.292976e-009
9.928596446790846e-009	-2.469851e-006	7.810959e-006	-2.730140e-006	4.820530e-006	7.550670e-006	1.080188e-007	9.444173e-008	7.227171e-006	6.191262e-006	1.311582e-009
9.929596446790845e-009	-2.468139e-006	7.809186e-006	-2.728399e-006	4.820527e-006	7.548926e-006	1.080338e-007	9.445590e-008	7.228269e-006	6.192199e-006	1.312015e-009
9.972310732505109e-009	-2.398055e-006	7.734977e-006	-2.657035e-006	4.818962e-006	7.475997e-006	1.086620e-007	9.504869e-008	7.274917e-006	6.231986e-006	1.330446e-009
1.001502501821937e-008	-2.331628e-006	7.662564e-006	-2.589301e-006	4.815590e-006	7.404891e-006	1.092712e-007	9.562376e-008	7.321084e-006	6.271355e-006	1.348712e-009
1.005773930393364e-008	-2.268858e-006	7.591947e-006	-2.525196e-006	4.810412e-006	7.335608e-006	1.098613e-007	9.618111e-008	7.366771e-006	6.310304e-006	1.366814e-009
1.010045358964790e-008	-2.209745e-006	7.523126e-006	-2.464721e-006	4.803428e-006	7.268149e-006	1.104324e-007	9.672076e-008	7.411976e-006	6.348834e-006	1.384752e-009
1.014316787536216e-008	-2.154289e-006	7.456101e-006	-2.407875e-006	4.794639e-006	7.202514e-006	1.109844e-007	9.724268e-008	7.456701e-006	6.386944e-006	1.402526e-009
1.018588216107643e-008	-2.102490e-006	7.390872e-006	-2.354659e-006	4.784043e-006	7.138702e-006	1.115174e-007	9.774689e-008	7.500944e-006	6.424635e-006	1.420136e-009
1.022859644679069e-008	-2.054348e-006	7.327440e-006	-2.305073e-006	4.771641e-006	7.076714e-006	1.120313e-007	9.823339e-008	7.544707e-006	6.461907e-006	1.437582e-009
1.022959644679069e-008	-2.053240e-006	7.325964e-006	-2.303932e-006	4.771341e-006	7.075272e-006	1.120432e-007	9.824464e-008	7.545726e-006	6.462775e-006	1.437988e-009
1.027231073250495e-008	-2.007732e-006	7.263807e-006	-2.256969e-006	4.757601e-006	7.014570e-006	1.125410e-007	9.871630e-008	7.589015e-006	6.499634e-006	1.455283e-009
1.031502501821922e-008	-1.964413e-006	7.202741e-006	-2.212189e-006	4.742776e-006	6.954965e-006	1.130242e-007	9.917457e-008	7.631856e-006	6.536102e-006	1.472434e-009
1.035773930393348e-008	-1.923284e-006	7.142768e-006	-2.169593e-006	4.726866e-006	6.896459e-006	1.134929e-007	9.961945e-008	7.674249e-006	6.572179e-006	1.489441e-009
1.040045358964774e-008	-1.884345e-006	7.083886e-006	-2.129180e-006	4.709872e-006	6.839052e-006	1.139470e-007	1.000509e-007	7.716194e-006	6.607865e-006	1.506304e-009
1.044316787536201e-008	-1.847596e-006	7.026096e-006	-2.090950e-006	4.691792e-006	6.782742e-006	1.143865e-007	1.004690e-007	7.757690e-006	6.643161e-006	1.523023e-009
1.048588216107627e-008	-1.813036e-006	6.969399e-006	-2.054903e-006	4.672628e-006	6.727531e-006	1.148114e-007	1.008737e-007	7.798739e-006	6.678066e-006	1.539598e-009
1.052859644679053e-008	-1.780665e-006	6.913793e-006	-2.021040e-006	4.652378e-006	6.673418e-006	1.152217e-007	1.012650e-007	7.839340e-006	6.712580e-006	1.556028e-009
1.052959644679053e-008	-1.779919e-006	6.912498e-006	-2.020259e-006	4.651899e-006	6.672158e-006	1.152312e-007	1.012740e-007	7.840285e-006	6.713383e-006	1.556412e-009
1.057231073250480e-008	-1.749139e-006	6.857710e-006	-1.987988e-006	4.630873e-006	6.618861e-006	1.156286e-007	1.016535e-007	7.880444e-006	6.747512e-006	1.572703e-009
1.061502501821906e-008	-1.719685e-006	6.803639e-006	-1.957047e-006	4.609230e-006	6.566277e-006	1.160141e-007	1.020222e-007	7.920184e-006	6.781276e-006	1.588860e-009
1.065773930393332e-008	-1.691558e-006	6.750284e-006	-1.927435e-006	4.586971e-006	6.514406e-006	1.163877e-007	1.023800e-007	7.959506e-006	6.814674e-006	1.604883e-009
1.070045358964759e-008	-1.664756e-006	6.697646e-006	-1.899153e-006	4.564095e-006	6.463248e-006	1.167494e-007	1.027270e-007	7.998409e-006	6.847708e-006	1.620771e-009
1.074316787536185e-008	-1.639280e-006	6.645725e-006	-1.872201e-006	4.540603e-006	6.412804e-006	1.170992e-007	1.030631e-007	8.036894e-006	6.880377e-006	1.636525e-009
1.078588216107611e-008	-1.615130e-006	6.594520e-006	-1.846578e-006	4.516494e-006	6.363072e-006	1.174371e-007	1.033884e-007	8.074961e-006	6.912682e-006	1.652144e-009
1.082859644679038e-008	-1.592307e-006	6.544032e-006	-1.822285e-006	4.491769e-006	6.314054e-006	1.177631e-007	1.037029e-007	8.112610e-006	6.944621e-006	1.667628e-009
1.082959644679038e-008	-1.591780e-006	6.542855e-006	-1.821724e-006	4.491187e-006	6.312911e-006	1.177706e-007	1.037102e-007	8.113487e-006	6.945364e-006	1.667989e-009
1.085394583038116e-008	-1.579150e-006	6.514311e-006	-1.808260e-006	4.476940e-006	6.285200e-006	1.179517e-007	1.038852e-007	8.134766e-006	6.963412e-006	1.676756e-009
1.087829521397193e-008	-1.566812e-006	6.485944e-006	-1.795092e-006	4.462573e-006	6.257665e-006	1.181294e-007	1.040571e-007	8.155915e-006	6.981348e-006	1.685481e-009
1.090264459756271e-008	-1.554767e-006	6.457755e-006	-1.782218e-006	4.448087e-006	6.230305e-006	1.183037e-007	1.042259e-007	8.176936e-006	6.999170e-006	1.694163e-009
1.092699398115349e-008	-1.543015e-006	6.429745e-006	-1.769639e-006	4.433482e-006	6.203121e-006	1.184746e-007	1.043917e-007	8.197829e-006	7.016881e-006	1.702803e-009
1.095134336474427e-008	-1.531554e-006	6.401912e-006	-1.757354e-006	4.418757e-006	6.176112e-006	1.186422e-007	1.045543e-007	8.218592e-006	7.034479e-006	1.711400e-009
1.097569274833505e-008	-1.520387e-006	6.374257e-006	-1.745365e-006	4.403913e-006	6.149278e-006	1.188063e-007	1.047139e-007	8.239226e-006	7.051964e-006	1.719955e-009
1.100004213192583e-008	-1.509511e-006	6.346780e-006	-1.733671e-006	4.388949e-006	6.122620e-006	1.189670e-007	1.048704e-007	8.259732e-006	7.069337e-006	1.728467e-009
1.100079412589366e-008	-1.509179e-006	6.345933e-006	-1.733313e-006	4.388486e-006	6.121799e-006	1.189719e-007	1.048752e-007	8.260363e-006	7.069872e-006	1.728729e-009
1.100154611986149e-008	-1.508846e-006	6.345087e-006	-1.732955e-006	4.388023e-006	6.120978e-006	1.189768e-007	1.048800e-007	8.260994e-006	7.070407e-006	1.728991e-009
1.100229811382933e-008	-1.508514e-006	6.344241e-006	-1.732598e-006	4.387559e-006	6.120157e-006	1.189817e-007	1.048848e-007	8.261625e-006	7.070941e-006	1.729253e-009
1.100305010779716e-008	-1.508182e-006	6.343395e-006	-1.732241e-006	4.387096e-006	6.119337e-006	1.189866e-007	1.048896e-007	8.262256e-006	7.071476e-006	1.729515e-009
1.100380210176499e-008	-1.507851e-006	6.342550e-006	-1.731884e-006	4.386632e-006	6.118516e-006	1.189915e-007	1.048943e-007	8.262887e-006	7.072010e-006	1.729778e-009
1.100455409573283e-008	-1.507519e-006	6.341704e-006	-1.731527e-006	4.386169e-006	6.117696e-006	1.189964e-007	1.048991e-007	8.263518e-006	7.072544e-006	1.730040e-009
1.100530608970066e-008	-1.507188e-006	6.340859e-006	-1.731171e-006	4.385705e-006	6.116876e-006	1.190013e-007	1.049039e-007	8.264149e-006	7.073078e-006	1.730302e-009
1.112330608970060e-008	-1.458031e-006	6.210071e-006	-1.678089e-006	4.311924e-006	5.990013e-006	1.197317e-007	1.056185e-007	8.361619e-006	7.155611e-006	1.770912e-009
1.116602037541486e-008	-1.441588e-006	6.163629e-006	-1.660242e-006	4.284733e-006	5.944976e-006	1.199776e-007	1.058605e-007	8.396176e-006	7.184854e-006	1.785369e-009
1.120873466112912e-008	-1.425662e-006	6.117596e-006	-1.642922e-006	4.257414e-006	5.900336e-006	1.202145e-007	1.060943e-007	8.430367e-006	7.213777e-006	1.799698e-009
1.125144894684339e-008	-1.410252e-006	6.071971e-006	-1.626128e-006	4.229968e-006	5.856095e-006	1.204425e-007	1.063201e-007	8.464191e-006	7.242380e-006	1.813899e-009
1.129416323255765e-008	-1.395358e-006	6.026754e-006	-1.609860e-006	4.202393e-006	5.812253e-006	1.206615e-007	1.065378e-007	8.497648e-006	7.270663e-006	1.827971e-009
1.133687751827192e-008	-1.380981e-006	5.981946e-006	-1.594118e-006	4.174690e-006	5.768809e-006	1.208716e-007	1.067474e-007	8.530739e-006	7.298626e-006	1.841916e-009
1.137959180398618e-008	-1.367120e-006	5.937545e-006	-1.578902e-006	4.146860e-006	5.725763e-006	1.210727e-007	1.069489e-007	8.563463e-006	7.326269e-006	1.855732e-009
1.142230608970044e-008	-1.353774e-006	5.893553e-006	-1.564213e-006	4.118902e-006	5.683115e-006	1.212649e-007	1.071424e-007	8.595821e-006	7.353593e-006	1.869419e-009
1.142330608970044e-008	-1.353465e-006	5.892527e-006	-1.563872e-006	4.118248e-006	5.682120e-006	1.212693e-007	1.071468e-007	8.596575e-006	7.354229e-006	1.869738e-009
1.146602037541471e-008	-1.340511e-006	5.848906e-006	-1.549585e-006	4.090247e-006	5.639832e-006	1.214529e-007	1.073325e-007	8.628570e-006	7.381236e-006	1.883296e-009
1.150873466112897e-008	-1.327889e-006	5.805630e-006	-1.535640e-006	4.062239e-006	5.597879e-006	1.216285e-007	1.075109e-007	8.660221e-006	7.407943e-006	1.896726e-009
1.155144894684323e-008	-1.315600e-006	5.762699e-006	-1.522038e-006	4.034223e-006	5.556261e-006	1.217961e-007	1.076822e-007	8.691528e-006	7.434351e-006	1.910029e-009
1.159416323255750e-008	-1.303643e-006	5.720114e-006	-1.508778e-006	4.006200e-006	5.514979e-006	1.219556e-007	1.078461e-007	8.722492e-006	7.460459e-006	1.923205e-009
1.163687751827176e-008	-1.292017e-006	5.677875e-006	-1.495861e-006	3.978170e-006	5.474032e-006	1.221071e-007	1.080029e-007	8.753112e-006	7.486267e-006	1.936254e-009
1.167959180398602e-008	-1.280724e-006	5.635982e-006	-1.483287e-006	3.950133e-006	5.433419e-006	1.222506e-007	1.081524e-007	8.783389e-006	7.511775e-006	1.949176e-009
1.172230608970029e-008	-1.269763e-006	5.594434e-006	-1.471055e-006	3.922088e-006	5.393143e-006	1.223861e-007	1.082946e-007	8.813322e-006	7.536984e-006	1.961971e-009
1.172330608970029e-008	-1.269509e-006	5.593465e-006	-1.470771e-006	3.921432e-006	5.392203e-006	1.223892e-007	1.082979e-007	8.814019e-006	7.537571e-006	1.962269e-009
1.189830608970019e-008	-1.227075e-006	5.426539e-006	-1.423239e-006	3.807137e-006	5.230375e-006	1.228665e-007	1.088105e-007	8.933213e-006	7.637848e-006	2.013357e-009
1.189930608970019e-008	-1.226848e-006	5.425615e-006	-1.422983e-006	3.806496e-006	5.229479e-006	1.228688e-007	1.088131e-007	8.933878e-006	7.638408e-006	2.013643e-009
1.190030608970019e-008	-1.226634e-006	5.424731e-006	-1.422741e-006	3.805883e-006	5.228625e-006	1.228712e-007	1.088157e-007	8.934544e-006	7.638967e-006	2.013929e-009
1.190058676402924e-008	-1.226582e-006	5.424507e-006	-1.422681e-006	3.805726e-006	5.228408e-006	1.228719e-007	1.088164e-007	8.934730e-006	7.639124e-006	2.014009e-009
1.190068991341469e-008	-1.226565e-006	5.424433e-006	-1.422662e-006	3.805675e-006	5.228337e-006	1.228721e-007	1.088167e-007	8.934800e-006	7.639182e-006	2.014038e-009
1.190076520598254e-008	-1.226553e-006	5.424381e-006	-1.422647e-006	3.805640e-006	5.228287e-006	1.228723e-007	1.088169e-007	8.934850e-006	7.639224e-006	2.014060e-009
1.190084557452892e-008	-1.226538e-006	5.424326e-006	-1.422630e-006	3.805604e-006	5.228234e-006	1.228725e-007	1.088171e-007	8.934903e-006	7.639269e-006	2.014083e-009
1.190085973595549e-008	-1.226535e-006	5.424317e-006	-1.422627e-006	3.805598e-006	5.228225e-006	1.228725e-007	1.088171e-007	8.934912e-006	7.639277e-006	2.014087e-009
1.190358250956602e-008	-1.226025e-006	5.422614e-006	-1.422043e-006	3.804554e-006	5.226596e-006	1.228789e-007	1.088242e-007	8.936726e-006	7.640801e-006	2.014865e-009
1.190630528317656e-008	-1.225515e-006	5.420922e-006	-1.421458e-006	3.803520e-006	5.224978e-006	1.228853e-007	1.088312e-007	8.938538e-006	7.642325e-006	2.015642e-009
1.190902805678709e-008	-1.225005e-006	5.419241e-006	-1.420875e-006	3.802496e-006	5.223371e-006	1.228917e-007	1.088383e-007	8.940348e-006	7.643847e-006	2.016418e-009
1.191175083039763e-008	-1.224496e-006	5.417571e-006	-1.420292e-006	3.801483e-006	5.221774e-006	1.228980e-007	1.088452e-007	8.942158e-006	7.645368e-006	2.017194e-009
1.191447360400816e-008	-1.223987e-006	5.415911e-006	-1.419709e-006	3.800479e-006	5.220189e-006	1.229043e-007	1.088522e-007	8.943966e-006	7.646888e-006	2.017970e-009
1.191719637761869e-008	-1.223478e-006	5.414262e-006	-1.419127e-006	3.799486e-006	5.218613e-006	1.229106e-007	1.088592e-007	8.945773e-006	7.648407e-006	2.018745e-009
1.191991915122923e-008	-1.222971e-006	5.412624e-006	-1.418546e-006	3.798503e-006	5.217049e-006	1.229169e-007	1.088661e-007	8.947578e-006	7.649925e-006	2.019520e-009
1.199391915122919e-008	-1.209134e-006	5.366898e-006	-1.402711e-006	3.770611e-006	5.173321e-006	1.230760e-007	1.090442e-007	8.996153e-006	7.690745e-006	2.040376e-009
1.229391915122903e-008	-1.153545e-006	5.171856e-006	-1.339185e-006	3.647032e-006	4.986216e-006	1.235131e-007	1.095789e-007	9.183538e-006	7.847906e-006	2.121083e-009
1.259391915122888e-008	-1.100113e-006	4.969703e-006	-1.278150e-006	3.513516e-006	4.791666e-006	1.236382e-007	1.098311e-007	9.356333e-006	7.992342e-006	2.195649e-009
1.276991915122879e-008	-1.070117e-006	4.850826e-006	-1.243868e-006	3.433207e-006	4.677075e-006	1.235770e-007	1.098570e-007	9.451278e-006	8.071474e-006	2.236559e-009
1.278520486551449e-008	-1.067562e-006	4.840535e-006	-1.240946e-006	3.426204e-006	4.667150e-006	1.235672e-007	1.098552e-007	9.459307e-006	8.078157e-006	2.240014e-009
1.280049057980020e-008	-1.065015e-006	4.830254e-006	-1.238034e-006	3.419200e-006	4.657234e-006	1.235568e-007	1.098528e-007	9.467302e-006	8.084812e-006	2.243453e-009
1.281577629408591e-008	-1.062475e-006	4.819981e-006	-1.235131e-006	3.412194e-006	4.647325e-006	1.235456e-007	1.098497e-007	9.475263e-006	8.091436e-006	2.246876e-009
1.283106200837161e-008	-1.059944e-006	4.809717e-006	-1.232237e-006	3.405188e-006	4.637425e-006	1.235337e-007	1.098460e-007	9.483191e-006	8.098031e-006	2.250284e-009
1.284634772265732e-008	-1.057421e-006	4.799463e-006	-1.229351e-006	3.398181e-006	4.627532e-006	1.235212e-007	1.098417e-007	9.491084e-006	8.104597e-006	2.253676e-009
1.286163343694303e-008	-1.054906e-006	4.789217e-006	-1.226475e-006	3.391172e-006	4.617648e-006	1.235079e-007	1.098367e-007	9.498943e-006	8.111132e-006	2.257053e-009
1.287691915122873e-008	-1.052398e-006	4.778981e-006	-1.223608e-006	3.384163e-006	4.607771e-006	1.234940e-007	1.098311e-007	9.506769e-006	8.117639e-006	2.260413e-009
1.289391915122872e-008	-1.049620e-006	4.767610e-006	-1.220430e-006	3.376370e-006	4.596799e-006	1.234777e-007	1.098242e-007	9.515434e-006	8.124841e-006	2.264133e-009
1.289920486551443e-008	-1.048758e-006	4.764077e-006	-1.219444e-006	3.373947e-006	4.593391e-006	1.234725e-007	1.098219e-007	9.518119e-006	8.127073e-006	2.265285e-009
1.290449057980015e-008	-1.047896e-006	4.760545e-006	-1.218459e-006	3.371524e-006	4.589983e-006	1.234671e-007	1.098195e-007	9.520800e-006	8.129302e-006	2.266436e-009
1.290977629408586e-008	-1.047036e-006	4.757015e-006	-1.217475e-006	3.369101e-006	4.586577e-006	1.234617e-007	1.098171e-007	9.523478e-006	8.131527e-006	2.267585e-009
1.291506200837157e-008	-1.046177e-006	4.753487e-006	-1.216493e-006	3.366679e-006	4.583171e-006	1.234563e-007	1.098145e-007	9.526151e-006	8.133748e-006	2.268732e-009
1.292034772265728e-008	-1.045319e-006	4.749959e-006	-1.215511e-006	3.364256e-006	4.579767e-006	1.234507e-007	1.098119e-007	9.528821e-006	8.135966e-006	2.269877e-009
1.292563343694299e-008	-1.044462e-006	4.746433e-006	-1.214530e-006	3.361834e-006	4.576365e-006	1.234451e-007	1.098093e-007	9.531487e-006	8.138181e-006	2.271020e-009
1.293091915122870e-008	-1.043605e-006	4.742908e-006	-1.213551e-006	3.359412e-006	4.572963e-006	1.234393e-007	1.098065e-007	9.534148e-006	8.140392e-006	2.272162e-009
1.293334772265727e-008	-1.043212e-006	4.741289e-006	-1.213101e-006	3.358299e-006	4.571401e-006	1.234367e-007	1.098052e-007	9.535370e-006	8.141407e-006	2.272685e-009
1.293577629408584e-008	-1.042819e-006	4.739671e-006	-1.212652e-006	3.357186e-006	4.569838e-006	1.234340e-007	1.098039e-007	9.536591e-006	8.142421e-006	2.273209e-009
1.293820486551441e-008	-1.042427e-006	4.738052e-006	-1.212203e-006	3.356074e-006	4.568276e-006	1.234313e-007	1.098026e-007	9.537811e-006	8.143434e-006	2.273732e-009
1.294063343694298e-008	-1.042034e-006	4.736434e-006	-1.211754e-006	3.354961e-006	4.566715e-006	1.234286e-007	1.098013e-007	9.539030e-006	8.144446e-006	2.274254e-009
1.294306200837155e-008	-1.041642e-006	4.734816e-006	-1.211305e-006	3.353849e-006	4.565154e-006	1.234259e-007	1.097999e-007	9.540248e-006	8.145458e-006	2.274776e-009
1.294549057980012e-008	-1.041250e-006	4.733199e-006	-1.210856e-006	3.352736e-006	4.563593e-006	1.234232e-007	1.097986e-007	9.541466e-006	8.146469e-006	2.275298e-009
1.294791915122869e-008	-1.040858e-006	4.731582e-006	-1.210408e-006	3.351624e-006	4.562032e-006	1.234204e-007	1.097972e-007	9.542682e-006	8.147480e-006	2.275820e-009
1.295249057980012e-008	-1.040121e-006	4.728538e-006	-1.209565e-006	3.349530e-006	4.559095e-006	1.234152e-007	1.097946e-007	9.544970e-006	8.149380e-006	2.276800e-009
1.295706200837155e-008	-1.039384e-006	4.725496e-006	-1.208722e-006	3.347436e-006	4.556159e-006	1.234099e-007	1.097919e-007	9.547255e-006	8.151278e-006	2.277779e-009
1.296163343694297e-008	-1.038649e-006	4.722455e-006	-1.207881e-006	3.345343e-006	4.553223e-006	1.234045e-007	1.097891e-007	9.549537e-006	8.153173e-006	2.278757e-009
1.296620486551440e-008	-1.037914e-006	4.719415e-006	-1.207040e-006	3.343250e-006	4.550289e-006	1.233991e-007	1.097863e-007	9.551816e-006	8.155065e-006	2.279733e-009
1.297077629408583e-008	-1.037179e-006	4.716376e-006	-1.206200e-006	3.341157e-006	4.547356e-006	1.233937e-007	1.097835e-007	9.554092e-006	8.156955e-006	2.280708e-009
1.297534772265725e-008	-1.036446e-006	4.713339e-006	-1.205360e-006	3.339064e-006	4.544424e-006	1.233881e-007	1.097806e-007	9.556365e-006	8.158842e-006	2.281682e-009
1.297991915122868e-008	-1.035713e-006	4.710302e-006	-1.204522e-006	3.336971e-006	4.541493e-006	1.233825e-007	1.097776e-007	9.558635e-006	8.160727e-006	2.282654e-009
1.298249057980011e-008	-1.035301e-006	4.708595e-006	-1.204051e-006	3.335794e-006	4.539845e-006	1.233794e-007	1.097759e-007	9.559910e-006	8.161786e-006	2.283200e-009
1.298506200837153e-008	-1.034889e-006	4.706887e-006	-1.203580e-006	3.334618e-006	4.538197e-006	1.233762e-007	1.097742e-007	9.561185e-006	8.162844e-006	2.283746e-009
1.298763343694296e-008	-1.034478e-006	4.705181e-006	-1.203109e-006	3.333441e-006	4.536550e-006	1.233730e-007	1.097725e-007	9.562458e-006	8.163901e-006	2.284291e-009
1.299020486551439e-008	-1.034066e-006	4.703474e-006	-1.202638e-006	3.332264e-006	4.534902e-006	1.233697e-007	1.097707e-007	9.563731e-006	8.164958e-006	2.284836e-009
1.299277629408581e-008	-1.033655e-006	4.701768e-006	-1.202168e-006	3.331088e-006	4.533256e-006	1.233665e-007	1.097690e-007	9.565003e-006	8.166013e-006	2.285380e-009
1.299534772265724e-008	-1.033244e-006	4.700062e-006	-1.201698e-006	3.329911e-006	4.531609e-006	1.233632e-007	1.097672e-007	9.566275e-006	8.167068e-006	2.285924e-009
1.299791915122867e-008	-1.032834e-006	4.698357e-006	-1.201228e-006	3.328734e-006	4.529963e-006	1.233600e-007	1.097654e-007	9.567545e-006	8.168123e-006	2.286468e-009
1.300120486551438e-008	-1.032310e-006	4.696178e-006	-1.200628e-006	3.327231e-006	4.527860e-006	1.233557e-007	1.097631e-007	9.569166e-006	8.169468e-006	2.287162e-009
1.300449057980009e-008	-1.031786e-006	4.694001e-006	-1.200029e-006	3.325728e-006	4.525757e-006	1.233515e-007	1.097608e-007	9.570786e-006	8.170813e-006	2.287855e-009
1.300777629408581e-008	-1.031262e-006	4.691823e-006	-1.199430e-006	3.324226e-006	4.523655e-006	1.233472e-007	1.097584e-007	9.572404e-006	8.172156e-006	2.288548e-009
1.301106200837152e-008	-1.030739e-006	4.689647e-006	-1.198831e-006	3.322723e-006	4.521554e-006	1.233429e-007	1.097560e-007	9.574021e-006	8.173497e-006	2.289239e-009
1.301434772265723e-008	-1.030216e-006	4.687470e-006	-1.198233e-006	3.321221e-006	4.519454e-006	1.233386e-007	1.097536e-007	9.575637e-006	8.174838e-006	2.289930e-009
1.301763343694294e-008	-1.029693e-006	4.685295e-006	-1.197635e-006	3.319719e-006	4.517354e-006	1.233342e-007	1.097511e-007	9.577251e-006	8.176177e-006	2.290621e-009
1.302091915122866e-008	-1.029171e-006	4.683120e-006	-1.197037e-006	3.318217e-006	4.515254e-006	1.233298e-007	1.097487e-007	9.578864e-006	8.177515e-006	2.291310e-009
1.302449057980008e-008	-1.028604e-006	4.680757e-006	-1.196388e-006	3.316584e-006	4.512973e-006	1.233250e-007	1.097459e-007	9.580615e-006	8.178968e-006	2.292059e-009
1.302806200837151e-008	-1.028037e-006	4.678395e-006	-1.195740e-006	3.314952e-006	4.510692e-006	1.233201e-007	1.097432e-007	9.582364e-006	8.180420e-006	2.292807e-009
1.303163343694294e-008	-1.027471e-006	4.676033e-006	-1.195092e-006	3.313320e-006	4.508412e-006	1.233152e-007	1.097404e-007	9.584112e-006	8.181869e-006	2.293554e-009
1.303520486551436e-008	-1.026905e-006	4.673672e-006	-1.194444e-006	3.311688e-006	4.506132e-006	1.233103e-007	1.097376e-007	9.585857e-006	8.183318e-006	2.294300e-009
1.303877629408579e-008	-1.026340e-006	4.671312e-006	-1.193797e-006	3.310057e-006	4.503854e-006	1.233053e-007	1.097347e-007	9.587601e-006	8.184764e-006	2.295046e-009
1.304234772265722e-008	-1.025775e-006	4.668952e-006	-1.193151e-006	3.308425e-006	4.501576e-006	1.233004e-007	1.097318e-007	9.589343e-006	8.186209e-006	2.295790e-009
1.304591915122864e-008	-1.025210e-006	4.666593e-006	-1.192505e-006	3.306794e-006	4.499299e-006	1.232953e-007	1.097289e-007	9.591084e-006	8.187652e-006	2.296534e-009
1.305034772265721e-008	-1.024511e-006	4.663670e-006	-1.191704e-006	3.304772e-006	4.496476e-006	1.232890e-007	1.097252e-007	9.593239e-006	8.189440e-006	2.297455e-009
1.305477629408578e-008	-1.023812e-006	4.660747e-006	-1.190905e-006	3.302750e-006	4.493655e-006	1.232827e-007	1.097215e-007	9.595393e-006	8.191226e-006	2.298375e-009
1.305920486551435e-008	-1.023114e-006	4.657826e-006	-1.190106e-006	3.300728e-006	4.490834e-006	1.232763e-007	1.097178e-007	9.597543e-006	8.193009e-006	2.299293e-009
1.306363343694292e-008	-1.022416e-006	4.654906e-006	-1.189307e-006	3.298707e-006	4.488015e-006	1.232699e-007	1.097140e-007	9.599690e-006	8.194790e-006	2.300210e-009
1.306806200837149e-008	-1.021719e-006	4.651987e-006	-1.188510e-006	3.296686e-006	4.485196e-006	1.232634e-007	1.097101e-007	9.601835e-006	8.196568e-006	2.301126e-009
1.307249057980006e-008	-1.021023e-006	4.649069e-006	-1.187713e-006	3.294666e-006	4.482379e-006	1.232568e-007	1.097062e-007	9.603977e-006	8.198344e-006	2.302041e-009
1.307691915122863e-008	-1.020328e-006	4.646152e-006	-1.186917e-006	3.292646e-006	4.479563e-006	1.232502e-007	1.097022e-007	9.606117e-006	8.200118e-006	2.302954e-009
1.308863343694291e-008	-1.018491e-006	4.638443e-006	-1.184815e-006	3.287304e-006	4.472119e-006	1.232324e-007	1.096915e-007	9.611763e-006	8.204798e-006	2.305363e-009
1.310034772265719e-008	-1.016659e-006	4.630743e-006	-1.182718e-006	3.281966e-006	4.464684e-006	1.232143e-007	1.096805e-007	9.617390e-006	8.209462e-006	2.307764e-009
1.311206200837147e-008	-1.014831e-006	4.623052e-006	-1.180626e-006	3.276631e-006	4.457257e-006	1.231958e-007	1.096691e-007	9.622998e-006	8.214110e-006	2.310155e-009
1.312377629408575e-008	-1.013008e-006	4.615370e-006	-1.178539e-006	3.271299e-006	4.449839e-006	1.231770e-007	1.096574e-007	9.628588e-006	8.218742e-006	2.312537e-009
1.313549057980003e-008	-1.011190e-006	4.607697e-006	-1.176458e-006	3.265971e-006	4.442429e-006	1.231577e-007	1.096453e-007	9.634159e-006	8.223357e-006	2.314910e-009
1.314720486551430e-008	-1.009376e-006	4.600032e-006	-1.174381e-006	3.260646e-006	4.435027e-006	1.231381e-007	1.096329e-007	9.639711e-006	8.227955e-006	2.317275e-009
1.315891915122858e-008	-1.007566e-006	4.592377e-006	-1.172310e-006	3.255324e-006	4.427633e-006	1.231182e-007	1.096202e-007	9.645245e-006	8.232538e-006	2.319630e-009
1.319391915122857e-008	-1.002186e-006	4.569560e-006	-1.166150e-006	3.239446e-006	4.405596e-006	1.230563e-007	1.095802e-007	9.661668e-006	8.246134e-006	2.326612e-009
1.322406200837141e-008	-9.975856e-007	4.549975e-006	-1.160882e-006	3.225796e-006	4.386678e-006	1.230004e-007	1.095433e-007	9.675678e-006	8.257726e-006	2.332562e-009
1.325420486551425e-008	-9.930134e-007	4.530458e-006	-1.155647e-006	3.212178e-006	4.367825e-006	1.229422e-007	1.095043e-007	9.689569e-006	8.269215e-006	2.338451e-009
1.328434772265709e-008	-9.884698e-007	4.511008e-006	-1.150443e-006	3.198592e-006	4.349035e-006	1.228816e-007	1.094631e-007	9.703340e-006	8.280600e-006	2.344282e-009
1.331449057979993e-008	-9.839547e-007	4.491626e-006	-1.145272e-006	3.185037e-006	4.330309e-006	1.228187e-007	1.094199e-007	9.716992e-006	8.291881e-006	2.350053e-009
1.334463343694277e-008	-9.794682e-007	4.472312e-006	-1.140133e-006	3.171515e-006	4.311647e-006	1.227535e-007	1.093745e-007	9.730525e-006	8.303058e-006	2.355765e-009
1.337477629408561e-008	-9.750103e-007	4.453065e-006	-1.135026e-006	3.158024e-006	4.293049e-006	1.226859e-007	1.093270e-007	9.743938e-006	8.314131e-006	2.361418e-009
1.340491915122846e-008	-9.705809e-007	4.433886e-006	-1.129951e-006	3.144564e-006	4.274516e-006	1.226161e-007	1.092774e-007	9.757232e-006	8.325100e-006	2.367011e-009
1.349391915122841e-008	-9.576615e-007	4.377684e-006	-1.115147e-006	3.105052e-006	4.220199e-006	1.223969e-007	1.091191e-007	9.795808e-006	8.356901e-006	2.383183e-009
1.379391915122825e-008	-9.158018e-007	4.193033e-006	-1.067155e-006	2.974524e-006	4.041680e-006	1.215208e-007	1.084600e-007	9.918574e-006	8.457778e-006	2.433956e-009
1.381071641533850e-008	-9.135317e-007	4.182919e-006	-1.064552e-006	2.967347e-006	4.031899e-006	1.214657e-007	1.084176e-007	9.925125e-006	8.463145e-006	2.436630e-009
1.382751367944875e-008	-9.112690e-007	4.172829e-006	-1.061957e-006	2.960185e-006	4.022141e-006	1.214100e-007	1.083746e-007	9.931643e-006	8.468484e-006	2.439286e-009
1.384431094355900e-008	-9.090137e-007	4.162763e-006	-1.059370e-006	2.953037e-006	4.012406e-006	1.213537e-007	1.083311e-007	9.938127e-006	8.473794e-006	2.441924e-009
1.386110820766925e-008	-9.067659e-007	4.152721e-006	-1.056791e-006	2.945904e-006	4.002695e-006	1.212969e-007	1.082870e-007	9.944579e-006	8.479076e-006	2.444545e-009
1.387790547177950e-008	-9.045254e-007	4.142703e-006	-1.054221e-006	2.938785e-006	3.993007e-006	1.212394e-007	1.082424e-007	9.950997e-006	8.484329e-006	2.447148e-009
1.389470273588975e-008	-9.022924e-007	4.132710e-006	-1.051660e-006	2.931682e-006	3.983342e-006	1.211813e-007	1.081972e-007	9.957383e-006	8.489553e-006	2.449733e-009
1.391150000000000e-008	-9.000667e-007	4.122740e-006	-1.049107e-006	2.924593e-006	3.973700e-006	1.211226e-007	1.081515e-007	9.963735e-006	8.494748e-006	2.452301e-009
1.392607142857142e-008	-8.981418e-007	4.114112e-006	-1.046899e-006	2.918456e-006	3.965355e-006	1.210712e-007	1.081113e-007	9.969219e-006	8.499231e-006	2.454514e-009
1.394064285714284e-008	-8.962223e-007	4.105501e-006	-1.044697e-006	2.912331e-006	3.957027e-006	1.210193e-007	1.080708e-007	9.974678e-006	8.503694e-006	2.456714e-009
1.395521428571426e-008	-8.943082e-007	4.096909e-006	-1.042501e-006	2.906217e-006	3.948717e-006	1.209670e-007	1.080299e-007	9.980114e-006	8.508135e-006	2.458900e-009
1.396978571428568e-008	-8.923995e-007	4.088336e-006	-1.040311e-006	2.900114e-006	3.940424e-006	1.209143e-007	1.079885e-007	9.985524e-006	8.512555e-006	2.461073e-009
1.398435714285710e-008	-8.904961e-007	4.079780e-006	-1.038127e-006	2.894022e-006	3.932149e-006	1.208611e-007	1.079468e-007	9.990911e-006	8.516954e-006	2.463234e-009
1.399892857142852e-008	-8.885981e-007	4.071243e-006	-1.035949e-006	2.887942e-006	3.923892e-006	1.208075e-007	1.079047e-007	9.996272e-006	8.521331e-006	2.465380e-009
1.401349999999994e-008	-8.867054e-007	4.062724e-006	-1.033778e-006	2.881874e-006	3.915652e-006	1.207535e-007	1.078621e-007	1.000161e-005	8.525688e-006	2.467514e-009
1.409049999999990e-008	-8.767908e-007	4.018011e-006	-1.022401e-006	2.849999e-006	3.872400e-006	1.204608e-007	1.076308e-007	1.002942e-005	8.548363e-006	2.478572e-009
1.439049999999975e-008	-8.395003e-007	3.848651e-006	-9.796014e-007	2.728949e-006	3.708551e-006	1.192108e-007	1.066285e-007	1.013151e-005	8.631296e-006	2.518192e-009
1.469049999999959e-008	-8.041936e-007	3.686890e-006	-9.390659e-007	2.612952e-006	3.552017e-006	1.177989e-007	1.054770e-007	1.022412e-005	8.706000e-006	2.552415e-009
1.499049999999958e-008	-7.707015e-007	3.532487e-006	-9.006058e-007	2.501976e-006	3.402582e-006	1.162411e-007	1.041903e-007	1.030778e-005	8.772964e-006	2.581392e-009
1.529049999999992e-008	-7.388813e-007	3.385147e-006	-8.640601e-007	2.395908e-006	3.259968e-006	1.145519e-007	1.027817e-007	1.038301e-005	8.832646e-006	2.605284e-009
1.559050000000026e-008	-7.086114e-007	3.244554e-006	-8.292910e-007	2.294583e-006	3.123874e-006	1.127451e-007	1.012635e-007	1.045031e-005	8.885477e-006	2.624255e-009
1.589050000000060e-008	-6.797871e-007	3.110382e-006	-7.961788e-007	2.197811e-006	2.993990e-006	1.108336e-007	9.964710e-008	1.051012e-005	8.931860e-006	2.638474e-009
1.599950000000073e-008	-6.696541e-007	3.063160e-006	-7.845376e-007	2.163739e-006	2.948277e-006	1.101154e-007	9.903759e-008	1.053009e-005	8.947191e-006	2.642496e-009
1.600150000000073e-008	-6.694700e-007	3.062302e-006	-7.843260e-007	2.163120e-006	2.947446e-006	1.101022e-007	9.902629e-008	1.053045e-005	8.947465e-006	2.642565e-009
1.602835714285790e-008	-6.670046e-007	3.050817e-006	-7.814933e-007	2.154835e-006	2.936329e-006	1.099233e-007	9.887433e-008	1.053522e-005	8.951118e-006	2.643461e-009
1.605521428571508e-008	-6.645494e-007	3.039379e-006	-7.786723e-007	2.146584e-006	2.925256e-006	1.097438e-007	9.872172e-008	1.053994e-005	8.954723e-006	2.644322e-009
1.608207142857225e-008	-6.621044e-007	3.027988e-006	-7.758630e-007	2.138366e-006	2.914229e-006	1.095636e-007	9.856846e-008	1.054460e-005	8.958282e-006	2.645146e-009
1.610892857142942e-008	-6.596696e-007	3.016643e-006	-7.730654e-007	2.130182e-006	2.903247e-006	1.093827e-007	9.841456e-008	1.054921e-005	8.961795e-006	2.645935e-009
1.613578571428659e-008	-6.572450e-007	3.005345e-006	-7.702795e-007	2.122031e-006	2.892310e-006	1.092011e-007	9.826001e-008	1.055377e-005	8.965261e-006	2.646689e-009
1.616264285714377e-008	-6.548305e-007	2.994093e-006	-7.675052e-007	2.113913e-006	2.881418e-006	1.090189e-007	9.810481e-008	1.055827e-005	8.968680e-006	2.647406e-009
1.618950000000094e-008	-6.524262e-007	2.982888e-006	-7.647426e-007	2.105829e-006	2.870571e-006	1.088359e-007	9.794897e-008	1.056272e-005	8.972052e-006	2.648088e-009
1.619050000000094e-008	-6.523369e-007	2.982471e-006	-7.646399e-007	2.105528e-006	2.870168e-006	1.088291e-007	9.794316e-008	1.056288e-005	8.972177e-006	2.648113e-009
1.649050000000128e-008	-6.261549e-007	2.860388e-006	-7.345541e-007	2.017434e-006	2.751989e-006	1.067426e-007	9.616161e-008	1.060900e-005	9.006785e-006	2.653347e-009
1.650000033826592e-008	-6.253455e-007	2.856612e-006	-7.336240e-007	2.014710e-006	2.748334e-006	1.066753e-007	9.610402e-008	1.061035e-005	9.007792e-006	2.653443e-009
1.676238555832987e-008	-6.034560e-007	2.754460e-006	-7.084670e-007	1.940982e-006	2.649449e-006	1.047895e-007	9.448770e-008	1.064536e-005	9.033501e-006	2.654433e-009
1.689938555833002e-008	-5.923744e-007	2.702717e-006	-6.957296e-007	1.903632e-006	2.599362e-006	1.037853e-007	9.362500e-008	1.066182e-005	9.045366e-006	2.653706e-009
1.690038555833003e-008	-5.922944e-007	2.702343e-006	-6.956376e-007	1.903363e-006	2.599000e-006	1.037779e-007	9.361866e-008	1.066193e-005	9.045449e-006	2.653698e-009
1.690238555833003e-008	-5.921344e-007	2.701596e-006	-6.954537e-007	1.902823e-006	2.598277e-006	1.037631e-007	9.360598e-008	1.066216e-005	9.045614e-006	2.653681e-009
1.692509984404434e-008	-5.903204e-007	2.693125e-006	-6.933685e-007	1.896708e-006	2.590077e-006	1.035954e-007	9.346173e-008	1.066477e-005	9.047477e-006	2.653476e-009
1.694781412975865e-008	-5.885128e-007	2.684682e-006	-6.912906e-007	1.890614e-006	2.581905e-006	1.034273e-007	9.331717e-008	1.066734e-005	9.049312e-006	2.653249e-009
1.697052841547296e-008	-5.867113e-007	2.676269e-006	-6.892198e-007	1.884540e-006	2.573760e-006	1.032589e-007	9.317229e-008	1.066989e-005	9.051119e-006	2.652999e-009
1.699324270118727e-008	-5.849162e-007	2.667884e-006	-6.871562e-007	1.878487e-006	2.565644e-006	1.030902e-007	9.302710e-008	1.067239e-005	9.052898e-006	2.652727e-009
1.701595698690159e-008	-5.831273e-007	2.659527e-006	-6.850998e-007	1.872455e-006	2.557555e-006	1.029211e-007	9.288160e-008	1.067487e-005	9.054649e-006	2.652432e-009
1.703867127261590e-008	-5.813447e-007	2.651200e-006	-6.830505e-007	1.866444e-006	2.549494e-006	1.027517e-007	9.273578e-008	1.067731e-005	9.056372e-006	2.652115e-009
1.706138555833021e-008	-5.795683e-007	2.642901e-006	-6.810084e-007	1.860453e-006	2.541461e-006	1.025820e-007	9.258965e-008	1.067972e-005	9.058068e-006	2.651775e-009
1.706238555833021e-008	-5.794903e-007	2.642537e-006	-6.809187e-007	1.860190e-006	2.541108e-006	1.025745e-007	9.258321e-008	1.067983e-005	9.058142e-006	2.651759e-009
1.736238555833055e-008	-5.566017e-007	2.535569e-006	-6.546020e-007	1.782967e-006	2.437569e-006	1.003054e-007	9.062617e-008	1.070869e-005	9.077999e-006	2.645194e-009
1.766238555833089e-008	-5.347351e-007	2.433311e-006	-6.294532e-007	1.709140e-006	2.338593e-006	9.799023e-008	8.862403e-008	1.073227e-005	9.093354e-006	2.634915e-009
1.776938555833101e-008	-5.271729e-007	2.397932e-006	-6.207540e-007	1.683597e-006	2.304351e-006	9.715485e-008	8.790036e-008	1.073946e-005	9.097792e-006	2.630383e-009
1.778481412975960e-008	-5.260862e-007	2.392816e-006	-6.195039e-007	1.679895e-006	2.299399e-006	9.703400e-008	8.779563e-008	1.074045e-005	9.098388e-006	2.629692e-009
1.780024270118819e-008	-5.250026e-007	2.387717e-006	-6.182573e-007	1.676205e-006	2.294462e-006	9.691307e-008	8.769080e-008	1.074142e-005	9.098973e-006	2.628993e-009
1.781567127261678e-008	-5.239221e-007	2.382634e-006	-6.170144e-007	1.672527e-006	2.289541e-006	9.679204e-008	8.758589e-008	1.074238e-005	9.099547e-006	2.628285e-009
1.783109984404537e-008	-5.228448e-007	2.377567e-006	-6.157750e-007	1.668861e-006	2.284636e-006	9.667093e-008	8.748088e-008	1.074332e-005	9.100110e-006	2.627567e-009
1.784652841547396e-008	-5.217706e-007	2.372516e-006	-6.145392e-007	1.665208e-006	2.279747e-006	9.654972e-008	8.737578e-008	1.074426e-005	9.100663e-006	2.626841e-009
1.786195698690255e-008	-5.206995e-007	2.367481e-006	-6.133069e-007	1.661566e-006	2.274873e-006	9.642843e-008	8.727059e-008	1.074518e-005	9.101205e-006	2.626105e-009
1.787738555833113e-008	-5.196316e-007	2.362462e-006	-6.120783e-007	1.657937e-006	2.270015e-006	9.630704e-008	8.716530e-008	1.074609e-005	9.101736e-006	2.625360e-009
1.788524270118829e-008	-5.190893e-007	2.359926e-006	-6.114545e-007	1.656106e-006	2.267561e-006	9.624519e-008	8.711165e-008	1.074654e-005	9.102003e-006	2.624977e-009
1.789309984404544e-008	-5.185484e-007	2.357393e-006	-6.108322e-007	1.654277e-006	2.265109e-006	9.618331e-008	8.705798e-008	1.074700e-005	9.102267e-006	2.624592e-009
1.790095698690259e-008	-5.180089e-007	2.354864e-006	-6.102113e-007	1.652450e-006	2.262661e-006	9.612142e-008	8.700429e-008	1.074745e-005	9.102527e-006	2.624204e-009
1.790881412975974e-008	-5.174708e-007	2.352338e-006	-6.095920e-007	1.650625e-006	2.260217e-006	9.605950e-008	8.695057e-008	1.074790e-005	9.102785e-006	2.623815e-009
1.791667127261689e-008	-5.169341e-007	2.349815e-006	-6.089741e-007	1.648801e-006	2.257775e-006	9.599756e-008	8.689683e-008	1.074834e-005	9.103041e-006	2.623423e-009
1.792452841547404e-008	-5.163988e-007	2.347296e-006	-6.083578e-007	1.646979e-006	2.255337e-006	9.593559e-008	8.684306e-008	1.074878e-005	9.103293e-006	2.623028e-009
1.793238555833120e-008	-5.158649e-007	2.344780e-006	-6.077429e-007	1.645159e-006	2.252902e-006	9.587361e-008	8.678928e-008	1.074922e-005	9.103543e-006	2.622631e-009
1.793567127261691e-008	-5.156561e-007	2.343715e-006	-6.075002e-007	1.644371e-006	2.251871e-006	9.584768e-008	8.676678e-008	1.074940e-005	9.103646e-006	2.622465e-009
1.793895698690263e-008	-5.154465e-007	2.342653e-006	-6.072569e-007	1.643585e-006	2.250842e-006	9.582175e-008	8.674428e-008	1.074958e-005	9.103749e-006	2.622298e-009
1.794224270118835e-008	-5.152362e-007	2.341591e-006	-6.070127e-007	1.642802e-006	2.249815e-006	9.579581e-008	8.672177e-008	1.074977e-005	9.103851e-006	2.622130e-009
1.794552841547407e-008	-5.150251e-007	2.340531e-006	-6.067679e-007	1.642020e-006	2.248788e-006	9.576987e-008	8.669926e-008	1.074995e-005	9.103953e-006	2.621962e-009
1.794881412975978e-008	-5.148133e-007	2.339472e-006	-6.065223e-007	1.641241e-006	2.247763e-006	9.574393e-008	8.667674e-008	1.075012e-005	9.104053e-006	2.621794e-009
1.795209984404550e-008	-5.146007e-007	2.338414e-006	-6.062760e-007	1.640463e-006	2.246739e-006	9.571798e-008	8.665422e-008	1.075030e-005	9.104153e-006	2.621626e-009
1.795538555833122e-008	-5.143874e-007	2.337358e-006	-6.060290e-007	1.639687e-006	2.245716e-006	9.569203e-008	8.663170e-008	1.075048e-005	9.104253e-006	2.621457e-009
1.796238555833123e-008	-5.139148e-007	2.335126e-006	-6.054846e-007	1.638072e-006	2.243556e-006	9.563673e-008	8.658370e-008	1.075086e-005	9.104465e-006	2.621095e-009
1.796895698690267e-008	-5.134565e-007	2.333047e-006	-6.049581e-007	1.636587e-006	2.241545e-006	9.558480e-008	8.653863e-008	1.075121e-005	9.104661e-006	2.620754e-009
1.797552841547410e-008	-5.130012e-007	2.330967e-006	-6.044346e-007	1.635100e-006	2.239534e-006	9.553285e-008	8.649354e-008	1.075156e-005	9.104856e-006	2.620411e-009
1.798209984404554e-008	-5.125490e-007	2.328888e-006	-6.039141e-007	1.633609e-006	2.237523e-006	9.548089e-008	8.644843e-008	1.075191e-005	9.105048e-006	2.620067e-009
1.798867127261697e-008	-5.120998e-007	2.326808e-006	-6.033967e-007	1.632114e-006	2.235511e-006	9.542891e-008	8.640331e-008	1.075225e-005	9.105240e-006	2.619721e-009
1.799524270118841e-008	-5.116536e-007	2.324728e-006	-6.028823e-007	1.630617e-006	2.233499e-006	9.537692e-008	8.635817e-008	1.075260e-005	9.105429e-006	2.619373e-009
1.800181412975984e-008	-5.112104e-007	2.322647e-006	-6.023709e-007	1.629116e-006	2.231487e-006	9.532491e-008	8.631302e-008	1.075294e-005	9.105617e-006	2.619024e-009
1.800838555833128e-008	-5.107703e-007	2.320566e-006	-6.018626e-007	1.627612e-006	2.229474e-006	9.527288e-008	8.626785e-008	1.075328e-005	9.105803e-006	2.618674e-009
1.801381412975986e-008	-5.104019e-007	2.318853e-006	-6.014368e-007	1.626382e-006	2.227818e-006	9.522989e-008	8.623052e-008	1.075355e-005	9.105955e-006	2.618383e-009
1.801924270118844e-008	-5.100285e-007	2.317147e-006	-6.010066e-007	1.625162e-006	2.226168e-006	9.518689e-008	8.619319e-008	1.075383e-005	9.106107e-006	2.618090e-009
1.802467127261701e-008	-5.096503e-007	2.315446e-006	-6.005720e-007	1.623952e-006	2.224524e-006	9.514388e-008	8.615585e-008	1.075411e-005	9.106257e-006	2.617797e-009
1.803009984404559e-008	-5.092672e-007	2.313752e-006	-6.001329e-007	1.622753e-006	2.222886e-006	9.510085e-008	8.611849e-008	1.075438e-005	9.106405e-006	2.617503e-009
1.803552841547417e-008	-5.088792e-007	2.312064e-006	-5.996893e-007	1.621564e-006	2.221253e-006	9.505782e-008	8.608113e-008	1.075465e-005	9.106553e-006	2.617208e-009
1.804095698690275e-008	-5.084863e-007	2.310382e-006	-5.992413e-007	1.620386e-006	2.219627e-006	9.501478e-008	8.604376e-008	1.075492e-005	9.106699e-006	2.616911e-009
1.804638555833133e-008	-5.080885e-007	2.308706e-006	-5.987889e-007	1.619217e-006	2.218006e-006	9.497173e-008	8.600637e-008	1.075519e-005	9.106843e-006	2.616614e-009
1.805195698690276e-008	-5.076992e-007	2.306972e-006	-5.983449e-007	1.617982e-006	2.216327e-006	9.492754e-008	8.596799e-008	1.075547e-005	9.106991e-006	2.616307e-009
1.805752841547419e-008	-5.073151e-007	2.305235e-006	-5.979057e-007	1.616739e-006	2.214645e-006	9.488334e-008	8.592961e-008	1.075574e-005	9.107137e-006	2.615999e-009
1.806309984404563e-008	-5.069360e-007	2.303495e-006	-5.974713e-007	1.615489e-006	2.212960e-006	9.483913e-008	8.589121e-008	1.075602e-005	9.107281e-006	2.615691e-009
1.806867127261706e-008	-5.065620e-007	2.301752e-006	-5.970417e-007	1.614231e-006	2.211273e-006	9.479491e-008	8.585280e-008	1.075629e-005	9.107425e-006	2.615381e-009
1.807424270118850e-008	-5.061931e-007	2.300006e-006	-5.966169e-007	1.612965e-006	2.209582e-006	9.475067e-008	8.581438e-008	1.075656e-005	9.107567e-006	2.615070e-009
1.807981412975993e-008	-5.058293e-007	2.298257e-006	-5.961970e-007	1.611692e-006	2.207889e-006	9.470643e-008	8.577595e-008	1.075683e-005	9.107708e-006	2.614757e-009
1.808538555833137e-008	-5.054706e-007	2.296505e-006	-5.957818e-007	1.610412e-006	2.206194e-006	9.466218e-008	8.573751e-008	1.075709e-005	9.107848e-006	2.614444e-009
1.810724270118854e-008	-5.040261e-007	2.289675e-006	-5.941197e-007	1.605462e-006	2.199582e-006	9.448848e-008	8.558661e-008	1.075812e-005	9.108385e-006	2.613204e-009
1.812909984404571e-008	-5.025837e-007	2.282870e-006	-5.924601e-007	1.600533e-006	2.192993e-006	9.431465e-008	8.543557e-008	1.075913e-005	9.108901e-006	2.611946e-009
1.815095698690287e-008	-5.011434e-007	2.276088e-006	-5.908030e-007	1.595625e-006	2.186428e-006	9.414068e-008	8.528439e-008	1.076012e-005	9.109396e-006	2.610672e-009
1.817281412976004e-008	-4.997051e-007	2.269329e-006	-5.891485e-007	1.590737e-006	2.179886e-006	9.396658e-008	8.513306e-008	1.076108e-005	9.109871e-006	2.609380e-009
1.819467127261721e-008	-4.982689e-007	2.262594e-006	-5.874965e-007	1.585870e-006	2.173366e-006	9.379234e-008	8.498158e-008	1.076201e-005	9.110326e-006	2.608071e-009
1.821652841547437e-008	-4.968347e-007	2.255883e-006	-5.858471e-007	1.581023e-006	2.166870e-006	9.361796e-008	8.482997e-008	1.076292e-005	9.110760e-006	2.606744e-009
1.823838555833154e-008	-4.954026e-007	2.249195e-006	-5.842002e-007	1.576197e-006	2.160397e-006	9.344345e-008	8.467821e-008	1.076381e-005	9.111173e-006	2.605401e-009
1.826238555833157e-008	-4.938454e-007	2.241858e-006	-5.824061e-007	1.570891e-006	2.153297e-006	9.325168e-008	8.451142e-008	1.076476e-005	9.111606e-006	2.603906e-009
1.856238555833191e-008	-4.747559e-007	2.152378e-006	-5.604240e-007	1.506286e-006	2.066710e-006	9.084226e-008	8.241364e-008	1.077422e-005	9.114996e-006	2.583528e-009
1.886238555833225e-008	-4.564933e-007	2.066739e-006	-5.393860e-007	1.444460e-006	1.983846e-006	8.841410e-008	8.029554e-008	1.077950e-005	9.114862e-006	2.560124e-009
1.887838555833227e-008	-4.555416e-007	2.062275e-006	-5.382895e-007	1.441237e-006	1.979527e-006	8.828418e-008	8.018211e-008	1.077967e-005	9.114760e-006	2.558794e-009
1.889438555833229e-008	-4.545918e-007	2.057819e-006	-5.371951e-007	1.438020e-006	1.975215e-006	8.815422e-008	8.006863e-008	1.077983e-005	9.114649e-006	2.557456e-009
1.891038555833230e-008	-4.536439e-007	2.053370e-006	-5.361029e-007	1.434808e-006	1.970911e-006	8.802424e-008	7.995512e-008	1.077998e-005	9.114529e-006	2.556110e-009
1.892638555833232e-008	-4.526979e-007	2.048930e-006	-5.350129e-007	1.431602e-006	1.966615e-006	8.789421e-008	7.984156e-008	1.078012e-005	9.114399e-006	2.554756e-009
1.894238555833234e-008	-4.517538e-007	2.044497e-006	-5.339250e-007	1.428401e-006	1.962326e-006	8.776416e-008	7.972796e-008	1.078024e-005	9.114259e-006	2.553393e-009
1.895838555833236e-008	-4.508116e-007	2.040072e-006	-5.328393e-007	1.425205e-006	1.958044e-006	8.763406e-008	7.961432e-008	1.078035e-005	9.114111e-006	2.552023e-009
1.897438555833238e-008	-4.498713e-007	2.035654e-006	-5.317558e-007	1.422014e-006	1.953770e-006	8.750393e-008	7.950064e-008	1.078046e-005	9.113953e-006	2.550645e-009
1.898838555833239e-008	-4.490504e-007	2.031798e-006	-5.308099e-007	1.419229e-006	1.950039e-006	8.739005e-008	7.940114e-008	1.078054e-005	9.113807e-006	2.549432e-009
1.900238555833241e-008	-4.482310e-007	2.027948e-006	-5.298657e-007	1.416448e-006	1.946314e-006	8.727613e-008	7.930161e-008	1.078061e-005	9.113654e-006	2.548214e-009
1.901638555833243e-008	-4.474131e-007	2.024105e-006	-5.289231e-007	1.413671e-006	1.942595e-006	8.716220e-008	7.920205e-008	1.078067e-005	9.113494e-006	2.546989e-009
1.903038555833244e-008	-4.465967e-007	2.020267e-006	-5.279823e-007	1.410899e-006	1.938881e-006	8.704825e-008	7.910247e-008	1.078073e-005	9.113327e-006	2.545759e-009
1.904438555833246e-008	-4.457818e-007	2.016435e-006	-5.270432e-007	1.408130e-006	1.935173e-006	8.693427e-008	7.900286e-008	1.078078e-005	9.113154e-006	2.544522e-009
1.905838555833247e-008	-4.449684e-007	2.012609e-006	-5.261058e-007	1.405366e-006	1.931471e-006	8.682028e-008	7.890322e-008	1.078082e-005	9.112973e-006	2.543279e-009
1.907238555833249e-008	-4.441564e-007	2.008789e-006	-5.251701e-007	1.402605e-006	1.927775e-006	8.670626e-008	7.880355e-008	1.078085e-005	9.112786e-006	2.542031e-009
1.916238555833259e-008	-4.389811e-007	1.984442e-006	-5.192052e-007	1.385013e-006	1.904218e-006	8.597280e-008	7.816226e-008	1.078085e-005	9.111415e-006	2.533861e-009
1.919740190714222e-008	-4.369871e-007	1.975058e-006	-5.169067e-007	1.378232e-006	1.895139e-006	8.568721e-008	7.791247e-008	1.078076e-005	9.110806e-006	2.530617e-009
1.923241825595185e-008	-4.350035e-007	1.965723e-006	-5.146201e-007	1.371486e-006	1.886106e-006	8.540154e-008	7.766257e-008	1.078062e-005	9.110155e-006	2.527336e-009
1.926743460476148e-008	-4.330303e-007	1.956435e-006	-5.123453e-007	1.364775e-006	1.877120e-006	8.511579e-008	7.741254e-008	1.078043e-005	9.109462e-006	2.524020e-009
1.930245095357111e-008	-4.310675e-007	1.947195e-006	-5.100824e-007	1.358098e-006	1.868180e-006	8.482996e-008	7.716240e-008	1.078019e-005	9.108729e-006	2.520667e-009
1.933746730238075e-008	-4.291152e-007	1.938003e-006	-5.078313e-007	1.351456e-006	1.859287e-006	8.454405e-008	7.691214e-008	1.077991e-005	9.107953e-006	2.517279e-009
1.937248365119038e-008	-4.271733e-007	1.928859e-006	-5.055922e-007	1.344848e-006	1.850441e-006	8.425806e-008	7.666176e-008	1.077957e-005	9.107137e-006	2.513855e-009
1.940750000000001e-008	-4.252419e-007	1.919763e-006	-5.033648e-007	1.338276e-006	1.841640e-006	8.397199e-008	7.641127e-008	1.077918e-005	9.106279e-006	2.510395e-009
1.945950000000007e-008	-4.223920e-007	1.906340e-006	-5.000781e-007	1.328576e-006	1.828654e-006	8.354709e-008	7.603914e-008	1.077852e-005	9.104932e-006	2.505194e-009
1.947550000000002e-008	-4.215196e-007	1.902231e-006	-4.990719e-007	1.325607e-006	1.824679e-006	8.341633e-008	7.592460e-008	1.077830e-005	9.104500e-006	2.503578e-009
1.949149999999998e-008	-4.206492e-007	1.898131e-006	-4.980680e-007	1.322644e-006	1.820712e-006	8.328557e-008	7.581004e-008	1.077806e-005	9.104059e-006	2.501956e-009
1.950749999999993e-008	-4.197809e-007	1.894041e-006	-4.970665e-007	1.319689e-006	1.816755e-006	8.315479e-008	7.569547e-008	1.077782e-005	9.103610e-006	2.500325e-009
1.952349999999989e-008	-4.189147e-007	1.889960e-006	-4.960674e-007	1.316740e-006	1.812807e-006	8.302401e-008	7.558088e-008	1.077756e-005	9.103153e-006	2.498688e-009
1.953949999999985e-008	-4.180506e-007	1.885889e-006	-4.950706e-007	1.313798e-006	1.808869e-006	8.289323e-008	7.546628e-008	1.077730e-005	9.102688e-006	2.497044e-009
1.955549999999980e-008	-4.171885e-007	1.881827e-006	-4.940761e-007	1.310863e-006	1.804939e-006	8.276243e-008	7.535166e-008	1.077703e-005	9.102214e-006	2.495392e-009
1.957149999999976e-008	-4.163284e-007	1.877775e-006	-4.930840e-007	1.307935e-006	1.801019e-006	8.263163e-008	7.523703e-008	1.077674e-005	9.101733e-006	2.493734e-009
1.975649999999997e-008	-4.065307e-007	1.831600e-006	-4.817794e-007	1.274572e-006	1.756351e-006	8.111911e-008	7.391080e-008	1.077276e-005	9.095581e-006	2.474051e-009
2.005650000000031e-008	-3.911976e-007	1.759299e-006	-4.640794e-007	1.222338e-006	1.686418e-006	7.866768e-008	7.175881e-008	1.076366e-005	9.083399e-006	2.440224e-009
2.035650000000065e-008	-3.765193e-007	1.690042e-006	-4.471247e-007	1.172312e-006	1.619437e-006	7.622133e-008	6.960833e-008	1.075145e-005	9.068633e-006	2.404167e-009
2.065650000000099e-008	-3.624628e-007	1.623677e-006	-4.308781e-007	1.124383e-006	1.555261e-006	7.378376e-008	6.746279e-008	1.073631e-005	9.051440e-006	2.366029e-009
2.095650000000133e-008	-3.489984e-007	1.560063e-006	-4.153055e-007	1.078450e-006	1.493756e-006	7.135834e-008	6.532530e-008	1.071841e-005	9.031972e-006	2.325956e-009
2.125650000000167e-008	-3.360983e-007	1.499071e-006	-4.003755e-007	1.034418e-006	1.434794e-006	6.894818e-008	6.319873e-008	1.069791e-005	9.010369e-006	2.284087e-009
2.149850000000194e-008	-3.260857e-007	1.451698e-006	-3.887799e-007	1.000223e-006	1.389003e-006	6.701703e-008	6.149304e-008	1.067959e-005	8.991478e-006	2.249097e-009
2.149950000000194e-008	-3.260226e-007	1.451497e-006	-3.887109e-007	1.000098e-006	1.388809e-006	6.700908e-008	6.148601e-008	1.067951e-005	8.991397e-006	2.248950e-009
2.150050000000194e-008	-3.258725e-007	1.451274e-006	-3.885567e-007	1.000033e-006	1.388589e-006	6.700112e-008	6.147899e-008	1.067944e-005	8.991317e-006	2.248803e-009
2.150150000000195e-008	-3.255959e-007	1.451028e-006	-3.882785e-007	1.000067e-006	1.388346e-006	6.699317e-008	6.147196e-008	1.067936e-005	8.991237e-006	2.248657e-009
2.150421428571623e-008	-3.244941e-007	1.450350e-006	-3.871770e-007	1.000490e-006	1.387667e-006	6.697158e-008	6.145288e-008	1.067915e-005	8.991021e-006	2.248258e-009
2.150692857143052e-008	-3.233821e-007	1.449672e-006	-3.860652e-007	1.000924e-006	1.386989e-006	6.694999e-008	6.143381e-008	1.067893e-005	8.990806e-006	2.247860e-009
2.150964285714481e-008	-3.222598e-007	1.448996e-006	-3.849432e-007	1.001369e-006	1.386312e-006	6.692841e-008	6.141474e-008	1.067872e-005	8.990590e-006	2.247461e-009
2.151235714285910e-008	-3.211272e-007	1.448320e-006	-3.838109e-007	1.001825e-006	1.385636e-006	6.690683e-008	6.139567e-008	1.067851e-005	8.990374e-006	2.247062e-009
2.151507142857339e-008	-3.199844e-007	1.447644e-006	-3.826683e-007	1.002292e-006	1.384960e-006	6.688526e-008	6.137660e-008	1.067830e-005	8.990157e-006	2.246663e-009
2.151778571428768e-008	-3.188313e-007	1.446970e-006	-3.815155e-007	1.002770e-006	1.384285e-006	6.686368e-008	6.135753e-008	1.067809e-005	8.989941e-006	2.246264e-009
2.152050000000197e-008	-3.176680e-007	1.446296e-006	-3.803524e-007	1.003259e-006	1.383611e-006	6.684211e-008	6.133847e-008	1.067788e-005	8.989725e-006	2.245865e-009
2.155650000000201e-008	-3.028059e-007	1.437490e-006	-3.654798e-007	1.009337e-006	1.374817e-006	6.655618e-008	6.108578e-008	1.067505e-005	8.986838e-006	2.240559e-009
2.159921428571634e-008	-2.859745e-007	1.427368e-006	-3.486037e-007	1.016135e-006	1.364738e-006	6.621738e-008	6.078635e-008	1.067164e-005	8.983376e-006	2.234235e-009
2.164192857143067e-008	-2.697335e-007	1.417472e-006	-3.322983e-007	1.022609e-006	1.354907e-006	6.587909e-008	6.048733e-008	1.066820e-005	8.979877e-006	2.227882e-009
2.168464285714501e-008	-2.540828e-007	1.407804e-006	-3.165637e-007	1.028759e-006	1.345323e-006	6.554131e-008	6.018871e-008	1.066470e-005	8.976341e-006	2.221500e-009
2.172735714285934e-008	-2.390225e-007	1.398362e-006	-3.013998e-007	1.034585e-006	1.335985e-006	6.520403e-008	5.989051e-008	1.066116e-005	8.972766e-006	2.215088e-009
2.177007142857368e-008	-2.245525e-007	1.389148e-006	-2.868067e-007	1.040088e-006	1.326894e-006	6.486725e-008	5.959271e-008	1.065758e-005	8.969154e-006	2.208648e-009
2.181278571428801e-008	-2.106730e-007	1.380162e-006	-2.727842e-007	1.045266e-006	1.318050e-006	6.453098e-008	5.929532e-008	1.065395e-005	8.965505e-006	2.202179e-009
2.185550000000235e-008	-1.973837e-007	1.371402e-006	-2.593325e-007	1.050121e-006	1.309453e-006	6.419521e-008	5.899834e-008	1.065027e-005	8.961818e-006	2.195680e-009
2.185650000000235e-008	-1.970758e-007	1.371198e-006	-2.590208e-007	1.050232e-006	1.309253e-006	6.418735e-008	5.899139e-008	1.065018e-005	8.961731e-006	2.195528e-009
2.189950000000240e-008	-1.840673e-007	1.362511e-006	-2.458409e-007	1.054896e-006	1.300737e-006	6.384986e-008	5.869283e-008	1.064644e-005	8.957983e-006	2.188958e-009
2.190150000000240e-008	-1.834731e-007	1.362111e-006	-2.452384e-007	1.055108e-006	1.300346e-006	6.383418e-008	5.867896e-008	1.064626e-005	8.957807e-006	2.188651e-009
2.193778571428815e-008	-1.728910e-007	1.354955e-006	-2.345010e-007	1.058844e-006	1.293345e-006	6.354980e-008	5.842735e-008	1.064306e-005	8.954614e-006	2.183084e-009
2.197407142857391e-008	-1.625579e-007	1.347888e-006	-2.240071e-007	1.062432e-006	1.286439e-006	6.326579e-008	5.817605e-008	1.063983e-005	8.951396e-006	2.177497e-009
2.201035714285967e-008	-1.524739e-007	1.340911e-006	-2.137568e-007	1.065872e-006	1.279629e-006	6.298216e-008	5.792504e-008	1.063657e-005	8.948153e-006	2.171891e-009
2.204664285714542e-008	-1.426391e-007	1.334024e-006	-2.037499e-007	1.069164e-006	1.272913e-006	6.269889e-008	5.767433e-008	1.063328e-005	8.944885e-006	2.166266e-009
2.208292857143117e-008	-1.330534e-007	1.327227e-006	-1.939865e-007	1.072307e-006	1.266294e-006	6.241600e-008	5.742392e-008	1.062996e-005	8.941591e-006	2.160622e-009
2.211921428571693e-008	-1.237167e-007	1.320519e-006	-1.844667e-007	1.075302e-006	1.259769e-006	6.213348e-008	5.717380e-008	1.062661e-005	8.938273e-006	2.154958e-009
2.215550000000269e-008	-1.146292e-007	1.313901e-006	-1.751904e-007	1.078149e-006	1.253340e-006	6.185132e-008	5.692398e-008	1.062323e-005	8.934929e-006	2.149275e-009
2.215650000000269e-008	-1.143807e-007	1.313719e-006	-1.749366e-007	1.078226e-006	1.253163e-006	6.184356e-008	5.691711e-008	1.062313e-005	8.934837e-006	2.149118e-009
2.240000038813254e-008	-5.789405e-008	1.270913e-006	-1.171194e-007	1.094568e-006	1.211688e-006	5.996012e-008	5.524872e-008	1.059967e-005	8.911781e-006	2.110514e-009
2.242958983935945e-008	-5.150337e-008	1.265883e-006	-1.105614e-007	1.096263e-006	1.206825e-006	5.973244e-008	5.504694e-008	1.059673e-005	8.908908e-006	2.105770e-009
2.272958983935979e-008	8.972427e-009	1.216525e-006	-4.836869e-008	1.110816e-006	1.159184e-006	5.743920e-008	5.301347e-008	1.056588e-005	8.878942e-006	2.057044e-009
2.275216126793125e-008	1.325385e-008	1.212919e-006	-4.395794e-008	1.111749e-006	1.155707e-006	5.726779e-008	5.286140e-008	1.056349e-005	8.876627e-006	2.053334e-009
2.277473269650270e-008	1.750649e-008	1.209325e-006	-3.957617e-008	1.112666e-006	1.152242e-006	5.709655e-008	5.270946e-008	1.056108e-005	8.874305e-006	2.049619e-009
2.279730412507416e-008	2.173035e-008	1.205743e-006	-3.522337e-008	1.113566e-006	1.148790e-006	5.692548e-008	5.255766e-008	1.055867e-005	8.871974e-006	2.045897e-009
2.281987555364561e-008	2.592542e-008	1.202175e-006	-3.089955e-008	1.114450e-006	1.145350e-006	5.675456e-008	5.240599e-008	1.055624e-005	8.869635e-006	2.042170e-009
2.284244698221706e-008	3.009171e-008	1.198619e-006	-2.660469e-008	1.115318e-006	1.141922e-006	5.658381e-008	5.225446e-008	1.055381e-005	8.867289e-006	2.038437e-009
2.286501841078852e-008	3.422921e-008	1.195075e-006	-2.233882e-008	1.116169e-006	1.138507e-006	5.641322e-008	5.210306e-008	1.055136e-005	8.864934e-006	2.034699e-009
2.288758983935997e-008	3.833794e-008	1.191545e-006	-1.810191e-008	1.117003e-006	1.135105e-006	5.624280e-008	5.195179e-008	1.054891e-005	8.862571e-006	2.030954e-009
2.302958983936013e-008	6.364425e-008	1.169596e-006	8.004199e-009	1.121960e-006	1.113956e-006	5.517449e-008	5.100332e-008	1.053324e-005	8.847528e-006	2.007271e-009
2.326658983936040e-008	1.040966e-007	1.133915e-006	4.976177e-008	1.129342e-006	1.079580e-006	5.340652e-008	4.943271e-008	1.050625e-005	8.821752e-006	1.967283e-009
2.326758983936040e-008	1.042664e-007	1.133764e-006	4.993703e-008	1.129372e-006	1.079435e-006	5.339910e-008	4.942611e-008	1.050613e-005	8.821642e-006	1.967113e-009
2.326787051368946e-008	1.043111e-007	1.133725e-006	4.998324e-008	1.129381e-006	1.079397e-006	5.339702e-008	4.942426e-008	1.050610e-005	8.821611e-006	1.967065e-009
2.326810270647182e-008	1.043319e-007	1.133703e-006	5.000555e-008	1.129382e-006	1.079376e-006	5.339530e-008	4.942273e-008	1.050607e-005	8.821586e-006	1.967026e-009
2.326875960689528e-008	1.045277e-007	1.133553e-006	5.020346e-008	1.129432e-006	1.079229e-006	5.339043e-008	4.941840e-008	1.050599e-005	8.821513e-006	1.966914e-009
2.327042814997049e-008	1.080625e-007	1.132461e-006	5.367384e-008	1.131746e-006	1.078073e-006	5.337805e-008	4.940740e-008	1.050581e-005	8.821338e-006	1.966630e-009
2.327242814997049e-008	1.183467e-007	1.130173e-006	6.375839e-008	1.139343e-006	1.075585e-006	5.336321e-008	4.939422e-008	1.050561e-005	8.821149e-006	1.966291e-009
2.327442814997049e-008	1.359600e-007	1.126753e-006	8.103264e-008	1.152859e-006	1.071826e-006	5.334839e-008	4.938104e-008	1.050543e-005	8.820984e-006	1.965951e-009
2.327642814997050e-008	1.610073e-007	1.122204e-006	1.056010e-007	1.172398e-006	1.066797e-006	5.333357e-008	4.936787e-008	1.050528e-005	8.820845e-006	1.965611e-009
2.327842814997050e-008	1.935024e-007	1.116530e-006	1.374772e-007	1.197982e-006	1.060504e-006	5.331876e-008	4.935471e-008	1.050515e-005	8.820733e-006	1.965271e-009
2.328042814997050e-008	2.334285e-007	1.109738e-006	1.766457e-007	1.229601e-006	1.052956e-006	5.330396e-008	4.934157e-008	1.050505e-005	8.820647e-006	1.964931e-009
2.328242814997050e-008	2.807591e-007	1.101838e-006	2.230805e-007	1.267240e-006	1.044159e-006	5.328917e-008	4.932844e-008	1.050498e-005	8.820586e-006	1.964592e-009
2.328442814997051e-008	3.354635e-007	1.092836e-006	2.767516e-007	1.310875e-006	1.034124e-006	5.327441e-008	4.931532e-008	1.050493e-005	8.820552e-006	1.964252e-009
2.328642814997051e-008	3.975082e-007	1.082739e-006	3.376269e-007	1.360485e-006	1.022858e-006	5.325965e-008	4.930223e-008	1.050490e-005	8.820543e-006	1.963913e-009
2.328942814997051e-008	5.042616e-007	1.065562e-006	4.423724e-007	1.446045e-006	1.003673e-006	5.323757e-008	4.928263e-008	1.050491e-005	8.820578e-006	1.963404e-009
2.329242814997051e-008	6.273256e-007	1.045970e-006	5.631268e-007	1.544898e-006	9.817711e-007	5.321554e-008	4.926308e-008	1.050498e-005	8.820671e-006	1.962895e-009
2.329542814997052e-008	7.665642e-007	1.023992e-006	6.997574e-007	1.656943e-006	9.571853e-007	5.319357e-008	4.924360e-008	1.050511e-005	8.820822e-006	1.962387e-009
2.329842814997052e-008	9.218311e-007	9.996585e-007	8.521213e-007	1.782070e-006	9.299487e-007	5.317166e-008	4.922418e-008	1.050529e-005	8.821029e-006	1.961879e-009
2.330142814997052e-008	1.092968e-006	9.730005e-007	1.020064e-006	1.920160e-006	9.000959e-007	5.314983e-008	4.920485e-008	1.050552e-005	8.821293e-006	1.961372e-009
2.330471386425624e-008	1.299161e-006	9.410466e-007	1.222412e-006	2.086710e-006	8.642980e-007	5.312600e-008	4.918375e-008	1.050585e-005	8.821649e-006	1.960817e-009
2.330799957854196e-008	1.523218e-006	9.065145e-007	1.442299e-006	2.267894e-006	8.255952e-007	5.310229e-008	4.916279e-008	1.050624e-005	8.822071e-006	1.960263e-009
2.331128529282768e-008	1.765141e-006	8.694041e-007	1.679724e-006	2.463712e-006	7.839877e-007	5.307870e-008	4.914195e-008	1.050669e-005	8.822558e-006	1.959710e-009
2.331457100711340e-008	2.024928e-006	8.297154e-007	1.934688e-006	2.674163e-006	7.394754e-007	5.305525e-008	4.912125e-008	1.050721e-005	8.823111e-006	1.959158e-009
2.331785672139911e-008	2.302580e-006	7.874485e-007	2.207190e-006	2.899248e-006	6.920583e-007	5.303192e-008	4.910069e-008	1.050779e-005	8.823728e-006	1.958607e-009
2.332114243568483e-008	2.598097e-006	7.426034e-007	2.497230e-006	3.138967e-006	6.417364e-007	5.300872e-008	4.908025e-008	1.050844e-005	8.824412e-006	1.958057e-009
2.332442814997055e-008	2.911479e-006	6.951799e-007	2.804809e-006	3.393319e-006	5.885096e-007	5.298564e-008	4.905995e-008	1.050915e-005	8.825160e-006	1.957509e-009
2.332542814997055e-008	3.009934e-006	6.803129e-007	2.901442e-006	3.473262e-006	5.718205e-007	5.297866e-008	4.905381e-008	1.050938e-005	8.825400e-006	1.957342e-009
2.333042814997056e-008	3.529913e-006	6.020023e-007	3.411797e-006	3.895684e-006	4.838868e-007	5.294389e-008	4.902329e-008	1.051063e-005	8.826699e-006	1.956509e-009
2.333542814997056e-008	4.081772e-006	5.191868e-007	3.953461e-006	4.344337e-006	3.908764e-007	5.290958e-008	4.899323e-008	1.051199e-005	8.828122e-006	1.955680e-009
2.334042814997057e-008	4.665511e-006	4.318662e-007	4.526434e-006	4.819223e-006	2.927895e-007	5.287572e-008	4.896365e-008	1.051349e-005	8.829672e-006	1.954855e-009
2.334542814997057e-008	5.281131e-006	3.400407e-007	5.130716e-006	5.320341e-006	1.896258e-007	5.284231e-008	4.893453e-008	1.051510e-005	8.831346e-006	1.954034e-009
2.335042814997058e-008	5.928631e-006	2.437103e-007	5.766306e-006	5.847692e-006	8.138561e-008	5.280936e-008	4.890589e-008	1.051684e-005	8.833146e-006	1.953216e-009
2.335542814997059e-008	6.608012e-006	1.428749e-007	6.433206e-006	6.401274e-006	-3.193126e-008	5.277685e-008	4.887771e-008	1.051871e-005	8.835071e-006	1.952402e-009
2.336042814997059e-008	7.319273e-006	3.753446e-008	7.131414e-006	6.981089e-006	-1.503248e-007	5.274480e-008	4.885000e-008	1.052071e-005	8.837122e-006	1.951592e-009
2.336226743568488e-008	7.585410e-006	-1.835805e-009	7.392677e-006	7.198108e-006	-1.945691e-007	5.273316e-008	4.883997e-008	1.052146e-005	8.837897e-006	1.951295e-009
2.336410672139917e-008	7.854273e-006	-4.158971e-008	7.656623e-006	7.417382e-006	-2.392408e-007	5.272159e-008	4.883000e-008	1.052223e-005	8.838684e-006	1.950999e-009
2.336594600711345e-008	8.125863e-006	-8.172727e-008	7.923251e-006	7.638911e-006	-2.843399e-007	5.271010e-008	4.882011e-008	1.052300e-005	8.839483e-006	1.950704e-009
2.336778529282774e-008	8.400178e-006	-1.222485e-007	8.192560e-006	7.862694e-006	-3.298664e-007	5.269867e-008	4.881030e-008	1.052380e-005	8.840294e-006	1.950409e-009
2.336962457854203e-008	8.677219e-006	-1.631533e-007	8.464552e-006	8.088731e-006	-3.758204e-007	5.268732e-008	4.880057e-008	1.052460e-005	8.841117e-006	1.950114e-009
2.337146386425632e-008	8.956986e-006	-2.044418e-007	8.739226e-006	8.317024e-006	-4.222017e-007	5.267605e-008	4.879091e-008	1.052541e-005	8.841952e-006	1.949821e-009
2.337330314997061e-008	9.239478e-006	-2.461139e-007	9.016581e-006	8.547571e-006	-4.690104e-007	5.266484e-008	4.878132e-008	1.052624e-005	8.842799e-006	1.949528e-009
2.337630314997061e-008	9.705622e-006	-3.149424e-007	9.474266e-006	8.927968e-006	-5.462987e-007	5.264674e-008	4.876586e-008	1.052761e-005	8.844204e-006	1.949051e-009
2.338216029282776e-008	1.064438e-005	-4.531157e-007	1.039593e-005	9.694365e-006	-7.015652e-007	5.261197e-008	4.873628e-008	1.053042e-005	8.847070e-006	1.948125e-009
2.338801743568491e-008	1.158661e-005	-5.919856e-007	1.132126e-005	1.046392e-005	-8.573358e-007	5.257800e-008	4.870751e-008	1.053327e-005	8.849973e-006	1.947206e-009
2.339387457854206e-008	1.253230e-005	-7.315523e-007	1.225024e-005	1.123663e-005	-1.013610e-006	5.254483e-008	4.867955e-008	1.053615e-005	8.852912e-006	1.946294e-009
2.339973172139921e-008	1.348147e-005	-8.718156e-007	1.318289e-005	1.201250e-005	-1.170389e-006	5.251247e-008	4.865241e-008	1.053908e-005	8.855887e-006	1.945389e-009
2.340558886425636e-008	1.443410e-005	-1.012776e-006	1.411920e-005	1.279153e-005	-1.327672e-006	5.248090e-008	4.862608e-008	1.054205e-005	8.858899e-006	1.944490e-009
2.341144600711351e-008	1.539020e-005	-1.154432e-006	1.505917e-005	1.357372e-005	-1.485459e-006	5.245014e-008	4.860057e-008	1.054507e-005	8.861947e-006	1.943599e-009
2.341730314997066e-008	1.634977e-005	-1.296786e-006	1.600281e-005	1.435906e-005	-1.643750e-006	5.242018e-008	4.857588e-008	1.054812e-005	8.865031e-006	1.942714e-009
2.341830314997066e-008	1.651055e-005	-1.320604e-006	1.616087e-005	1.449058e-005	-1.670289e-006	5.241514e-008	4.857174e-008	1.054863e-005	8.865549e-006	1.942563e-009
2.341858382429971e-008	1.655550e-005	-1.327390e-006	1.620516e-005	1.452743e-005	-1.677729e-006	5.241372e-008	4.857058e-008	1.054878e-005	8.865693e-006	1.942521e-009
2.341881565364435e-008	1.659184e-005	-1.333745e-006	1.624175e-005	1.455792e-005	-1.683829e-006	5.241256e-008	4.856962e-008	1.054890e-005	8.865812e-006	1.942486e-009
2.341947204601245e-008	1.668383e-005	-1.362400e-006	1.634686e-005	1.464750e-005	-1.699360e-006	5.240928e-008	4.856692e-008	1.054925e-005	8.866137e-006	1.942388e-009
2.342014003677302e-008	1.676496e-005	-1.403681e-006	1.645654e-005	1.474444e-005	-1.712100e-006	5.240595e-008	4.856419e-008	1.054963e-005	8.866491e-006	1.942287e-009
2.342114003677302e-008	1.686988e-005	-1.481450e-006	1.662438e-005	1.489744e-005	-1.726943e-006	5.240099e-008	4.856011e-008	1.055024e-005	8.867072e-006	1.942138e-009
2.342214003677302e-008	1.695897e-005	-1.574482e-006	1.679576e-005	1.505807e-005	-1.737690e-006	5.239605e-008	4.855606e-008	1.055089e-005	8.867707e-006	1.941988e-009
2.342242071110208e-008	1.698025e-005	-1.604186e-006	1.684454e-005	1.510464e-005	-1.739896e-006	5.239466e-008	4.855493e-008	1.055107e-005	8.867899e-006	1.941946e-009
2.342265243802841e-008	1.699583e-005	-1.630616e-006	1.688446e-005	1.514248e-005	-1.741983e-006	5.239353e-008	4.855400e-008	1.055123e-005	8.868064e-006	1.941912e-009
2.342297483699651e-008	1.701594e-005	-1.668876e-006	1.693736e-005	1.518990e-005	-1.747458e-006	5.239194e-008	4.855270e-008	1.055144e-005	8.868305e-006	1.941863e-009
2.342302508523613e-008	1.701895e-005	-1.674956e-006	1.694534e-005	1.519678e-005	-1.748559e-006	5.239170e-008	4.855250e-008	1.055147e-005	8.868344e-006	1.941856e-009
2.342304760682155e-008	1.702027e-005	-1.677699e-006	1.694888e-005	1.519979e-005	-1.749092e-006	5.239159e-008	4.855241e-008	1.055148e-005	8.868361e-006	1.941852e-009
2.342311475574899e-008	1.702419e-005	-1.685924e-006	1.695933e-005	1.520856e-005	-1.750776e-006	5.239126e-008	4.855214e-008	1.055153e-005	8.868414e-006	1.941842e-009
2.342318190467643e-008	1.702802e-005	-1.694221e-006	1.696968e-005	1.521712e-005	-1.752560e-006	5.239093e-008	4.855188e-008	1.055157e-005	8.868468e-006	1.941832e-009
2.342324905360388e-008	1.703177e-005	-1.702592e-006	1.697992e-005	1.522548e-005	-1.754444e-006	5.239060e-008	4.855161e-008	1.055161e-005	8.868523e-006	1.941822e-009
2.342331620253132e-008	1.703545e-005	-1.711035e-006	1.699006e-005	1.523363e-005	-1.756427e-006	5.239027e-008	4.855134e-008	1.055165e-005	8.868578e-006	1.941812e-009
2.342338335145876e-008	1.703904e-005	-1.719552e-006	1.700008e-005	1.524157e-005	-1.758511e-006	5.238994e-008	4.855107e-008	1.055169e-005	8.868634e-006	1.941802e-009
2.342345050038620e-008	1.704256e-005	-1.728142e-006	1.701001e-005	1.524931e-005	-1.760694e-006	5.238961e-008	4.855081e-008	1.055174e-005	8.868691e-006	1.941792e-009
2.342351764931365e-008	1.704600e-005	-1.736806e-006	1.701983e-005	1.525685e-005	-1.762976e-006	5.238929e-008	4.855054e-008	1.055178e-005	8.868748e-006	1.941782e-009
2.342486946355278e-008	1.710036e-005	-1.924928e-006	1.719969e-005	1.537410e-005	-1.825592e-006	5.238271e-008	4.854521e-008	1.055284e-005	8.870045e-006	1.941581e-009
2.342586946355278e-008	1.712550e-005	-2.078008e-006	1.731448e-005	1.542546e-005	-1.889025e-006	5.237788e-008	4.854133e-008	1.055378e-005	8.871149e-006	1.941433e-009
2.342686946355278e-008	1.713716e-005	-2.243485e-006	1.741241e-005	1.544418e-005	-1.968231e-006	5.237310e-008	4.853750e-008	1.055488e-005	8.872390e-006	1.941284e-009
2.342786946355278e-008	1.713565e-005	-2.421018e-006	1.749309e-005	1.542951e-005	-2.063576e-006	5.236836e-008	4.853374e-008	1.055612e-005	8.873780e-006	1.941137e-009
2.342886946355278e-008	1.712172e-005	-2.609860e-006	1.755661e-005	1.538165e-005	-2.174968e-006	5.236368e-008	4.853004e-008	1.055752e-005	8.875322e-006	1.940990e-009
2.342986946355278e-008	1.709616e-005	-2.809233e-006	1.760317e-005	1.530095e-005	-2.302225e-006	5.235907e-008	4.852642e-008	1.055908e-005	8.877025e-006	1.940843e-009
2.343086946355278e-008	1.705979e-005	-3.018330e-006	1.763305e-005	1.518798e-005	-2.445067e-006	5.235452e-008	4.852289e-008	1.056080e-005	8.878894e-006	1.940698e-009
2.343286946355279e-008	1.695796e-005	-3.462379e-006	1.764443e-005	1.486853e-005	-2.775906e-006	5.234567e-008	4.851610e-008	1.056473e-005	8.883158e-006	1.940408e-009
2.343486946355279e-008	1.682306e-005	-3.935338e-006	1.759504e-005	1.443168e-005	-3.163359e-006	5.233717e-008	4.850974e-008	1.056935e-005	8.888166e-006	1.940122e-009
2.343686946355279e-008	1.666182e-005	-4.430659e-006	1.749054e-005	1.388860e-005	-3.601941e-006	5.232910e-008	4.850389e-008	1.057472e-005	8.893968e-006	1.939840e-009
2.343986946355279e-008	1.638447e-005	-5.202156e-006	1.724562e-005	1.290462e-005	-4.341000e-006	5.231792e-008	4.849621e-008	1.058428e-005	8.904252e-006	1.939426e-009
2.344286946355280e-008	1.608155e-005	-5.991540e-006	1.691829e-005	1.176350e-005	-5.154795e-006	5.230808e-008	4.849008e-008	1.059584e-005	8.916544e-006	1.939024e-009
2.344586946355280e-008	1.576926e-005	-6.783397e-006	1.653582e-005	1.051898e-005	-6.016839e-006	5.229986e-008	4.848576e-008	1.060961e-005	8.930933e-006	1.938636e-009
2.344886946355280e-008	1.546043e-005	-7.565573e-006	1.612402e-005	9.222038e-006	-6.901985e-006	5.229356e-008	4.848351e-008	1.062579e-005	8.947474e-006	1.938266e-009
2.345072660640995e-008	1.527302e-005	-8.043064e-006	1.585771e-005	8.399339e-006	-7.458373e-006	5.229055e-008	4.848312e-008	1.063705e-005	8.958822e-006	1.938045e-009
2.345258374926710e-008	1.509510e-005	-8.509104e-006	1.560063e-005	7.597057e-006	-8.003575e-006	5.228872e-008	4.848382e-008	1.064934e-005	8.970991e-006	1.937833e-009
2.345444089212424e-008	1.492668e-005	-8.963693e-006	1.535278e-005	6.815192e-006	-8.537589e-006	5.228806e-008	4.848560e-008	1.066265e-005	8.983982e-006	1.937632e-009
2.345629803498138e-008	1.476774e-005	-9.406831e-006	1.511416e-005	6.053744e-006	-9.060416e-006	5.228858e-008	4.848847e-008	1.067699e-005	8.997794e-006	1.937440e-009
2.345815517783853e-008	1.461831e-005	-9.838517e-006	1.488477e-005	5.312712e-006	-9.572056e-006	5.229027e-008	4.849243e-008	1.069235e-005	9.012429e-006	1.937257e-009
2.346001232069567e-008	1.447836e-005	-1.025875e-005	1.466461e-005	4.592098e-006	-1.007251e-005	5.229313e-008	4.849747e-008	1.070875e-005	9.027885e-006	1.937085e-009
2.346186946355282e-008	1.434791e-005	-1.066754e-005	1.445367e-005	3.891900e-006	-1.056177e-005	5.229717e-008	4.850359e-008	1.072617e-005	9.044163e-006	1.936922e-009
2.346386946355282e-008	1.422173e-005	-1.109128e-005	1.424839e-005	3.183784e-006	-1.106461e-005	5.230341e-008	4.851176e-008	1.074607e-005	9.062546e-006	1.936762e-009
2.346586946355282e-008	1.410838e-005	-1.149981e-005	1.406024e-005	2.512290e-006	-1.154795e-005	5.231149e-008	4.852146e-008	1.076712e-005	9.081819e-006	1.936616e-009
2.346786946355283e-008	1.400760e-005	-1.189331e-005	1.388904e-005	1.877169e-006	-1.201187e-005	5.232150e-008	4.853275e-008	1.078932e-005	9.101961e-006	1.936486e-009
2.346986946355283e-008	1.391902e-005	-1.227207e-005	1.373428e-005	1.277483e-006	-1.245680e-005	5.233353e-008	4.854570e-008	1.081263e-005	9.122950e-006	1.936371e-009
2.347086946355283e-008	1.387897e-005	-1.245623e-005	1.366290e-005	9.905925e-007	-1.267231e-005	5.234032e-008	4.855280e-008	1.082468e-005	9.133746e-006	1.936320e-009
2.347169427073340e-008	1.384794e-005	-1.260563e-005	1.360804e-005	7.625176e-007	-1.284553e-005	5.234634e-008	4.855898e-008	1.083483e-005	9.142805e-006	1.936281e-009
2.347257590028840e-008	1.381647e-005	-1.276312e-005	1.355420e-005	5.288193e-007	-1.302538e-005	5.235319e-008	4.856592e-008	1.084590e-005	9.152634e-006	1.936242e-009
2.347329792416907e-008	1.379226e-005	-1.289014e-005	1.351291e-005	3.434261e-007	-1.316949e-005	5.235913e-008	4.857186e-008	1.085513e-005	9.160801e-006	1.936213e-009
2.347412771985175e-008	1.376672e-005	-1.303345e-005	1.346645e-005	1.327235e-007	-1.333372e-005	5.236629e-008	4.857894e-008	1.086587e-005	9.170303e-006	1.936183e-009
2.347441894100993e-008	1.375871e-005	-1.308269e-005	1.344992e-005	5.843867e-008	-1.339148e-005	5.236888e-008	4.858149e-008	1.086966e-005	9.173670e-006	1.936172e-009
2.347450715819866e-008	1.375653e-005	-1.309733e-005	1.344483e-005	3.579225e-008	-1.340904e-005	5.236968e-008	4.858228e-008	1.087082e-005	9.174696e-006	1.936169e-009
2.347457108673219e-008	1.375503e-005	-1.310787e-005	1.344109e-005	1.929129e-008	-1.342180e-005	5.237027e-008	4.858285e-008	1.087166e-005	9.175442e-006	1.936167e-009
2.347462926460432e-008	1.375370e-005	-1.311742e-005	1.343765e-005	4.178219e-009	-1.343347e-005	5.237080e-008	4.858337e-008	1.087243e-005	9.176122e-006	1.936165e-009
2.347463639803018e-008	1.375354e-005	-1.311859e-005	1.343722e-005	2.318302e-009	-1.343490e-005	5.237087e-008	4.858343e-008	1.087252e-005	9.176206e-006	1.936165e-009
2.347472054173317e-008	1.375168e-005	-1.313231e-005	1.343213e-005	-1.974331e-008	-1.345187e-005	5.237165e-008	4.858419e-008	1.087363e-005	9.177191e-006	1.936162e-009
2.347480468543615e-008	1.374990e-005	-1.314597e-005	1.342696e-005	-4.193641e-008	-1.346890e-005	5.237243e-008	4.858496e-008	1.087473e-005	9.178178e-006	1.936160e-009
2.347488882913914e-008	1.374817e-005	-1.315955e-005	1.342173e-005	-6.426100e-008	-1.348599e-005	5.237322e-008	4.858573e-008	1.087584e-005	9.179167e-006	1.936157e-009
2.347497297284212e-008	1.374651e-005	-1.317306e-005	1.341643e-005	-8.671707e-008	-1.350315e-005	5.237401e-008	4.858650e-008	1.087695e-005	9.180158e-006	1.936155e-009
2.347505711654511e-008	1.374492e-005	-1.318651e-005	1.341106e-005	-1.093046e-007	-1.352037e-005	5.237481e-008	4.858728e-008	1.087807e-005	9.181151e-006	1.936152e-009
2.347514126024810e-008	1.374339e-005	-1.319988e-005	1.340562e-005	-1.320237e-007	-1.353764e-005	5.237561e-008	4.858806e-008	1.087918e-005	9.182146e-006	1.936150e-009
2.347522540395108e-008	1.374192e-005	-1.321317e-005	1.340011e-005	-1.548742e-007	-1.355499e-005	5.237642e-008	4.858884e-008	1.088030e-005	9.183143e-006	1.936147e-009
2.347580321087293e-008	1.374804e-005	-1.330307e-005	1.337899e-005	-2.931347e-007	-1.367212e-005	5.238203e-008	4.859428e-008	1.088787e-005	9.189925e-006	1.936130e-009
2.347594383587294e-008	1.376553e-005	-1.332164e-005	1.339076e-005	-3.056393e-007	-1.369640e-005	5.238342e-008	4.859562e-008	1.088960e-005	9.191477e-006	1.936127e-009
2.347597508587294e-008	1.376648e-005	-1.332324e-005	1.339006e-005	-3.095993e-007	-1.369966e-005	5.238373e-008	4.859592e-008	1.088997e-005	9.191816e-006	1.936126e-009
2.347603758587294e-008	1.375721e-005	-1.332540e-005	1.337633e-005	-3.299547e-007	-1.370628e-005	5.238435e-008	4.859652e-008	1.089076e-005	9.192532e-006	1.936124e-009
2.347616258587294e-008	1.374343e-005	-1.333983e-005	1.335381e-005	-3.756304e-007	-1.372944e-005	5.238561e-008	4.859774e-008	1.089239e-005	9.194004e-006	1.936121e-009
2.347641258587294e-008	1.373064e-005	-1.337950e-005	1.332445e-005	-4.612293e-007	-1.378568e-005	5.238816e-008	4.860019e-008	1.089569e-005	9.196979e-006	1.936115e-009
2.347691258587294e-008	1.371903e-005	-1.345942e-005	1.328135e-005	-6.157425e-007	-1.389710e-005	5.239341e-008	4.860522e-008	1.090241e-005	9.203018e-006	1.936103e-009
2.347791258587294e-008	1.370259e-005	-1.361424e-005	1.320410e-005	-9.086298e-007	-1.411273e-005	5.240432e-008	4.861560e-008	1.091606e-005	9.215254e-006	1.936084e-009
2.347891258587294e-008	1.368522e-005	-1.376904e-005	1.312653e-005	-1.201209e-006	-1.432773e-005	5.241575e-008	4.862641e-008	1.092989e-005	9.227622e-006	1.936069e-009
2.348091258587294e-008	1.364452e-005	-1.408188e-005	1.296401e-005	-1.798370e-006	-1.476238e-005	5.244048e-008	4.864951e-008	1.095811e-005	9.252790e-006	1.936054e-009
2.348291258587294e-008	1.359637e-005	-1.439826e-005	1.279174e-005	-2.411162e-006	-1.520290e-005	5.246772e-008	4.867461e-008	1.098707e-005	9.278523e-006	1.936058e-009
2.348591258587295e-008	1.351074e-005	-1.487863e-005	1.251640e-005	-3.356590e-006	-1.587299e-005	5.251342e-008	4.871610e-008	1.103183e-005	9.318124e-006	1.936102e-009
2.348876972873009e-008	1.341238e-005	-1.534413e-005	1.223158e-005	-4.293366e-006	-1.652494e-005	5.256220e-008	4.875980e-008	1.107607e-005	9.357069e-006	1.936185e-009
2.349162687158724e-008	1.330435e-005	-1.581133e-005	1.193836e-005	-5.238961e-006	-1.717732e-005	5.261687e-008	4.880800e-008	1.112138e-005	9.396803e-006	1.936313e-009
2.349448401444439e-008	1.318666e-005	-1.628023e-005	1.163676e-005	-6.193375e-006	-1.783013e-005	5.267742e-008	4.886070e-008	1.116778e-005	9.437325e-006	1.936487e-009
2.349734115730153e-008	1.305929e-005	-1.675083e-005	1.132676e-005	-7.156608e-006	-1.848336e-005	5.274386e-008	4.891789e-008	1.121525e-005	9.478636e-006	1.936706e-009
2.350019830015868e-008	1.292226e-005	-1.722313e-005	1.100836e-005	-8.128660e-006	-1.913702e-005	5.281619e-008	4.897958e-008	1.126380e-005	9.520735e-006	1.936971e-009
2.350305544301582e-008	1.277556e-005	-1.769712e-005	1.068158e-005	-9.109531e-006	-1.979111e-005	5.289440e-008	4.904577e-008	1.131343e-005	9.563622e-006	1.937281e-009
2.350591258587297e-008	1.261919e-005	-1.817282e-005	1.034640e-005	-1.009922e-005	-2.044562e-005	5.297849e-008	4.911646e-008	1.136413e-005	9.607298e-006	1.937636e-009
2.350791258587297e-008	1.250732e-005	-1.850382e-005	1.011361e-005	-1.078394e-005	-2.089754e-005	5.304121e-008	4.916879e-008	1.140002e-005	9.638135e-006	1.937914e-009
2.350991258587298e-008	1.239381e-005	-1.883291e-005	9.882924e-006	-1.146088e-005	-2.134380e-005	5.310704e-008	4.922344e-008	1.143617e-005	9.669153e-006	1.938216e-009
2.351191258587298e-008	1.227866e-005	-1.916009e-005	9.654352e-006	-1.213005e-005	-2.178440e-005	5.317599e-008	4.928039e-008	1.147261e-005	9.700352e-006	1.938542e-009
2.351391258587298e-008	1.216185e-005	-1.948537e-005	9.427889e-006	-1.279144e-005	-2.221933e-005	5.324804e-008	4.933965e-008	1.150931e-005	9.731733e-006	1.938892e-009
2.351591258587298e-008	1.204340e-005	-1.980873e-005	9.203534e-006	-1.344506e-005	-2.264859e-005	5.332320e-008	4.940122e-008	1.154629e-005	9.763296e-006	1.939266e-009
2.351791258587298e-008	1.192330e-005	-2.013019e-005	8.981288e-006	-1.409090e-005	-2.307219e-005	5.340147e-008	4.946510e-008	1.158354e-005	9.795040e-006	1.939663e-009
2.351991258587299e-008	1.180155e-005	-2.044973e-005	8.761152e-006	-1.472898e-005	-2.349013e-005	5.348285e-008	4.953129e-008	1.162107e-005	9.826966e-006	1.940085e-009
2.352091258587299e-008	1.174089e-005	-2.060821e-005	8.653135e-006	-1.504283e-005	-2.369596e-005	5.352459e-008	4.956515e-008	1.163985e-005	9.842934e-006	1.940303e-009
2.352119326020204e-008	1.172384e-005	-2.065256e-005	8.623092e-006	-1.513022e-005	-2.375331e-005	5.353645e-008	4.957475e-008	1.164513e-005	9.847419e-006	1.940366e-009
2.352142458489158e-008	1.170974e-005	-2.068908e-005	8.599100e-006	-1.520062e-005	-2.379972e-005	5.354629e-008	4.958273e-008	1.164949e-005	9.851119e-006	1.940418e-009
2.352208255595830e-008	1.166781e-005	-2.079457e-005	8.540541e-006	-1.538130e-005	-2.392184e-005	5.357459e-008	4.960561e-008	1.166198e-005	9.861635e-006	1.940568e-009
2.352275189998542e-008	1.162228e-005	-2.090452e-005	8.491975e-006	-1.554285e-005	-2.403482e-005	5.360378e-008	4.962917e-008	1.167477e-005	9.872318e-006	1.940724e-009
2.352475189998542e-008	1.147434e-005	-2.124378e-005	8.394432e-006	-1.592926e-005	-2.432369e-005	5.369301e-008	4.970092e-008	1.171343e-005	9.904182e-006	1.941205e-009
2.352775189998542e-008	1.121811e-005	-2.178357e-005	8.392111e-006	-1.621745e-005	-2.460957e-005	5.383303e-008	4.981254e-008	1.177267e-005	9.951763e-006	1.941971e-009
2.353075189998542e-008	1.092281e-005	-2.235806e-005	8.560625e-006	-1.615962e-005	-2.472024e-005	5.398083e-008	4.992889e-008	1.183342e-005	9.999016e-006	1.942793e-009
2.353375189998543e-008	1.059467e-005	-2.296053e-005	8.883490e-006	-1.578822e-005	-2.467171e-005	5.413670e-008	5.004977e-008	1.189557e-005	1.004589e-005	1.943670e-009
2.353675189998543e-008	1.024269e-005	-2.358125e-005	9.333840e-006	-1.515625e-005	-2.449009e-005	5.430084e-008	5.017499e-008	1.195892e-005	1.009237e-005	1.944603e-009
2.353975189998544e-008	9.877602e-006	-2.420860e-005	9.878079e-006	-1.433004e-005	-2.420812e-005	5.447344e-008	5.030438e-008	1.202321e-005	1.013845e-005	1.945593e-009
2.354075189998544e-008	9.754939e-006	-2.441708e-005	1.007415e-005	-1.402372e-005	-2.409787e-005	5.453287e-008	5.034841e-008	1.204480e-005	1.015373e-005	1.945935e-009
2.354175189998544e-008	9.632234e-006	-2.462492e-005	1.027471e-005	-1.370773e-005	-2.398244e-005	5.459309e-008	5.039281e-008	1.206644e-005	1.016897e-005	1.946282e-009
2.354203257448695e-008	9.597946e-006	-2.468295e-005	1.033181e-005	-1.361728e-005	-2.394908e-005	5.461016e-008	5.040535e-008	1.207252e-005	1.017324e-005	1.946381e-009
2.354226384531735e-008	9.570432e-006	-2.472994e-005	1.037919e-005	-1.354199e-005	-2.392118e-005	5.462432e-008	5.041572e-008	1.207754e-005	1.017676e-005	1.946463e-009
2.354292188296320e-008	9.501936e-006	-2.485363e-005	1.051330e-005	-1.332896e-005	-2.384226e-005	5.466494e-008	5.044540e-008	1.209182e-005	1.018684e-005	1.946698e-009
2.354359127682670e-008	9.443295e-006	-2.496814e-005	1.064816e-005	-1.311512e-005	-2.376328e-005	5.470674e-008	5.047583e-008	1.210634e-005	1.019714e-005	1.946940e-009
2.354559127682670e-008	9.316282e-006	-2.526074e-005	1.104335e-005	-1.249031e-005	-2.353367e-005	5.483390e-008	5.056787e-008	1.214970e-005	1.022818e-005	1.947679e-009
2.354859127682671e-008	9.273936e-006	-2.554717e-005	1.160558e-005	-1.160995e-005	-2.321553e-005	5.503148e-008	5.070945e-008	1.221455e-005	1.027555e-005	1.948834e-009
2.355159127682671e-008	9.410172e-006	-2.564919e-005	1.212074e-005	-1.081788e-005	-2.293862e-005	5.523721e-008	5.085552e-008	1.227903e-005	1.032393e-005	1.950046e-009
2.355459127682671e-008	9.709524e-006	-2.558146e-005	1.258581e-005	-1.011937e-005	-2.270518e-005	5.545084e-008	5.100633e-008	1.234300e-005	1.037328e-005	1.951314e-009
2.355759127682672e-008	1.014449e-005	-2.537057e-005	1.300439e-005	-9.506280e-006	-2.251067e-005	5.567216e-008	5.116207e-008	1.240640e-005	1.042346e-005	1.952639e-009
2.356059127682672e-008	1.067981e-005	-2.505075e-005	1.338382e-005	-8.962915e-006	-2.234674e-005	5.590093e-008	5.132291e-008	1.246919e-005	1.047424e-005	1.954020e-009
2.356359127682672e-008	1.127774e-005	-2.465878e-005	1.373252e-005	-8.471488e-006	-2.220400e-005	5.613695e-008	5.148896e-008	1.253137e-005	1.052538e-005	1.955457e-009
2.356659127682673e-008	1.190294e-005	-2.422914e-005	1.405796e-005	-8.016169e-006	-2.207412e-005	5.638002e-008	5.166028e-008	1.259290e-005	1.057662e-005	1.956949e-009
2.356959127682673e-008	1.252591e-005	-2.379068e-005	1.436563e-005	-7.585320e-006	-2.195095e-005	5.662996e-008	5.183686e-008	1.265379e-005	1.062771e-005	1.958496e-009
2.357159127682673e-008	1.293303e-005	-2.350010e-005	1.456276e-005	-7.307599e-006	-2.187036e-005	5.680044e-008	5.195758e-008	1.269403e-005	1.066166e-005	1.959559e-009
2.357359127682673e-008	1.331927e-005	-2.322531e-005	1.475391e-005	-7.036767e-006	-2.179067e-005	5.697375e-008	5.208052e-008	1.273393e-005	1.069533e-005	1.960644e-009
2.357559127682674e-008	1.368464e-005	-2.296631e-005	1.493906e-005	-6.772821e-006	-2.171189e-005	5.714987e-008	5.220570e-008	1.277347e-005	1.072872e-005	1.961752e-009
2.357759127682674e-008	1.402913e-005	-2.272310e-005	1.511824e-005	-6.515763e-006	-2.163400e-005	5.732881e-008	5.233312e-008	1.281266e-005	1.076183e-005	1.962883e-009
2.357959127682674e-008	1.435275e-005	-2.249569e-005	1.529142e-005	-6.265593e-006	-2.155701e-005	5.751057e-008	5.246277e-008	1.285150e-005	1.079465e-005	1.964037e-009
2.358159127682674e-008	1.465549e-005	-2.228406e-005	1.545862e-005	-6.022310e-006	-2.148093e-005	5.769514e-008	5.259466e-008	1.288999e-005	1.082720e-005	1.965214e-009
2.358359127682675e-008	1.493736e-005	-2.208823e-005	1.561984e-005	-5.785914e-006	-2.140575e-005	5.788253e-008	5.272878e-008	1.292812e-005	1.085946e-005	1.966415e-009
2.358659127682675e-008	1.531633e-005	-2.182974e-005	1.584845e-005	-5.449167e-006	-2.129762e-005	5.816839e-008	5.293380e-008	1.298452e-005	1.090711e-005	1.968254e-009
2.358959127682675e-008	1.565009e-005	-2.160631e-005	1.606157e-005	-5.133254e-006	-2.119482e-005	5.846001e-008	5.314345e-008	1.303997e-005	1.095396e-005	1.970142e-009
2.359201984825533e-008	1.588462e-005	-2.145334e-005	1.622166e-005	-4.894635e-006	-2.111630e-005	5.870045e-008	5.331664e-008	1.308417e-005	1.099128e-005	1.971706e-009
2.359444841968390e-008	1.610053e-005	-2.131365e-005	1.637256e-005	-4.669066e-006	-2.104162e-005	5.894421e-008	5.349256e-008	1.312769e-005	1.102806e-005	1.973298e-009
2.359687699111247e-008	1.629783e-005	-2.118723e-005	1.651425e-005	-4.456545e-006	-2.097080e-005	5.919128e-008	5.367121e-008	1.317053e-005	1.106430e-005	1.974918e-009
2.359930556254105e-008	1.647651e-005	-2.107407e-005	1.664675e-005	-4.257072e-006	-2.090382e-005	5.944167e-008	5.385258e-008	1.321268e-005	1.109999e-005	1.976566e-009
2.360173413396962e-008	1.663658e-005	-2.097418e-005	1.677005e-005	-4.070648e-006	-2.084070e-005	5.969537e-008	5.403668e-008	1.325416e-005	1.113514e-005	1.978242e-009
2.360416270539820e-008	1.677803e-005	-2.088756e-005	1.688416e-005	-3.897273e-006	-2.078143e-005	5.995238e-008	5.422350e-008	1.329495e-005	1.116974e-005	1.979947e-009
2.360659127682677e-008	1.690087e-005	-2.081420e-005	1.698906e-005	-3.736946e-006	-2.072601e-005	6.021271e-008	5.441306e-008	1.333505e-005	1.120380e-005	1.981679e-009
2.360873413396963e-008	1.700197e-005	-2.075328e-005	1.707561e-005	-3.604026e-006	-2.067964e-005	6.044483e-008	5.458235e-008	1.336984e-005	1.123339e-005	1.983229e-009
2.361087699111249e-008	1.709653e-005	-2.069584e-005	1.715755e-005	-3.477274e-006	-2.063482e-005	6.067899e-008	5.475345e-008	1.340409e-005	1.126257e-005	1.984797e-009
2.361301984825535e-008	1.718457e-005	-2.064187e-005	1.723488e-005	-3.356688e-006	-2.059156e-005	6.091521e-008	5.492635e-008	1.343778e-005	1.129133e-005	1.986383e-009
2.361516270539821e-008	1.726607e-005	-2.059139e-005	1.730759e-005	-3.242270e-006	-2.054986e-005	6.115349e-008	5.510105e-008	1.347093e-005	1.131968e-005	1.987988e-009
2.361730556254107e-008	1.734104e-005	-2.054438e-005	1.737570e-005	-3.134019e-006	-2.050972e-005	6.139382e-008	5.527755e-008	1.350353e-005	1.134760e-005	1.989611e-009
2.361944841968393e-008	1.740947e-005	-2.050085e-005	1.743919e-005	-3.031936e-006	-2.047113e-005	6.163620e-008	5.545585e-008	1.353559e-005	1.137511e-005	1.991252e-009
2.362159127682679e-008	1.747138e-005	-2.046080e-005	1.749808e-005	-2.936020e-006	-2.043410e-005	6.188064e-008	5.563595e-008	1.356710e-005	1.140220e-005	1.992912e-009
2.362359127682679e-008	1.752654e-005	-2.042388e-005	1.755050e-005	-2.849425e-006	-2.039992e-005	6.211026e-008	5.580544e-008	1.359603e-005	1.142711e-005	1.994475e-009
2.362659127682679e-008	1.760257e-005	-2.037101e-005	1.762364e-005	-2.726294e-006	-2.034994e-005	6.245753e-008	5.606231e-008	1.363855e-005	1.146381e-005	1.996846e-009
2.363101984825537e-008	1.769853e-005	-2.029909e-005	1.771826e-005	-2.561098e-006	-2.027936e-005	6.297737e-008	5.644790e-008	1.369928e-005	1.151646e-005	2.000411e-009
2.363544841968395e-008	1.778478e-005	-2.022840e-005	1.780375e-005	-2.405684e-006	-2.020943e-005	6.350237e-008	5.683895e-008	1.375792e-005	1.156747e-005	2.004030e-009
2.363987699111252e-008	1.786131e-005	-2.015893e-005	1.788010e-005	-2.260053e-006	-2.014015e-005	6.403253e-008	5.723544e-008	1.381446e-005	1.161685e-005	2.007703e-009
2.364430556254110e-008	1.792814e-005	-2.009069e-005	1.794731e-005	-2.124204e-006	-2.007151e-005	6.456786e-008	5.763738e-008	1.386890e-005	1.166459e-005	2.011430e-009
2.364873413396968e-008	1.798525e-005	-2.002367e-005	1.800539e-005	-1.998138e-006	-2.000353e-005	6.510835e-008	5.804477e-008	1.392125e-005	1.171070e-005	2.015211e-009
2.365316270539825e-008	1.803265e-005	-1.995787e-005	1.805434e-005	-1.881854e-006	-1.993619e-005	6.565401e-008	5.845761e-008	1.397151e-005	1.175518e-005	2.019045e-009
2.365759127682683e-008	1.807034e-005	-1.989330e-005	1.809415e-005	-1.775354e-006	-1.986950e-005	6.620483e-008	5.887591e-008	1.401967e-005	1.179803e-005	2.022933e-009
2.366044841968398e-008	1.809253e-005	-1.985072e-005	1.811729e-005	-1.708677e-006	-1.982596e-005	6.656151e-008	5.914773e-008	1.404978e-005	1.182489e-005	2.025460e-009
2.366330556254112e-008	1.811232e-005	-1.980796e-005	1.813796e-005	-1.644363e-006	-1.978232e-005	6.691922e-008	5.942106e-008	1.407916e-005	1.185117e-005	2.028002e-009
2.366616270539827e-008	1.812968e-005	-1.976504e-005	1.815615e-005	-1.582414e-006	-1.973856e-005	6.727796e-008	5.969590e-008	1.410781e-005	1.187685e-005	2.030558e-009
2.366901984825541e-008	1.814463e-005	-1.972194e-005	1.817187e-005	-1.522828e-006	-1.969470e-005	6.763773e-008	5.997225e-008	1.413574e-005	1.190195e-005	2.033129e-009
2.367187699111256e-008	1.815717e-005	-1.967868e-005	1.818512e-005	-1.465606e-006	-1.965073e-005	6.799854e-008	6.025010e-008	1.416294e-005	1.192646e-005	2.035714e-009
2.367473413396971e-008	1.816729e-005	-1.963525e-005	1.819589e-005	-1.410748e-006	-1.960664e-005	6.836038e-008	6.052945e-008	1.418941e-005	1.195038e-005	2.038313e-009
2.367759127682685e-008	1.817499e-005	-1.959165e-005	1.820419e-005	-1.358254e-006	-1.956245e-005	6.872325e-008	6.081032e-008	1.421516e-005	1.197371e-005	2.040927e-009
2.367859127682685e-008	1.817716e-005	-1.957630e-005	1.820656e-005	-1.340353e-006	-1.954691e-005	6.885032e-008	6.090885e-008	1.422403e-005	1.198176e-005	2.041844e-009
2.367959127682685e-008	1.817880e-005	-1.956085e-005	1.820838e-005	-1.322893e-006	-1.953127e-005	6.897747e-008	6.100752e-008	1.423282e-005	1.198974e-005	2.042762e-009
2.368059127682686e-008	1.817950e-005	-1.954519e-005	1.820927e-005	-1.306162e-006	-1.951543e-005	6.910469e-008	6.110634e-008	1.424152e-005	1.199765e-005	2.043682e-009
2.368273413396971e-008	1.817570e-005	-1.951119e-005	1.820590e-005	-1.275097e-006	-1.948099e-005	6.937764e-008	6.131865e-008	1.425988e-005	1.201436e-005	2.045659e-009
2.368487699111257e-008	1.816680e-005	-1.947513e-005	1.819754e-005	-1.246850e-006	-1.944439e-005	6.965077e-008	6.153150e-008	1.427789e-005	1.203077e-005	2.047640e-009
2.368701984825543e-008	1.815280e-005	-1.943701e-005	1.818420e-005	-1.221418e-006	-1.940561e-005	6.992408e-008	6.174489e-008	1.429555e-005	1.204689e-005	2.049626e-009
2.368916270539830e-008	1.813370e-005	-1.939684e-005	1.816587e-005	-1.198804e-006	-1.936467e-005	7.019757e-008	6.195883e-008	1.431286e-005	1.206271e-005	2.051618e-009
2.369130556254115e-008	1.810951e-005	-1.935460e-005	1.814255e-005	-1.179005e-006	-1.932156e-005	7.047124e-008	6.217331e-008	1.432983e-005	1.207824e-005	2.053615e-009
2.369344841968401e-008	1.808023e-005	-1.931030e-005	1.811425e-005	-1.162024e-006	-1.927627e-005	7.074510e-008	6.238833e-008	1.434645e-005	1.209348e-005	2.055617e-009
2.369559127682687e-008	1.804584e-005	-1.926394e-005	1.808096e-005	-1.147859e-006	-1.922882e-005	7.101914e-008	6.260390e-008	1.436272e-005	1.210842e-005	2.057624e-009
2.369644841968402e-008	1.803119e-005	-1.924454e-005	1.806676e-005	-1.142214e-006	-1.920897e-005	7.112875e-008	6.269023e-008	1.436914e-005	1.211433e-005	2.058427e-009
2.369730556254116e-008	1.801590e-005	-1.922472e-005	1.805192e-005	-1.136782e-006	-1.918870e-005	7.123835e-008	6.277662e-008	1.437552e-005	1.212019e-005	2.059232e-009
2.369816270539831e-008	1.799996e-005	-1.920449e-005	1.803644e-005	-1.131565e-006	-1.916801e-005	7.134796e-008	6.286307e-008	1.438184e-005	1.212601e-005	2.060037e-009
2.369901984825545e-008	1.798338e-005	-1.918383e-005	1.802033e-005	-1.126560e-006	-1.914689e-005	7.145757e-008	6.294959e-008	1.438812e-005	1.213179e-005	2.060842e-009
2.369987699111259e-008	1.796616e-005	-1.916276e-005	1.800358e-005	-1.121770e-006	-1.912535e-005	7.156718e-008	6.303618e-008	1.439435e-005	1.213753e-005	2.061649e-009
2.370073413396974e-008	1.794829e-005	-1.914127e-005	1.798618e-005	-1.117192e-006	-1.910338e-005	7.167680e-008	6.312283e-008	1.440052e-005	1.214322e-005	2.062455e-009
2.370159127682688e-008	1.792978e-005	-1.911936e-005	1.796816e-005	-1.112829e-006	-1.908098e-005	7.178642e-008	6.320954e-008	1.440665e-005	1.214887e-005	2.063263e-009
2.370259127682688e-008	1.790755e-005	-1.909333e-005	1.794648e-005	-1.107912e-006	-1.905440e-005	7.191429e-008	6.331076e-008	1.441375e-005	1.215542e-005	2.064205e-009
2.370296186568050e-008	1.789910e-005	-1.908355e-005	1.793824e-005	-1.106155e-006	-1.904440e-005	7.196169e-008	6.334830e-008	1.441636e-005	1.215784e-005	2.064555e-009
2.370308709505615e-008	1.789619e-005	-1.908020e-005	1.793540e-005	-1.105580e-006	-1.904098e-005	7.197769e-008	6.336099e-008	1.441725e-005	1.215865e-005	2.064673e-009
2.370313596859629e-008	1.789504e-005	-1.907889e-005	1.793428e-005	-1.105360e-006	-1.903964e-005	7.198395e-008	6.336593e-008	1.441759e-005	1.215897e-005	2.064719e-009
2.370314231520990e-008	1.789489e-005	-1.907872e-005	1.793414e-005	-1.105333e-006	-1.903947e-005	7.198476e-008	6.336658e-008	1.441763e-005	1.215901e-005	2.064725e-009
2.370314606876490e-008	1.789480e-005	-1.907861e-005	1.793405e-005	-1.105316e-006	-1.903936e-005	7.198523e-008	6.336695e-008	1.441766e-005	1.215904e-005	2.064729e-009
2.370315128249537e-008	1.789467e-005	-1.907847e-005	1.793393e-005	-1.105293e-006	-1.903922e-005	7.198590e-008	6.336749e-008	1.441770e-005	1.215907e-005	2.064734e-009
2.370315903386180e-008	1.789449e-005	-1.907826e-005	1.793375e-005	-1.105258e-006	-1.903901e-005	7.198690e-008	6.336827e-008	1.441775e-005	1.215912e-005	2.064741e-009
2.370316602391269e-008	1.789432e-005	-1.907808e-005	1.793359e-005	-1.105227e-006	-1.903881e-005	7.198779e-008	6.336898e-008	1.441780e-005	1.215917e-005	2.064747e-009
2.370317326823620e-008	1.789415e-005	-1.907788e-005	1.793342e-005	-1.105194e-006	-1.903861e-005	7.198872e-008	6.336971e-008	1.441785e-005	1.215921e-005	2.064754e-009
2.370317982851197e-008	1.789400e-005	-1.907770e-005	1.793327e-005	-1.105167e-006	-1.903843e-005	7.198955e-008	6.337038e-008	1.441790e-005	1.215925e-005	2.064761e-009
2.370318688801688e-008	1.789383e-005	-1.907752e-005	1.793310e-005	-1.105136e-006	-1.903824e-005	7.199046e-008	6.337109e-008	1.441795e-005	1.215930e-005	2.064767e-009
2.370319361075936e-008	1.789367e-005	-1.907733e-005	1.793295e-005	-1.105107e-006	-1.903806e-005	7.199132e-008	6.337177e-008	1.441799e-005	1.215934e-005	2.064774e-009
2.370320066462007e-008	1.789350e-005	-1.907714e-005	1.793279e-005	-1.105076e-006	-1.903786e-005	7.199222e-008	6.337249e-008	1.441804e-005	1.215939e-005	2.064780e-009
2.370320743324542e-008	1.789334e-005	-1.907696e-005	1.793263e-005	-1.105047e-006	-1.903768e-005	7.199309e-008	6.337317e-008	1.441809e-005	1.215943e-005	2.064787e-009
2.370321442839724e-008	1.789318e-005	-1.907677e-005	1.793247e-005	-1.105016e-006	-1.903748e-005	7.199398e-008	6.337388e-008	1.441814e-005	1.215948e-005	2.064793e-009
2.370322197595390e-008	1.789300e-005	-1.907657e-005	1.793229e-005	-1.104985e-006	-1.903728e-005	7.199494e-008	6.337465e-008	1.441819e-005	1.215953e-005	2.064800e-009
2.370323090869132e-008	1.789279e-005	-1.907633e-005	1.793209e-005	-1.104945e-006	-1.903703e-005	7.199608e-008	6.337555e-008	1.441825e-005	1.215959e-005	2.064809e-009
2.370324103813647e-008	1.789254e-005	-1.907606e-005	1.793185e-005	-1.104903e-006	-1.903675e-005	7.199738e-008	6.337658e-008	1.441833e-005	1.215965e-005	2.064818e-009
2.370326745677346e-008	1.789192e-005	-1.907535e-005	1.793124e-005	-1.104789e-006	-1.903603e-005	7.200076e-008	6.337925e-008	1.441851e-005	1.215982e-005	2.064843e-009
2.370332098391708e-008	1.789064e-005	-1.907391e-005	1.792999e-005	-1.104560e-006	-1.903456e-005	7.200760e-008	6.338468e-008	1.441889e-005	1.216017e-005	2.064894e-009
2.370337451106070e-008	1.788937e-005	-1.907246e-005	1.792875e-005	-1.104331e-006	-1.903308e-005	7.201445e-008	6.339010e-008	1.441926e-005	1.216052e-005	2.064944e-009
2.370342803820432e-008	1.788810e-005	-1.907102e-005	1.792751e-005	-1.104100e-006	-1.903161e-005	7.202129e-008	6.339553e-008	1.441964e-005	1.216086e-005	2.064995e-009
2.370348156534794e-008	1.788683e-005	-1.906958e-005	1.792627e-005	-1.103869e-006	-1.903014e-005	7.202813e-008	6.340095e-008	1.442001e-005	1.216121e-005	2.065045e-009
2.370353509249156e-008	1.788556e-005	-1.906814e-005	1.792503e-005	-1.103636e-006	-1.902867e-005	7.203498e-008	6.340638e-008	1.442039e-005	1.216155e-005	2.065096e-009
2.370358861963519e-008	1.788429e-005	-1.906670e-005	1.792379e-005	-1.103401e-006	-1.902720e-005	7.204182e-008	6.341180e-008	1.442076e-005	1.216190e-005	2.065146e-009
2.370364214677881e-008	1.788303e-005	-1.906525e-005	1.792256e-005	-1.103166e-006	-1.902572e-005	7.204866e-008	6.341723e-008	1.442113e-005	1.216224e-005	2.065197e-009
2.370692994568498e-008	1.780938e-005	-1.897303e-005	1.785063e-005	-1.081154e-006	-1.893179e-005	7.246918e-008	6.375105e-008	1.444374e-005	1.218316e-005	2.068306e-009
2.371021774459117e-008	1.773778e-005	-1.887985e-005	1.778040e-005	-1.056824e-006	-1.883723e-005	7.288923e-008	6.408539e-008	1.446576e-005	1.220357e-005	2.071419e-009
2.371350554349735e-008	1.766821e-005	-1.878571e-005	1.771187e-005	-1.030177e-006	-1.874205e-005	7.330881e-008	6.442025e-008	1.448718e-005	1.222347e-005	2.074538e-009
2.371679334240353e-008	1.760068e-005	-1.869060e-005	1.764504e-005	-1.001211e-006	-1.864625e-005	7.372793e-008	6.475562e-008	1.450801e-005	1.224286e-005	2.077661e-009
2.372008114130971e-008	1.753519e-005	-1.859453e-005	1.757990e-005	-9.699283e-007	-1.854982e-005	7.414658e-008	6.509151e-008	1.452826e-005	1.226174e-005	2.080790e-009
2.372336894021589e-008	1.747174e-005	-1.849749e-005	1.751645e-005	-9.363275e-007	-1.845278e-005	7.456476e-008	6.542791e-008	1.454791e-005	1.228011e-005	2.083923e-009
2.372665673912207e-008	1.741033e-005	-1.839950e-005	1.745471e-005	-9.004088e-007	-1.835511e-005	7.498248e-008	6.576483e-008	1.456697e-005	1.229797e-005	2.087061e-009
2.372865673912207e-008	1.737227e-005	-1.834101e-005	1.741713e-005	-8.790175e-007	-1.829615e-005	7.523609e-008	6.596979e-008	1.457831e-005	1.230862e-005	2.088971e-009
2.372965673912207e-008	1.735300e-005	-1.831217e-005	1.740009e-005	-8.649986e-007	-1.826508e-005	7.536277e-008	6.607230e-008	1.458389e-005	1.231388e-005	2.089926e-009
2.373065673912207e-008	1.733317e-005	-1.828402e-005	1.738603e-005	-8.451279e-007	-1.823116e-005	7.548937e-008	6.617483e-008	1.458936e-005	1.231909e-005	2.090881e-009
2.373165673912207e-008	1.731278e-005	-1.825657e-005	1.737483e-005	-8.196985e-007	-1.819453e-005	7.561589e-008	6.627738e-008	1.459472e-005	1.232425e-005	2.091836e-009
2.373265673912207e-008	1.729236e-005	-1.822931e-005	1.736433e-005	-7.929957e-007	-1.815733e-005	7.574231e-008	6.637995e-008	1.459992e-005	1.232937e-005	2.092791e-009
2.373378173912207e-008	1.726988e-005	-1.819823e-005	1.735116e-005	-7.657982e-007	-1.811696e-005	7.588442e-008	6.649536e-008	1.460561e-005	1.233509e-005	2.093866e-009
2.373453173912208e-008	1.725601e-005	-1.817647e-005	1.734020e-005	-7.520812e-007	-1.809228e-005	7.597905e-008	6.657233e-008	1.460924e-005	1.233886e-005	2.094583e-009
2.373553173912208e-008	1.723975e-005	-1.814528e-005	1.732422e-005	-7.365907e-007	-1.806081e-005	7.610510e-008	6.667496e-008	1.461394e-005	1.234383e-005	2.095538e-009
2.373653173912208e-008	1.722678e-005	-1.811090e-005	1.730659e-005	-7.245035e-007	-1.803110e-005	7.623103e-008	6.677762e-008	1.461850e-005	1.234872e-005	2.096494e-009
2.373753173912208e-008	1.721733e-005	-1.807314e-005	1.728717e-005	-7.161343e-007	-1.800330e-005	7.635682e-008	6.688028e-008	1.462290e-005	1.235350e-005	2.097449e-009
2.373853173912208e-008	1.721038e-005	-1.803300e-005	1.726621e-005	-7.109502e-007	-1.797716e-005	7.648245e-008	6.698295e-008	1.462712e-005	1.235814e-005	2.098404e-009
2.373953173912208e-008	1.720404e-005	-1.799234e-005	1.724402e-005	-7.083399e-007	-1.795236e-005	7.660793e-008	6.708563e-008	1.463116e-005	1.236264e-005	2.099359e-009
2.374053173912208e-008	1.719626e-005	-1.795319e-005	1.722092e-005	-7.076069e-007	-1.792853e-005	7.673322e-008	6.718831e-008	1.463498e-005	1.236699e-005	2.100313e-009
2.374153173912208e-008	1.718668e-005	-1.791586e-005	1.719727e-005	-7.080052e-007	-1.790527e-005	7.685837e-008	6.729098e-008	1.463858e-005	1.237121e-005	2.101268e-009
2.374183826541130e-008	1.718345e-005	-1.790471e-005	1.718988e-005	-7.084072e-007	-1.789828e-005	7.689670e-008	6.732245e-008	1.463964e-005	1.237247e-005	2.101560e-009
2.374191207789916e-008	1.718264e-005	-1.790205e-005	1.718806e-005	-7.085764e-007	-1.789664e-005	7.690592e-008	6.733003e-008	1.463989e-005	1.237277e-005	2.101630e-009
2.374195136856760e-008	1.718221e-005	-1.790065e-005	1.718710e-005	-7.086546e-007	-1.789575e-005	7.691083e-008	6.733406e-008	1.464002e-005	1.237293e-005	2.101668e-009
2.374197184645784e-008	1.718198e-005	-1.789991e-005	1.718661e-005	-7.086692e-007	-1.789528e-005	7.691339e-008	6.733617e-008	1.464009e-005	1.237302e-005	2.101687e-009
2.374197853035852e-008	1.718190e-005	-1.789968e-005	1.718645e-005	-7.086728e-007	-1.789513e-005	7.691423e-008	6.733685e-008	1.464011e-005	1.237304e-005	2.101694e-009
2.374197982878652e-008	1.718189e-005	-1.789963e-005	1.718642e-005	-7.086728e-007	-1.789510e-005	7.691438e-008	6.733698e-008	1.464012e-005	1.237305e-005	2.101695e-009
2.374198023264148e-008	1.718188e-005	-1.789962e-005	1.718641e-005	-7.086728e-007	-1.789509e-005	7.691443e-008	6.733703e-008	1.464012e-005	1.237305e-005	2.101695e-009
2.374198073027391e-008	1.718188e-005	-1.789960e-005	1.718640e-005	-7.086710e-007	-1.789507e-005	7.691450e-008	6.733708e-008	1.464012e-005	1.237305e-005	2.101696e-009
2.374198128981979e-008	1.718187e-005	-1.789958e-005	1.718639e-005	-7.086710e-007	-1.789506e-005	7.691457e-008	6.733713e-008	1.464012e-005	1.237305e-005	2.101696e-009
2.374198215569643e-008	1.718186e-005	-1.789955e-005	1.718637e-005	-7.086710e-007	-1.789504e-005	7.691467e-008	6.733722e-008	1.464012e-005	1.237306e-005	2.101697e-009
2.374198298130147e-008	1.718185e-005	-1.789952e-005	1.718635e-005	-7.086710e-007	-1.789502e-005	7.691478e-008	6.733730e-008	1.464013e-005	1.237306e-005	2.101698e-009
2.374198411321081e-008	1.718184e-005	-1.789948e-005	1.718632e-005	-7.086710e-007	-1.789499e-005	7.691492e-008	6.733742e-008	1.464013e-005	1.237307e-005	2.101699e-009
2.374198529856161e-008	1.718183e-005	-1.789943e-005	1.718630e-005	-7.086710e-007	-1.789497e-005	7.691507e-008	6.733755e-008	1.464013e-005	1.237307e-005	2.101700e-009
2.374198702909998e-008	1.718181e-005	-1.789937e-005	1.718626e-005	-7.086710e-007	-1.789493e-005	7.691528e-008	6.733772e-008	1.464014e-005	1.237308e-005	2.101702e-009
2.374198907000138e-008	1.718179e-005	-1.789930e-005	1.718621e-005	-7.086692e-007	-1.789488e-005	7.691554e-008	6.733793e-008	1.464015e-005	1.237309e-005	2.101704e-009
2.374203208604877e-008	1.718130e-005	-1.789777e-005	1.718522e-005	-7.086191e-007	-1.789384e-005	7.692091e-008	6.734235e-008	1.464029e-005	1.237326e-005	2.101745e-009
2.374207510209616e-008	1.718081e-005	-1.789625e-005	1.718426e-005	-7.085255e-007	-1.789279e-005	7.692628e-008	6.734676e-008	1.464043e-005	1.237343e-005	2.101786e-009
2.374211811814354e-008	1.718030e-005	-1.789473e-005	1.718332e-005	-7.083884e-007	-1.789171e-005	7.693166e-008	6.735118e-008	1.464057e-005	1.237360e-005	2.101827e-009
2.374216113419093e-008	1.717980e-005	-1.789322e-005	1.718241e-005	-7.082078e-007	-1.789061e-005	7.693703e-008	6.735560e-008	1.464071e-005	1.237378e-005	2.101868e-009
2.374220415023832e-008	1.717928e-005	-1.789172e-005	1.718151e-005	-7.079837e-007	-1.788949e-005	7.694240e-008	6.736001e-008	1.464086e-005	1.237395e-005	2.101909e-009
2.374224716628571e-008	1.717875e-005	-1.789023e-005	1.718063e-005	-7.077161e-007	-1.788835e-005	7.694777e-008	6.736443e-008	1.464100e-005	1.237412e-005	2.101950e-009
2.374229018233310e-008	1.717822e-005	-1.788875e-005	1.717978e-005	-7.074050e-007	-1.788719e-005	7.695314e-008	6.736884e-008	1.464114e-005	1.237429e-005	2.101991e-009
2.374319784173271e-008	1.716552e-005	-1.785898e-005	1.716458e-005	-6.953433e-007	-1.785992e-005	7.706636e-008	6.746201e-008	1.464400e-005	1.237783e-005	2.102856e-009
2.374451481106444e-008	1.714432e-005	-1.781873e-005	1.714813e-005	-6.667960e-007	-1.781493e-005	7.723039e-008	6.759716e-008	1.464791e-005	1.238277e-005	2.104111e-009
2.374460031129156e-008	1.714278e-005	-1.781629e-005	1.714747e-005	-6.641297e-007	-1.781160e-005	7.724102e-008	6.760593e-008	1.464815e-005	1.238308e-005	2.104192e-009
2.374468581151868e-008	1.714124e-005	-1.781386e-005	1.714678e-005	-6.615433e-007	-1.780832e-005	7.725166e-008	6.761470e-008	1.464838e-005	1.238339e-005	2.104274e-009
2.374477131174581e-008	1.713968e-005	-1.781144e-005	1.714604e-005	-6.590370e-007	-1.780508e-005	7.726229e-008	6.762347e-008	1.464862e-005	1.238370e-005	2.104355e-009
2.374485681197293e-008	1.713812e-005	-1.780902e-005	1.714527e-005	-6.566107e-007	-1.780188e-005	7.727291e-008	6.763224e-008	1.464886e-005	1.238401e-005	2.104436e-009
2.374494231220006e-008	1.713655e-005	-1.780662e-005	1.714445e-005	-6.542645e-007	-1.779872e-005	7.728354e-008	6.764102e-008	1.464909e-005	1.238431e-005	2.104518e-009
2.374502781242718e-008	1.713497e-005	-1.780422e-005	1.714360e-005	-6.519983e-007	-1.779560e-005	7.729417e-008	6.764979e-008	1.464932e-005	1.238462e-005	2.104599e-009
2.374511331265430e-008	1.713339e-005	-1.780183e-005	1.714271e-005	-6.498121e-007	-1.779252e-005	7.730479e-008	6.765856e-008	1.464955e-005	1.238492e-005	2.104681e-009
2.374576202597605e-008	1.712136e-005	-1.778373e-005	1.713563e-005	-6.338341e-007	-1.776946e-005	7.738532e-008	6.772509e-008	1.465126e-005	1.238717e-005	2.105298e-009
2.374662697707170e-008	1.710506e-005	-1.775988e-005	1.712581e-005	-6.133287e-007	-1.773914e-005	7.749257e-008	6.781378e-008	1.465347e-005	1.239010e-005	2.106120e-009
2.374689300984941e-008	1.709990e-005	-1.775270e-005	1.712274e-005	-6.071259e-007	-1.772986e-005	7.752553e-008	6.784105e-008	1.465414e-005	1.239099e-005	2.106373e-009
2.374697196860541e-008	1.709828e-005	-1.775066e-005	1.712182e-005	-6.052978e-007	-1.772712e-005	7.753530e-008	6.784914e-008	1.465434e-005	1.239124e-005	2.106448e-009
2.374701790170661e-008	1.709733e-005	-1.774948e-005	1.712129e-005	-6.042301e-007	-1.772552e-005	7.754099e-008	6.785385e-008	1.465445e-005	1.239139e-005	2.106492e-009
2.374704334906144e-008	1.709682e-005	-1.774881e-005	1.712100e-005	-6.036353e-007	-1.772463e-005	7.754414e-008	6.785646e-008	1.465451e-005	1.239147e-005	2.106516e-009
2.374705268876956e-008	1.709663e-005	-1.774856e-005	1.712089e-005	-6.034206e-007	-1.772431e-005	7.754529e-008	6.785742e-008	1.465454e-005	1.239150e-005	2.106525e-009
2.374705486134618e-008	1.709659e-005	-1.774850e-005	1.712086e-005	-6.033697e-007	-1.772423e-005	7.754556e-008	6.785764e-008	1.465454e-005	1.239151e-005	2.106527e-009
2.374705519494797e-008	1.709658e-005	-1.774849e-005	1.712086e-005	-6.033624e-007	-1.772422e-005	7.754561e-008	6.785768e-008	1.465454e-005	1.239151e-005	2.106527e-009
2.374705549704042e-008	1.709658e-005	-1.774849e-005	1.712085e-005	-6.033551e-007	-1.772421e-005	7.754564e-008	6.785771e-008	1.465454e-005	1.239151e-005	2.106528e-009
2.374705589752293e-008	1.709657e-005	-1.774847e-005	1.712085e-005	-6.033442e-007	-1.772419e-005	7.754569e-008	6.785775e-008	1.465454e-005	1.239151e-005	2.106528e-009
2.374705659538325e-008	1.709656e-005	-1.774846e-005	1.712084e-005	-6.033297e-007	-1.772417e-005	7.754578e-008	6.785782e-008	1.465455e-005	1.239152e-005	2.106529e-009
2.374705734252907e-008	1.709654e-005	-1.774844e-005	1.712083e-005	-6.033115e-007	-1.772415e-005	7.754587e-008	6.785790e-008	1.465455e-005	1.239152e-005	2.106529e-009
2.374705826032686e-008	1.709652e-005	-1.774841e-005	1.712082e-005	-6.032897e-007	-1.772411e-005	7.754598e-008	6.785799e-008	1.465455e-005	1.239152e-005	2.106530e-009
2.374705923765410e-008	1.709650e-005	-1.774839e-005	1.712081e-005	-6.032660e-007	-1.772408e-005	7.754610e-008	6.785809e-008	1.465455e-005	1.239152e-005	2.106531e-009
2.374706052653615e-008	1.709648e-005	-1.774835e-005	1.712080e-005	-6.032387e-007	-1.772403e-005	7.754627e-008	6.785822e-008	1.465456e-005	1.239153e-005	2.106533e-009
2.374706204921567e-008	1.709645e-005	-1.774831e-005	1.712078e-005	-6.032024e-007	-1.772398e-005	7.754645e-008	6.785838e-008	1.465456e-005	1.239153e-005	2.106534e-009
2.374706419981898e-008	1.709641e-005	-1.774825e-005	1.712075e-005	-6.031514e-007	-1.772391e-005	7.754672e-008	6.785860e-008	1.465456e-005	1.239154e-005	2.106536e-009
2.374708047043039e-008	1.709610e-005	-1.774781e-005	1.712056e-005	-6.027749e-007	-1.772334e-005	7.754873e-008	6.786026e-008	1.465460e-005	1.239159e-005	2.106551e-009
2.374723527004008e-008	1.709340e-005	-1.774333e-005	1.711872e-005	-5.992896e-007	-1.771801e-005	7.756789e-008	6.787613e-008	1.465498e-005	1.239209e-005	2.106699e-009
2.374739006964977e-008	1.709084e-005	-1.773872e-005	1.711683e-005	-5.959037e-007	-1.771273e-005	7.758704e-008	6.789199e-008	1.465535e-005	1.239258e-005	2.106846e-009
2.374754486925945e-008	1.708839e-005	-1.773400e-005	1.711489e-005	-5.926174e-007	-1.770750e-005	7.760618e-008	6.790785e-008	1.465572e-005	1.239307e-005	2.106993e-009
2.374769966886913e-008	1.708607e-005	-1.772915e-005	1.711290e-005	-5.894305e-007	-1.770233e-005	7.762532e-008	6.792371e-008	1.465609e-005	1.239355e-005	2.107140e-009
2.374785446847882e-008	1.708387e-005	-1.772419e-005	1.711086e-005	-5.863431e-007	-1.769720e-005	7.764446e-008	6.793957e-008	1.465645e-005	1.239403e-005	2.107287e-009
2.374800926808851e-008	1.708179e-005	-1.771910e-005	1.710877e-005	-5.833552e-007	-1.769213e-005	7.766359e-008	6.795543e-008	1.465681e-005	1.239450e-005	2.107434e-009
2.374816406769819e-008	1.707984e-005	-1.771390e-005	1.710663e-005	-5.804668e-007	-1.768710e-005	7.768271e-008	6.797129e-008	1.465717e-005	1.239497e-005	2.107581e-009
2.374839039221820e-008	1.707755e-005	-1.770573e-005	1.710348e-005	-5.763250e-007	-1.767980e-005	7.771067e-008	6.799446e-008	1.465769e-005	1.239565e-005	2.107795e-009
2.374847544971477e-008	1.707755e-005	-1.770180e-005	1.710217e-005	-5.750044e-007	-1.767718e-005	7.772117e-008	6.800317e-008	1.465788e-005	1.239590e-005	2.107876e-009
2.374914256204033e-008	1.707224e-005	-1.767639e-005	1.709155e-005	-5.655209e-007	-1.765708e-005	7.780345e-008	6.807147e-008	1.465934e-005	1.239778e-005	2.108509e-009
2.374980967436590e-008	1.706645e-005	-1.765149e-005	1.708084e-005	-5.562589e-007	-1.763710e-005	7.788562e-008	6.813972e-008	1.466075e-005	1.239959e-005	2.109142e-009
2.375047678669147e-008	1.706019e-005	-1.762709e-005	1.707003e-005	-5.472183e-007	-1.761724e-005	7.796767e-008	6.820793e-008	1.466210e-005	1.240136e-005	2.109773e-009
2.375114389901703e-008	1.705344e-005	-1.760319e-005	1.705912e-005	-5.383990e-007	-1.759752e-005	7.804962e-008	6.827611e-008	1.466341e-005	1.240306e-005	2.110405e-009
2.375181101134259e-008	1.704623e-005	-1.757980e-005	1.704811e-005	-5.298012e-007	-1.757791e-005	7.813146e-008	6.834424e-008	1.466465e-005	1.240472e-005	2.111036e-009
2.375247812366816e-008	1.703853e-005	-1.755691e-005	1.703701e-005	-5.214247e-007	-1.755843e-005	7.821319e-008	6.841234e-008	1.466585e-005	1.240631e-005	2.111666e-009
2.375314523599373e-008	1.703036e-005	-1.753452e-005	1.702580e-005	-5.132697e-007	-1.753907e-005	7.829480e-008	6.848040e-008	1.466699e-005	1.240785e-005	2.112297e-009
2.375514523599373e-008	1.700630e-005	-1.746710e-005	1.699075e-005	-4.918911e-007	-1.748265e-005	7.853877e-008	6.868414e-008	1.467009e-005	1.241215e-005	2.114183e-009
2.375603983777507e-008	1.699507e-005	-1.743748e-005	1.697460e-005	-4.833437e-007	-1.745795e-005	7.864759e-008	6.877515e-008	1.467134e-005	1.241393e-005	2.115025e-009
2.375622487180641e-008	1.699270e-005	-1.743140e-005	1.697122e-005	-4.816575e-007	-1.745288e-005	7.867006e-008	6.879397e-008	1.467158e-005	1.241429e-005	2.115199e-009
2.375640490225569e-008	1.699037e-005	-1.742552e-005	1.696794e-005	-4.800095e-007	-1.744795e-005	7.869192e-008	6.881226e-008	1.467182e-005	1.241463e-005	2.115368e-009
2.375643524377135e-008	1.698998e-005	-1.742453e-005	1.696739e-005	-4.797166e-007	-1.744711e-005	7.869560e-008	6.881535e-008	1.467186e-005	1.241469e-005	2.115397e-009
2.375643975821001e-008	1.698992e-005	-1.742438e-005	1.696731e-005	-4.796730e-007	-1.744699e-005	7.869615e-008	6.881581e-008	1.467186e-005	1.241469e-005	2.115401e-009
2.375644244716215e-008	1.698988e-005	-1.742429e-005	1.696727e-005	-4.796457e-007	-1.744691e-005	7.869647e-008	6.881608e-008	1.467187e-005	1.241470e-005	2.115403e-009
2.375644662888438e-008	1.698983e-005	-1.742416e-005	1.696719e-005	-4.796057e-007	-1.744680e-005	7.869698e-008	6.881650e-008	1.467187e-005	1.241471e-005	2.115407e-009
2.375645344799643e-008	1.698974e-005	-1.742394e-005	1.696707e-005	-4.795402e-007	-1.744661e-005	7.869781e-008	6.881719e-008	1.467188e-005	1.241472e-005	2.115414e-009
2.375646103088601e-008	1.698964e-005	-1.742369e-005	1.696693e-005	-4.794656e-007	-1.744640e-005	7.869873e-008	6.881797e-008	1.467189e-005	1.241473e-005	2.115421e-009
2.375646814304953e-008	1.698955e-005	-1.742346e-005	1.696681e-005	-4.793947e-007	-1.744620e-005	7.869959e-008	6.881869e-008	1.467190e-005	1.241475e-005	2.115428e-009
2.375647496803780e-008	1.698946e-005	-1.742324e-005	1.696668e-005	-4.793274e-007	-1.744601e-005	7.870042e-008	6.881938e-008	1.467191e-005	1.241476e-005	2.115434e-009
2.375648176263389e-008	1.698937e-005	-1.742301e-005	1.696656e-005	-4.792619e-007	-1.744582e-005	7.870125e-008	6.882007e-008	1.467192e-005	1.241477e-005	2.115440e-009
2.375648950145647e-008	1.698927e-005	-1.742276e-005	1.696642e-005	-4.791855e-007	-1.744561e-005	7.870219e-008	6.882086e-008	1.467193e-005	1.241479e-005	2.115448e-009
2.375649835127852e-008	1.698915e-005	-1.742247e-005	1.696627e-005	-4.790982e-007	-1.744536e-005	7.870326e-008	6.882176e-008	1.467194e-005	1.241480e-005	2.115456e-009
2.375650870991379e-008	1.698902e-005	-1.742214e-005	1.696608e-005	-4.789963e-007	-1.744508e-005	7.870452e-008	6.882281e-008	1.467195e-005	1.241482e-005	2.115466e-009
2.375653534357642e-008	1.698867e-005	-1.742127e-005	1.696560e-005	-4.787344e-007	-1.744434e-005	7.870775e-008	6.882552e-008	1.467199e-005	1.241487e-005	2.115491e-009
2.375658985189392e-008	1.698795e-005	-1.741950e-005	1.696463e-005	-4.781910e-007	-1.744282e-005	7.871436e-008	6.883106e-008	1.467206e-005	1.241497e-005	2.115542e-009
2.375664436021143e-008	1.698723e-005	-1.741774e-005	1.696366e-005	-4.776442e-007	-1.744131e-005	7.872097e-008	6.883659e-008	1.467213e-005	1.241507e-005	2.115593e-009
2.375669886852894e-008	1.698651e-005	-1.741597e-005	1.696270e-005	-4.770937e-007	-1.743979e-005	7.872758e-008	6.884213e-008	1.467220e-005	1.241517e-005	2.115644e-009
2.375675337684645e-008	1.698579e-005	-1.741421e-005	1.696173e-005	-4.765397e-007	-1.743827e-005	7.873419e-008	6.884767e-008	1.467227e-005	1.241527e-005	2.115696e-009
2.375680788516396e-008	1.698506e-005	-1.741246e-005	1.696077e-005	-4.759821e-007	-1.743675e-005	7.874080e-008	6.885320e-008	1.467234e-005	1.241537e-005	2.115747e-009
2.375686239348147e-008	1.698433e-005	-1.741070e-005	1.695981e-005	-4.754210e-007	-1.743523e-005	7.874741e-008	6.885873e-008	1.467241e-005	1.241547e-005	2.115798e-009
2.375691690179898e-008	1.698360e-005	-1.740895e-005	1.695885e-005	-4.748563e-007	-1.743370e-005	7.875401e-008	6.886427e-008	1.467248e-005	1.241557e-005	2.115849e-009
2.375749314454669e-008	1.697570e-005	-1.739060e-005	1.694877e-005	-4.687683e-007	-1.741754e-005	7.882379e-008	6.892275e-008	1.467323e-005	1.241658e-005	2.116390e-009
2.375806938729441e-008	1.696762e-005	-1.737246e-005	1.693876e-005	-4.625652e-007	-1.740132e-005	7.889349e-008	6.898119e-008	1.467398e-005	1.241755e-005	2.116931e-009
2.375864563004213e-008	1.695936e-005	-1.735452e-005	1.692882e-005	-4.562470e-007	-1.738507e-005	7.896310e-008	6.903958e-008	1.467473e-005	1.241848e-005	2.117471e-009
2.375922187278985e-008	1.695091e-005	-1.733679e-005	1.691895e-005	-4.498138e-007	-1.736876e-005	7.903263e-008	6.909793e-008	1.467548e-005	1.241937e-005	2.118011e-009
2.375979811553756e-008	1.694228e-005	-1.731927e-005	1.690914e-005	-4.432654e-007	-1.735241e-005	7.910208e-008	6.915623e-008	1.467623e-005	1.242022e-005	2.118550e-009
2.376037435828528e-008	1.693346e-005	-1.730195e-005	1.689941e-005	-4.366020e-007	-1.733601e-005	7.917145e-008	6.921448e-008	1.467698e-005	1.242103e-005	2.119089e-009
2.376095060103300e-008	1.692446e-005	-1.728484e-005	1.688974e-005	-4.298236e-007	-1.731957e-005	7.924073e-008	6.927268e-008	1.467772e-005	1.242181e-005	2.119628e-009
2.376195060103300e-008	1.690847e-005	-1.725557e-005	1.687309e-005	-4.178528e-007	-1.729095e-005	7.936080e-008	6.937357e-008	1.467902e-005	1.242307e-005	2.120561e-009
2.376226852446196e-008	1.690327e-005	-1.724639e-005	1.686784e-005	-4.139820e-007	-1.728182e-005	7.939892e-008	6.940562e-008	1.467944e-005	1.242345e-005	2.120858e-009
2.376235945616147e-008	1.690176e-005	-1.724379e-005	1.686634e-005	-4.128633e-007	-1.727921e-005	7.940981e-008	6.941477e-008	1.467955e-005	1.242356e-005	2.120942e-009
2.376244805769096e-008	1.690029e-005	-1.724126e-005	1.686489e-005	-4.117683e-007	-1.727666e-005	7.942042e-008	6.942369e-008	1.467967e-005	1.242366e-005	2.121025e-009
2.376245808390129e-008	1.690012e-005	-1.724097e-005	1.686473e-005	-4.116428e-007	-1.727637e-005	7.942162e-008	6.942471e-008	1.467968e-005	1.242367e-005	2.121034e-009
2.376246404683927e-008	1.690003e-005	-1.724080e-005	1.686463e-005	-4.115700e-007	-1.727620e-005	7.942234e-008	6.942530e-008	1.467969e-005	1.242367e-005	2.121040e-009
2.376246990461938e-008	1.689993e-005	-1.724063e-005	1.686453e-005	-4.114972e-007	-1.727603e-005	7.942304e-008	6.942589e-008	1.467970e-005	1.242368e-005	2.121045e-009
2.376247668776089e-008	1.689982e-005	-1.724043e-005	1.686442e-005	-4.114136e-007	-1.727583e-005	7.942386e-008	6.942658e-008	1.467971e-005	1.242369e-005	2.121052e-009
2.376248375983268e-008	1.689970e-005	-1.724023e-005	1.686430e-005	-4.113263e-007	-1.727563e-005	7.942470e-008	6.942729e-008	1.467972e-005	1.242370e-005	2.121058e-009
2.376249076477920e-008	1.689959e-005	-1.724003e-005	1.686419e-005	-4.112389e-007	-1.727543e-005	7.942554e-008	6.942800e-008	1.467972e-005	1.242370e-005	2.121065e-009
2.376249762812248e-008	1.689948e-005	-1.723983e-005	1.686408e-005	-4.111553e-007	-1.727523e-005	7.942636e-008	6.942869e-008	1.467973e-005	1.242371e-005	2.121071e-009
2.376250450078006e-008	1.689936e-005	-1.723963e-005	1.686396e-005	-4.110698e-007	-1.727503e-005	7.942718e-008	6.942938e-008	1.467974e-005	1.242372e-005	2.121078e-009
2.376251137563351e-008	1.689925e-005	-1.723944e-005	1.686385e-005	-4.109843e-007	-1.727484e-005	7.942801e-008	6.943007e-008	1.467975e-005	1.242373e-005	2.121084e-009
2.376251844270758e-008	1.689913e-005	-1.723923e-005	1.686373e-005	-4.108970e-007	-1.727463e-005	7.942885e-008	6.943078e-008	1.467976e-005	1.242374e-005	2.121091e-009
2.376252689696306e-008	1.689900e-005	-1.723899e-005	1.686360e-005	-4.107933e-007	-1.727439e-005	7.942987e-008	6.943164e-008	1.467977e-005	1.242375e-005	2.121098e-009
2.376253634263613e-008	1.689884e-005	-1.723872e-005	1.686344e-005	-4.106751e-007	-1.727412e-005	7.943100e-008	6.943258e-008	1.467978e-005	1.242376e-005	2.121107e-009
2.376254769819502e-008	1.689866e-005	-1.723839e-005	1.686325e-005	-4.105368e-007	-1.727379e-005	7.943235e-008	6.943372e-008	1.467980e-005	1.242377e-005	2.121118e-009
2.376257722033745e-008	1.689817e-005	-1.723754e-005	1.686277e-005	-4.101712e-007	-1.727294e-005	7.943589e-008	6.943670e-008	1.467984e-005	1.242380e-005	2.121145e-009
2.376429747789504e-008	1.687073e-005	-1.718740e-005	1.683437e-005	-3.893960e-007	-1.722376e-005	7.964145e-008	6.960960e-008	1.468207e-005	1.242575e-005	2.122746e-009
2.376601773545262e-008	1.684340e-005	-1.713739e-005	1.680605e-005	-3.686880e-007	-1.717474e-005	7.984627e-008	6.978200e-008	1.468430e-005	1.242770e-005	2.124342e-009
2.376773799301021e-008	1.681618e-005	-1.708752e-005	1.677783e-005	-3.480471e-007	-1.712587e-005	8.005034e-008	6.995389e-008	1.468653e-005	1.242964e-005	2.125934e-009
2.376945825056779e-008	1.678906e-005	-1.703778e-005	1.674968e-005	-3.274733e-007	-1.707716e-005	8.025368e-008	7.012529e-008	1.468876e-005	1.243158e-005	2.127522e-009
2.377117850812538e-008	1.676205e-005	-1.698818e-005	1.672163e-005	-3.069666e-007	-1.702860e-005	8.045628e-008	7.029618e-008	1.469098e-005	1.243352e-005	2.129106e-009
2.377289876568296e-008	1.673515e-005	-1.693871e-005	1.669366e-005	-2.865270e-007	-1.698019e-005	8.065814e-008	7.046658e-008	1.469321e-005	1.243545e-005	2.130686e-009
2.377461902324055e-008	1.670836e-005	-1.688937e-005	1.666578e-005	-2.661545e-007	-1.693194e-005	8.085927e-008	7.063647e-008	1.469543e-005	1.243739e-005	2.132262e-009
2.380133330895487e-008	1.630562e-005	-1.614647e-005	1.624751e-005	4.292845e-008	-1.620458e-005	8.386657e-008	7.319932e-008	1.472982e-005	1.246728e-005	2.156092e-009
2.382804759466918e-008	1.592071e-005	-1.543441e-005	1.584795e-005	3.407915e-007	-1.550716e-005	8.673246e-008	7.565808e-008	1.476392e-005	1.249693e-005	2.179104e-009
2.385476188038350e-008	1.555362e-005	-1.475317e-005	1.546711e-005	6.274345e-007	-1.483968e-005	8.945693e-008	7.801274e-008	1.479775e-005	1.252632e-005	2.201297e-009
2.388147616609781e-008	1.520435e-005	-1.410276e-005	1.510499e-005	9.028575e-007	-1.420213e-005	9.203999e-008	8.026330e-008	1.483129e-005	1.255547e-005	2.222671e-009
2.390819045181213e-008	1.487291e-005	-1.348318e-005	1.476157e-005	1.167061e-006	-1.359451e-005	9.448162e-008	8.240976e-008	1.486455e-005	1.258436e-005	2.243226e-009
2.393490473752645e-008	1.455928e-005	-1.289443e-005	1.443688e-005	1.420044e-006	-1.301683e-005	9.678184e-008	8.445212e-008	1.489754e-005	1.261300e-005	2.262962e-009
2.396161902324076e-008	1.426348e-005	-1.233651e-005	1.413090e-005	1.661807e-006	-1.246909e-005	9.894065e-008	8.639039e-008	1.493024e-005	1.264138e-005	2.281880e-009
2.398761902324079e-008	1.398734e-005	-1.181495e-005	1.384540e-005	1.888518e-006	-1.195688e-005	1.009551e-007	8.820300e-008	1.496181e-005	1.266879e-005	2.299756e-009
2.401647616609797e-008	1.369824e-005	-1.126674e-005	1.354677e-005	2.128564e-006	-1.141821e-005	1.030570e-007	9.011017e-008	1.499655e-005	1.269893e-005	2.318801e-009
2.404533330895514e-008	1.342235e-005	-1.074274e-005	1.326197e-005	2.358841e-006	-1.090312e-005	1.050603e-007	9.193495e-008	1.503098e-005	1.272880e-005	2.337240e-009
2.407419045181232e-008	1.315966e-005	-1.024294e-005	1.299097e-005	2.579350e-006	-1.041162e-005	1.069649e-007	9.367732e-008	1.506511e-005	1.275840e-005	2.355074e-009
2.410304759466949e-008	1.291017e-005	-9.767339e-006	1.273380e-005	2.790091e-006	-9.943710e-006	1.087708e-007	9.533729e-008	1.509893e-005	1.278773e-005	2.372301e-009
2.413190473752667e-008	1.267389e-005	-9.315941e-006	1.249045e-005	2.991063e-006	-9.499383e-006	1.104780e-007	9.691486e-008	1.513246e-005	1.281679e-005	2.388924e-009
2.416076188038384e-008	1.245080e-005	-8.888746e-006	1.226091e-005	3.182266e-006	-9.078641e-006	1.120865e-007	9.841003e-008	1.516567e-005	1.284558e-005	2.404940e-009
2.418961902324102e-008	1.224092e-005	-8.485752e-006	1.204519e-005	3.363701e-006	-8.681485e-006	1.135963e-007	9.982280e-008	1.519859e-005	1.287410e-005	2.420351e-009
2.419061902324102e-008	1.223377e-005	-8.472043e-006	1.203784e-005	3.369870e-006	-8.667973e-006	1.136477e-007	9.987090e-008	1.519977e-005	1.287509e-005	2.420879e-009
2.419089969757008e-008	1.223177e-005	-8.468200e-006	1.203578e-005	3.371599e-006	-8.664185e-006	1.136621e-007	9.988439e-008	1.520002e-005	1.287536e-005	2.421027e-009
2.419113189758888e-008	1.223011e-005	-8.465022e-006	1.203408e-005	3.373019e-006	-8.661058e-006	1.136741e-007	9.989549e-008	1.519999e-005	1.287559e-005	2.421150e-009
2.419217839492998e-008	1.222269e-005	-8.450686e-006	1.202626e-005	3.379143e-006	-8.647117e-006	1.137199e-007	9.994711e-008	1.519749e-005	1.287662e-005	2.421674e-009
2.419322489227107e-008	1.221532e-005	-8.436342e-006	1.201834e-005	3.385028e-006	-8.633315e-006	1.137897e-007	9.998907e-008	1.519282e-005	1.287765e-005	2.422258e-009
2.419427138961217e-008	1.220799e-005	-8.421989e-006	1.201032e-005	3.390674e-006	-8.619650e-006	1.138835e-007	1.000214e-007	1.518597e-005	1.287868e-005	2.422902e-009
2.419531788695326e-008	1.220070e-005	-8.407627e-006	1.200220e-005	3.396081e-006	-8.606123e-006	1.140013e-007	1.000440e-007	1.517696e-005	1.287971e-005	2.423605e-009
2.419636438429435e-008	1.219346e-005	-8.393256e-006	1.199398e-005	3.401250e-006	-8.592734e-006	1.141430e-007	1.000569e-007	1.516577e-005	1.288074e-005	2.424369e-009
2.419741088163545e-008	1.218627e-005	-8.378876e-006	1.198566e-005	3.406179e-006	-8.579483e-006	1.143086e-007	1.000602e-007	1.515242e-005	1.288177e-005	2.425192e-009
2.419845737897654e-008	1.217912e-005	-8.364488e-006	1.197724e-005	3.410870e-006	-8.566370e-006	1.144983e-007	1.000538e-007	1.513689e-005	1.288280e-005	2.426075e-009
2.419945737897654e-008	1.217233e-005	-8.350733e-006	1.196910e-005	3.415127e-006	-8.553969e-006	1.147340e-007	1.000275e-007	1.511996e-005	1.288378e-005	2.427064e-009
2.420045737897655e-008	1.216559e-005	-8.336970e-006	1.196086e-005	3.419167e-006	-8.541694e-006	1.150143e-007	9.998452e-008	1.510103e-005	1.288476e-005	2.428171e-009
2.420145737897655e-008	1.215888e-005	-8.323200e-006	1.195254e-005	3.422992e-006	-8.529544e-006	1.153442e-007	9.992313e-008	1.508011e-005	1.288574e-005	2.429411e-009
2.420245737897655e-008	1.215222e-005	-8.309422e-006	1.194412e-005	3.426600e-006	-8.517519e-006	1.157284e-007	9.984172e-008	1.505722e-005	1.288673e-005	2.430796e-009
2.420345737897655e-008	1.214559e-005	-8.295639e-006	1.193561e-005	3.429996e-006	-8.505617e-006	1.161718e-007	9.973865e-008	1.503235e-005	1.288771e-005	2.432342e-009
2.420545737897655e-008	1.213246e-005	-8.268051e-006	1.191833e-005	3.436152e-006	-8.482181e-006	1.172551e-007	9.946105e-008	1.497676e-005	1.288967e-005	2.435967e-009
2.420745737897655e-008	1.211950e-005	-8.240439e-006	1.190070e-005	3.441472e-006	-8.459231e-006	1.186322e-007	9.907748e-008	1.491342e-005	1.289164e-005	2.440395e-009
2.420945737897656e-008	1.210669e-005	-8.212804e-006	1.188273e-005	3.445969e-006	-8.436759e-006	1.203410e-007	9.857523e-008	1.484245e-005	1.289360e-005	2.445735e-009
2.421145737897656e-008	1.209403e-005	-8.185149e-006	1.186442e-005	3.449658e-006	-8.414759e-006	1.224192e-007	9.794174e-008	1.476397e-005	1.289557e-005	2.452097e-009
2.421345737897656e-008	1.208152e-005	-8.157475e-006	1.184578e-005	3.452556e-006	-8.393220e-006	1.249042e-007	9.716462e-008	1.467809e-005	1.289753e-005	2.459589e-009
2.421545737897656e-008	1.206916e-005	-8.129786e-006	1.182682e-005	3.454681e-006	-8.372135e-006	1.278332e-007	9.623163e-008	1.458498e-005	1.289950e-005	2.468319e-009
2.421845737897657e-008	1.205090e-005	-8.088229e-006	1.179779e-005	3.456453e-006	-8.341340e-006	1.331399e-007	9.451348e-008	1.443206e-005	1.290244e-005	2.483975e-009
2.422145737897657e-008	1.203296e-005	-8.046653e-006	1.176810e-005	3.456590e-006	-8.311510e-006	1.396522e-007	9.237735e-008	1.426375e-005	1.290538e-005	2.503025e-009
2.422445737897657e-008	1.201532e-005	-8.005069e-006	1.173777e-005	3.455165e-006	-8.282610e-006	1.474924e-007	8.978397e-008	1.408066e-005	1.290832e-005	2.525833e-009
2.422745737897658e-008	1.199797e-005	-7.963486e-006	1.170685e-005	3.452250e-006	-8.254603e-006	1.567812e-007	8.669499e-008	1.388345e-005	1.291126e-005	2.552758e-009
2.422974309326229e-008	1.198496e-005	-7.931798e-006	1.168287e-005	3.448980e-006	-8.233888e-006	1.647798e-007	8.402350e-008	1.372324e-005	1.291350e-005	2.575876e-009
2.423202880754801e-008	1.197209e-005	-7.900138e-006	1.165863e-005	3.445031e-006	-8.213598e-006	1.738656e-007	8.098818e-008	1.355647e-005	1.291574e-005	2.602132e-009
2.423431452183373e-008	1.195936e-005	-7.868506e-006	1.163413e-005	3.440401e-006	-8.193733e-006	1.840384e-007	7.758903e-008	1.338314e-005	1.291798e-005	2.631527e-009
2.423660023611944e-008	1.194678e-005	-7.836902e-006	1.160939e-005	3.435092e-006	-8.174293e-006	1.952983e-007	7.382605e-008	1.320325e-005	1.292021e-005	2.664061e-009
2.423888595040516e-008	1.193433e-005	-7.805325e-006	1.158438e-005	3.429103e-006	-8.155278e-006	2.076453e-007	6.969924e-008	1.301680e-005	1.292245e-005	2.699733e-009
2.424117166469088e-008	1.192203e-005	-7.773777e-006	1.155912e-005	3.422434e-006	-8.136688e-006	2.210794e-007	6.520860e-008	1.282378e-005	1.292468e-005	2.738543e-009
2.424345737897659e-008	1.190987e-005	-7.742257e-006	1.153361e-005	3.415085e-006	-8.118524e-006	2.356005e-007	6.035414e-008	1.262421e-005	1.292692e-005	2.780493e-009
2.424445737897660e-008	1.190458e-005	-7.728493e-006	1.152243e-005	3.411787e-006	-8.110645e-006	2.423989e-007	5.808484e-008	1.253618e-005	1.292790e-005	2.800153e-009
2.424931452183374e-008	1.187908e-005	-7.661924e-006	1.146815e-005	3.395304e-006	-8.072848e-006	2.781622e-007	4.610075e-008	1.210421e-005	1.293264e-005	2.903275e-009
2.425417166469089e-008	1.185373e-005	-7.595965e-006	1.141439e-005	3.379086e-006	-8.035304e-006	3.209395e-007	3.188544e-008	1.167383e-005	1.293737e-005	3.027380e-009
2.425902880754804e-008	1.182854e-005	-7.530616e-006	1.136114e-005	3.363132e-006	-7.998011e-006	3.707309e-007	1.543892e-008	1.124506e-005	1.294209e-005	3.172469e-009
2.426388595040519e-008	1.180350e-005	-7.465878e-006	1.130841e-005	3.347442e-006	-7.960970e-006	4.275363e-007	-3.238812e-009	1.081789e-005	1.294681e-005	3.338542e-009
2.426874309326234e-008	1.177863e-005	-7.401751e-006	1.125620e-005	3.332016e-006	-7.924181e-006	4.913558e-007	-2.414776e-008	1.039232e-005	1.295151e-005	3.525598e-009
2.427360023611948e-008	1.175391e-005	-7.338234e-006	1.120450e-005	3.316854e-006	-7.887644e-006	5.621893e-007	-4.728792e-008	9.968356e-006	1.295621e-005	3.733639e-009
2.427845737897663e-008	1.172935e-005	-7.275327e-006	1.115332e-005	3.301956e-006	-7.851359e-006	6.400368e-007	-7.265930e-008	9.545993e-006	1.296090e-005	3.962663e-009
2.428345737897664e-008	1.170410e-005	-7.211303e-006	1.110157e-005	3.287742e-006	-7.813829e-006	7.290286e-007	-1.014374e-007	9.121163e-006	1.296572e-005	4.225951e-009
2.428945737897665e-008	1.167394e-005	-7.135398e-006	1.104045e-005	3.271570e-006	-7.768885e-006	8.476548e-007	-1.397305e-007	8.618379e-006	1.297149e-005	4.577269e-009
2.429545737897665e-008	1.164380e-005	-7.060573e-006	1.098083e-005	3.257280e-006	-7.723548e-006	9.776014e-007	-1.812005e-007	8.132941e-006	1.297725e-005	4.965395e-009
2.430145737897666e-008	1.161368e-005	-6.986828e-006	1.092269e-005	3.244871e-006	-7.677818e-006	1.118868e-006	-2.258474e-007	7.664851e-006	1.298299e-005	5.390330e-009
2.430745737897667e-008	1.158357e-005	-6.914163e-006	1.086604e-005	3.234343e-006	-7.631697e-006	1.271456e-006	-2.736712e-007	7.214107e-006	1.298872e-005	5.852075e-009
2.431345737897667e-008	1.155348e-005	-6.842578e-006	1.081088e-005	3.225697e-006	-7.585183e-006	1.435364e-006	-3.246718e-007	6.780711e-006	1.299443e-005	6.350628e-009
2.431945737897668e-008	1.152341e-005	-6.772073e-006	1.075721e-005	3.218932e-006	-7.538277e-006	1.610592e-006	-3.788493e-007	6.364661e-006	1.300013e-005	6.885991e-009
2.432545737897669e-008	1.149336e-005	-6.702648e-006	1.070503e-005	3.214049e-006	-7.490979e-006	1.797141e-006	-4.362037e-007	5.965959e-006	1.300582e-005	7.458162e-009
2.433260023611955e-008	1.145747e-005	-6.621507e-006	1.064529e-005	3.211613e-006	-7.433681e-006	2.033562e-006	-5.081682e-007	5.523300e-006	1.301256e-005	8.188309e-009
2.433974309326242e-008	1.142158e-005	-6.541795e-006	1.058765e-005	3.211929e-006	-7.375721e-006	2.278791e-006	-5.816936e-007	5.108041e-006	1.301929e-005	8.953774e-009
2.434688595040528e-008	1.138568e-005	-6.463510e-006	1.053210e-005	3.214999e-006	-7.317098e-006	2.532827e-006	-6.567798e-007	4.720181e-006	1.302600e-005	9.754557e-009
2.435402880754815e-008	1.134979e-005	-6.386654e-006	1.047863e-005	3.220821e-006	-7.257813e-006	2.795671e-006	-7.334268e-007	4.359720e-006	1.303268e-005	1.059066e-008
2.436117166469101e-008	1.131390e-005	-6.311227e-006	1.042726e-005	3.229396e-006	-7.197866e-006	3.067322e-006	-8.116346e-007	4.026659e-006	1.303935e-005	1.146208e-008
2.436831452183388e-008	1.127801e-005	-6.237227e-006	1.037798e-005	3.240724e-006	-7.137256e-006	3.347780e-006	-8.914032e-007	3.720996e-006	1.304599e-005	1.236882e-008
2.437545737897674e-008	1.124212e-005	-6.164656e-006	1.033079e-005	3.254805e-006	-7.075984e-006	3.637045e-006	-9.727326e-007	3.442733e-006	1.305262e-005	1.331087e-008
2.438245737897675e-008	1.120742e-005	-6.094834e-006	1.028672e-005	3.271182e-006	-7.015536e-006	3.923600e-006	-1.051865e-006	3.193461e-006	1.305909e-005	1.425465e-008
2.438945737897676e-008	1.117235e-005	-6.026045e-006	1.024351e-005	3.288628e-006	-6.954882e-006	4.210938e-006	-1.129818e-006	2.961470e-006	1.306555e-005	1.521146e-008
2.439645737897677e-008	1.113690e-005	-5.958288e-006	1.020116e-005	3.307143e-006	-6.894022e-006	4.499059e-006	-1.206592e-006	2.746761e-006	1.307198e-005	1.618130e-008
2.440345737897678e-008	1.110107e-005	-5.891565e-006	1.015968e-005	3.326727e-006	-6.832956e-006	4.787963e-006	-1.282186e-006	2.549334e-006	1.307840e-005	1.716417e-008
2.441045737897678e-008	1.106488e-005	-5.825873e-006	1.011906e-005	3.347380e-006	-6.771685e-006	5.077650e-006	-1.356600e-006	2.369189e-006	1.308480e-005	1.816008e-008
2.441745737897679e-008	1.102830e-005	-5.761215e-006	1.007931e-005	3.369102e-006	-6.710207e-006	5.368119e-006	-1.429835e-006	2.206325e-006	1.309117e-005	1.916901e-008
2.442445737897680e-008	1.099135e-005	-5.697590e-006	1.004042e-005	3.391893e-006	-6.648523e-006	5.659371e-006	-1.501891e-006	2.060744e-006	1.309753e-005	2.019098e-008
2.443031452183395e-008	1.096094e-005	-5.645113e-006	1.000894e-005	3.411828e-006	-6.597113e-006	5.900678e-006	-1.560303e-006	1.947306e-006	1.310284e-005	2.104748e-008
2.443617166469110e-008	1.093072e-005	-5.593260e-006	9.978102e-006	3.432226e-006	-6.545875e-006	6.139847e-006	-1.617114e-006	1.840694e-006	1.310813e-005	2.190472e-008
2.444202880754825e-008	1.090068e-005	-5.542031e-006	9.947897e-006	3.453087e-006	-6.494810e-006	6.376876e-006	-1.672324e-006	1.740907e-006	1.311341e-005	2.276271e-008
2.444788595040540e-008	1.087082e-005	-5.491427e-006	9.918329e-006	3.474411e-006	-6.443917e-006	6.611766e-006	-1.725934e-006	1.647947e-006	1.311869e-005	2.362144e-008
2.445374309326255e-008	1.084115e-005	-5.441446e-006	9.889395e-006	3.496198e-006	-6.393197e-006	6.844517e-006	-1.777943e-006	1.561813e-006	1.312395e-005	2.448092e-008
2.445960023611970e-008	1.081166e-005	-5.392089e-006	9.861097e-006	3.518448e-006	-6.342650e-006	7.075128e-006	-1.828351e-006	1.482505e-006	1.312920e-005	2.534115e-008
2.446545737897685e-008	1.078235e-005	-5.343355e-006	9.833435e-006	3.541160e-006	-6.292275e-006	7.303601e-006	-1.877158e-006	1.410023e-006	1.313443e-005	2.620212e-008
2.446645737897685e-008	1.077737e-005	-5.335086e-006	9.828750e-006	3.545040e-006	-6.283710e-006	7.342243e-006	-1.885298e-006	1.397940e-006	1.313533e-005	2.634865e-008
2.446745737897685e-008	1.077240e-005	-5.326833e-006	9.824079e-006	3.548926e-006	-6.275153e-006	7.380803e-006	-1.893388e-006	1.385972e-006	1.313622e-005	2.649512e-008
2.446945737897685e-008	1.076247e-005	-5.310375e-006	9.814774e-006	3.556703e-006	-6.258071e-006	7.457667e-006	-1.909410e-006	1.362315e-006	1.313800e-005	2.678790e-008
2.447074309326257e-008	1.075610e-005	-5.299828e-006	9.808819e-006	3.561708e-006	-6.247111e-006	7.506903e-006	-1.919602e-006	1.347314e-006	1.313915e-005	2.697600e-008
2.447202880754828e-008	1.074975e-005	-5.289306e-006	9.802882e-006	3.566714e-006	-6.236168e-006	7.555977e-006	-1.929702e-006	1.332451e-006	1.314030e-005	2.716393e-008
2.447331452183400e-008	1.074340e-005	-5.278810e-006	9.796965e-006	3.571722e-006	-6.225243e-006	7.604890e-006	-1.939711e-006	1.317726e-006	1.314144e-005	2.735170e-008
2.447460023611971e-008	1.073706e-005	-5.268339e-006	9.791067e-006	3.576731e-006	-6.214336e-006	7.653642e-006	-1.949627e-006	1.303139e-006	1.314259e-005	2.753931e-008
2.447588595040543e-008	1.073074e-005	-5.257894e-006	9.785188e-006	3.581742e-006	-6.203446e-006	7.702232e-006	-1.959453e-006	1.288690e-006	1.314373e-005	2.772675e-008
2.447717166469115e-008	1.072443e-005	-5.247474e-006	9.779328e-006	3.586754e-006	-6.192573e-006	7.750660e-006	-1.969186e-006	1.274379e-006	1.314488e-005	2.791402e-008
2.447845737897686e-008	1.071813e-005	-5.237080e-006	9.773486e-006	3.591768e-006	-6.181719e-006	7.798927e-006	-1.978828e-006	1.260206e-006	1.314602e-005	2.810113e-008
2.447945737897686e-008	1.071323e-005	-5.229012e-006	9.768959e-006	3.595673e-006	-6.173286e-006	7.836339e-006	-1.986260e-006	1.249353e-006	1.314691e-005	2.824649e-008
2.448045737897686e-008	1.070834e-005	-5.220963e-006	9.764451e-006	3.599596e-006	-6.164855e-006	7.873643e-006	-1.993632e-006	1.238786e-006	1.314780e-005	2.839171e-008
2.448245737897687e-008	1.069857e-005	-5.204921e-006	9.755513e-006	3.607531e-006	-6.147982e-006	7.947912e-006	-2.008198e-006	1.218768e-006	1.314958e-005	2.868171e-008
2.448345737897687e-008	1.069369e-005	-5.196926e-006	9.751078e-006	3.611538e-006	-6.139540e-006	7.984891e-006	-2.015399e-006	1.209238e-006	1.315046e-005	2.882650e-008
2.448382784636909e-008	1.069189e-005	-5.193969e-006	9.749441e-006	3.613029e-006	-6.136412e-006	7.998564e-006	-2.018052e-006	1.205771e-006	1.315079e-005	2.888010e-008
2.448389365757406e-008	1.069156e-005	-5.193444e-006	9.749151e-006	3.613295e-006	-6.135856e-006	8.000990e-006	-2.018522e-006	1.205161e-006	1.315085e-005	2.888962e-008
2.448395946877903e-008	1.069124e-005	-5.192919e-006	9.748861e-006	3.613560e-006	-6.135301e-006	8.003415e-006	-2.018991e-006	1.204556e-006	1.315091e-005	2.889914e-008
2.448402527998400e-008	1.069092e-005	-5.192394e-006	9.748571e-006	3.613826e-006	-6.134745e-006	8.005839e-006	-2.019460e-006	1.203954e-006	1.315097e-005	2.890865e-008
2.448409109118897e-008	1.069060e-005	-5.191870e-006	9.748281e-006	3.614092e-006	-6.134189e-006	8.008263e-006	-2.019929e-006	1.203356e-006	1.315103e-005	2.891817e-008
2.448415690239394e-008	1.069028e-005	-5.191345e-006	9.747992e-006	3.614358e-006	-6.133634e-006	8.010686e-006	-2.020398e-006	1.202761e-006	1.315108e-005	2.892768e-008
2.448422271359891e-008	1.068996e-005	-5.190821e-006	9.747702e-006	3.614624e-006	-6.133078e-006	8.013109e-006	-2.020866e-006	1.202170e-006	1.315114e-005	2.893719e-008
2.448428852480388e-008	1.068964e-005	-5.190296e-006	9.747412e-006	3.614890e-006	-6.132522e-006	8.015531e-006	-2.021334e-006	1.201583e-006	1.315120e-005	2.894670e-008
2.448610431967979e-008	1.068079e-005	-5.175868e-006	9.739484e-006	3.622314e-006	-6.117170e-006	8.082152e-006	-2.034134e-006	1.186040e-006	1.315281e-005	2.920889e-008
2.448792011455569e-008	1.067194e-005	-5.161503e-006	9.731640e-006	3.629836e-006	-6.101804e-006	8.148350e-006	-2.046725e-006	1.171689e-006	1.315442e-005	2.947039e-008
2.448973590943160e-008	1.066311e-005	-5.147201e-006	9.723881e-006	3.637455e-006	-6.086425e-006	8.214126e-006	-2.059108e-006	1.158531e-006	1.315603e-005	2.973121e-008
2.449155170430751e-008	1.065428e-005	-5.132962e-006	9.716206e-006	3.645173e-006	-6.071033e-006	8.279480e-006	-2.071281e-006	1.146566e-006	1.315764e-005	2.999135e-008
2.449336749918342e-008	1.064546e-005	-5.118785e-006	9.708616e-006	3.652989e-006	-6.055627e-006	8.344410e-006	-2.083245e-006	1.135792e-006	1.315924e-005	3.025081e-008
2.449518329405933e-008	1.063665e-005	-5.104672e-006	9.701111e-006	3.660903e-006	-6.040208e-006	8.408918e-006	-2.095000e-006	1.126211e-006	1.316085e-005	3.050958e-008
2.449699908893524e-008	1.062784e-005	-5.090621e-006	9.693690e-006	3.668915e-006	-6.024775e-006	8.473004e-006	-2.106547e-006	1.117823e-006	1.316245e-005	3.076768e-008
2.449799908893524e-008	1.062300e-005	-5.082910e-006	9.689637e-006	3.673365e-006	-6.016273e-006	8.508094e-006	-2.112810e-006	1.113681e-006	1.316333e-005	3.090945e-008
2.449899908893524e-008	1.061816e-005	-5.075213e-006	9.685606e-006	3.677838e-006	-6.007768e-006	8.543070e-006	-2.119020e-006	1.109837e-006	1.316422e-005	3.105103e-008
2.449931230135614e-008	1.061664e-005	-5.072807e-006	9.684349e-006	3.679247e-006	-6.005102e-006	8.553999e-006	-2.120952e-006	1.108846e-006	1.316449e-005	3.109533e-008
2.449944490073833e-008	1.061600e-005	-5.071789e-006	9.683820e-006	3.679850e-006	-6.003970e-006	8.558619e-006	-2.121767e-006	1.108569e-006	1.316461e-005	3.111407e-008
2.449949136735492e-008	1.061578e-005	-5.071432e-006	9.683637e-006	3.680064e-006	-6.003573e-006	8.560237e-006	-2.122052e-006	1.108414e-006	1.316465e-005	3.112063e-008
2.449949720138519e-008	1.061575e-005	-5.071387e-006	9.683614e-006	3.680091e-006	-6.003523e-006	8.560440e-006	-2.122088e-006	1.108375e-006	1.316466e-005	3.112146e-008
2.449950066704889e-008	1.061573e-005	-5.071361e-006	9.683599e-006	3.680106e-006	-6.003493e-006	8.560561e-006	-2.122109e-006	1.108350e-006	1.316466e-005	3.112195e-008
2.449950557545731e-008	1.061571e-005	-5.071323e-006	9.683580e-006	3.680129e-006	-6.003451e-006	8.560732e-006	-2.122139e-006	1.108324e-006	1.316466e-005	3.112264e-008
2.449951245504771e-008	1.061567e-005	-5.071271e-006	9.683553e-006	3.680160e-006	-6.003393e-006	8.560971e-006	-2.122181e-006	1.108295e-006	1.316467e-005	3.112362e-008
2.449951992380486e-008	1.061564e-005	-5.071213e-006	9.683523e-006	3.680194e-006	-6.003329e-006	8.561231e-006	-2.122227e-006	1.108267e-006	1.316468e-005	3.112467e-008
2.449952693774011e-008	1.061560e-005	-5.071160e-006	9.683496e-006	3.680227e-006	-6.003269e-006	8.561475e-006	-2.122270e-006	1.108243e-006	1.316468e-005	3.112566e-008
2.449953379415738e-008	1.061557e-005	-5.071107e-006	9.683468e-006	3.680258e-006	-6.003210e-006	8.561714e-006	-2.122312e-006	1.108220e-006	1.316469e-005	3.112663e-008
2.449954059165988e-008	1.061554e-005	-5.071055e-006	9.683441e-006	3.680289e-006	-6.003153e-006	8.561950e-006	-2.122354e-006	1.108197e-006	1.316469e-005	3.112759e-008
2.449954750241690e-008	1.061550e-005	-5.071002e-006	9.683414e-006	3.680320e-006	-6.003093e-006	8.562190e-006	-2.122396e-006	1.108173e-006	1.316470e-005	3.112857e-008
2.449955438477002e-008	1.061547e-005	-5.070949e-006	9.683386e-006	3.680352e-006	-6.003035e-006	8.562431e-006	-2.122438e-006	1.108150e-006	1.316471e-005	3.112954e-008
2.449956129890096e-008	1.061544e-005	-5.070896e-006	9.683358e-006	3.680383e-006	-6.002976e-006	8.562671e-006	-2.122481e-006	1.108126e-006	1.316471e-005	3.113052e-008
2.449956817279326e-008	1.061540e-005	-5.070844e-006	9.683331e-006	3.680414e-006	-6.002917e-006	8.562910e-006	-2.122523e-006	1.108102e-006	1.316472e-005	3.113149e-008
2.449957507416149e-008	1.061537e-005	-5.070790e-006	9.683304e-006	3.680446e-006	-6.002858e-006	8.563151e-006	-2.122565e-006	1.108079e-006	1.316472e-005	3.113246e-008
2.449958195335448e-008	1.061534e-005	-5.070738e-006	9.683276e-006	3.680477e-006	-6.002799e-006	8.563390e-006	-2.122607e-006	1.108055e-006	1.316473e-005	3.113344e-008
2.449959000584708e-008	1.061530e-005	-5.070676e-006	9.683245e-006	3.680514e-006	-6.002731e-006	8.563670e-006	-2.122656e-006	1.108027e-006	1.316474e-005	3.113457e-008
2.449959903088542e-008	1.061526e-005	-5.070607e-006	9.683208e-006	3.680555e-006	-6.002654e-006	8.563984e-006	-2.122712e-006	1.107996e-006	1.316474e-005	3.113585e-008
2.449960980184679e-008	1.061520e-005	-5.070524e-006	9.683165e-006	3.680604e-006	-6.002562e-006	8.564359e-006	-2.122778e-006	1.107958e-006	1.316475e-005	3.113737e-008
2.449963750145036e-008	1.061507e-005	-5.070312e-006	9.683055e-006	3.680730e-006	-6.002326e-006	8.565323e-006	-2.122947e-006	1.107862e-006	1.316478e-005	3.114128e-008
2.449975546765076e-008	1.061450e-005	-5.069408e-006	9.682587e-006	3.681266e-006	-6.001320e-006	8.569426e-006	-2.123669e-006	1.107452e-006	1.316488e-005	3.115794e-008
2.449987343385117e-008	1.061393e-005	-5.068503e-006	9.682114e-006	3.681799e-006	-6.000314e-006	8.573528e-006	-2.124390e-006	1.107042e-006	1.316499e-005	3.117460e-008
2.449999140005157e-008	1.061335e-005	-5.067596e-006	9.681635e-006	3.682328e-006	-5.999308e-006	8.577626e-006	-2.125109e-006	1.106632e-006	1.316509e-005	3.119125e-008
2.450010936625198e-008	1.061276e-005	-5.066688e-006	9.681153e-006	3.682853e-006	-5.998300e-006	8.581722e-006	-2.125828e-006	1.106222e-006	1.316520e-005	3.120790e-008
2.450022733245238e-008	1.061218e-005	-5.065780e-006	9.680665e-006	3.683374e-006	-5.997291e-006	8.585816e-006	-2.126545e-006	1.105813e-006	1.316530e-005	3.122454e-008
2.450034529865278e-008	1.061159e-005	-5.064870e-006	9.680173e-006	3.683891e-006	-5.996282e-006	8.589908e-006	-2.127261e-006	1.105403e-006	1.316540e-005	3.124118e-008
2.450046326485319e-008	1.061099e-005	-5.063958e-006	9.679676e-006	3.684404e-006	-5.995272e-006	8.593996e-006	-2.127976e-006	1.104994e-006	1.316551e-005	3.125782e-008
2.450400487422156e-008	1.059279e-005	-5.036768e-006	9.664449e-006	3.699338e-006	-5.965111e-006	8.715888e-006	-2.149021e-006	1.092806e-006	1.316862e-005	3.175575e-008
2.450754648358993e-008	1.057468e-005	-5.009743e-006	9.649295e-006	3.714169e-006	-5.935126e-006	8.836131e-006	-2.169307e-006	1.080793e-006	1.317174e-005	3.225065e-008
2.451108809295829e-008	1.055665e-005	-4.982881e-006	9.634214e-006	3.728897e-006	-5.905317e-006	8.954727e-006	-2.188834e-006	1.068954e-006	1.317485e-005	3.274253e-008
2.451462970232666e-008	1.053870e-005	-4.956184e-006	9.619205e-006	3.743521e-006	-5.875684e-006	9.071675e-006	-2.207603e-006	1.057290e-006	1.317796e-005	3.323138e-008
2.451817131169503e-008	1.052084e-005	-4.929650e-006	9.604268e-006	3.758042e-006	-5.846226e-006	9.186976e-006	-2.225613e-006	1.045801e-006	1.318106e-005	3.371720e-008
2.452171292106340e-008	1.050307e-005	-4.903281e-006	9.589404e-006	3.772460e-006	-5.816944e-006	9.300630e-006	-2.242865e-006	1.034486e-006	1.318416e-005	3.420000e-008
2.452525453043177e-008	1.048537e-005	-4.877077e-006	9.574613e-006	3.786775e-006	-5.787838e-006	9.412635e-006	-2.259359e-006	1.023346e-006	1.318725e-005	3.467977e-008
2.452925453043177e-008	1.046553e-005	-4.847670e-006	9.558034e-006	3.802866e-006	-5.755169e-006	9.537315e-006	-2.277181e-006	1.010956e-006	1.319074e-005	3.521814e-008
2.455154024471751e-008	1.035760e-005	-4.688078e-006	9.467995e-006	3.890316e-006	-5.577679e-006	1.018641e-005	-2.354513e-006	9.467910e-007	1.321011e-005	3.813867e-008
2.457382595900325e-008	1.025295e-005	-4.533969e-006	9.380745e-006	3.974576e-006	-5.406169e-006	1.079030e-005	-2.414665e-006	8.872848e-007	1.322934e-005	4.095927e-008
2.459611167328899e-008	1.015158e-005	-4.385343e-006	9.296283e-006	4.055644e-006	-5.240639e-006	1.134898e-005	-2.457636e-006	8.324378e-007	1.324843e-005	4.367992e-008
2.461839738757473e-008	1.005350e-005	-4.242200e-006	9.214610e-006	4.133522e-006	-5.081089e-006	1.186245e-005	-2.483427e-006	7.822497e-007	1.326740e-005	4.630062e-008
2.464068310186047e-008	9.958705e-006	-4.104541e-006	9.135727e-006	4.208208e-006	-4.927518e-006	1.233071e-005	-2.492037e-006	7.367207e-007	1.328623e-005	4.882138e-008
2.466296881614621e-008	9.867196e-006	-3.972365e-006	9.059632e-006	4.279704e-006	-4.779928e-006	1.275377e-005	-2.483467e-006	6.958507e-007	1.330492e-005	5.124219e-008
2.468525453043195e-008	9.778973e-006	-3.845671e-006	8.986326e-006	4.348009e-006	-4.638317e-006	1.313162e-005	-2.457716e-006	6.596398e-007	1.332348e-005	5.356306e-008
2.470568310186054e-008	9.700454e-006	-3.733545e-006	8.921034e-006	4.408068e-006	-4.512966e-006	1.345337e-005	-2.428460e-006	6.288435e-007	1.334038e-005	5.561877e-008
2.472611167328914e-008	9.623979e-006	-3.624939e-006	8.857396e-006	4.465873e-006	-4.391523e-006	1.375385e-005	-2.394330e-006	6.001033e-007	1.335718e-005	5.761204e-008
2.474654024471773e-008	9.549548e-006	-3.519853e-006	8.795413e-006	4.521424e-006	-4.273988e-006	1.403308e-005	-2.355327e-006	5.734193e-007	1.337388e-005	5.954287e-008
2.476696881614633e-008	9.477159e-006	-3.418287e-006	8.735084e-006	4.574721e-006	-4.160363e-006	1.429104e-005	-2.311451e-006	5.487913e-007	1.339047e-005	6.141125e-008
2.478739738757492e-008	9.406814e-006	-3.320241e-006	8.676410e-006	4.625763e-006	-4.050646e-006	1.452774e-005	-2.262701e-006	5.262195e-007	1.340696e-005	6.321720e-008
2.480782595900352e-008	9.338512e-006	-3.225716e-006	8.619390e-006	4.674552e-006	-3.944838e-006	1.474318e-005	-2.209077e-006	5.057038e-007	1.342334e-005	6.496070e-008
2.482825453043211e-008	9.272254e-006	-3.134711e-006	8.564025e-006	4.721086e-006	-3.842939e-006	1.493735e-005	-2.150580e-006	4.872442e-007	1.343962e-005	6.664176e-008
2.482925453043211e-008	9.269046e-006	-3.130321e-006	8.561343e-006	4.723318e-006	-3.838024e-006	1.494662e-005	-2.147749e-006	4.863590e-007	1.344042e-005	6.672295e-008
2.486968310186073e-008	9.143913e-006	-2.960639e-006	8.456537e-006	4.808523e-006	-3.648015e-006	1.527602e-005	-2.024078e-006	4.549340e-007	1.347232e-005	6.986685e-008
2.491011167328935e-008	9.023990e-006	-2.800446e-006	8.355792e-006	4.887147e-006	-3.468644e-006	1.556651e-005	-1.900600e-006	4.268111e-007	1.350385e-005	7.284920e-008
2.495054024471796e-008	8.909278e-006	-2.649741e-006	8.259106e-006	4.959193e-006	-3.299913e-006	1.581811e-005	-1.777314e-006	4.019903e-007	1.353500e-005	7.566998e-008
2.499096881614658e-008	8.799776e-006	-2.508525e-006	8.166479e-006	5.024658e-006	-3.141821e-006	1.603080e-005	-1.654220e-006	3.804717e-007	1.356577e-005	7.832921e-008
2.503139738757520e-008	8.695484e-006	-2.376798e-006	8.077913e-006	5.083544e-006	-2.994369e-006	1.620459e-005	-1.531318e-006	3.622551e-007	1.359616e-005	8.082688e-008
2.507182595900382e-008	8.596403e-006	-2.254558e-006	7.993406e-006	5.135850e-006	-2.857555e-006	1.633948e-005	-1.408609e-006	3.473407e-007	1.362617e-005	8.316299e-008
2.511225453043243e-008	8.502532e-006	-2.141808e-006	7.912959e-006	5.181577e-006	-2.731381e-006	1.643548e-005	-1.286091e-006	3.357284e-007	1.365580e-005	8.533755e-008
2.512025453043244e-008	8.484223e-006	-2.120065e-006	7.897233e-006	5.190177e-006	-2.707056e-006	1.645412e-005	-1.263165e-006	3.333883e-007	1.366163e-005	8.575904e-008
2.512125453043244e-008	8.481944e-006	-2.117367e-006	7.895274e-006	5.191238e-006	-2.704037e-006	1.645651e-005	-1.260188e-006	3.331002e-007	1.366235e-005	8.581178e-008
2.512153520476150e-008	8.481305e-006	-2.116610e-006	7.894725e-006	5.191535e-006	-2.703190e-006	1.645709e-005	-1.259448e-006	3.330196e-007	1.366256e-005	8.582679e-008
2.512176740464751e-008	8.480776e-006	-2.115984e-006	7.894270e-006	5.191780e-006	-2.702491e-006	1.645683e-005	-1.259571e-006	3.329530e-007	1.366272e-005	8.583850e-008
2.512242426168997e-008	8.479282e-006	-2.114217e-006	7.892986e-006	5.192474e-006	-2.700513e-006	1.644420e-005	-1.271802e-006	3.327648e-007	1.366320e-005	8.586908e-008
2.512309277191065e-008	8.477763e-006	-2.112420e-006	7.891680e-006	5.193178e-006	-2.698502e-006	1.641644e-005	-1.299155e-006	3.325737e-007	1.366369e-005	8.592730e-008
2.512409277191065e-008	8.475492e-006	-2.109735e-006	7.889728e-006	5.194230e-006	-2.695499e-006	1.635519e-005	-1.359787e-006	3.322886e-007	1.366441e-005	8.607721e-008
2.512509277191066e-008	8.473222e-006	-2.107054e-006	7.887777e-006	5.195277e-006	-2.692499e-006	1.627104e-005	-1.443315e-006	3.320041e-007	1.366514e-005	8.631578e-008
2.512609277191066e-008	8.470955e-006	-2.104378e-006	7.885828e-006	5.196323e-006	-2.689505e-006	1.616288e-005	-1.550830e-006	3.317204e-007	1.366586e-005	8.666142e-008
2.512709277191066e-008	8.468691e-006	-2.101706e-006	7.883880e-006	5.197364e-006	-2.686516e-006	1.603172e-005	-1.681343e-006	3.314373e-007	1.366659e-005	8.712487e-008
2.512809277191066e-008	8.466429e-006	-2.099039e-006	7.881935e-006	5.198403e-006	-2.683532e-006	1.587865e-005	-1.833756e-006	3.311549e-007	1.366731e-005	8.771783e-008
2.512909277191066e-008	8.464169e-006	-2.096376e-006	7.879991e-006	5.199438e-006	-2.680553e-006	1.570493e-005	-2.006807e-006	3.308730e-007	1.366803e-005	8.845326e-008
2.513009277191066e-008	8.461911e-006	-2.093717e-006	7.878049e-006	5.200470e-006	-2.677579e-006	1.551196e-005	-2.199089e-006	3.305917e-007	1.366875e-005	8.934522e-008
2.513109277191066e-008	8.459656e-006	-2.091063e-006	7.876109e-006	5.201500e-006	-2.674609e-006	1.530128e-005	-2.409074e-006	3.303109e-007	1.366948e-005	9.040875e-008
2.513309277191066e-008	8.455151e-006	-2.085767e-006	7.872233e-006	5.203548e-006	-2.668685e-006	1.483336e-005	-2.875581e-006	3.297506e-007	1.367091e-005	9.311372e-008
2.513509277191067e-008	8.450656e-006	-2.080490e-006	7.868364e-006	5.205584e-006	-2.662780e-006	1.431482e-005	-3.392665e-006	3.291919e-007	1.367235e-005	9.669699e-008
2.513709277191067e-008	8.446170e-006	-2.075229e-006	7.864503e-006	5.207607e-006	-2.656896e-006	1.375955e-005	-3.946433e-006	3.286346e-007	1.367378e-005	1.012851e-007
2.513909277191067e-008	8.441692e-006	-2.069986e-006	7.860648e-006	5.209618e-006	-2.651030e-006	1.318086e-005	-4.523576e-006	3.280786e-007	1.367520e-005	1.069946e-007
2.514109277191067e-008	8.437223e-006	-2.064761e-006	7.856800e-006	5.211616e-006	-2.645184e-006	1.259085e-005	-5.112007e-006	3.275238e-007	1.367662e-005	1.139260e-007
2.514309277191068e-008	8.432763e-006	-2.059553e-006	7.852959e-006	5.213602e-006	-2.639357e-006	1.199991e-005	-5.701319e-006	3.269703e-007	1.367804e-005	1.221605e-007
2.514509277191068e-008	8.428312e-006	-2.054362e-006	7.849124e-006	5.215574e-006	-2.633549e-006	1.141654e-005	-6.283027e-006	3.264179e-007	1.367945e-005	1.317586e-007
2.514709277191068e-008	8.423869e-006	-2.049188e-006	7.845296e-006	5.217535e-006	-2.627761e-006	1.084723e-005	-6.850635e-006	3.258669e-007	1.368086e-005	1.427601e-007
2.514909277191068e-008	8.419436e-006	-2.044031e-006	7.841474e-006	5.219482e-006	-2.621992e-006	1.029656e-005	-7.399560e-006	3.253172e-007	1.368226e-005	1.551867e-007
2.515109277191069e-008	8.415011e-006	-2.038892e-006	7.837660e-006	5.221418e-006	-2.616242e-006	9.767370e-006	-7.926962e-006	3.247690e-007	1.368366e-005	1.690431e-007
2.515209277191069e-008	8.412801e-006	-2.036328e-006	7.835755e-006	5.222382e-006	-2.613373e-006	9.511306e-006	-8.182118e-006	3.244954e-007	1.368435e-005	1.765054e-007
2.515309277191069e-008	8.410593e-006	-2.033768e-006	7.833852e-006	5.223342e-006	-2.610510e-006	9.260463e-006	-8.432045e-006	3.242222e-007	1.368505e-005	1.842811e-007
2.515362840061019e-008	8.409412e-006	-2.032399e-006	7.832833e-006	5.223855e-006	-2.608978e-006	9.129016e-006	-8.562998e-006	3.240761e-007	1.368542e-005	1.885994e-007
2.515427547782700e-008	8.407986e-006	-2.030747e-006	7.831603e-006	5.224474e-006	-2.607129e-006	8.973363e-006	-8.718049e-006	3.238997e-007	1.368587e-005	1.939654e-007
2.515461205540830e-008	8.407244e-006	-2.029888e-006	7.830964e-006	5.224796e-006	-2.606168e-006	8.893222e-006	-8.797875e-006	3.238080e-007	1.368611e-005	1.968134e-007
2.515506017617811e-008	8.406258e-006	-2.028745e-006	7.830113e-006	5.225223e-006	-2.604890e-006	8.786586e-006	-8.904090e-006	3.236860e-007	1.368642e-005	2.006595e-007
2.515522396784065e-008	8.405897e-006	-2.028328e-006	7.829802e-006	5.225379e-006	-2.604423e-006	8.747355e-006	-8.943167e-006	3.236415e-007	1.368653e-005	2.020756e-007
2.515527138216932e-008	8.405792e-006	-2.028207e-006	7.829712e-006	5.225424e-006	-2.604288e-006	8.735901e-006	-8.954577e-006	3.236286e-007	1.368656e-005	2.024872e-007
2.515530683196296e-008	8.405715e-006	-2.028117e-006	7.829644e-006	5.225458e-006	-2.604186e-006	8.727294e-006	-8.963150e-006	3.236189e-007	1.368659e-005	2.027952e-007
2.515532096406851e-008	8.405683e-006	-2.028081e-006	7.829617e-006	5.225471e-006	-2.604146e-006	8.723860e-006	-8.966571e-006	3.236151e-007	1.368660e-005	2.029181e-007
2.515532512496751e-008	8.405674e-006	-2.028070e-006	7.829610e-006	5.225475e-006	-2.604134e-006	8.722847e-006	-8.967580e-006	3.236140e-007	1.368660e-005	2.029543e-007
2.515532582889975e-008	8.405673e-006	-2.028068e-006	7.829608e-006	5.225476e-006	-2.604132e-006	8.722675e-006	-8.967751e-006	3.236138e-007	1.368660e-005	2.029604e-007
2.515532613297841e-008	8.405672e-006	-2.028067e-006	7.829608e-006	5.225476e-006	-2.604132e-006	8.722602e-006	-8.967824e-006	3.236137e-007	1.368660e-005	2.029631e-007
2.515532658323275e-008	8.405671e-006	-2.028066e-006	7.829607e-006	5.225477e-006	-2.604130e-006	8.722493e-006	-8.967932e-006	3.236136e-007	1.368660e-005	2.029670e-007
2.515532714387932e-008	8.405669e-006	-2.028065e-006	7.829606e-006	5.225477e-006	-2.604129e-006	8.722356e-006	-8.968069e-006	3.236134e-007	1.368660e-005	2.029719e-007
2.515532773590180e-008	8.405668e-006	-2.028063e-006	7.829604e-006	5.225477e-006	-2.604127e-006	8.722212e-006	-8.968212e-006	3.236132e-007	1.368660e-005	2.029770e-007
2.515532828816643e-008	8.405667e-006	-2.028062e-006	7.829603e-006	5.225478e-006	-2.604125e-006	8.722078e-006	-8.968346e-006	3.236131e-007	1.368660e-005	2.029818e-007
2.515532891229609e-008	8.405666e-006	-2.028060e-006	7.829603e-006	5.225479e-006	-2.604124e-006	8.721926e-006	-8.968497e-006	3.236129e-007	1.368660e-005	2.029873e-007
2.515532961535196e-008	8.405664e-006	-2.028059e-006	7.829601e-006	5.225479e-006	-2.604122e-006	8.721755e-006	-8.968667e-006	3.236127e-007	1.368660e-005	2.029934e-007
2.515533045649545e-008	8.405662e-006	-2.028056e-006	7.829600e-006	5.225481e-006	-2.604119e-006	8.721550e-006	-8.968871e-006	3.236125e-007	1.368660e-005	2.030007e-007
2.515533142313291e-008	8.405660e-006	-2.028054e-006	7.829598e-006	5.225482e-006	-2.604116e-006	8.721315e-006	-8.969106e-006	3.236122e-007	1.368660e-005	2.030091e-007
2.515533261008897e-008	8.405657e-006	-2.028051e-006	7.829595e-006	5.225482e-006	-2.604113e-006	8.721026e-006	-8.969393e-006	3.236119e-007	1.368661e-005	2.030194e-007
2.515533406086424e-008	8.405655e-006	-2.028047e-006	7.829593e-006	5.225484e-006	-2.604109e-006	8.720674e-006	-8.969745e-006	3.236115e-007	1.368661e-005	2.030320e-007
2.515533598265733e-008	8.405650e-006	-2.028042e-006	7.829589e-006	5.225485e-006	-2.604103e-006	8.720206e-006	-8.970211e-006	3.236110e-007	1.368661e-005	2.030488e-007
2.515534266133159e-008	8.405636e-006	-2.028025e-006	7.829576e-006	5.225492e-006	-2.604084e-006	8.718580e-006	-8.971830e-006	3.236092e-007	1.368661e-005	2.031069e-007
2.515674432030688e-008	8.402552e-006	-2.024459e-006	7.826917e-006	5.226823e-006	-2.600094e-006	8.367904e-006	-9.321171e-006	3.232284e-007	1.368758e-005	2.155719e-007
2.515814597928216e-008	8.399473e-006	-2.020901e-006	7.824261e-006	5.228148e-006	-2.596113e-006	8.007476e-006	-9.680246e-006	3.228483e-007	1.368855e-005	2.285030e-007
2.515954763825745e-008	8.396398e-006	-2.017351e-006	7.821608e-006	5.229467e-006	-2.592142e-006	7.637295e-006	-1.004906e-005	3.224687e-007	1.368952e-005	2.419001e-007
2.516094929723274e-008	8.393328e-006	-2.013809e-006	7.818958e-006	5.230780e-006	-2.588179e-006	7.257360e-006	-1.042760e-005	3.220898e-007	1.369048e-005	2.557633e-007
2.516235095620803e-008	8.390261e-006	-2.010275e-006	7.816312e-006	5.232087e-006	-2.584225e-006	6.867673e-006	-1.081588e-005	3.217116e-007	1.369145e-005	2.700926e-007
2.516375261518331e-008	8.387199e-006	-2.006750e-006	7.813668e-006	5.233388e-006	-2.580281e-006	6.468232e-006	-1.121389e-005	3.213339e-007	1.369241e-005	2.848879e-007
2.516515427415860e-008	8.384141e-006	-2.003232e-006	7.811028e-006	5.234683e-006	-2.576345e-006	6.059039e-006	-1.162164e-005	3.209569e-007	1.369337e-005	3.001493e-007
2.516715427415860e-008	8.379784e-006	-1.998228e-006	7.807266e-006	5.236521e-006	-2.570745e-006	5.457906e-006	-1.222068e-005	3.204198e-007	1.369473e-005	3.227487e-007
2.516915427415860e-008	8.375436e-006	-1.993240e-006	7.803511e-006	5.238346e-006	-2.565164e-006	4.847680e-006	-1.282877e-005	3.198836e-007	1.369609e-005	3.462224e-007
2.517115427415861e-008	8.371095e-006	-1.988268e-006	7.799761e-006	5.240160e-006	-2.559601e-006	4.228360e-006	-1.344592e-005	3.193483e-007	1.369744e-005	3.705703e-007
2.517315427415861e-008	8.366763e-006	-1.983312e-006	7.796019e-006	5.241962e-006	-2.554056e-006	3.599946e-006	-1.407213e-005	3.188138e-007	1.369879e-005	3.957925e-007
2.517515427415861e-008	8.362439e-006	-1.978373e-006	7.792282e-006	5.243752e-006	-2.548530e-006	2.962439e-006	-1.470739e-005	3.182802e-007	1.370013e-005	4.218890e-007
2.517715427415861e-008	8.358124e-006	-1.973451e-006	7.788553e-006	5.245530e-006	-2.543022e-006	2.315837e-006	-1.535171e-005	3.177475e-007	1.370147e-005	4.488597e-007
2.517915427415861e-008	8.353816e-006	-1.968544e-006	7.784829e-006	5.247297e-006	-2.537532e-006	1.660143e-006	-1.600509e-005	3.172156e-007	1.370281e-005	4.767047e-007
2.518015427415862e-008	8.351665e-006	-1.966097e-006	7.782969e-006	5.248176e-006	-2.534793e-006	1.334894e-006	-1.632916e-005	3.169499e-007	1.370347e-005	4.908798e-007
2.518043494861511e-008	8.351062e-006	-1.965410e-006	7.782447e-006	5.248422e-006	-2.534025e-006	1.243710e-006	-1.642002e-005	3.168753e-007	1.370366e-005	4.948948e-007
2.518066531867326e-008	8.350567e-006	-1.964847e-006	7.782020e-006	5.248624e-006	-2.533395e-006	1.169528e-006	-1.649393e-005	3.168142e-007	1.370381e-005	4.982141e-007
2.518098939046954e-008	8.349871e-006	-1.964056e-006	7.781417e-006	5.248908e-006	-2.532510e-006	1.068263e-006	-1.659481e-005	3.167281e-007	1.370402e-005	5.029274e-007
2.518132453334940e-008	8.349151e-006	-1.963238e-006	7.780794e-006	5.249200e-006	-2.531594e-006	9.678066e-007	-1.669487e-005	3.166392e-007	1.370425e-005	5.078630e-007
2.518199481910913e-008	8.347713e-006	-1.961604e-006	7.779550e-006	5.249785e-006	-2.529766e-006	7.764927e-007	-1.688538e-005	3.164615e-007	1.370469e-005	5.178768e-007
2.518299481910913e-008	8.345568e-006	-1.959168e-006	7.777696e-006	5.250655e-006	-2.527041e-006	5.107163e-007	-1.714996e-005	3.161967e-007	1.370535e-005	5.331082e-007
2.518399481910913e-008	8.343425e-006	-1.956737e-006	7.775842e-006	5.251522e-006	-2.524320e-006	2.695220e-007	-1.738995e-005	3.159323e-007	1.370601e-005	5.486996e-007
2.518499481910913e-008	8.341284e-006	-1.954309e-006	7.773991e-006	5.252387e-006	-2.521603e-006	5.618553e-008	-1.760207e-005	3.156683e-007	1.370667e-005	5.646901e-007
2.518599481910913e-008	8.339146e-006	-1.951886e-006	7.772140e-006	5.253248e-006	-2.518891e-006	-1.281888e-007	-1.778522e-005	3.154049e-007	1.370733e-005	5.810870e-007
2.518699481910913e-008	8.337009e-006	-1.949466e-006	7.770292e-006	5.254108e-006	-2.516184e-006	-2.828280e-007	-1.793863e-005	3.151420e-007	1.370799e-005	5.978948e-007
2.518799481910914e-008	8.334873e-006	-1.947051e-006	7.768444e-006	5.254963e-006	-2.513481e-006	-4.073124e-007	-1.806187e-005	3.148799e-007	1.370865e-005	6.151158e-007
2.518899481910914e-008	8.332741e-006	-1.944639e-006	7.766598e-006	5.255816e-006	-2.510782e-006	-5.015515e-007	-1.815486e-005	3.146185e-007	1.370931e-005	6.327500e-007
2.518999481910914e-008	8.330610e-006	-1.942231e-006	7.764755e-006	5.256667e-006	-2.508088e-006	-5.657557e-007	-1.821780e-005	3.143579e-007	1.370996e-005	6.507954e-007
2.519099481910914e-008	8.328482e-006	-1.939828e-006	7.762912e-006	5.257514e-006	-2.505398e-006	-6.004111e-007	-1.825119e-005	3.140981e-007	1.371062e-005	6.692482e-007
2.519199481910914e-008	8.326355e-006	-1.937428e-006	7.761070e-006	5.258358e-006	-2.502713e-006	-6.062605e-007	-1.825576e-005	3.138393e-007	1.371127e-005	6.881028e-007
2.519299481910914e-008	8.324230e-006	-1.935032e-006	7.759231e-006	5.259200e-006	-2.500031e-006	-5.842926e-007	-1.823251e-005	3.135815e-007	1.371193e-005	7.073519e-007
2.519399481910914e-008	8.322108e-006	-1.932640e-006	7.757393e-006	5.260039e-006	-2.497355e-006	-5.357390e-007	-1.818266e-005	3.133248e-007	1.371259e-005	7.269865e-007
2.519499481910914e-008	8.319988e-006	-1.930252e-006	7.755557e-006	5.260875e-006	-2.494682e-006	-4.620712e-007	-1.810769e-005	3.130691e-007	1.371324e-005	7.469961e-007
2.519599481910914e-008	8.317869e-006	-1.927868e-006	7.753722e-006	5.261707e-006	-2.492015e-006	-3.649940e-007	-1.800931e-005	3.128145e-007	1.371390e-005	7.673679e-007
2.519699481910915e-008	8.315752e-006	-1.925487e-006	7.751889e-006	5.262538e-006	-2.489351e-006	-2.464296e-007	-1.788942e-005	3.125612e-007	1.371456e-005	7.880876e-007
2.519799481910915e-008	8.313638e-006	-1.923111e-006	7.750057e-006	5.263365e-006	-2.486692e-006	-1.084890e-007	-1.775016e-005	3.123091e-007	1.371521e-005	8.091395e-007
2.519899481910915e-008	8.311526e-006	-1.920738e-006	7.748226e-006	5.264190e-006	-2.484037e-006	4.656835e-008	-1.759376e-005	3.120582e-007	1.371587e-005	8.305061e-007
2.519999481910915e-008	8.309415e-006	-1.918370e-006	7.746398e-006	5.265012e-006	-2.481386e-006	2.163845e-007	-1.742260e-005	3.118085e-007	1.371653e-005	8.521693e-007
2.520099481910915e-008	8.307306e-006	-1.916005e-006	7.744571e-006	5.265831e-006	-2.478740e-006	3.985571e-007	-1.723908e-005	3.115603e-007	1.371719e-005	8.741098e-007
2.520199481910915e-008	8.305199e-006	-1.913644e-006	7.742746e-006	5.266648e-006	-2.476098e-006	5.906943e-007	-1.704558e-005	3.113133e-007	1.371784e-005	8.963082e-007
2.520399481910915e-008	8.300993e-006	-1.908933e-006	7.739100e-006	5.268273e-006	-2.470827e-006	9.956467e-007	-1.663788e-005	3.108232e-007	1.371916e-005	9.414014e-007
2.520699481910916e-008	8.294697e-006	-1.901896e-006	7.733641e-006	5.270688e-006	-2.462953e-006	1.623692e-006	-1.600566e-005	3.100981e-007	1.372114e-005	1.010506e-006
2.520999481910916e-008	8.288420e-006	-1.894893e-006	7.728197e-006	5.273080e-006	-2.455117e-006	2.236421e-006	-1.538868e-005	3.093847e-007	1.372312e-005	1.080978e-006
2.521299481910916e-008	8.282161e-006	-1.887924e-006	7.722765e-006	5.275446e-006	-2.447319e-006	2.803288e-006	-1.481750e-005	3.086826e-007	1.372511e-005	1.152465e-006
2.521599481910917e-008	8.275918e-006	-1.880989e-006	7.717347e-006	5.277787e-006	-2.439560e-006	3.308187e-006	-1.430822e-005	3.079911e-007	1.372710e-005	1.224703e-006
2.521899481910917e-008	8.269693e-006	-1.874088e-006	7.711943e-006	5.280105e-006	-2.431838e-006	3.746139e-006	-1.386581e-005	3.073098e-007	1.372910e-005	1.297508e-006
2.522199481910917e-008	8.263487e-006	-1.867220e-006	7.706552e-006	5.282398e-006	-2.424154e-006	4.119580e-006	-1.348786e-005	3.066380e-007	1.373109e-005	1.370746e-006
2.522428053339489e-008	8.258769e-006	-1.862010e-006	7.702454e-006	5.284129e-006	-2.418325e-006	4.355919e-006	-1.324803e-005	3.061326e-007	1.373261e-005	1.426863e-006
2.522656624768061e-008	8.254061e-006	-1.856819e-006	7.698362e-006	5.285845e-006	-2.412517e-006	4.571521e-006	-1.302891e-005	3.056319e-007	1.373413e-005	1.483049e-006
2.522885196196632e-008	8.249363e-006	-1.851647e-006	7.694279e-006	5.287548e-006	-2.406731e-006	4.766386e-006	-1.283049e-005	3.051357e-007	1.373565e-005	1.539304e-006
2.523113767625204e-008	8.244675e-006	-1.846494e-006	7.690203e-006	5.289236e-006	-2.400966e-006	4.940515e-006	-1.265276e-005	3.046442e-007	1.373717e-005	1.595630e-006
2.523342339053776e-008	8.239997e-006	-1.841361e-006	7.686134e-006	5.290911e-006	-2.395223e-006	5.093906e-006	-1.249574e-005	3.041573e-007	1.373869e-005	1.652025e-006
2.523570910482348e-008	8.235329e-006	-1.836247e-006	7.682073e-006	5.292571e-006	-2.389502e-006	5.226561e-006	-1.235943e-005	3.036751e-007	1.374022e-005	1.708489e-006
2.523799481910919e-008	8.230671e-006	-1.831151e-006	7.678020e-006	5.294218e-006	-2.383802e-006	5.338479e-006	-1.224381e-005	3.031975e-007	1.374174e-005	1.765023e-006
2.524156624768063e-008	8.223411e-006	-1.823228e-006	7.671701e-006	5.296764e-006	-2.374938e-006	5.497966e-006	-1.207847e-005	3.024595e-007	1.374411e-005	1.853465e-006
2.524513767625206e-008	8.216175e-006	-1.815351e-006	7.665400e-006	5.299276e-006	-2.366124e-006	5.647288e-006	-1.192322e-005	3.017310e-007	1.374649e-005	1.941230e-006
2.524870910482349e-008	8.208961e-006	-1.807518e-006	7.659117e-006	5.301755e-006	-2.357362e-006	5.786445e-006	-1.177805e-005	3.010118e-007	1.374886e-005	2.028320e-006
2.525228053339492e-008	8.201771e-006	-1.799731e-006	7.652851e-006	5.304201e-006	-2.348650e-006	5.915438e-006	-1.164297e-005	3.003019e-007	1.375123e-005	2.114734e-006
2.525585196196636e-008	8.194603e-006	-1.791989e-006	7.646603e-006	5.306614e-006	-2.339989e-006	6.034266e-006	-1.151798e-005	2.996013e-007	1.375360e-005	2.200471e-006
2.525942339053779e-008	8.187459e-006	-1.784292e-006	7.640372e-006	5.308993e-006	-2.331378e-006	6.142929e-006	-1.140308e-005	2.989101e-007	1.375597e-005	2.285533e-006
2.526299481910922e-008	8.180337e-006	-1.776640e-006	7.634158e-006	5.311340e-006	-2.322819e-006	6.241427e-006	-1.129826e-005	2.982283e-007	1.375834e-005	2.369918e-006
2.527199481910923e-008	8.162496e-006	-1.757562e-006	7.618581e-006	5.317104e-006	-2.301476e-006	6.481108e-006	-1.104229e-005	2.965523e-007	1.376430e-005	2.577755e-006
2.528099481910924e-008	8.144788e-006	-1.738750e-006	7.603104e-006	5.322672e-006	-2.280432e-006	6.702703e-006	-1.080402e-005	2.949232e-007	1.377025e-005	2.774647e-006
2.528999481910925e-008	8.127213e-006	-1.720204e-006	7.587730e-006	5.328044e-006	-2.259686e-006	6.906210e-006	-1.058344e-005	2.933412e-007	1.377619e-005	2.960593e-006
2.529899481910926e-008	8.109772e-006	-1.701924e-006	7.572458e-006	5.333220e-006	-2.239238e-006	7.091630e-006	-1.038056e-005	2.918060e-007	1.378212e-005	3.135594e-006
2.530799481910927e-008	8.092465e-006	-1.683911e-006	7.557287e-006	5.338199e-006	-2.219088e-006	7.258964e-006	-1.019538e-005	2.903179e-007	1.378803e-005	3.299650e-006
2.531699481910928e-008	8.075291e-006	-1.666164e-006	7.542219e-006	5.342982e-006	-2.199236e-006	7.408210e-006	-1.002788e-005	2.888767e-007	1.379393e-005	3.452761e-006
2.532599481910929e-008	8.058251e-006	-1.648683e-006	7.527252e-006	5.347569e-006	-2.179682e-006	7.539370e-006	-9.878086e-006	2.874824e-007	1.379982e-005	3.594927e-006
2.533413767625216e-008	8.042941e-006	-1.633082e-006	7.513792e-006	5.351560e-006	-2.162231e-006	7.646541e-006	-9.753782e-006	2.862536e-007	1.380514e-005	3.712229e-006
2.534228053339502e-008	8.027728e-006	-1.617677e-006	7.500405e-006	5.355406e-006	-2.145000e-006	7.744561e-006	-9.638398e-006	2.850533e-007	1.381044e-005	3.822194e-006
2.535042339053789e-008	8.012612e-006	-1.602469e-006	7.487093e-006	5.359105e-006	-2.127988e-006	7.833430e-006	-9.531935e-006	2.838814e-007	1.381573e-005	3.924819e-006
2.535856624768076e-008	7.997593e-006	-1.587458e-006	7.473855e-006	5.362658e-006	-2.111196e-006	7.913148e-006	-9.434391e-006	2.827379e-007	1.382101e-005	4.020107e-006
2.536670910482362e-008	7.982671e-006	-1.572643e-006	7.460690e-006	5.366066e-006	-2.094624e-006	7.983715e-006	-9.345768e-006	2.816230e-007	1.382628e-005	4.108056e-006
2.537485196196649e-008	7.967847e-006	-1.558025e-006	7.447600e-006	5.369328e-006	-2.078272e-006	8.045131e-006	-9.266064e-006	2.805365e-007	1.383154e-005	4.188667e-006
2.538299481910936e-008	7.953119e-006	-1.543604e-006	7.434583e-006	5.372444e-006	-2.062140e-006	8.097396e-006	-9.195281e-006	2.794784e-007	1.383679e-005	4.261939e-006
2.539299481910937e-008	7.935154e-006	-1.526141e-006	7.418691e-006	5.376087e-006	-2.042604e-006	8.154433e-006	-9.115264e-006	2.782094e-007	1.384321e-005	4.345991e-006
2.539490553339508e-008	7.931737e-006	-1.522836e-006	7.415666e-006	5.376759e-006	-2.038907e-006	8.164289e-006	-9.100985e-006	2.779710e-007	1.384443e-005	4.361158e-006
2.539681624768080e-008	7.928324e-006	-1.519541e-006	7.412645e-006	5.377424e-006	-2.035221e-006	8.173739e-006	-9.087101e-006	2.777340e-007	1.384566e-005	4.376073e-006
2.539872696196652e-008	7.924917e-006	-1.516256e-006	7.409627e-006	5.378081e-006	-2.031546e-006	8.182785e-006	-9.073612e-006	2.774981e-007	1.384688e-005	4.390735e-006
2.540063767625223e-008	7.921514e-006	-1.512982e-006	7.406614e-006	5.378731e-006	-2.027882e-006	8.191427e-006	-9.060518e-006	2.772635e-007	1.384811e-005	4.405144e-006
2.540254839053795e-008	7.918117e-006	-1.509717e-006	7.403604e-006	5.379374e-006	-2.024230e-006	8.199663e-006	-9.047819e-006	2.770302e-007	1.384933e-005	4.419300e-006
2.540445910482367e-008	7.914724e-006	-1.506462e-006	7.400597e-006	5.380009e-006	-2.020588e-006	8.207495e-006	-9.035515e-006	2.767981e-007	1.385055e-005	4.433204e-006
2.540636981910938e-008	7.911336e-006	-1.503217e-006	7.397595e-006	5.380637e-006	-2.016958e-006	8.214922e-006	-9.023606e-006	2.765673e-007	1.385177e-005	4.446854e-006
2.540686981910938e-008	7.910450e-006	-1.502370e-006	7.396809e-006	5.380799e-006	-2.016010e-006	8.216254e-006	-9.021099e-006	2.765071e-007	1.385209e-005	4.450379e-006
2.540799481910938e-008	7.908458e-006	-1.500465e-006	7.395044e-006	5.381165e-006	-2.013879e-006	8.217489e-006	-9.017219e-006	2.763719e-007	1.385281e-005	4.458258e-006
2.540825870292419e-008	7.907991e-006	-1.500019e-006	7.394630e-006	5.381250e-006	-2.013380e-006	8.216483e-006	-9.017605e-006	2.763403e-007	1.385298e-005	4.460083e-006
2.540852258673899e-008	7.907524e-006	-1.499573e-006	7.394216e-006	5.381335e-006	-2.012881e-006	8.215415e-006	-9.018051e-006	2.763087e-007	1.385315e-005	4.461902e-006
2.540878647055380e-008	7.907057e-006	-1.499127e-006	7.393802e-006	5.381420e-006	-2.012382e-006	8.214286e-006	-9.018559e-006	2.762771e-007	1.385331e-005	4.463716e-006
2.540905035436861e-008	7.906591e-006	-1.498681e-006	7.393388e-006	5.381505e-006	-2.011884e-006	8.213096e-006	-9.019128e-006	2.762455e-007	1.385348e-005	4.465525e-006
2.540931423818341e-008	7.906124e-006	-1.498236e-006	7.392975e-006	5.381589e-006	-2.011386e-006	8.211844e-006	-9.019758e-006	2.762139e-007	1.385365e-005	4.467328e-006
2.540957812199822e-008	7.905658e-006	-1.497791e-006	7.392561e-006	5.381674e-006	-2.010887e-006	8.210531e-006	-9.020448e-006	2.761824e-007	1.385382e-005	4.469127e-006
2.540984200581302e-008	7.905192e-006	-1.497346e-006	7.392148e-006	5.381758e-006	-2.010390e-006	8.209157e-006	-9.021200e-006	2.761509e-007	1.385399e-005	4.470920e-006
2.541052823159285e-008	7.903979e-006	-1.496189e-006	7.391073e-006	5.381977e-006	-2.009096e-006	8.207692e-006	-9.021047e-006	2.760690e-007	1.385443e-005	4.475581e-006
2.541121445737267e-008	7.902767e-006	-1.495034e-006	7.389998e-006	5.382195e-006	-2.007804e-006	8.206554e-006	-9.020565e-006	2.759873e-007	1.385486e-005	4.480216e-006
2.541190068315250e-008	7.901556e-006	-1.493880e-006	7.388924e-006	5.382412e-006	-2.006513e-006	8.205742e-006	-9.019756e-006	2.759058e-007	1.385530e-005	4.484825e-006
2.541258690893233e-008	7.900345e-006	-1.492728e-006	7.387851e-006	5.382628e-006	-2.005223e-006	8.205258e-006	-9.018618e-006	2.758244e-007	1.385574e-005	4.489407e-006
2.541327313471215e-008	7.899135e-006	-1.491576e-006	7.386778e-006	5.382843e-006	-2.003935e-006	8.205101e-006	-9.017152e-006	2.757431e-007	1.385618e-005	4.493964e-006
2.541395936049198e-008	7.897926e-006	-1.490426e-006	7.385705e-006	5.383057e-006	-2.002648e-006	8.205271e-006	-9.015358e-006	2.756620e-007	1.385661e-005	4.498494e-006
2.541464558627180e-008	7.896718e-006	-1.489277e-006	7.384632e-006	5.383270e-006	-2.001363e-006	8.205769e-006	-9.013236e-006	2.755810e-007	1.385705e-005	4.502998e-006
2.541564558627180e-008	7.894957e-006	-1.487605e-006	7.383071e-006	5.383579e-006	-1.999491e-006	8.206259e-006	-9.010377e-006	2.754633e-007	1.385769e-005	4.509523e-006
2.541602058627180e-008	7.894298e-006	-1.486978e-006	7.382485e-006	5.383695e-006	-1.998791e-006	8.205876e-006	-9.009869e-006	2.754192e-007	1.385793e-005	4.511945e-006
2.541652058627180e-008	7.893418e-006	-1.486144e-006	7.381705e-006	5.383848e-006	-1.997857e-006	8.204360e-006	-9.010198e-006	2.753605e-007	1.385824e-005	4.515151e-006
2.541717799961492e-008	7.892262e-006	-1.485048e-006	7.380680e-006	5.384049e-006	-1.996631e-006	8.202585e-006	-9.010411e-006	2.752835e-007	1.385866e-005	4.519346e-006
2.541895968821778e-008	7.889133e-006	-1.482083e-006	7.377902e-006	5.384588e-006	-1.993314e-006	8.200755e-006	-9.008005e-006	2.750754e-007	1.385980e-005	4.530614e-006
2.541995968821778e-008	7.887378e-006	-1.480422e-006	7.376345e-006	5.384889e-006	-1.991456e-006	8.200557e-006	-9.005822e-006	2.749590e-007	1.386043e-005	4.536857e-006
2.542095968821778e-008	7.885625e-006	-1.478765e-006	7.374788e-006	5.385187e-006	-1.989601e-006	8.200504e-006	-9.003491e-006	2.748429e-007	1.386107e-005	4.543012e-006
2.542195968821779e-008	7.883873e-006	-1.477109e-006	7.373233e-006	5.385484e-006	-1.987749e-006	8.200358e-006	-9.001252e-006	2.747271e-007	1.386171e-005	4.549038e-006
2.542281683107493e-008	7.882372e-006	-1.475693e-006	7.371901e-006	5.385736e-006	-1.986164e-006	8.200168e-006	-8.999395e-006	2.746282e-007	1.386225e-005	4.554074e-006
2.542367397393207e-008	7.880872e-006	-1.474278e-006	7.370569e-006	5.385988e-006	-1.984581e-006	8.199860e-006	-8.997654e-006	2.745294e-007	1.386279e-005	4.558991e-006
2.542453111678922e-008	7.879373e-006	-1.472865e-006	7.369238e-006	5.386237e-006	-1.983000e-006	8.199435e-006	-8.996028e-006	2.744308e-007	1.386334e-005	4.563788e-006
2.542538825964636e-008	7.877874e-006	-1.471454e-006	7.367907e-006	5.386485e-006	-1.981422e-006	8.198893e-006	-8.994519e-006	2.743325e-007	1.386388e-005	4.568465e-006
2.542624540250350e-008	7.876377e-006	-1.470046e-006	7.366578e-006	5.386732e-006	-1.979846e-006	8.198233e-006	-8.993125e-006	2.742344e-007	1.386443e-005	4.573023e-006
2.542710254536065e-008	7.874881e-006	-1.468639e-006	7.365249e-006	5.386977e-006	-1.978271e-006	8.197455e-006	-8.991847e-006	2.741365e-007	1.386497e-005	4.577460e-006
2.542795968821779e-008	7.873386e-006	-1.467233e-006	7.363921e-006	5.387221e-006	-1.976699e-006	8.196561e-006	-8.990684e-006	2.740388e-007	1.386552e-005	4.581778e-006
2.542895968821779e-008	7.871644e-006	-1.465597e-006	7.362372e-006	5.387504e-006	-1.974868e-006	8.194835e-006	-8.990008e-006	2.739251e-007	1.386615e-005	4.586634e-006
2.542995968821779e-008	7.869901e-006	-1.463962e-006	7.360824e-006	5.387785e-006	-1.973039e-006	8.192113e-006	-8.990325e-006	2.738117e-007	1.386678e-005	4.591257e-006
2.543095968821780e-008	7.868161e-006	-1.462330e-006	7.359277e-006	5.388064e-006	-1.971213e-006	8.188416e-006	-8.991616e-006	2.736986e-007	1.386742e-005	4.595669e-006
2.543117979733496e-008	7.867778e-006	-1.461971e-006	7.358937e-006	5.388125e-006	-1.970812e-006	8.187447e-006	-8.992055e-006	2.736737e-007	1.386756e-005	4.596605e-006
2.543127017898855e-008	7.867620e-006	-1.461824e-006	7.358797e-006	5.388150e-006	-1.970647e-006	8.187058e-006	-8.992227e-006	2.736635e-007	1.386761e-005	4.596982e-006
2.543131451221223e-008	7.867543e-006	-1.461752e-006	7.358728e-006	5.388162e-006	-1.970566e-006	8.186909e-006	-8.992268e-006	2.736585e-007	1.386764e-005	4.597166e-006
2.543131948647074e-008	7.867534e-006	-1.461744e-006	7.358721e-006	5.388164e-006	-1.970557e-006	8.186895e-006	-8.992271e-006	2.736579e-007	1.386765e-005	4.597186e-006
2.543190885637231e-008	7.866509e-006	-1.460784e-006	7.357810e-006	5.388327e-006	-1.969483e-006	8.187763e-006	-8.989983e-006	2.735915e-007	1.386802e-005	4.599584e-006
2.543249822627388e-008	7.865485e-006	-1.459825e-006	7.356900e-006	5.388489e-006	-1.968411e-006	8.190500e-006	-8.985825e-006	2.735252e-007	1.386839e-005	4.601911e-006
2.543308759617545e-008	7.864461e-006	-1.458867e-006	7.355989e-006	5.388651e-006	-1.967339e-006	8.195107e-006	-8.979796e-006	2.734589e-007	1.386877e-005	4.604168e-006
2.543367696607702e-008	7.863437e-006	-1.457910e-006	7.355079e-006	5.388811e-006	-1.966268e-006	8.201584e-006	-8.971897e-006	2.733928e-007	1.386914e-005	4.606354e-006
2.543426633597859e-008	7.862414e-006	-1.456954e-006	7.354170e-006	5.388972e-006	-1.965198e-006	8.209930e-006	-8.962128e-006	2.733268e-007	1.386951e-005	4.608470e-006
2.543485570588016e-008	7.861391e-006	-1.455999e-006	7.353260e-006	5.389131e-006	-1.964129e-006	8.220146e-006	-8.950488e-006	2.732609e-007	1.386988e-005	4.610516e-006
2.543544507578173e-008	7.860368e-006	-1.455044e-006	7.352352e-006	5.389290e-006	-1.963061e-006	8.232231e-006	-8.936978e-006	2.731952e-007	1.387026e-005	4.612492e-006
2.543644507578173e-008	7.858634e-006	-1.453426e-006	7.350810e-006	5.389559e-006	-1.961251e-006	8.255475e-006	-8.911315e-006	2.730837e-007	1.387089e-005	4.615716e-006
2.543663932781128e-008	7.858298e-006	-1.453112e-006	7.350511e-006	5.389611e-006	-1.960899e-006	8.260501e-006	-8.905819e-006	2.730621e-007	1.387101e-005	4.616318e-006
2.543779513941530e-008	7.856296e-006	-1.451247e-006	7.348730e-006	5.389918e-006	-1.958812e-006	8.288408e-006	-8.875113e-006	2.729340e-007	1.387174e-005	4.619712e-006
2.543895095101933e-008	7.854295e-006	-1.449385e-006	7.346951e-006	5.390222e-006	-1.956729e-006	8.315024e-006	-8.845694e-006	2.728063e-007	1.387248e-005	4.622935e-006
2.544010676262335e-008	7.852296e-006	-1.447526e-006	7.345174e-006	5.390524e-006	-1.954649e-006	8.340350e-006	-8.817562e-006	2.726791e-007	1.387321e-005	4.625986e-006
2.544126257422738e-008	7.850299e-006	-1.445671e-006	7.343397e-006	5.390824e-006	-1.952573e-006	8.364386e-006	-8.790719e-006	2.725522e-007	1.387394e-005	4.628866e-006
2.544241838583140e-008	7.848304e-006	-1.443819e-006	7.341622e-006	5.391121e-006	-1.950501e-006	8.387131e-006	-8.765163e-006	2.724258e-007	1.387467e-005	4.631574e-006
2.544357419743543e-008	7.846310e-006	-1.441971e-006	7.339848e-006	5.391416e-006	-1.948433e-006	8.408586e-006	-8.740895e-006	2.722998e-007	1.387540e-005	4.634110e-006
2.544473000903945e-008	7.844317e-006	-1.440126e-006	7.338076e-006	5.391708e-006	-1.946368e-006	8.428751e-006	-8.717914e-006	2.721743e-007	1.387613e-005	4.636475e-006
2.544573000903946e-008	7.842596e-006	-1.438532e-006	7.336543e-006	5.391958e-006	-1.944584e-006	8.445701e-006	-8.698526e-006	2.720659e-007	1.387676e-005	4.638406e-006
2.544606917443042e-008	7.842012e-006	-1.437991e-006	7.336023e-006	5.392043e-006	-1.943980e-006	8.451203e-006	-8.692196e-006	2.720292e-007	1.387698e-005	4.639030e-006
2.544620486329460e-008	7.841778e-006	-1.437775e-006	7.335815e-006	5.392077e-006	-1.943738e-006	8.453276e-006	-8.689793e-006	2.720146e-007	1.387706e-005	4.639268e-006
2.544626149797576e-008	7.841681e-006	-1.437685e-006	7.335728e-006	5.392091e-006	-1.943637e-006	8.454108e-006	-8.688822e-006	2.720085e-007	1.387710e-005	4.639364e-006
2.544627036898526e-008	7.841665e-006	-1.437671e-006	7.335715e-006	5.392093e-006	-1.943622e-006	8.454241e-006	-8.688668e-006	2.720075e-007	1.387710e-005	4.639379e-006
2.544627467337182e-008	7.841658e-006	-1.437664e-006	7.335708e-006	5.392094e-006	-1.943614e-006	8.454305e-006	-8.688592e-006	2.720070e-007	1.387710e-005	4.639387e-006
2.544628067578697e-008	7.841647e-006	-1.437655e-006	7.335699e-006	5.392096e-006	-1.943603e-006	8.454397e-006	-8.688487e-006	2.720064e-007	1.387711e-005	4.639397e-006
2.544628749888005e-008	7.841636e-006	-1.437644e-006	7.335688e-006	5.392097e-006	-1.943591e-006	8.454501e-006	-8.688366e-006	2.720057e-007	1.387711e-005	4.639408e-006
2.544629492335723e-008	7.841623e-006	-1.437632e-006	7.335677e-006	5.392099e-006	-1.943578e-006	8.454613e-006	-8.688236e-006	2.720049e-007	1.387712e-005	4.639421e-006
2.544630172976750e-008	7.841611e-006	-1.437621e-006	7.335667e-006	5.392101e-006	-1.943566e-006	8.454716e-006	-8.688115e-006	2.720041e-007	1.387712e-005	4.639433e-006
2.544630870142428e-008	7.841599e-006	-1.437610e-006	7.335656e-006	5.392103e-006	-1.943553e-006	8.454823e-006	-8.687992e-006	2.720034e-007	1.387713e-005	4.639445e-006
2.544631544253968e-008	7.841588e-006	-1.437599e-006	7.335645e-006	5.392104e-006	-1.943541e-006	8.454925e-006	-8.687874e-006	2.720026e-007	1.387713e-005	4.639456e-006
2.544632243063272e-008	7.841575e-006	-1.437588e-006	7.335635e-006	5.392106e-006	-1.943529e-006	8.455031e-006	-8.687750e-006	2.720019e-007	1.387714e-005	4.639468e-006
2.544632924910163e-008	7.841564e-006	-1.437577e-006	7.335625e-006	5.392108e-006	-1.943517e-006	8.455136e-006	-8.687629e-006	2.720012e-007	1.387714e-005	4.639480e-006
2.544633621126223e-008	7.841551e-006	-1.437566e-006	7.335614e-006	5.392109e-006	-1.943504e-006	8.455242e-006	-8.687506e-006	2.720004e-007	1.387714e-005	4.639492e-006
2.544634304288312e-008	7.841540e-006	-1.437556e-006	7.335603e-006	5.392111e-006	-1.943492e-006	8.455346e-006	-8.687384e-006	2.719997e-007	1.387715e-005	4.639503e-006
2.544634998110567e-008	7.841528e-006	-1.437544e-006	7.335593e-006	5.392113e-006	-1.943480e-006	8.455452e-006	-8.687261e-006	2.719989e-007	1.387715e-005	4.639515e-006
2.544635716513934e-008	7.841516e-006	-1.437533e-006	7.335582e-006	5.392115e-006	-1.943467e-006	8.455562e-006	-8.687134e-006	2.719981e-007	1.387716e-005	4.639528e-006
2.544636578506279e-008	7.841501e-006	-1.437519e-006	7.335569e-006	5.392117e-006	-1.943452e-006	8.455695e-006	-8.686980e-006	2.719972e-007	1.387716e-005	4.639543e-006
2.544637540900586e-008	7.841484e-006	-1.437504e-006	7.335554e-006	5.392119e-006	-1.943435e-006	8.455842e-006	-8.686809e-006	2.719962e-007	1.387717e-005	4.639559e-006
2.544638701870848e-008	7.841464e-006	-1.437486e-006	7.335536e-006	5.392122e-006	-1.943414e-006	8.456022e-006	-8.686602e-006	2.719949e-007	1.387718e-005	4.639578e-006
2.544641736524204e-008	7.841412e-006	-1.437437e-006	7.335489e-006	5.392130e-006	-1.943360e-006	8.456490e-006	-8.686059e-006	2.719916e-007	1.387719e-005	4.639631e-006
2.544872422370406e-008	7.837446e-006	-1.433775e-006	7.331959e-006	5.392697e-006	-1.939262e-006	8.494034e-006	-8.642877e-006	2.717436e-007	1.387865e-005	4.643605e-006
2.545103108216609e-008	7.833486e-006	-1.430126e-006	7.328433e-006	5.393255e-006	-1.935179e-006	8.531355e-006	-8.599908e-006	2.714971e-007	1.388011e-005	4.647574e-006
2.545333794062811e-008	7.829532e-006	-1.426490e-006	7.324913e-006	5.393802e-006	-1.931110e-006	8.568453e-006	-8.557152e-006	2.712522e-007	1.388156e-005	4.651538e-006
2.545564479909014e-008	7.825585e-006	-1.422868e-006	7.321397e-006	5.394340e-006	-1.927056e-006	8.605328e-006	-8.514609e-006	2.710089e-007	1.388302e-005	4.655497e-006
2.545795165755217e-008	7.821644e-006	-1.419258e-006	7.317886e-006	5.394868e-006	-1.923017e-006	8.641980e-006	-8.472279e-006	2.707671e-007	1.388447e-005	4.659450e-006
2.546025851601419e-008	7.817710e-006	-1.415662e-006	7.314379e-006	5.395386e-006	-1.918993e-006	8.678408e-006	-8.430161e-006	2.705270e-007	1.388592e-005	4.663398e-006
2.546256537447622e-008	7.813782e-006	-1.412079e-006	7.310878e-006	5.395895e-006	-1.914983e-006	8.714614e-006	-8.388257e-006	2.702884e-007	1.388737e-005	4.667341e-006
2.548042251733338e-008	7.783617e-006	-1.384838e-006	7.283958e-006	5.399461e-006	-1.884497e-006	8.983902e-006	-8.074399e-006	2.685069e-007	1.389858e-005	4.697748e-006
2.549827966019055e-008	7.753788e-006	-1.358303e-006	7.257295e-006	5.402498e-006	-1.854797e-006	9.239877e-006	-7.773467e-006	2.667952e-007	1.390974e-005	4.727958e-006
2.551613680304771e-008	7.724297e-006	-1.332475e-006	7.230889e-006	5.405006e-006	-1.825883e-006	9.482538e-006	-7.485462e-006	2.651534e-007	1.392085e-005	4.757972e-006
2.553399394590487e-008	7.695142e-006	-1.307353e-006	7.204741e-006	5.406985e-006	-1.797755e-006	9.711886e-006	-7.210382e-006	2.635815e-007	1.393190e-005	4.787790e-006
2.555185108876203e-008	7.666324e-006	-1.282938e-006	7.178850e-006	5.408436e-006	-1.770413e-006	9.927919e-006	-6.948228e-006	2.620794e-007	1.394291e-005	4.817412e-006
2.556970823161920e-008	7.637843e-006	-1.259230e-006	7.153216e-006	5.409358e-006	-1.743858e-006	1.013064e-005	-6.699001e-006	2.606472e-007	1.395387e-005	4.846838e-006
2.558756537447636e-008	7.609699e-006	-1.236229e-006	7.127839e-006	5.409751e-006	-1.718088e-006	1.032005e-005	-6.462699e-006	2.592849e-007	1.396477e-005	4.876068e-006
2.561556537447639e-008	7.566123e-006	-1.201350e-006	7.088475e-006	5.409477e-006	-1.678998e-006	1.059730e-005	-6.111653e-006	2.572311e-007	1.398176e-005	4.921553e-006
2.564970823161929e-008	7.514060e-006	-1.161094e-006	7.041294e-006	5.407434e-006	-1.633860e-006	1.089440e-005	-5.723655e-006	2.549196e-007	1.400231e-005	4.976385e-006
2.568385108876218e-008	7.462838e-006	-1.122654e-006	6.994765e-006	5.404038e-006	-1.590727e-006	1.116430e-005	-5.362768e-006	2.527095e-007	1.402266e-005	5.030653e-006
2.571799394590508e-008	7.412459e-006	-1.086028e-006	6.948888e-006	5.399290e-006	-1.549598e-006	1.140701e-005	-5.028992e-006	2.506007e-007	1.404281e-005	5.084356e-006
2.575213680304798e-008	7.362922e-006	-1.051218e-006	6.903665e-006	5.393190e-006	-1.510475e-006	1.162253e-005	-4.722327e-006	2.485933e-007	1.406276e-005	5.137495e-006
2.578627966019087e-008	7.314227e-006	-1.018222e-006	6.859094e-006	5.385738e-006	-1.473355e-006	1.181085e-005	-4.442772e-006	2.466871e-007	1.408252e-005	5.190070e-006
2.582042251733377e-008	7.266374e-006	-9.870417e-007	6.815175e-006	5.376935e-006	-1.438241e-006	1.197198e-005	-4.190329e-006	2.448823e-007	1.410207e-005	5.242081e-006
2.585456537447666e-008	7.219363e-006	-9.576762e-007	6.771909e-006	5.366779e-006	-1.405131e-006	1.210592e-005	-3.964996e-006	2.431789e-007	1.412143e-005	5.293527e-006
2.591556537447673e-008	7.136835e-006	-9.083853e-007	6.695768e-006	5.346316e-006	-1.349452e-006	1.230987e-005	-3.598956e-006	2.402129e-007	1.415551e-005	5.384281e-006
2.595827966019107e-008	7.080359e-006	-8.767343e-007	6.643481e-006	5.329869e-006	-1.313612e-006	1.241612e-005	-3.379760e-006	2.382419e-007	1.417899e-005	5.446868e-006
2.600099394590540e-008	7.024661e-006	-8.467222e-007	6.591821e-006	5.312260e-006	-1.279562e-006	1.250563e-005	-3.178057e-006	2.363122e-007	1.420216e-005	5.508780e-006
2.604370823161973e-008	6.969743e-006	-8.183489e-007	6.540790e-006	5.293488e-006	-1.247302e-006	1.257841e-005	-2.993847e-006	2.344238e-007	1.422501e-005	5.570015e-006
2.608642251733407e-008	6.915603e-006	-7.916146e-007	6.490386e-006	5.273555e-006	-1.216831e-006	1.263445e-005	-2.827129e-006	2.325767e-007	1.424755e-005	5.630575e-006
2.612913680304841e-008	6.862242e-006	-7.665191e-007	6.440610e-006	5.252459e-006	-1.188151e-006	1.267376e-005	-2.677904e-006	2.307709e-007	1.426977e-005	5.690459e-006
2.617185108876274e-008	6.809661e-006	-7.430625e-007	6.391462e-006	5.230201e-006	-1.161261e-006	1.269634e-005	-2.546172e-006	2.290064e-007	1.429168e-005	5.749668e-006
2.621456537447707e-008	6.757858e-006	-7.212448e-007	6.342942e-006	5.206781e-006	-1.136161e-006	1.270218e-005	-2.431932e-006	2.272832e-007	1.431327e-005	5.808201e-006
2.621556537447707e-008	6.756650e-006	-7.207430e-007	6.341811e-006	5.206228e-006	-1.135583e-006	1.270229e-005	-2.429291e-006	2.272428e-007	1.431378e-005	5.809565e-006
2.625613680304855e-008	6.707994e-006	-7.011165e-007	6.296182e-006	5.183252e-006	-1.112929e-006	1.270023e-005	-2.329275e-006	2.256195e-007	1.433399e-005	5.864594e-006
2.629670823162002e-008	6.659825e-006	-6.824034e-007	6.250962e-006	5.159697e-006	-1.091266e-006	1.269171e-005	-2.236491e-006	2.240127e-007	1.435394e-005	5.919101e-006
2.633727966019150e-008	6.612142e-006	-6.646036e-007	6.206153e-006	5.135560e-006	-1.070592e-006	1.267673e-005	-2.150940e-006	2.224225e-007	1.437361e-005	5.973088e-006
2.637785108876297e-008	6.564945e-006	-6.477172e-007	6.161753e-006	5.110844e-006	-1.050909e-006	1.265530e-005	-2.072621e-006	2.208488e-007	1.439300e-005	6.026553e-006
2.641842251733445e-008	6.518236e-006	-6.317441e-007	6.117764e-006	5.085548e-006	-1.032216e-006	1.262742e-005	-2.001535e-006	2.192916e-007	1.441212e-005	6.079497e-006
2.645899394590592e-008	6.472012e-006	-6.166845e-007	6.074184e-006	5.059671e-006	-1.014513e-006	1.259308e-005	-1.937681e-006	2.177510e-007	1.443097e-005	6.131921e-006
2.649956537447740e-008	6.426275e-006	-6.025381e-007	6.031014e-006	5.033214e-006	-9.977999e-007	1.255229e-005	-1.881059e-006	2.162269e-007	1.444954e-005	6.183823e-006
2.650056537447740e-008	6.425152e-006	-6.021951e-007	6.029953e-006	5.032559e-006	-9.973941e-007	1.255128e-005	-1.879683e-006	2.161894e-007	1.445000e-005	6.185096e-006
2.650256537447740e-008	6.422907e-006	-6.015105e-007	6.027833e-006	5.031249e-006	-9.965839e-007	1.254924e-005	-1.876938e-006	2.161145e-007	1.445091e-005	6.187643e-006
2.651556537447741e-008	6.408335e-006	-5.971028e-007	6.014075e-006	5.022711e-006	-9.913632e-007	1.253576e-005	-1.859387e-006	2.156284e-007	1.445680e-005	6.204165e-006
2.655827966019175e-008	6.360787e-006	-5.832289e-007	5.969148e-006	4.994280e-006	-9.748678e-007	1.248767e-005	-1.806081e-006	2.140415e-007	1.447595e-005	6.258082e-006
2.660099394590608e-008	6.313649e-006	-5.699724e-007	5.924582e-006	4.965543e-006	-9.590392e-007	1.243682e-005	-1.756372e-006	2.124677e-007	1.449482e-005	6.311485e-006
2.664370823162042e-008	6.266921e-006	-5.573335e-007	5.880377e-006	4.936500e-006	-9.438775e-007	1.238321e-005	-1.710259e-006	2.109070e-007	1.451339e-005	6.364375e-006
2.668642251733475e-008	6.220603e-006	-5.453120e-007	5.836532e-006	4.907150e-006	-9.293827e-007	1.232683e-005	-1.667744e-006	2.093595e-007	1.453168e-005	6.416752e-006
2.672913680304909e-008	6.174695e-006	-5.339080e-007	5.793048e-006	4.877493e-006	-9.155548e-007	1.226769e-005	-1.628825e-006	2.078251e-007	1.454968e-005	6.468615e-006
2.677185108876342e-008	6.129197e-006	-5.231215e-007	5.749925e-006	4.847531e-006	-9.023937e-007	1.220578e-005	-1.593503e-006	2.063039e-007	1.456740e-005	6.519965e-006
2.681456537447775e-008	6.084108e-006	-5.129525e-007	5.707162e-006	4.817262e-006	-8.898995e-007	1.214110e-005	-1.561779e-006	2.047958e-007	1.458482e-005	6.570801e-006
2.681556537447775e-008	6.083057e-006	-5.127180e-007	5.706164e-006	4.816553e-006	-8.896109e-007	1.213959e-005	-1.561044e-006	2.047606e-007	1.458522e-005	6.571986e-006
2.685827966019209e-008	6.038336e-006	-5.030094e-007	5.663732e-006	4.786119e-006	-8.776132e-007	1.207374e-005	-1.531322e-006	2.032647e-007	1.460236e-005	6.622325e-006
2.690099394590642e-008	5.993958e-006	-4.936872e-007	5.621612e-006	4.755578e-006	-8.660333e-007	1.200700e-005	-1.503276e-006	2.017809e-007	1.461923e-005	6.672194e-006
2.694370823162076e-008	5.949925e-006	-4.847513e-007	5.579804e-006	4.724933e-006	-8.548714e-007	1.193936e-005	-1.476905e-006	2.003090e-007	1.463583e-005	6.721595e-006
2.698642251733509e-008	5.906235e-006	-4.762018e-007	5.538309e-006	4.694182e-006	-8.441273e-007	1.187082e-005	-1.452209e-006	1.988490e-007	1.465215e-005	6.770527e-006
2.702913680304943e-008	5.862889e-006	-4.680386e-007	5.497126e-006	4.663325e-006	-8.338012e-007	1.180140e-005	-1.429189e-006	1.974011e-007	1.466820e-005	6.818989e-006
2.707185108876376e-008	5.819887e-006	-4.602618e-007	5.456255e-006	4.632363e-006	-8.238928e-007	1.173107e-005	-1.407844e-006	1.959651e-007	1.468398e-005	6.866983e-006
2.711456537447809e-008	5.777228e-006	-4.528713e-007	5.415697e-006	4.601295e-006	-8.144024e-007	1.165986e-005	-1.388174e-006	1.945412e-007	1.469949e-005	6.914507e-006
2.711556537447809e-008	5.776233e-006	-4.527006e-007	5.414751e-006	4.600568e-006	-8.141827e-007	1.165819e-005	-1.387718e-006	1.945080e-007	1.469985e-005	6.915614e-006
2.715599394590671e-008	5.736155e-006	-4.459709e-007	5.376638e-006	4.571150e-006	-8.054879e-007	1.159064e-005	-1.369961e-006	1.931712e-007	1.471429e-005	6.960174e-006
2.719642251733533e-008	5.696352e-006	-4.394641e-007	5.338780e-006	4.541744e-006	-7.970360e-007	1.152300e-005	-1.352939e-006	1.918446e-007	1.472849e-005	7.004343e-006
2.723685108876394e-008	5.656825e-006	-4.331804e-007	5.301178e-006	4.512351e-006	-7.888271e-007	1.145529e-005	-1.336649e-006	1.905283e-007	1.474247e-005	7.048124e-006
2.727727966019256e-008	5.617573e-006	-4.271197e-007	5.263832e-006	4.482970e-006	-7.808611e-007	1.138750e-005	-1.321093e-006	1.892221e-007	1.475621e-005	7.091514e-006
2.731770823162118e-008	5.578596e-006	-4.212821e-007	5.226740e-006	4.453602e-006	-7.731381e-007	1.131964e-005	-1.306271e-006	1.879263e-007	1.476973e-005	7.134515e-006
2.735813680304980e-008	5.539895e-006	-4.156674e-007	5.189904e-006	4.424246e-006	-7.656580e-007	1.125169e-005	-1.292182e-006	1.866406e-007	1.478302e-005	7.177127e-006
2.739856537447841e-008	5.501469e-006	-4.102759e-007	5.153324e-006	4.394903e-006	-7.584209e-007	1.118367e-005	-1.278827e-006	1.853652e-007	1.479608e-005	7.219348e-006
2.739956537447842e-008	5.500548e-006	-4.101523e-007	5.152448e-006	4.394195e-006	-7.582521e-007	1.118199e-005	-1.278499e-006	1.853338e-007	1.479640e-005	7.220388e-006
2.740056537447842e-008	5.499693e-006	-4.100479e-007	5.151638e-006	4.393534e-006	-7.581034e-007	1.118031e-005	-1.278172e-006	1.853026e-007	1.479672e-005	7.221427e-006
2.740084604880746e-008	5.499480e-006	-4.100244e-007	5.151437e-006	4.393369e-006	-7.580678e-007	1.117984e-005	-1.278080e-006	1.852940e-007	1.479681e-005	7.221719e-006
2.740094919819291e-008	5.499408e-006	-4.100164e-007	5.151369e-006	4.393314e-006	-7.580555e-007	1.117967e-005	-1.278046e-006	1.852908e-007	1.479684e-005	7.221827e-006
2.740102449076076e-008	5.499357e-006	-4.100101e-007	5.151322e-006	4.393276e-006	-7.580460e-007	1.117955e-005	-1.278021e-006	1.852885e-007	1.479687e-005	7.221905e-006
2.740110485930714e-008	5.499303e-006	-4.100030e-007	5.151270e-006	4.393235e-006	-7.580355e-007	1.117941e-005	-1.277995e-006	1.852861e-007	1.479689e-005	7.221988e-006
2.740111902073371e-008	5.499293e-006	-4.100017e-007	5.151261e-006	4.393227e-006	-7.580337e-007	1.117939e-005	-1.277991e-006	1.852856e-007	1.479690e-005	7.222003e-006
2.740112168868956e-008	5.499292e-006	-4.100015e-007	5.151260e-006	4.393227e-006	-7.580333e-007	1.117938e-005	-1.277990e-006	1.852855e-007	1.479690e-005	7.222006e-006
2.740441589729546e-008	5.497224e-006	-4.097113e-007	5.149332e-006	4.391728e-006	-7.576037e-007	1.117386e-005	-1.276914e-006	1.851856e-007	1.479796e-005	7.225428e-006
2.740771010590136e-008	5.495165e-006	-4.094215e-007	5.147412e-006	4.390238e-006	-7.571746e-007	1.116833e-005	-1.275842e-006	1.850857e-007	1.479901e-005	7.228849e-006
2.741100431450727e-008	5.493115e-006	-4.091321e-007	5.145501e-006	4.388755e-006	-7.567459e-007	1.116281e-005	-1.274773e-006	1.849859e-007	1.480007e-005	7.232266e-006
2.741429852311316e-008	5.491072e-006	-4.088430e-007	5.143598e-006	4.387280e-006	-7.563177e-007	1.115729e-005	-1.273708e-006	1.848861e-007	1.480112e-005	7.235681e-006
2.741759273171907e-008	5.489038e-006	-4.085543e-007	5.141702e-006	4.385812e-006	-7.558899e-007	1.115177e-005	-1.272646e-006	1.847864e-007	1.480217e-005	7.239094e-006
2.742088694032497e-008	5.487012e-006	-4.082660e-007	5.139815e-006	4.384353e-006	-7.554626e-007	1.114624e-005	-1.271587e-006	1.846868e-007	1.480322e-005	7.242504e-006
2.742418114893087e-008	5.484994e-006	-4.079781e-007	5.137937e-006	4.382901e-006	-7.550357e-007	1.114072e-005	-1.270532e-006	1.845872e-007	1.480427e-005	7.245912e-006
2.768618114893117e-008	5.315895e-006	-3.848944e-007	4.979771e-006	4.258753e-006	-7.210182e-007	1.070619e-005	-1.195310e-006	1.767463e-007	1.488303e-005	7.509132e-006
2.772632400607407e-008	5.288994e-006	-3.813868e-007	4.954521e-006	4.238662e-006	-7.158594e-007	1.064061e-005	-1.185051e-006	1.755665e-007	1.489430e-005	7.548125e-006
2.776646686321697e-008	5.261984e-006	-3.779080e-007	4.929155e-006	4.218418e-006	-7.107372e-007	1.057538e-005	-1.175006e-006	1.743945e-007	1.490538e-005	7.586782e-006
2.780660972035988e-008	5.234866e-006	-3.744580e-007	4.903673e-006	4.198021e-006	-7.056516e-007	1.051052e-005	-1.165172e-006	1.732303e-007	1.491625e-005	7.625102e-006
2.784675257750278e-008	5.207640e-006	-3.710368e-007	4.878074e-006	4.177471e-006	-7.006026e-007	1.044602e-005	-1.155551e-006	1.720738e-007	1.492692e-005	7.663085e-006
2.788689543464568e-008	5.180305e-006	-3.676445e-007	4.852359e-006	4.156769e-006	-6.955902e-007	1.038188e-005	-1.146142e-006	1.709251e-007	1.493740e-005	7.700732e-006
2.792703829178859e-008	5.152862e-006	-3.642809e-007	4.826528e-006	4.135914e-006	-6.906145e-007	1.031810e-005	-1.136946e-006	1.697842e-007	1.494767e-005	7.738042e-006
2.796718114893149e-008	5.125311e-006	-3.609462e-007	4.800581e-006	4.114906e-006	-6.856754e-007	1.025467e-005	-1.127963e-006	1.686510e-007	1.495774e-005	7.775016e-006
2.798618114893151e-008	5.112279e-006	-3.593826e-007	4.788306e-006	4.104951e-006	-6.833554e-007	1.022480e-005	-1.123751e-006	1.681177e-007	1.496244e-005	7.792405e-006
2.826918114893183e-008	4.918070e-006	-3.370954e-007	4.605139e-006	3.955112e-006	-6.500269e-007	9.790549e-006	-1.064734e-006	1.603931e-007	1.502745e-005	8.042962e-006
2.828618114893185e-008	4.906447e-006	-3.358184e-007	4.594166e-006	3.946065e-006	-6.481002e-007	9.765113e-006	-1.061379e-006	1.599421e-007	1.503106e-005	8.057519e-006
2.829918114893186e-008	4.897565e-006	-3.348467e-007	4.585779e-006	3.939147e-006	-6.466327e-007	9.745711e-006	-1.058827e-006	1.595982e-007	1.503380e-005	8.068615e-006
2.831218114893188e-008	4.888690e-006	-3.338791e-007	4.577399e-006	3.932229e-006	-6.451702e-007	9.726353e-006	-1.056285e-006	1.592551e-007	1.503652e-005	8.079679e-006
2.832518114893189e-008	4.879821e-006	-3.329157e-007	4.569024e-006	3.925311e-006	-6.437127e-007	9.707038e-006	-1.053753e-006	1.589129e-007	1.503923e-005	8.090711e-006
2.833818114893191e-008	4.870959e-006	-3.319564e-007	4.560655e-006	3.918395e-006	-6.422603e-007	9.687767e-006	-1.051232e-006	1.585715e-007	1.504191e-005	8.101712e-006
2.835118114893192e-008	4.862104e-006	-3.310012e-007	4.552292e-006	3.911479e-006	-6.408129e-007	9.668539e-006	-1.048721e-006	1.582310e-007	1.504457e-005	8.112681e-006
2.836418114893194e-008	4.853255e-006	-3.300502e-007	4.543935e-006	3.904564e-006	-6.393705e-007	9.649355e-006	-1.046220e-006	1.578913e-007	1.504722e-005	8.123618e-006
2.837718114893195e-008	4.844413e-006	-3.291032e-007	4.535583e-006	3.897650e-006	-6.379332e-007	9.630214e-006	-1.043730e-006	1.575524e-007	1.504985e-005	8.134523e-006
2.842018114893200e-008	4.815224e-006	-3.260004e-007	4.508010e-006	3.874795e-006	-6.332145e-007	9.567211e-006	-1.035562e-006	1.564376e-007	1.505841e-005	8.170374e-006
2.842218114893200e-008	4.813868e-006	-3.258571e-007	4.506729e-006	3.873733e-006	-6.329963e-007	9.564293e-006	-1.035185e-006	1.563859e-007	1.505880e-005	8.172033e-006
2.842418114893201e-008	4.812513e-006	-3.257140e-007	4.505448e-006	3.872670e-006	-6.327783e-007	9.561375e-006	-1.034808e-006	1.563343e-007	1.505919e-005	8.173691e-006
2.842618114893201e-008	4.811158e-006	-3.255710e-007	4.504168e-006	3.871608e-006	-6.325604e-007	9.558458e-006	-1.034431e-006	1.562827e-007	1.505958e-005	8.175349e-006
2.842818114893201e-008	4.809803e-006	-3.254280e-007	4.502888e-006	3.870545e-006	-6.323426e-007	9.555543e-006	-1.034054e-006	1.562312e-007	1.505998e-005	8.177006e-006
2.843018114893201e-008	4.808448e-006	-3.252852e-007	4.501608e-006	3.869483e-006	-6.321249e-007	9.552628e-006	-1.033678e-006	1.561796e-007	1.506037e-005	8.178662e-006
2.843218114893201e-008	4.807093e-006	-3.251424e-007	4.500329e-006	3.868421e-006	-6.319074e-007	9.549714e-006	-1.033301e-006	1.561281e-007	1.506076e-005	8.180317e-006
2.843418114893202e-008	4.805739e-006	-3.249998e-007	4.499049e-006	3.867359e-006	-6.316899e-007	9.546801e-006	-1.032925e-006	1.560766e-007	1.506115e-005	8.181972e-006
2.843860972036059e-008	4.802741e-006	-3.246843e-007	4.496217e-006	3.865008e-006	-6.312089e-007	9.540356e-006	-1.032093e-006	1.559626e-007	1.506201e-005	8.185633e-006
2.844303829178917e-008	4.799744e-006	-3.243692e-007	4.493385e-006	3.862656e-006	-6.307284e-007	9.533915e-006	-1.031263e-006	1.558487e-007	1.506287e-005	8.189292e-006
2.844746686321775e-008	4.796748e-006	-3.240546e-007	4.490554e-006	3.860306e-006	-6.302485e-007	9.527480e-006	-1.030433e-006	1.557349e-007	1.506373e-005	8.192946e-006
2.845189543464632e-008	4.793753e-006	-3.237405e-007	4.487724e-006	3.857955e-006	-6.297691e-007	9.521049e-006	-1.029604e-006	1.556212e-007	1.506459e-005	8.196597e-006
2.845632400607490e-008	4.790759e-006	-3.234268e-007	4.484895e-006	3.855605e-006	-6.292904e-007	9.514624e-006	-1.028777e-006	1.555076e-007	1.506544e-005	8.200244e-006
2.846075257750348e-008	4.787766e-006	-3.231137e-007	4.482067e-006	3.853255e-006	-6.288122e-007	9.508203e-006	-1.027950e-006	1.553941e-007	1.506630e-005	8.203888e-006
2.846518114893205e-008	4.784774e-006	-3.228010e-007	4.479240e-006	3.850906e-006	-6.283346e-007	9.501787e-006	-1.027125e-006	1.552806e-007	1.506715e-005	8.207528e-006
2.846689543464634e-008	4.783616e-006	-3.226800e-007	4.478146e-006	3.849996e-006	-6.281499e-007	9.499305e-006	-1.026805e-006	1.552368e-007	1.506748e-005	8.208936e-006
2.846860972036063e-008	4.782458e-006	-3.225592e-007	4.477052e-006	3.849087e-006	-6.279652e-007	9.496823e-006	-1.026486e-006	1.551929e-007	1.506780e-005	8.210343e-006
2.847032400607491e-008	4.781301e-006	-3.224384e-007	4.475958e-006	3.848178e-006	-6.277807e-007	9.494343e-006	-1.026167e-006	1.551491e-007	1.506813e-005	8.211750e-006
2.847203829178920e-008	4.780143e-006	-3.223177e-007	4.474865e-006	3.847268e-006	-6.275962e-007	9.491863e-006	-1.025849e-006	1.551052e-007	1.506846e-005	8.213157e-006
2.847375257750349e-008	4.778986e-006	-3.221971e-007	4.473771e-006	3.846359e-006	-6.274118e-007	9.489384e-006	-1.025530e-006	1.550614e-007	1.506879e-005	8.214563e-006
2.847546686321778e-008	4.777829e-006	-3.220765e-007	4.472678e-006	3.845450e-006	-6.272275e-007	9.486906e-006	-1.025211e-006	1.550176e-007	1.506911e-005	8.215968e-006
2.847718114893207e-008	4.776672e-006	-3.219560e-007	4.471585e-006	3.844542e-006	-6.270433e-007	9.484428e-006	-1.024893e-006	1.549738e-007	1.506944e-005	8.217373e-006
2.848375257750350e-008	4.772239e-006	-3.214947e-007	4.467395e-006	3.841057e-006	-6.263379e-007	9.474938e-006	-1.023674e-006	1.548061e-007	1.507069e-005	8.222753e-006
2.849032400607494e-008	4.767808e-006	-3.210345e-007	4.463208e-006	3.837574e-006	-6.256338e-007	9.465459e-006	-1.022458e-006	1.546385e-007	1.507193e-005	8.228126e-006
2.849689543464637e-008	4.763379e-006	-3.205753e-007	4.459023e-006	3.834092e-006	-6.249310e-007	9.455991e-006	-1.021243e-006	1.544712e-007	1.507317e-005	8.233491e-006
2.850346686321781e-008	4.758953e-006	-3.201171e-007	4.454840e-006	3.830611e-006	-6.242294e-007	9.446533e-006	-1.020031e-006	1.543041e-007	1.507441e-005	8.238848e-006
2.851003829178925e-008	4.754529e-006	-3.196599e-007	4.450660e-006	3.827131e-006	-6.235290e-007	9.437087e-006	-1.018822e-006	1.541372e-007	1.507564e-005	8.244197e-006
2.851660972036068e-008	4.750108e-006	-3.192038e-007	4.446482e-006	3.823652e-006	-6.228299e-007	9.427652e-006	-1.017614e-006	1.539705e-007	1.507687e-005	8.249538e-006
2.852318114893212e-008	4.745689e-006	-3.187486e-007	4.442305e-006	3.820173e-006	-6.221320e-007	9.418228e-006	-1.016409e-006	1.538041e-007	1.507809e-005	8.254871e-006
2.852660972036069e-008	4.743384e-006	-3.185116e-007	4.440128e-006	3.818359e-006	-6.217684e-007	9.413315e-006	-1.015780e-006	1.537173e-007	1.507873e-005	8.257651e-006
2.853003829178927e-008	4.741081e-006	-3.182748e-007	4.437950e-006	3.816545e-006	-6.214051e-007	9.408406e-006	-1.015153e-006	1.536306e-007	1.507936e-005	8.260429e-006
2.853346686321784e-008	4.738778e-006	-3.180383e-007	4.435774e-006	3.814732e-006	-6.210422e-007	9.403500e-006	-1.014526e-006	1.535439e-007	1.507999e-005	8.263204e-006
2.853689543464642e-008	4.736475e-006	-3.178021e-007	4.433598e-006	3.812918e-006	-6.206796e-007	9.398596e-006	-1.013900e-006	1.534573e-007	1.508063e-005	8.265977e-006
2.854032400607499e-008	4.734174e-006	-3.175661e-007	4.431422e-006	3.811105e-006	-6.203174e-007	9.393696e-006	-1.013274e-006	1.533707e-007	1.508126e-005	8.268749e-006
2.854375257750357e-008	4.731873e-006	-3.173305e-007	4.429248e-006	3.809292e-006	-6.199554e-007	9.388798e-006	-1.012649e-006	1.532842e-007	1.508189e-005	8.271518e-006
2.854718114893214e-008	4.729573e-006	-3.170951e-007	4.427074e-006	3.807480e-006	-6.195938e-007	9.383903e-006	-1.012025e-006	1.531978e-007	1.508251e-005	8.274284e-006
2.855260972036072e-008	4.725932e-006	-3.167229e-007	4.423633e-006	3.804611e-006	-6.190220e-007	9.376160e-006	-1.011037e-006	1.530611e-007	1.508351e-005	8.278661e-006
2.855803829178930e-008	4.722293e-006	-3.163514e-007	4.420194e-006	3.801743e-006	-6.184510e-007	9.368423e-006	-1.010051e-006	1.529245e-007	1.508449e-005	8.283033e-006
2.856346686321788e-008	4.718656e-006	-3.159807e-007	4.416756e-006	3.798875e-006	-6.178809e-007	9.360695e-006	-1.009066e-006	1.527880e-007	1.508548e-005	8.287399e-006
2.856889543464646e-008	4.715021e-006	-3.156106e-007	4.413320e-006	3.796009e-006	-6.173116e-007	9.352974e-006	-1.008083e-006	1.526517e-007	1.508646e-005	8.291760e-006
2.857432400607503e-008	4.711388e-006	-3.152411e-007	4.409886e-006	3.793143e-006	-6.167431e-007	9.345260e-006	-1.007101e-006	1.525155e-007	1.508744e-005	8.296116e-006
2.857975257750361e-008	4.707756e-006	-3.148724e-007	4.406453e-006	3.790278e-006	-6.161755e-007	9.337554e-006	-1.006120e-006	1.523795e-007	1.508842e-005	8.300466e-006
2.858518114893219e-008	4.704127e-006	-3.145044e-007	4.403023e-006	3.787414e-006	-6.156087e-007	9.329856e-006	-1.005141e-006	1.522436e-007	1.508939e-005	8.304812e-006
2.858618114893219e-008	4.703458e-006	-3.144367e-007	4.402390e-006	3.786886e-006	-6.155043e-007	9.328438e-006	-1.004961e-006	1.522186e-007	1.508957e-005	8.305612e-006
2.859932400607506e-008	4.694679e-006	-3.135488e-007	4.394092e-006	3.779956e-006	-6.141360e-007	9.309834e-006	-1.002598e-006	1.518902e-007	1.509191e-005	8.316108e-006
2.861246686321793e-008	4.685911e-006	-3.126648e-007	4.385804e-006	3.773031e-006	-6.127724e-007	9.291273e-006	-1.000242e-006	1.515626e-007	1.509424e-005	8.326573e-006
2.862560972036080e-008	4.677155e-006	-3.117848e-007	4.377526e-006	3.766112e-006	-6.114137e-007	9.272756e-006	-9.978944e-007	1.512359e-007	1.509654e-005	8.337008e-006
2.863875257750368e-008	4.668410e-006	-3.109087e-007	4.369259e-006	3.759199e-006	-6.100597e-007	9.254282e-006	-9.955547e-007	1.509100e-007	1.509883e-005	8.347413e-006
2.865189543464655e-008	4.659677e-006	-3.100365e-007	4.361003e-006	3.752292e-006	-6.087106e-007	9.235853e-006	-9.932231e-007	1.505849e-007	1.510110e-005	8.357788e-006
2.866503829178942e-008	4.650955e-006	-3.091682e-007	4.352757e-006	3.745390e-006	-6.073664e-007	9.217467e-006	-9.908994e-007	1.502606e-007	1.510335e-005	8.368132e-006
2.867818114893229e-008	4.642244e-006	-3.083039e-007	4.344521e-006	3.738494e-006	-6.060269e-007	9.199124e-006	-9.885838e-007	1.499371e-007	1.510559e-005	8.378446e-006
2.869560972036088e-008	4.630712e-006	-3.071637e-007	4.333618e-006	3.729360e-006	-6.042580e-007	9.174868e-006	-9.855250e-007	1.495094e-007	1.510852e-005	8.392077e-006
2.871303829178948e-008	4.619201e-006	-3.060302e-007	4.322734e-006	3.720237e-006	-6.024972e-007	9.150687e-006	-9.824793e-007	1.490831e-007	1.511143e-005	8.405655e-006
2.873046686321807e-008	4.607713e-006	-3.049032e-007	4.311872e-006	3.711127e-006	-6.007447e-007	9.126582e-006	-9.794465e-007	1.486582e-007	1.511430e-005	8.419181e-006
2.874789543464666e-008	4.596246e-006	-3.037829e-007	4.301029e-006	3.702029e-006	-5.990003e-007	9.102552e-006	-9.764267e-007	1.482347e-007	1.511714e-005	8.432655e-006
2.876532400607525e-008	4.584802e-006	-3.026693e-007	4.290207e-006	3.692943e-006	-5.972640e-007	9.078599e-006	-9.734200e-007	1.478126e-007	1.511996e-005	8.446077e-006
2.878275257750384e-008	4.573379e-006	-3.015622e-007	4.279406e-006	3.683870e-006	-5.955359e-007	9.054721e-006	-9.704262e-007	1.473919e-007	1.512274e-005	8.459446e-006
2.880018114893243e-008	4.561979e-006	-3.004618e-007	4.268625e-006	3.674809e-006	-5.938160e-007	9.030919e-006	-9.674454e-007	1.469726e-007	1.512549e-005	8.472764e-006
2.888618114893253e-008	4.506067e-006	-2.951248e-007	4.215747e-006	3.630303e-006	-5.854443e-007	8.914561e-006	-9.529158e-007	1.449236e-007	1.513861e-005	8.537728e-006
2.918618114893287e-008	4.315689e-006	-2.776542e-007	4.035675e-006	3.478007e-006	-5.576682e-007	8.522618e-006	-9.044186e-007	1.380295e-007	1.517879e-005	8.754835e-006
2.937618114893308e-008	4.199054e-006	-2.674294e-007	3.925350e-006	3.384217e-006	-5.411330e-007	8.285230e-006	-8.753159e-007	1.338585e-007	1.519989e-005	8.884984e-006
2.937718114893309e-008	4.198449e-006	-2.673764e-007	3.924778e-006	3.383729e-006	-5.410481e-007	8.284002e-006	-8.751659e-007	1.338369e-007	1.520004e-005	8.885654e-006
2.937746182326214e-008	4.198279e-006	-2.673619e-007	3.924617e-006	3.383592e-006	-5.410242e-007	8.283658e-006	-8.751238e-007	1.338309e-007	1.520001e-005	8.885842e-006
2.937769402321120e-008	4.198134e-006	-2.673539e-007	3.924484e-006	3.383479e-006	-5.410043e-007	8.283373e-006	-8.750889e-007	1.338259e-007	1.519973e-005	8.885998e-006
2.937835093613993e-008	4.197663e-006	-2.673924e-007	3.924119e-006	3.383183e-006	-5.409364e-007	8.282565e-006	-8.749884e-007	1.338118e-007	1.519773e-005	8.886439e-006
2.937901948875415e-008	4.197119e-006	-2.674955e-007	3.923767e-006	3.382918e-006	-5.408484e-007	8.281741e-006	-8.748814e-007	1.337977e-007	1.519463e-005	8.886886e-006
2.938001948875415e-008	4.196223e-006	-2.677319e-007	3.923262e-006	3.382569e-006	-5.406925e-007	8.280506e-006	-8.747115e-007	1.337767e-007	1.518844e-005	8.887557e-006
2.938101948875415e-008	4.195226e-006	-2.680668e-007	3.922784e-006	3.382276e-006	-5.405085e-007	8.279266e-006	-8.745259e-007	1.337559e-007	1.518035e-005	8.888226e-006
2.938201948875416e-008	4.194121e-006	-2.685087e-007	3.922336e-006	3.382041e-006	-5.402941e-007	8.278018e-006	-8.743187e-007	1.337354e-007	1.517017e-005	8.888896e-006
2.938301948875416e-008	4.192908e-006	-2.690576e-007	3.921916e-006	3.381866e-006	-5.400494e-007	8.276762e-006	-8.740848e-007	1.337151e-007	1.515792e-005	8.889566e-006
2.938401948875416e-008	4.191586e-006	-2.697134e-007	3.921525e-006	3.381751e-006	-5.397741e-007	8.275496e-006	-8.738191e-007	1.336950e-007	1.514360e-005	8.890236e-006
2.938501948875416e-008	4.190156e-006	-2.704758e-007	3.921163e-006	3.381695e-006	-5.394685e-007	8.274219e-006	-8.735163e-007	1.336752e-007	1.512722e-005	8.890906e-006
2.938601948875416e-008	4.188619e-006	-2.713443e-007	3.920830e-006	3.381698e-006	-5.391327e-007	8.272928e-006	-8.731713e-007	1.336556e-007	1.510878e-005	8.891575e-006
2.938701948875416e-008	4.186974e-006	-2.723185e-007	3.920526e-006	3.381759e-006	-5.387666e-007	8.271624e-006	-8.727790e-007	1.336363e-007	1.508830e-005	8.892244e-006
2.938801948875416e-008	4.185223e-006	-2.733977e-007	3.920250e-006	3.381879e-006	-5.383707e-007	8.270304e-006	-8.723341e-007	1.336172e-007	1.506577e-005	8.892914e-006
2.938901948875416e-008	4.183366e-006	-2.745815e-007	3.920002e-006	3.382057e-006	-5.379451e-007	8.268967e-006	-8.718317e-007	1.335983e-007	1.504121e-005	8.893584e-006
2.939001948875416e-008	4.181404e-006	-2.758691e-007	3.919783e-006	3.382293e-006	-5.374900e-007	8.267611e-006	-8.712666e-007	1.335797e-007	1.501462e-005	8.894253e-006
2.939101948875417e-008	4.179337e-006	-2.772598e-007	3.919591e-006	3.382586e-006	-5.370056e-007	8.266235e-006	-8.706337e-007	1.335613e-007	1.498603e-005	8.894923e-006
2.939201948875417e-008	4.177166e-006	-2.787529e-007	3.919427e-006	3.382935e-006	-5.364922e-007	8.264838e-006	-8.699279e-007	1.335431e-007	1.495544e-005	8.895593e-006
2.939301948875417e-008	4.174893e-006	-2.803477e-007	3.919291e-006	3.383341e-006	-5.359499e-007	8.263418e-006	-8.691441e-007	1.335251e-007	1.492286e-005	8.896262e-006
2.939401948875417e-008	4.172517e-006	-2.820432e-007	3.919181e-006	3.383802e-006	-5.353792e-007	8.261974e-006	-8.682772e-007	1.335074e-007	1.488830e-005	8.896933e-006
2.939501948875417e-008	4.170040e-006	-2.838387e-007	3.919098e-006	3.384318e-006	-5.347803e-007	8.260504e-006	-8.673222e-007	1.334898e-007	1.485178e-005	8.897602e-006
2.939601948875417e-008	4.167462e-006	-2.857333e-007	3.919042e-006	3.384889e-006	-5.341534e-007	8.259008e-006	-8.662741e-007	1.334725e-007	1.481332e-005	8.898272e-006
2.939801948875417e-008	4.162010e-006	-2.898159e-007	3.919009e-006	3.386192e-006	-5.328169e-007	8.255928e-006	-8.638780e-007	1.334385e-007	1.473062e-005	8.899613e-006
2.940001948875418e-008	4.156168e-006	-2.942830e-007	3.919078e-006	3.387706e-006	-5.313724e-007	8.252725e-006	-8.610487e-007	1.334053e-007	1.464033e-005	8.900955e-006
2.940201948875418e-008	4.149944e-006	-2.991261e-007	3.919248e-006	3.389426e-006	-5.298225e-007	8.249387e-006	-8.577460e-007	1.333729e-007	1.454259e-005	8.902296e-006
2.940401948875418e-008	4.143349e-006	-3.043363e-007	3.919515e-006	3.391345e-006	-5.281700e-007	8.245903e-006	-8.539298e-007	1.333412e-007	1.443756e-005	8.903638e-006
2.940601948875418e-008	4.136392e-006	-3.099037e-007	3.919878e-006	3.393460e-006	-5.264179e-007	8.242263e-006	-8.495601e-007	1.333102e-007	1.432540e-005	8.904983e-006
2.940901948875419e-008	4.125299e-006	-3.189026e-007	3.920592e-006	3.396982e-006	-5.236100e-007	8.236487e-006	-8.418808e-007	1.332651e-007	1.414419e-005	8.907001e-006
2.941201948875419e-008	4.113453e-006	-3.286459e-007	3.921502e-006	3.400906e-006	-5.205964e-007	8.230301e-006	-8.327326e-007	1.332214e-007	1.394799e-005	8.909022e-006
2.941501948875419e-008	4.100891e-006	-3.390948e-007	3.922597e-006	3.405208e-006	-5.173887e-007	8.223671e-006	-8.219824e-007	1.331790e-007	1.373748e-005	8.911045e-006
2.941801948875420e-008	4.087656e-006	-3.502081e-007	3.923864e-006	3.409865e-006	-5.139997e-007	8.216562e-006	-8.094981e-007	1.331378e-007	1.351340e-005	8.913074e-006
2.941973377446848e-008	4.079785e-006	-3.568627e-007	3.924668e-006	3.412688e-006	-5.119800e-007	8.212288e-006	-8.015944e-007	1.331149e-007	1.337915e-005	8.914234e-006
2.942144806018277e-008	4.071739e-006	-3.636896e-007	3.925515e-006	3.415601e-006	-5.099143e-007	8.207825e-006	-7.929979e-007	1.330922e-007	1.324127e-005	8.915396e-006
2.942316234589706e-008	4.063519e-006	-3.706889e-007	3.926406e-006	3.418603e-006	-5.078026e-007	8.203175e-006	-7.837087e-007	1.330698e-007	1.309978e-005	8.916559e-006
2.942487663161135e-008	4.055125e-006	-3.778605e-007	3.927341e-006	3.421696e-006	-5.056450e-007	8.198337e-006	-7.737268e-007	1.330476e-007	1.295468e-005	8.917725e-006
2.942659091732564e-008	4.046556e-006	-3.852045e-007	3.928319e-006	3.424878e-006	-5.034415e-007	8.193310e-006	-7.630522e-007	1.330258e-007	1.280595e-005	8.918891e-006
2.942830520303992e-008	4.037813e-006	-3.927208e-007	3.929342e-006	3.428150e-006	-5.011920e-007	8.188096e-006	-7.516850e-007	1.330042e-007	1.265361e-005	8.920060e-006
2.943001948875421e-008	4.028895e-006	-4.004095e-007	3.930408e-006	3.431511e-006	-4.988965e-007	8.182695e-006	-7.396250e-007	1.329829e-007	1.249765e-005	8.921230e-006
2.943101948875421e-008	4.023659e-006	-4.049278e-007	3.931039e-006	3.433491e-006	-4.975480e-007	8.179441e-006	-7.321998e-007	1.329705e-007	1.240604e-005	8.921913e-006
2.943587663161136e-008	3.997993e-006	-4.271048e-007	3.934160e-006	3.443221e-006	-4.909384e-007	8.162799e-006	-6.932315e-007	1.329102e-007	1.195549e-005	8.925239e-006
2.944073377446851e-008	3.972537e-006	-4.490784e-007	3.937195e-006	3.452774e-006	-4.844207e-007	8.144127e-006	-6.464143e-007	1.328484e-007	1.150597e-005	8.928585e-006
2.944559091732566e-008	3.947290e-006	-4.708487e-007	3.940144e-006	3.462149e-006	-4.779947e-007	8.123424e-006	-5.917481e-007	1.327851e-007	1.105748e-005	8.931951e-006
2.945044806018280e-008	3.922253e-006	-4.924155e-007	3.943008e-006	3.471347e-006	-4.716606e-007	8.100691e-006	-5.292331e-007	1.327203e-007	1.061002e-005	8.935337e-006
2.945530520303995e-008	3.897425e-006	-5.137790e-007	3.945786e-006	3.480368e-006	-4.654182e-007	8.075927e-006	-4.588691e-007	1.326539e-007	1.016360e-005	8.938744e-006
2.946016234589710e-008	3.872808e-006	-5.349390e-007	3.948479e-006	3.489211e-006	-4.592677e-007	8.049132e-006	-3.806562e-007	1.325860e-007	9.718204e-006	8.942170e-006
2.946501948875425e-008	3.848400e-006	-5.558957e-007	3.951086e-006	3.497877e-006	-4.532090e-007	8.020307e-006	-2.945944e-007	1.325165e-007	9.273845e-006	8.945617e-006
2.946730520303997e-008	3.837153e-006	-5.655231e-007	3.952240e-006	3.501804e-006	-4.504356e-007	8.005893e-006	-2.506398e-007	1.324830e-007	9.068320e-006	8.947249e-006
2.946959091732568e-008	3.826038e-006	-5.750204e-007	3.953353e-006	3.505646e-006	-4.477061e-007	7.990992e-006	-2.046914e-007	1.324489e-007	8.864722e-006	8.948886e-006
2.947187663161140e-008	3.815057e-006	-5.843875e-007	3.954424e-006	3.509403e-006	-4.450205e-007	7.975606e-006	-1.567492e-007	1.324143e-007	8.663051e-006	8.950529e-006
2.947416234589712e-008	3.804208e-006	-5.936244e-007	3.955454e-006	3.513075e-006	-4.423788e-007	7.959734e-006	-1.068131e-007	1.323792e-007	8.463308e-006	8.952177e-006
2.947644806018283e-008	3.793492e-006	-6.027312e-007	3.956443e-006	3.516662e-006	-4.397809e-007	7.943377e-006	-5.488319e-008	1.323436e-007	8.265493e-006	8.953830e-006
2.947873377446855e-008	3.782909e-006	-6.117078e-007	3.957390e-006	3.520163e-006	-4.372268e-007	7.926533e-006	-9.594383e-010	1.323075e-007	8.069605e-006	8.955489e-006
2.948101948875427e-008	3.772459e-006	-6.205543e-007	3.958296e-006	3.523580e-006	-4.347167e-007	7.909204e-006	5.495814e-008	1.322708e-007	7.875644e-006	8.957153e-006
2.948201948875427e-008	3.767942e-006	-6.243698e-007	3.958676e-006	3.525040e-006	-4.336360e-007	7.901477e-006	8.004923e-008	1.322546e-007	7.791677e-006	8.957883e-006
2.948787663161142e-008	3.742014e-006	-6.462045e-007	3.960736e-006	3.533253e-006	-4.274826e-007	7.853900e-006	2.360703e-007	1.321575e-007	7.307212e-006	8.962182e-006
2.949373377446857e-008	3.717316e-006	-6.668303e-007	3.962439e-006	3.540732e-006	-4.217076e-007	7.803888e-006	4.034564e-007	1.320565e-007	6.843081e-006	8.966514e-006
2.949959091732572e-008	3.693850e-006	-6.862471e-007	3.963786e-006	3.547475e-006	-4.163110e-007	7.751441e-006	5.822074e-007	1.319517e-007	6.399284e-006	8.970878e-006
2.950544806018287e-008	3.671615e-006	-7.044550e-007	3.964777e-006	3.553485e-006	-4.112928e-007	7.696558e-006	7.723234e-007	1.318431e-007	5.975822e-006	8.975275e-006
2.951130520304002e-008	3.650611e-006	-7.214540e-007	3.965412e-006	3.558759e-006	-4.066529e-007	7.639240e-006	9.738043e-007	1.317305e-007	5.572695e-006	8.979705e-006
2.951716234589716e-008	3.630837e-006	-7.372440e-007	3.965690e-006	3.563299e-006	-4.023914e-007	7.579487e-006	1.186650e-006	1.316142e-007	5.189902e-006	8.984167e-006
2.952301948875431e-008	3.612295e-006	-7.518250e-007	3.965612e-006	3.567104e-006	-3.985082e-007	7.517299e-006	1.410861e-006	1.314940e-007	4.827443e-006	8.988662e-006
2.953073377446861e-008	3.590163e-006	-7.687802e-007	3.964865e-006	3.570787e-006	-3.940781e-007	7.432423e-006	1.721951e-006	1.313291e-007	4.389578e-006	8.994629e-006
2.953844806018290e-008	3.569855e-006	-7.839440e-007	3.963616e-006	3.573434e-006	-3.901823e-007	7.346942e-006	2.041187e-006	1.311593e-007	3.983822e-006	9.000622e-006
2.954616234589720e-008	3.551371e-006	-7.973162e-007	3.961866e-006	3.575045e-006	-3.868208e-007	7.260858e-006	2.368570e-006	1.309848e-007	3.610175e-006	9.006642e-006
2.955387663161149e-008	3.534712e-006	-8.088971e-007	3.959615e-006	3.575621e-006	-3.839937e-007	7.174170e-006	2.704100e-006	1.308054e-007	3.268636e-006	9.012687e-006
2.956159091732579e-008	3.519877e-006	-8.186864e-007	3.956862e-006	3.575161e-006	-3.817010e-007	7.086877e-006	3.047777e-006	1.306213e-007	2.959206e-006	9.018758e-006
2.956930520304008e-008	3.506866e-006	-8.266843e-007	3.953608e-006	3.573665e-006	-3.799426e-007	6.998981e-006	3.399601e-006	1.304323e-007	2.681886e-006	9.024855e-006
2.957701948875438e-008	3.495681e-006	-8.328908e-007	3.949853e-006	3.571134e-006	-3.787186e-007	6.910480e-006	3.759571e-006	1.302384e-007	2.436673e-006	9.030979e-006
2.958330520304010e-008	3.487477e-006	-8.370546e-007	3.946557e-006	3.568582e-006	-3.779750e-007	6.839895e-006	4.052152e-006	1.300786e-007	2.253720e-006	9.035969e-006
2.958959091732582e-008	3.479946e-006	-8.405592e-007	3.943088e-006	3.565671e-006	-3.774175e-007	6.770610e-006	4.343802e-006	1.299174e-007	2.083223e-006	9.040958e-006
2.959587663161154e-008	3.473088e-006	-8.434048e-007	3.939447e-006	3.562401e-006	-3.770460e-007	6.702626e-006	4.634523e-006	1.297548e-007	1.925181e-006	9.045946e-006
2.960216234589726e-008	3.466903e-006	-8.455912e-007	3.935634e-006	3.558773e-006	-3.768605e-007	6.635944e-006	4.924312e-006	1.295910e-007	1.779596e-006	9.050933e-006
2.960844806018298e-008	3.461391e-006	-8.471185e-007	3.931648e-006	3.554787e-006	-3.768611e-007	6.570562e-006	5.213172e-006	1.294258e-007	1.646467e-006	9.055919e-006
2.961473377446871e-008	3.456551e-006	-8.479868e-007	3.927490e-006	3.550442e-006	-3.770478e-007	6.506482e-006	5.501101e-006	1.292594e-007	1.525794e-006	9.060904e-006
2.962101948875443e-008	3.452384e-006	-8.481959e-007	3.923159e-006	3.545739e-006	-3.774204e-007	6.443703e-006	5.788100e-006	1.290916e-007	1.417577e-006	9.065887e-006
2.962516234589729e-008	3.449832e-006	-8.481443e-007	3.920261e-006	3.542547e-006	-3.777145e-007	6.403409e-006	5.975171e-006	1.289808e-007	1.350123e-006	9.069166e-006
2.962930520304015e-008	3.447444e-006	-8.479324e-007	3.917326e-006	3.539275e-006	-3.780504e-007	6.363895e-006	6.160798e-006	1.288700e-007	1.285897e-006	9.072442e-006
2.963344806018301e-008	3.445220e-006	-8.475603e-007	3.914352e-006	3.535924e-006	-3.784281e-007	6.325161e-006	6.344983e-006	1.287590e-007	1.224900e-006	9.075714e-006
2.963759091732587e-008	3.443161e-006	-8.470279e-007	3.911341e-006	3.532493e-006	-3.788475e-007	6.287206e-006	6.527725e-006	1.286478e-007	1.167133e-006	9.078982e-006
2.964173377446874e-008	3.441265e-006	-8.463352e-007	3.908292e-006	3.528983e-006	-3.793088e-007	6.250030e-006	6.709024e-006	1.285365e-007	1.112594e-006	9.082246e-006
2.964587663161160e-008	3.439534e-006	-8.454823e-007	3.905205e-006	3.525393e-006	-3.798118e-007	6.213635e-006	6.888880e-006	1.284251e-007	1.061284e-006	9.085506e-006
2.965001948875446e-008	3.437968e-006	-8.444690e-007	3.902080e-006	3.521723e-006	-3.803567e-007	6.178019e-006	7.067293e-006	1.283135e-007	1.013203e-006	9.088762e-006
2.965101948875446e-008	3.437602e-006	-8.442122e-007	3.901323e-006	3.520833e-006	-3.804908e-007	6.169550e-006	7.110064e-006	1.282866e-007	1.001872e-006	9.089547e-006
2.965201948875446e-008	3.437243e-006	-8.439495e-007	3.900565e-006	3.519939e-006	-3.806266e-007	6.161128e-006	7.152736e-006	1.282596e-007	9.906587e-007	9.090332e-006
2.965501948875446e-008	3.436192e-006	-8.431343e-007	3.898287e-006	3.517247e-006	-3.810401e-007	6.136154e-006	7.280136e-006	1.281789e-007	9.575938e-007	9.092685e-006
2.965801948875447e-008	3.435182e-006	-8.422807e-007	3.896001e-006	3.514539e-006	-3.814621e-007	6.111629e-006	7.406564e-006	1.280983e-007	9.253894e-007	9.095035e-006
2.965901948875447e-008	3.434855e-006	-8.419863e-007	3.895237e-006	3.513632e-006	-3.816048e-007	6.103555e-006	7.448481e-006	1.280714e-007	9.148864e-007	9.095817e-006
2.966001948875447e-008	3.434539e-006	-8.416816e-007	3.894471e-006	3.512722e-006	-3.817496e-007	6.095534e-006	7.490281e-006	1.280445e-007	9.046466e-007	9.096600e-006
2.966201948875447e-008	3.433962e-006	-8.410180e-007	3.892928e-006	3.510876e-006	-3.820521e-007	6.079650e-006	7.573518e-006	1.279907e-007	8.853328e-007	9.098164e-006
2.966307675730167e-008	3.433690e-006	-8.406353e-007	3.892104e-006	3.509883e-006	-3.822207e-007	6.071341e-006	7.617320e-006	1.279623e-007	8.757592e-007	9.098990e-006
2.966413402584886e-008	3.433436e-006	-8.402340e-007	3.891276e-006	3.508881e-006	-3.823941e-007	6.063095e-006	7.660971e-006	1.279337e-007	8.665595e-007	9.099816e-006
2.966519129439606e-008	3.433201e-006	-8.398141e-007	3.890443e-006	3.507870e-006	-3.825726e-007	6.054912e-006	7.704471e-006	1.279052e-007	8.577336e-007	9.100641e-006
2.966624856294325e-008	3.432986e-006	-8.393756e-007	3.889605e-006	3.506849e-006	-3.827560e-007	6.046792e-006	7.747819e-006	1.278767e-007	8.492816e-007	9.101466e-006
2.966730583149045e-008	3.432789e-006	-8.389185e-007	3.888763e-006	3.505818e-006	-3.829445e-007	6.038734e-006	7.791016e-006	1.278481e-007	8.412035e-007	9.102290e-006
2.966836310003764e-008	3.432611e-006	-8.384428e-007	3.887916e-006	3.504778e-006	-3.831379e-007	6.030740e-006	7.834062e-006	1.278195e-007	8.334993e-007	9.103114e-006
2.966942036858484e-008	3.432452e-006	-8.379486e-007	3.887064e-006	3.503728e-006	-3.833363e-007	6.022808e-006	7.876956e-006	1.277909e-007	8.261689e-007	9.103937e-006
2.966954226370158e-008	3.432435e-006	-8.378906e-007	3.886966e-006	3.503607e-006	-3.833594e-007	6.021898e-006	7.881889e-006	1.277876e-007	8.253435e-007	9.104032e-006
2.967083829191231e-008	3.432275e-006	-8.372505e-007	3.885914e-006	3.502303e-006	-3.836114e-007	6.012291e-006	7.934181e-006	1.277524e-007	8.170865e-007	9.105041e-006
2.967213432012304e-008	3.432145e-006	-8.365810e-007	3.884855e-006	3.500983e-006	-3.838712e-007	6.002783e-006	7.986216e-006	1.277173e-007	8.094231e-007	9.106049e-006
2.967343034833377e-008	3.432045e-006	-8.358824e-007	3.883788e-006	3.499649e-006	-3.841388e-007	5.993376e-006	8.037996e-006	1.276821e-007	8.023532e-007	9.107056e-006
2.967472637654450e-008	3.431975e-006	-8.351545e-007	3.882715e-006	3.498300e-006	-3.844141e-007	5.984069e-006	8.089520e-006	1.276469e-007	7.958769e-007	9.108062e-006
2.967602240475522e-008	3.431934e-006	-8.343973e-007	3.881634e-006	3.496937e-006	-3.846972e-007	5.974862e-006	8.140789e-006	1.276116e-007	7.899941e-007	9.109068e-006
2.967731843296595e-008	3.431923e-006	-8.336109e-007	3.880546e-006	3.495558e-006	-3.849881e-007	5.965756e-006	8.191802e-006	1.275763e-007	7.847049e-007	9.110073e-006
2.967861446117668e-008	3.431942e-006	-8.327953e-007	3.879451e-006	3.494164e-006	-3.852867e-007	5.956749e-006	8.242559e-006	1.275410e-007	7.800093e-007	9.111077e-006
2.967961446117669e-008	3.431974e-006	-8.321495e-007	3.878602e-006	3.493081e-006	-3.855214e-007	5.949862e-006	8.281559e-006	1.275137e-007	7.767428e-007	9.111851e-006
2.967998695300010e-008	3.431991e-006	-8.319037e-007	3.878285e-006	3.492675e-006	-3.856100e-007	5.947311e-006	8.296049e-006	1.275036e-007	7.756969e-007	9.112139e-006
2.968012747602449e-008	3.431999e-006	-8.318088e-007	3.878165e-006	3.492521e-006	-3.856438e-007	5.946352e-006	8.301506e-006	1.274997e-007	7.753682e-007	9.112247e-006
2.968019671786028e-008	3.432004e-006	-8.317614e-007	3.878105e-006	3.492445e-006	-3.856605e-007	5.945880e-006	8.304193e-006	1.274978e-007	7.751539e-007	9.112301e-006
2.968020759687830e-008	3.432005e-006	-8.317539e-007	3.878096e-006	3.492433e-006	-3.856632e-007	5.945806e-006	8.304615e-006	1.274975e-007	7.751067e-007	9.112309e-006
2.968021245248308e-008	3.432006e-006	-8.317506e-007	3.878092e-006	3.492427e-006	-3.856644e-007	5.945773e-006	8.304803e-006	1.274974e-007	7.750882e-007	9.112314e-006
2.968021852682957e-008	3.432006e-006	-8.317465e-007	3.878087e-006	3.492421e-006	-3.856658e-007	5.945732e-006	8.305039e-006	1.274972e-007	7.750709e-007	9.112318e-006
2.968022499459605e-008	3.432006e-006	-8.317422e-007	3.878081e-006	3.492413e-006	-3.856674e-007	5.945688e-006	8.305290e-006	1.274971e-007	7.750535e-007	9.112323e-006
2.968023172842339e-008	3.432007e-006	-8.317376e-007	3.878075e-006	3.492406e-006	-3.856690e-007	5.945642e-006	8.305551e-006	1.274969e-007	7.750353e-007	9.112328e-006
2.968023884523473e-008	3.432007e-006	-8.317328e-007	3.878069e-006	3.492398e-006	-3.856707e-007	5.945594e-006	8.305828e-006	1.274967e-007	7.750159e-007	9.112334e-006
2.968024570058991e-008	3.432008e-006	-8.317282e-007	3.878063e-006	3.492391e-006	-3.856724e-007	5.945547e-006	8.306093e-006	1.274965e-007	7.749967e-007	9.112339e-006
2.968025265149257e-008	3.432008e-006	-8.317235e-007	3.878057e-006	3.492383e-006	-3.856741e-007	5.945500e-006	8.306363e-006	1.274963e-007	7.749769e-007	9.112345e-006
2.968025946491282e-008	3.432008e-006	-8.317189e-007	3.878052e-006	3.492376e-006	-3.856758e-007	5.945453e-006	8.306627e-006	1.274961e-007	7.749571e-007	9.112350e-006
2.968026640437696e-008	3.432009e-006	-8.317141e-007	3.878045e-006	3.492368e-006	-3.856775e-007	5.945406e-006	8.306896e-006	1.274959e-007	7.749367e-007	9.112355e-006
2.968027325433639e-008	3.432009e-006	-8.317095e-007	3.878040e-006	3.492361e-006	-3.856791e-007	5.945359e-006	8.307162e-006	1.274958e-007	7.749164e-007	9.112360e-006
2.968028018310151e-008	3.432010e-006	-8.317049e-007	3.878034e-006	3.492353e-006	-3.856808e-007	5.945312e-006	8.307431e-006	1.274956e-007	7.748957e-007	9.112366e-006
2.968028704240088e-008	3.432010e-006	-8.317002e-007	3.878028e-006	3.492346e-006	-3.856825e-007	5.945265e-006	8.307697e-006	1.274954e-007	7.748752e-007	9.112371e-006
2.968029395844497e-008	3.432011e-006	-8.316956e-007	3.878022e-006	3.492338e-006	-3.856842e-007	5.945219e-006	8.307965e-006	1.274952e-007	7.748545e-007	9.112377e-006
2.968030203047245e-008	3.432011e-006	-8.316901e-007	3.878015e-006	3.492329e-006	-3.856861e-007	5.945164e-006	8.308278e-006	1.274950e-007	7.748302e-007	9.112383e-006
2.968031113029440e-008	3.432012e-006	-8.316840e-007	3.878007e-006	3.492319e-006	-3.856883e-007	5.945102e-006	8.308632e-006	1.274947e-007	7.748027e-007	9.112390e-006
2.968032194005828e-008	3.432012e-006	-8.316767e-007	3.877998e-006	3.492307e-006	-3.856910e-007	5.945028e-006	8.309050e-006	1.274944e-007	7.747702e-007	9.112398e-006
2.968034983680106e-008	3.432014e-006	-8.316579e-007	3.877974e-006	3.492276e-006	-3.856977e-007	5.944838e-006	8.310132e-006	1.274937e-007	7.746860e-007	9.112419e-006
2.968047098147374e-008	3.432021e-006	-8.315767e-007	3.877870e-006	3.492143e-006	-3.857272e-007	5.944015e-006	8.314828e-006	1.274904e-007	7.743202e-007	9.112513e-006
2.968059212614642e-008	3.432027e-006	-8.314957e-007	3.877766e-006	3.492010e-006	-3.857566e-007	5.943193e-006	8.319522e-006	1.274870e-007	7.739547e-007	9.112607e-006
2.968071327081910e-008	3.432034e-006	-8.314148e-007	3.877663e-006	3.491876e-006	-3.857860e-007	5.942371e-006	8.324212e-006	1.274837e-007	7.735893e-007	9.112701e-006
2.968083441549177e-008	3.432040e-006	-8.313341e-007	3.877559e-006	3.491743e-006	-3.858153e-007	5.941551e-006	8.328899e-006	1.274804e-007	7.732242e-007	9.112795e-006
2.968095556016445e-008	3.432047e-006	-8.312536e-007	3.877455e-006	3.491611e-006	-3.858446e-007	5.940732e-006	8.333584e-006	1.274771e-007	7.728593e-007	9.112888e-006
2.968107670483712e-008	3.432053e-006	-8.311732e-007	3.877352e-006	3.491478e-006	-3.858739e-007	5.939914e-006	8.338265e-006	1.274738e-007	7.724945e-007	9.112982e-006
2.968119784950980e-008	3.432059e-006	-8.310930e-007	3.877248e-006	3.491345e-006	-3.859030e-007	5.939097e-006	8.342944e-006	1.274705e-007	7.721300e-007	9.113076e-006
2.968531419655947e-008	3.432260e-006	-8.283662e-007	3.873737e-006	3.486847e-006	-3.868896e-007	5.911881e-006	8.500541e-006	1.273584e-007	7.598583e-007	9.116254e-006
2.968943054360914e-008	3.432453e-006	-8.256499e-007	3.870237e-006	3.482370e-006	-3.878663e-007	5.885601e-006	8.655593e-006	1.272468e-007	7.477918e-007	9.119425e-006
2.969354689065880e-008	3.432637e-006	-8.229439e-007	3.866748e-006	3.477914e-006	-3.888331e-007	5.860255e-006	8.808100e-006	1.271355e-007	7.359305e-007	9.122587e-006
2.969766323770847e-008	3.432811e-006	-8.202484e-007	3.863270e-006	3.473480e-006	-3.897899e-007	5.835846e-006	8.958061e-006	1.270247e-007	7.242744e-007	9.125742e-006
2.970177958475814e-008	3.432977e-006	-8.175634e-007	3.859803e-006	3.469067e-006	-3.907369e-007	5.812371e-006	9.105478e-006	1.269143e-007	7.128235e-007	9.128888e-006
2.970589593180781e-008	3.433133e-006	-8.148887e-007	3.856348e-006	3.464674e-006	-3.916739e-007	5.789832e-006	9.250350e-006	1.268043e-007	7.015778e-007	9.132027e-006
2.971001227885747e-008	3.433281e-006	-8.122245e-007	3.852904e-006	3.460303e-006	-3.926010e-007	5.768228e-006	9.392676e-006	1.266947e-007	6.905374e-007	9.135158e-006
2.971101227885748e-008	3.433315e-006	-8.115789e-007	3.852069e-006	3.459245e-006	-3.928247e-007	5.763214e-006	9.427065e-006	1.266682e-007	6.878803e-007	9.135918e-006
2.971129295318653e-008	3.433325e-006	-8.113978e-007	3.851835e-006	3.458948e-006	-3.928875e-007	5.761931e-006	9.436810e-006	1.266607e-007	6.871364e-007	9.136133e-006
2.971141312904214e-008	3.433329e-006	-8.113203e-007	3.851735e-006	3.458820e-006	-3.929143e-007	5.761236e-006	9.440827e-006	1.266575e-007	6.868185e-007	9.136224e-006
2.971151721298783e-008	3.433332e-006	-8.112532e-007	3.851648e-006	3.458710e-006	-3.929375e-007	5.760258e-006	9.443927e-006	1.266548e-007	6.865432e-007	9.136298e-006
2.971196966529147e-008	3.433347e-006	-8.109615e-007	3.851270e-006	3.458232e-006	-3.930384e-007	5.748040e-006	9.449404e-006	1.266428e-007	6.853489e-007	9.136573e-006
2.971242211759511e-008	3.433362e-006	-8.106700e-007	3.850893e-006	3.457754e-006	-3.931391e-007	5.730665e-006	9.449686e-006	1.266307e-007	6.841568e-007	9.136822e-006
2.971287456989875e-008	3.433377e-006	-8.103786e-007	3.850516e-006	3.457276e-006	-3.932398e-007	5.708133e-006	9.444774e-006	1.266186e-007	6.829668e-007	9.137046e-006
2.971332702220239e-008	3.433392e-006	-8.100873e-007	3.850139e-006	3.456799e-006	-3.933403e-007	5.680444e-006	9.434667e-006	1.266065e-007	6.817790e-007	9.137244e-006
2.971377947450603e-008	3.433407e-006	-8.097962e-007	3.849762e-006	3.456322e-006	-3.934407e-007	5.647598e-006	9.419365e-006	1.265943e-007	6.805934e-007	9.137417e-006
2.971423192680967e-008	3.433422e-006	-8.095052e-007	3.849386e-006	3.455845e-006	-3.935410e-007	5.609595e-006	9.398870e-006	1.265822e-007	6.794099e-007	9.137564e-006
2.971468437911331e-008	3.433436e-006	-8.092143e-007	3.849009e-006	3.455368e-006	-3.936412e-007	5.566435e-006	9.373180e-006	1.265699e-007	6.782286e-007	9.137685e-006
2.971668437911332e-008	3.433499e-006	-8.079300e-007	3.847346e-006	3.453264e-006	-3.940827e-007	5.324752e-006	9.208274e-006	1.265152e-007	6.730328e-007	9.138003e-006
2.971868437911332e-008	3.433559e-006	-8.066484e-007	3.845686e-006	3.451164e-006	-3.945219e-007	5.000020e-006	8.959571e-006	1.264591e-007	6.678798e-007	9.137968e-006
2.972068437911332e-008	3.433617e-006	-8.053694e-007	3.844028e-006	3.449069e-006	-3.949588e-007	4.604231e-006	8.639073e-006	1.264012e-007	6.627690e-007	9.137673e-006
2.972168437911332e-008	3.433645e-006	-8.047309e-007	3.843200e-006	3.448023e-006	-3.951765e-007	4.384031e-006	8.456243e-006	1.263716e-007	6.602291e-007	9.137460e-006
2.972368437911332e-008	3.433700e-006	-8.034559e-007	3.841546e-006	3.445935e-006	-3.956101e-007	3.908354e-006	8.054760e-006	1.263107e-007	6.551804e-007	9.136982e-006
2.972568437911333e-008	3.433752e-006	-8.021836e-007	3.839894e-006	3.443852e-006	-3.960415e-007	3.398240e-006	7.618119e-006	1.262476e-007	6.501723e-007	9.136525e-006
2.972868437911333e-008	3.433826e-006	-8.002802e-007	3.837421e-006	3.440737e-006	-3.966846e-007	2.599890e-006	6.928637e-006	1.261486e-007	6.427356e-007	9.136121e-006
2.973168437911333e-008	3.433894e-006	-7.983829e-007	3.834954e-006	3.437632e-006	-3.973227e-007	1.798935e-006	6.234963e-006	1.260445e-007	6.353883e-007	9.136324e-006
2.973368437911333e-008	3.433937e-006	-7.971214e-007	3.833313e-006	3.435567e-006	-3.977453e-007	1.279900e-006	5.786577e-006	1.259723e-007	6.305393e-007	9.136914e-006
2.973568437911334e-008	3.433977e-006	-7.958626e-007	3.831674e-006	3.433508e-006	-3.981658e-007	7.810622e-007	5.357698e-006	1.258980e-007	6.257293e-007	9.137922e-006
2.973668437911334e-008	3.433996e-006	-7.952343e-007	3.830855e-006	3.432480e-006	-3.983752e-007	5.407663e-007	5.152125e-006	1.258601e-007	6.233389e-007	9.138594e-006
2.973768437911334e-008	3.434015e-006	-7.946065e-007	3.830038e-006	3.431454e-006	-3.985841e-007	3.071399e-007	4.953051e-006	1.258217e-007	6.209582e-007	9.139379e-006
2.973868437911334e-008	3.434033e-006	-7.939795e-007	3.829220e-006	3.430428e-006	-3.987924e-007	8.048970e-008	4.760784e-006	1.257829e-007	6.185871e-007	9.140281e-006
2.973968437911334e-008	3.434051e-006	-7.933531e-007	3.828403e-006	3.429403e-006	-3.990002e-007	-1.389727e-007	4.575536e-006	1.257437e-007	6.162257e-007	9.141299e-006
2.974068437911334e-008	3.434067e-006	-7.927275e-007	3.827588e-006	3.428380e-006	-3.992074e-007	-3.511212e-007	4.397435e-006	1.257041e-007	6.138739e-007	9.142434e-006
2.974168437911334e-008	3.434084e-006	-7.921025e-007	3.826772e-006	3.427358e-006	-3.994141e-007	-5.559050e-007	4.226531e-006	1.256641e-007	6.115317e-007	9.143686e-006
2.974268437911334e-008	3.434099e-006	-7.914781e-007	3.825957e-006	3.426337e-006	-3.996203e-007	-7.533396e-007	4.062811e-006	1.256237e-007	6.091990e-007	9.145053e-006
2.974368437911335e-008	3.434114e-006	-7.908545e-007	3.825143e-006	3.425317e-006	-3.998259e-007	-9.434969e-007	3.906202e-006	1.255829e-007	6.068759e-007	9.146534e-006
2.974568437911335e-008	3.434143e-006	-7.896092e-007	3.823517e-006	3.423281e-006	-4.002354e-007	-1.302503e-006	3.613798e-006	1.255004e-007	6.022581e-007	9.149832e-006
2.974668437911335e-008	3.434156e-006	-7.889876e-007	3.822704e-006	3.422265e-006	-4.004393e-007	-1.471708e-006	3.477650e-006	1.254587e-007	5.999634e-007	9.151645e-006
2.974768437911335e-008	3.434169e-006	-7.883666e-007	3.821892e-006	3.421250e-006	-4.006428e-007	-1.634334e-006	3.347918e-006	1.254168e-007	5.976782e-007	9.153564e-006
2.974868437911335e-008	3.434181e-006	-7.877463e-007	3.821081e-006	3.420235e-006	-4.008456e-007	-1.790622e-006	3.224363e-006	1.253745e-007	5.954023e-007	9.155586e-006
2.974968437911335e-008	3.434192e-006	-7.871267e-007	3.820271e-006	3.419223e-006	-4.010479e-007	-1.940826e-006	3.106730e-006	1.253320e-007	5.931358e-007	9.157709e-006
2.975068437911335e-008	3.434203e-006	-7.865077e-007	3.819461e-006	3.418211e-006	-4.012497e-007	-2.085461e-006	2.994519e-006	1.252893e-007	5.908780e-007	9.159925e-006
2.975135453486328e-008	3.434210e-006	-7.860933e-007	3.818919e-006	3.417534e-006	-4.013847e-007	-2.178121e-006	2.923497e-006	1.252606e-007	5.893702e-007	9.161473e-006
2.975211018242399e-008	3.434218e-006	-7.856264e-007	3.818308e-006	3.416771e-006	-4.015365e-007	-2.277364e-006	2.848565e-006	1.252281e-007	5.876753e-007	9.163289e-006
2.975261180120565e-008	3.434222e-006	-7.853167e-007	3.817902e-006	3.416265e-006	-4.016372e-007	-2.340262e-006	2.801753e-006	1.252064e-007	5.865531e-007	9.164535e-006
2.975323764517980e-008	3.434228e-006	-7.849304e-007	3.817396e-006	3.415634e-006	-4.017625e-007	-2.416488e-006	2.745545e-006	1.251794e-007	5.851561e-007	9.166123e-006
2.975348590889898e-008	3.434230e-006	-7.847773e-007	3.817196e-006	3.415383e-006	-4.018122e-007	-2.446347e-006	2.723613e-006	1.251686e-007	5.846028e-007	9.166762e-006
2.975355522863383e-008	3.434231e-006	-7.847345e-007	3.817140e-006	3.415314e-006	-4.018260e-007	-2.454563e-006	2.717607e-006	1.251656e-007	5.844485e-007	9.166941e-006
2.975360735601039e-008	3.434232e-006	-7.847024e-007	3.817097e-006	3.415261e-006	-4.018365e-007	-2.460707e-006	2.713125e-006	1.251634e-007	5.843324e-007	9.167076e-006
2.975363459027814e-008	3.434232e-006	-7.846856e-007	3.817076e-006	3.415234e-006	-4.018419e-007	-2.463932e-006	2.710768e-006	1.251622e-007	5.842718e-007	9.167147e-006
2.975364543190392e-008	3.434232e-006	-7.846789e-007	3.817067e-006	3.415223e-006	-4.018441e-007	-2.465219e-006	2.709827e-006	1.251617e-007	5.842477e-007	9.167175e-006
2.975364810235246e-008	3.434232e-006	-7.846772e-007	3.817065e-006	3.415220e-006	-4.018446e-007	-2.465537e-006	2.709594e-006	1.251616e-007	5.842418e-007	9.167183e-006
2.975364831373507e-008	3.434232e-006	-7.846771e-007	3.817064e-006	3.415220e-006	-4.018447e-007	-2.465562e-006	2.709575e-006	1.251616e-007	5.842413e-007	9.167184e-006
2.975364850482202e-008	3.434232e-006	-7.846770e-007	3.817064e-006	3.415220e-006	-4.018447e-007	-2.465585e-006	2.709559e-006	1.251616e-007	5.842409e-007	9.167184e-006
2.975364877960791e-008	3.434232e-006	-7.846768e-007	3.817064e-006	3.415219e-006	-4.018447e-007	-2.465617e-006	2.709535e-006	1.251616e-007	5.842402e-007	9.167185e-006
2.975364932917971e-008	3.434232e-006	-7.846765e-007	3.817064e-006	3.415219e-006	-4.018449e-007	-2.465683e-006	2.709487e-006	1.251615e-007	5.842390e-007	9.167186e-006
2.975365013432470e-008	3.434232e-006	-7.846760e-007	3.817063e-006	3.415218e-006	-4.018450e-007	-2.465778e-006	2.709417e-006	1.251615e-007	5.842372e-007	9.167188e-006
2.975365095127726e-008	3.434232e-006	-7.846755e-007	3.817062e-006	3.415217e-006	-4.018452e-007	-2.465875e-006	2.709346e-006	1.251615e-007	5.842354e-007	9.167190e-006
2.975365194277613e-008	3.434232e-006	-7.846749e-007	3.817061e-006	3.415216e-006	-4.018454e-007	-2.465993e-006	2.709259e-006	1.251614e-007	5.842332e-007	9.167193e-006
2.975365305262338e-008	3.434232e-006	-7.846742e-007	3.817061e-006	3.415215e-006	-4.018456e-007	-2.466126e-006	2.709163e-006	1.251614e-007	5.842307e-007	9.167195e-006
2.975365453690408e-008	3.434232e-006	-7.846733e-007	3.817059e-006	3.415213e-006	-4.018459e-007	-2.466302e-006	2.709033e-006	1.251613e-007	5.842275e-007	9.167200e-006
2.975365636234027e-008	3.434232e-006	-7.846722e-007	3.817058e-006	3.415212e-006	-4.018463e-007	-2.466519e-006	2.708874e-006	1.251612e-007	5.842234e-007	9.167205e-006
2.975366281449181e-008	3.434232e-006	-7.846682e-007	3.817053e-006	3.415205e-006	-4.018476e-007	-2.467288e-006	2.708312e-006	1.251610e-007	5.842090e-007	9.167221e-006
2.975434693180638e-008	3.434238e-006	-7.842466e-007	3.816500e-006	3.414516e-006	-4.019841e-007	-2.551550e-006	2.645794e-006	1.251312e-007	5.826900e-007	9.168995e-006
2.975503104912096e-008	3.434243e-006	-7.838253e-007	3.815948e-006	3.413828e-006	-4.021204e-007	-2.636932e-006	2.582087e-006	1.251014e-007	5.811752e-007	9.170784e-006
2.975571516643554e-008	3.434249e-006	-7.834043e-007	3.815396e-006	3.413140e-006	-4.022565e-007	-2.723432e-006	2.517191e-006	1.250715e-007	5.796644e-007	9.172586e-006
2.975639928375012e-008	3.434254e-006	-7.829836e-007	3.814845e-006	3.412453e-006	-4.023923e-007	-2.811050e-006	2.451107e-006	1.250415e-007	5.781577e-007	9.174402e-006
2.975708340106469e-008	3.434259e-006	-7.825632e-007	3.814294e-006	3.411766e-006	-4.025279e-007	-2.899787e-006	2.383835e-006	1.250114e-007	5.766552e-007	9.176231e-006
2.975776751837927e-008	3.434263e-006	-7.821432e-007	3.813743e-006	3.411080e-006	-4.026632e-007	-2.989642e-006	2.315373e-006	1.249812e-007	5.751568e-007	9.178075e-006
2.975845163569385e-008	3.434267e-006	-7.817234e-007	3.813193e-006	3.410394e-006	-4.027983e-007	-3.080616e-006	2.245723e-006	1.249509e-007	5.736625e-007	9.179932e-006
2.976045163569385e-008	3.434278e-006	-7.804981e-007	3.811585e-006	3.408393e-006	-4.031918e-007	-3.350933e-006	2.037328e-006	1.248618e-007	5.693183e-007	9.185454e-006
2.976345163569385e-008	3.434290e-006	-7.786652e-007	3.809177e-006	3.405399e-006	-4.037779e-007	-3.770287e-006	1.709717e-006	1.247265e-007	5.628691e-007	9.193970e-006
2.976545163569386e-008	3.434294e-006	-7.774467e-007	3.807575e-006	3.403409e-006	-4.041660e-007	-4.059573e-006	1.480825e-006	1.246353e-007	5.586145e-007	9.199805e-006
2.976745163569386e-008	3.434297e-006	-7.762309e-007	3.805976e-006	3.401424e-006	-4.045519e-007	-4.354248e-006	1.245963e-006	1.245430e-007	5.543941e-007	9.205745e-006
2.976945163569386e-008	3.434297e-006	-7.750178e-007	3.804379e-006	3.399443e-006	-4.049357e-007	-4.654310e-006	1.005130e-006	1.244498e-007	5.502077e-007	9.211791e-006
2.977145163569386e-008	3.434294e-006	-7.738075e-007	3.802784e-006	3.397467e-006	-4.053174e-007	-4.959759e-006	7.583283e-007	1.243557e-007	5.460555e-007	9.217941e-006
2.977345163569387e-008	3.434289e-006	-7.725999e-007	3.801192e-006	3.395495e-006	-4.056969e-007	-5.270596e-006	5.055563e-007	1.242605e-007	5.419373e-007	9.224197e-006
2.977545163569387e-008	3.434282e-006	-7.713951e-007	3.799603e-006	3.393528e-006	-4.060744e-007	-5.586821e-006	2.468142e-007	1.241644e-007	5.378532e-007	9.230558e-006
2.977745163569387e-008	3.434272e-006	-7.701929e-007	3.798015e-006	3.391566e-006	-4.064497e-007	-5.908433e-006	-1.789774e-008	1.240673e-007	5.338032e-007	9.237025e-006
2.978045163569387e-008	3.434253e-006	-7.683949e-007	3.795639e-006	3.388631e-006	-4.070087e-007	-6.396405e-006	-4.215555e-007	1.239197e-007	5.277890e-007	9.246879e-006
2.978316592140816e-008	3.434231e-006	-7.667734e-007	3.793494e-006	3.385984e-006	-4.075104e-007	-6.846900e-006	-7.968753e-007	1.237842e-007	5.224124e-007	9.255984e-006
2.978588020712245e-008	3.434204e-006	-7.651570e-007	3.791353e-006	3.383345e-006	-4.080084e-007	-7.299607e-006	-1.175388e-006	1.236467e-007	5.170934e-007	9.265215e-006
2.978859449283674e-008	3.434173e-006	-7.635457e-007	3.789217e-006	3.380714e-006	-4.085025e-007	-7.754526e-006	-1.557092e-006	1.235074e-007	5.118319e-007	9.274572e-006
2.979130877855103e-008	3.434138e-006	-7.619394e-007	3.787085e-006	3.378092e-006	-4.089928e-007	-8.211656e-006	-1.941990e-006	1.233662e-007	5.066279e-007	9.284054e-006
2.979402306426532e-008	3.434098e-006	-7.603383e-007	3.784957e-006	3.375478e-006	-4.094793e-007	-8.670998e-006	-2.330079e-006	1.232231e-007	5.014815e-007	9.293661e-006
2.979673734997961e-008	3.434053e-006	-7.587422e-007	3.782834e-006	3.372872e-006	-4.099620e-007	-9.132551e-006	-2.721361e-006	1.230781e-007	4.963926e-007	9.303394e-006
2.979945163569390e-008	3.434005e-006	-7.571512e-007	3.780715e-006	3.370274e-006	-4.104409e-007	-9.596317e-006	-3.115836e-006	1.229312e-007	4.913613e-007	9.313253e-006
2.980545163569390e-008	3.433880e-006	-7.536522e-007	3.776046e-006	3.364560e-006	-4.114863e-007	-1.060860e-005	-3.978195e-006	1.226002e-007	4.804307e-007	9.335333e-006
2.980645163569390e-008	3.433858e-006	-7.530714e-007	3.775270e-006	3.363611e-006	-4.116589e-007	-1.077599e-005	-4.121017e-006	1.225442e-007	4.786334e-007	9.339051e-006
2.980673231011673e-008	3.433851e-006	-7.529084e-007	3.775052e-006	3.363345e-006	-4.117072e-007	-1.082279e-005	-4.160941e-006	1.225285e-007	4.781302e-007	9.340097e-006
2.980696363172050e-008	3.433846e-006	-7.527742e-007	3.774873e-006	3.363126e-006	-4.117470e-007	-1.086058e-005	-4.193076e-006	1.225155e-007	4.777162e-007	9.340965e-006
2.980762160060756e-008	3.433830e-006	-7.523928e-007	3.774363e-006	3.362503e-006	-4.118600e-007	-1.095671e-005	-4.273162e-006	1.224785e-007	4.765413e-007	9.343525e-006
2.980929094314118e-008	3.433789e-006	-7.514263e-007	3.773070e-006	3.360924e-006	-4.121457e-007	-1.114884e-005	-4.424854e-006	1.223844e-007	4.735753e-007	9.350425e-006
2.981129094314118e-008	3.433738e-006	-7.502708e-007	3.771523e-006	3.359037e-006	-4.124862e-007	-1.129804e-005	-4.526009e-006	1.222717e-007	4.700473e-007	9.359338e-006
2.981329094314119e-008	3.433685e-006	-7.491179e-007	3.769978e-006	3.357154e-006	-4.128247e-007	-1.135456e-005	-4.534977e-006	1.221594e-007	4.665491e-007	9.369017e-006
2.981529094314119e-008	3.433629e-006	-7.479678e-007	3.768436e-006	3.355275e-006	-4.131611e-007	-1.132236e-005	-4.455705e-006	1.220480e-007	4.630807e-007	9.379457e-006
2.981729094314119e-008	3.433571e-006	-7.468204e-007	3.766896e-006	3.353401e-006	-4.134954e-007	-1.120888e-005	-4.295614e-006	1.219377e-007	4.596425e-007	9.390628e-006
2.981929094314119e-008	3.433511e-006	-7.456756e-007	3.765359e-006	3.351531e-006	-4.138277e-007	-1.102448e-005	-4.065082e-006	1.218290e-007	4.562343e-007	9.402474e-006
2.982129094314120e-008	3.433448e-006	-7.445336e-007	3.763824e-006	3.349666e-006	-4.141579e-007	-1.078177e-005	-3.776699e-006	1.217221e-007	4.528561e-007	9.414924e-006
2.982429094314120e-008	3.433350e-006	-7.428254e-007	3.761526e-006	3.346877e-006	-4.146492e-007	-1.033871e-005	-3.266006e-006	1.215655e-007	4.478453e-007	9.434537e-006
2.982729094314120e-008	3.433246e-006	-7.411232e-007	3.759234e-006	3.344098e-006	-4.151359e-007	-9.842297e-006	-2.702971e-006	1.214138e-007	4.429016e-007	9.455002e-006
2.983029094314121e-008	3.433137e-006	-7.394270e-007	3.756946e-006	3.341328e-006	-4.156179e-007	-9.333807e-006	-2.128869e-006	1.212671e-007	4.380242e-007	9.476031e-006
2.983329094314121e-008	3.433023e-006	-7.377368e-007	3.754664e-006	3.338569e-006	-4.160953e-007	-8.845156e-006	-1.575601e-006	1.211252e-007	4.332123e-007	9.497386e-006
2.983529094314121e-008	3.432944e-006	-7.366133e-007	3.753146e-006	3.336735e-006	-4.164110e-007	-8.541379e-006	-1.229292e-006	1.210331e-007	4.300402e-007	9.511716e-006
2.983729094314121e-008	3.432863e-006	-7.354925e-007	3.751630e-006	3.334906e-006	-4.167247e-007	-8.259995e-006	-9.058073e-007	1.209429e-007	4.268964e-007	9.526075e-006
2.983829094314122e-008	3.432821e-006	-7.349331e-007	3.750873e-006	3.333992e-006	-4.168808e-007	-8.128452e-006	-7.533736e-007	1.208984e-007	4.253349e-007	9.533258e-006
2.983929094314122e-008	3.432779e-006	-7.343743e-007	3.750117e-006	3.333080e-006	-4.170363e-007	-8.003226e-006	-6.073636e-007	1.208544e-007	4.237804e-007	9.540441e-006
2.984029094314122e-008	3.432736e-006	-7.338163e-007	3.749361e-006	3.332170e-006	-4.171914e-007	-7.884384e-006	-4.678448e-007	1.208107e-007	4.222328e-007	9.547621e-006
2.984129094314122e-008	3.432693e-006	-7.332588e-007	3.748606e-006	3.331260e-006	-4.173460e-007	-7.771931e-006	-3.348189e-007	1.207675e-007	4.206920e-007	9.554798e-006
2.984229094314122e-008	3.432649e-006	-7.327021e-007	3.747851e-006	3.330351e-006	-4.175000e-007	-7.665810e-006	-2.082310e-007	1.207246e-007	4.191580e-007	9.561970e-006
2.984329094314122e-008	3.432604e-006	-7.321461e-007	3.747097e-006	3.329443e-006	-4.176536e-007	-7.565919e-006	-8.797820e-008	1.206820e-007	4.176308e-007	9.569138e-006
2.984429094314122e-008	3.432559e-006	-7.315907e-007	3.746343e-006	3.328537e-006	-4.178067e-007	-7.472117e-006	2.608244e-008	1.206398e-007	4.161103e-007	9.576300e-006
2.984529094314122e-008	3.432513e-006	-7.310359e-007	3.745590e-006	3.327631e-006	-4.179592e-007	-7.384229e-006	1.341266e-007	1.205979e-007	4.145964e-007	9.583458e-006
2.984629094314122e-008	3.432467e-006	-7.304819e-007	3.744838e-006	3.326726e-006	-4.181113e-007	-7.302051e-006	2.363560e-007	1.205563e-007	4.130892e-007	9.590612e-006
2.984729094314123e-008	3.432420e-006	-7.299285e-007	3.744086e-006	3.325823e-006	-4.182629e-007	-7.225365e-006	3.329926e-007	1.205150e-007	4.115886e-007	9.597761e-006
2.984829094314123e-008	3.432373e-006	-7.293758e-007	3.743335e-006	3.324921e-006	-4.184140e-007	-7.153932e-006	4.242732e-007	1.204739e-007	4.100945e-007	9.604908e-006
2.984929094314123e-008	3.432325e-006	-7.288237e-007	3.742584e-006	3.324019e-006	-4.185646e-007	-7.087506e-006	5.104448e-007	1.204331e-007	4.086069e-007	9.612053e-006
2.985129094314123e-008	3.432227e-006	-7.277217e-007	3.741084e-006	3.322220e-006	-4.188643e-007	-6.968663e-006	6.684764e-007	1.203523e-007	4.056511e-007	9.626340e-006
2.985329094314123e-008	3.432127e-006	-7.266223e-007	3.739587e-006	3.320425e-006	-4.191621e-007	-6.866801e-006	8.091282e-007	1.202724e-007	4.027209e-007	9.640630e-006
2.985529094314123e-008	3.432024e-006	-7.255256e-007	3.738092e-006	3.318634e-006	-4.194580e-007	-6.779919e-006	9.344008e-007	1.201933e-007	3.998160e-007	9.654930e-006
2.985829094314124e-008	3.431866e-006	-7.238856e-007	3.735853e-006	3.315955e-006	-4.198982e-007	-6.673575e-006	1.097595e-006	1.200760e-007	3.955055e-007	9.676415e-006
2.986129094314124e-008	3.431702e-006	-7.222516e-007	3.733620e-006	3.313286e-006	-4.203340e-007	-6.590903e-006	1.236244e-006	1.199602e-007	3.912504e-007	9.697962e-006
2.986371951456982e-008	3.431566e-006	-7.209333e-007	3.731815e-006	3.311132e-006	-4.206837e-007	-6.541512e-006	1.330305e-006	1.198676e-007	3.878467e-007	9.715455e-006
2.986614808599839e-008	3.431426e-006	-7.196190e-007	3.730014e-006	3.308984e-006	-4.210306e-007	-6.498221e-006	1.417722e-006	1.197756e-007	3.844774e-007	9.733019e-006
2.986857665742696e-008	3.431283e-006	-7.183087e-007	3.728216e-006	3.306842e-006	-4.213748e-007	-6.461030e-006	1.498497e-006	1.196844e-007	3.811424e-007	9.750654e-006
2.987100522885554e-008	3.431136e-006	-7.170023e-007	3.726422e-006	3.304706e-006	-4.217162e-007	-6.429940e-006	1.572629e-006	1.195938e-007	3.778417e-007	9.768359e-006
2.987343380028412e-008	3.430985e-006	-7.156999e-007	3.724630e-006	3.302576e-006	-4.220548e-007	-6.404950e-006	1.640117e-006	1.195039e-007	3.745754e-007	9.786134e-006
2.987586237171268e-008	3.430831e-006	-7.144014e-007	3.722842e-006	3.300452e-006	-4.223907e-007	-6.386061e-006	1.700963e-006	1.194147e-007	3.713434e-007	9.803980e-006
2.987829094314126e-008	3.430674e-006	-7.131069e-007	3.721057e-006	3.298333e-006	-4.227238e-007	-6.373271e-006	1.755167e-006	1.193262e-007	3.681457e-007	9.821897e-006
2.988457665742698e-008	3.430251e-006	-7.097750e-007	3.716453e-006	3.292880e-006	-4.235730e-007	-6.348203e-006	1.884824e-006	1.190999e-007	3.600333e-007	9.868794e-006
2.989086237171270e-008	3.429804e-006	-7.064693e-007	3.711869e-006	3.287464e-006	-4.244046e-007	-6.325807e-006	2.008652e-006	1.188768e-007	3.521219e-007	9.915978e-006
2.989714808599842e-008	3.429335e-006	-7.031898e-007	3.707306e-006	3.282087e-006	-4.252188e-007	-6.306083e-006	2.126649e-006	1.186570e-007	3.444117e-007	9.963448e-006
2.990343380028415e-008	3.428842e-006	-6.999365e-007	3.702763e-006	3.276748e-006	-4.260155e-007	-6.289032e-006	2.238816e-006	1.184405e-007	3.369026e-007	1.001121e-005
2.990971951456987e-008	3.428327e-006	-6.967095e-007	3.698242e-006	3.271447e-006	-4.267947e-007	-6.274654e-006	2.345152e-006	1.182273e-007	3.295946e-007	1.005925e-005
2.991600522885559e-008	3.427788e-006	-6.935086e-007	3.693741e-006	3.266184e-006	-4.275564e-007	-6.262948e-006	2.445659e-006	1.180173e-007	3.224878e-007	1.010758e-005
2.992229094314131e-008	3.427227e-006	-6.903340e-007	3.689260e-006	3.260960e-006	-4.283006e-007	-6.253914e-006	2.540335e-006	1.178106e-007	3.155820e-007	1.015620e-005
2.993214808599846e-008	3.426300e-006	-6.854085e-007	3.682276e-006	3.252843e-006	-4.294328e-007	-6.234592e-006	2.687913e-006	1.174926e-007	3.051396e-007	1.023272e-005
2.994200522885562e-008	3.425319e-006	-6.805451e-007	3.675338e-006	3.244812e-006	-4.305262e-007	-6.214826e-006	2.829951e-006	1.171809e-007	2.950855e-007	1.030853e-005
2.995186237171277e-008	3.424284e-006	-6.757437e-007	3.668447e-006	3.236866e-006	-4.315808e-007	-6.194615e-006	2.966448e-006	1.168755e-007	2.854199e-007	1.038364e-005
2.996171951456993e-008	3.423195e-006	-6.710043e-007	3.661602e-006	3.229006e-006	-4.325966e-007	-6.173961e-006	3.097406e-006	1.165765e-007	2.761426e-007	1.045803e-005
2.997157665742708e-008	3.422051e-006	-6.663270e-007	3.654805e-006	3.221231e-006	-4.335737e-007	-6.152862e-006	3.222823e-006	1.162837e-007	2.672537e-007	1.053172e-005
2.998143380028424e-008	3.420854e-006	-6.617118e-007	3.648054e-006	3.213542e-006	-4.345120e-007	-6.131319e-006	3.342700e-006	1.159973e-007	2.587532e-007	1.060470e-005
2.999129094314139e-008	3.419602e-006	-6.571586e-007	3.641349e-006	3.205938e-006	-4.354115e-007	-6.109332e-006	3.457036e-006	1.157172e-007	2.506411e-007	1.067697e-005
2.999229094314139e-008	3.419472e-006	-6.566999e-007	3.640671e-006	3.205170e-006	-4.355009e-007	-6.107113e-006	3.468405e-006	1.156890e-007	2.498329e-007	1.068418e-005
3.001714808599856e-008	3.416050e-006	-6.455213e-007	3.623992e-006	3.186412e-006	-4.375795e-007	-6.050083e-006	3.730078e-006	1.150133e-007	2.312207e-007	1.085911e-005
3.004200522885573e-008	3.412330e-006	-6.346916e-007	3.607557e-006	3.168092e-006	-4.394651e-007	-5.996539e-006	3.966457e-006	1.143617e-007	2.140836e-007	1.102387e-005
3.006686237171290e-008	3.408313e-006	-6.242106e-007	3.591366e-006	3.150208e-006	-4.411577e-007	-5.946480e-006	4.177542e-006	1.137343e-007	1.984217e-007	1.117848e-005
3.009171951457008e-008	3.403997e-006	-6.140784e-007	3.575419e-006	3.132761e-006	-4.426572e-007	-5.899907e-006	4.363333e-006	1.131311e-007	1.842350e-007	1.132293e-005
3.011657665742724e-008	3.399385e-006	-6.042950e-007	3.559716e-006	3.115752e-006	-4.439637e-007	-5.856820e-006	4.523829e-006	1.125521e-007	1.715236e-007	1.145722e-005
3.014143380028442e-008	3.394474e-006	-5.948604e-007	3.544257e-006	3.099180e-006	-4.450771e-007	-5.817218e-006	4.659032e-006	1.119973e-007	1.602873e-007	1.158135e-005
3.016629094314159e-008	3.389266e-006	-5.857746e-007	3.529043e-006	3.083045e-006	-4.459976e-007	-5.781102e-006	4.768940e-006	1.114667e-007	1.505262e-007	1.169532e-005
3.017229094314159e-008	3.387975e-006	-5.836229e-007	3.525396e-006	3.079195e-006	-4.462013e-007	-5.773089e-006	4.793945e-006	1.113396e-007	1.482374e-007	1.172168e-005
3.017829094314160e-008	3.386669e-006	-5.814890e-007	3.521762e-006	3.075366e-006	-4.463961e-007	-5.765610e-006	4.817663e-006	1.112134e-007	1.460019e-007	1.174759e-005
3.018429094314161e-008	3.385349e-006	-5.793727e-007	3.518140e-006	3.071557e-006	-4.465821e-007	-5.758662e-006	4.840093e-006	1.110880e-007	1.438198e-007	1.177304e-005
3.019029094314161e-008	3.384014e-006	-5.772741e-007	3.514529e-006	3.067770e-006	-4.467593e-007	-5.752246e-006	4.861236e-006	1.109635e-007	1.416910e-007	1.179803e-005
3.019629094314162e-008	3.382665e-006	-5.751933e-007	3.510930e-006	3.064002e-006	-4.469276e-007	-5.746363e-006	4.881091e-006	1.108398e-007	1.396155e-007	1.182256e-005
3.020229094314163e-008	3.381300e-006	-5.731301e-007	3.507343e-006	3.060256e-006	-4.470871e-007	-5.741012e-006	4.899658e-006	1.107169e-007	1.375933e-007	1.184664e-005
3.020829094314164e-008	3.379921e-006	-5.710846e-007	3.503768e-006	3.056530e-006	-4.472377e-007	-5.736193e-006	4.916938e-006	1.105949e-007	1.356245e-007	1.187025e-005
3.020957665742735e-008	3.379624e-006	-5.706485e-007	3.503003e-006	3.055735e-006	-4.472689e-007	-5.735296e-006	4.920426e-006	1.105688e-007	1.352083e-007	1.187526e-005
3.021086237171306e-008	3.379326e-006	-5.702131e-007	3.502239e-006	3.054940e-006	-4.472998e-007	-5.734799e-006	4.923484e-006	1.105428e-007	1.347942e-007	1.188025e-005
3.021214808599878e-008	3.379027e-006	-5.697785e-007	3.501476e-006	3.054146e-006	-4.473302e-007	-5.734702e-006	4.926111e-006	1.105168e-007	1.343824e-007	1.188522e-005
3.021343380028450e-008	3.378728e-006	-5.693447e-007	3.500713e-006	3.053352e-006	-4.473603e-007	-5.735004e-006	4.928308e-006	1.104908e-007	1.339727e-007	1.189016e-005
3.021471951457022e-008	3.378428e-006	-5.689117e-007	3.499950e-006	3.052560e-006	-4.473900e-007	-5.735706e-006	4.930074e-006	1.104649e-007	1.335653e-007	1.189508e-005
3.021600522885593e-008	3.378128e-006	-5.684795e-007	3.499188e-006	3.051769e-006	-4.474193e-007	-5.736808e-006	4.931410e-006	1.104389e-007	1.331600e-007	1.189997e-005
3.021729094314165e-008	3.377827e-006	-5.680481e-007	3.498426e-006	3.050978e-006	-4.474483e-007	-5.738309e-006	4.932315e-006	1.104131e-007	1.327569e-007	1.190485e-005
3.021957665742736e-008	3.377290e-006	-5.672830e-007	3.497074e-006	3.049575e-006	-4.474988e-007	-5.740979e-006	4.933848e-006	1.103671e-007	1.320457e-007	1.191346e-005
3.022186237171308e-008	3.376751e-006	-5.665203e-007	3.495723e-006	3.048175e-006	-4.475481e-007	-5.743447e-006	4.935491e-006	1.103212e-007	1.313410e-007	1.192201e-005
3.022414808599879e-008	3.376210e-006	-5.657601e-007	3.494374e-006	3.046777e-006	-4.475963e-007	-5.745713e-006	4.937246e-006	1.102754e-007	1.306429e-007	1.193051e-005
3.022643380028452e-008	3.375667e-006	-5.650024e-007	3.493026e-006	3.045383e-006	-4.476432e-007	-5.747776e-006	4.939111e-006	1.102297e-007	1.299513e-007	1.193894e-005
3.022871951457023e-008	3.375122e-006	-5.642471e-007	3.491680e-006	3.043991e-006	-4.476890e-007	-5.749636e-006	4.941087e-006	1.101841e-007	1.292663e-007	1.194731e-005
3.023100522885595e-008	3.374575e-006	-5.634942e-007	3.490335e-006	3.042602e-006	-4.477337e-007	-5.751294e-006	4.943174e-006	1.101385e-007	1.285878e-007	1.195562e-005
3.023329094314166e-008	3.374026e-006	-5.627438e-007	3.488992e-006	3.041215e-006	-4.477771e-007	-5.752750e-006	4.945372e-006	1.100930e-007	1.279159e-007	1.196387e-005
3.023571951457024e-008	3.373440e-006	-5.619490e-007	3.487567e-006	3.039745e-006	-4.478220e-007	-5.754727e-006	4.947180e-006	1.100448e-007	1.272089e-007	1.197258e-005
3.023814808599881e-008	3.372853e-006	-5.611570e-007	3.486144e-006	3.038278e-006	-4.478656e-007	-5.756608e-006	4.948989e-006	1.099967e-007	1.265089e-007	1.198121e-005
3.024057665742739e-008	3.372263e-006	-5.603677e-007	3.484722e-006	3.036814e-006	-4.479080e-007	-5.758391e-006	4.950799e-006	1.099486e-007	1.258157e-007	1.198977e-005
3.024300522885596e-008	3.371671e-006	-5.595810e-007	3.483303e-006	3.035354e-006	-4.479490e-007	-5.760078e-006	4.952609e-006	1.099007e-007	1.251294e-007	1.199826e-005
3.024543380028454e-008	3.371077e-006	-5.587971e-007	3.481885e-006	3.033896e-006	-4.479888e-007	-5.761669e-006	4.954422e-006	1.098528e-007	1.244500e-007	1.200667e-005
3.024786237171311e-008	3.370480e-006	-5.580158e-007	3.480469e-006	3.032441e-006	-4.480273e-007	-5.763162e-006	4.956235e-006	1.098050e-007	1.237774e-007	1.201502e-005
3.025029094314168e-008	3.369882e-006	-5.572372e-007	3.479054e-006	3.030990e-006	-4.480646e-007	-5.764559e-006	4.958049e-006	1.097574e-007	1.231118e-007	1.202330e-005
3.025240031814168e-008	3.369360e-006	-5.565629e-007	3.477827e-006	3.029731e-006	-4.480960e-007	-5.765167e-006	4.960161e-006	1.097160e-007	1.225386e-007	1.203040e-005
3.025255173229936e-008	3.369322e-006	-5.565146e-007	3.477739e-006	3.029641e-006	-4.480982e-007	-5.765089e-006	4.960431e-006	1.097131e-007	1.224977e-007	1.203091e-005
3.025270314645705e-008	3.369285e-006	-5.564663e-007	3.477651e-006	3.029550e-006	-4.481004e-007	-5.764947e-006	4.960765e-006	1.097101e-007	1.224568e-007	1.203142e-005
3.025285456061473e-008	3.369247e-006	-5.564180e-007	3.477563e-006	3.029460e-006	-4.481026e-007	-5.764742e-006	4.961162e-006	1.097071e-007	1.224159e-007	1.203192e-005
3.025300597477240e-008	3.369210e-006	-5.563697e-007	3.477475e-006	3.029370e-006	-4.481048e-007	-5.764472e-006	4.961623e-006	1.097042e-007	1.223751e-007	1.203242e-005
3.025315738893008e-008	3.369172e-006	-5.563214e-007	3.477387e-006	3.029280e-006	-4.481070e-007	-5.764139e-006	4.962147e-006	1.097012e-007	1.223343e-007	1.203292e-005
3.025330880308777e-008	3.369135e-006	-5.562732e-007	3.477299e-006	3.029190e-006	-4.481092e-007	-5.763742e-006	4.962734e-006	1.096982e-007	1.222935e-007	1.203341e-005
3.025346021724544e-008	3.369097e-006	-5.562250e-007	3.477211e-006	3.029099e-006	-4.481114e-007	-5.763281e-006	4.963385e-006	1.096953e-007	1.222527e-007	1.203390e-005
3.025427672276849e-008	3.368894e-006	-5.559650e-007	3.476736e-006	3.028613e-006	-4.481230e-007	-5.762813e-006	4.964871e-006	1.096793e-007	1.220334e-007	1.203649e-005
3.025509322829153e-008	3.368691e-006	-5.557053e-007	3.476262e-006	3.028128e-006	-4.481346e-007	-5.762734e-006	4.965959e-006	1.096634e-007	1.218147e-007	1.203900e-005
3.025590973381457e-008	3.368488e-006	-5.554459e-007	3.475788e-006	3.027642e-006	-4.481460e-007	-5.763042e-006	4.966650e-006	1.096474e-007	1.215968e-007	1.204143e-005
3.025672623933761e-008	3.368285e-006	-5.551867e-007	3.475314e-006	3.027157e-006	-4.481573e-007	-5.763738e-006	4.966944e-006	1.096315e-007	1.213795e-007	1.204378e-005
3.025754274486066e-008	3.368081e-006	-5.549279e-007	3.474841e-006	3.026672e-006	-4.481684e-007	-5.764821e-006	4.966841e-006	1.096156e-007	1.211630e-007	1.204605e-005
3.025835925038370e-008	3.367877e-006	-5.546693e-007	3.474367e-006	3.026188e-006	-4.481794e-007	-5.766292e-006	4.966340e-006	1.095996e-007	1.209471e-007	1.204824e-005
3.025917575590674e-008	3.367673e-006	-5.544110e-007	3.473894e-006	3.025704e-006	-4.481903e-007	-5.768151e-006	4.965442e-006	1.095837e-007	1.207319e-007	1.205035e-005
3.025930075590674e-008	3.367642e-006	-5.543715e-007	3.473822e-006	3.025630e-006	-4.481920e-007	-5.768469e-006	4.965269e-006	1.095813e-007	1.206990e-007	1.205067e-005
3.025955075590674e-008	3.367579e-006	-5.542925e-007	3.473677e-006	3.025482e-006	-4.481953e-007	-5.769075e-006	4.964955e-006	1.095764e-007	1.206334e-007	1.205129e-005
3.026005016057166e-008	3.367454e-006	-5.541348e-007	3.473388e-006	3.025186e-006	-4.482018e-007	-5.769297e-006	4.965312e-006	1.095667e-007	1.205024e-007	1.205251e-005
3.026043270024960e-008	3.367359e-006	-5.540140e-007	3.473166e-006	3.024959e-006	-4.482068e-007	-5.768455e-006	4.966595e-006	1.095593e-007	1.204023e-007	1.205344e-005
3.026078492274497e-008	3.367270e-006	-5.539029e-007	3.472962e-006	3.024751e-006	-4.482113e-007	-5.767659e-006	4.967795e-006	1.095524e-007	1.203102e-007	1.205428e-005
3.026154667419296e-008	3.367079e-006	-5.536629e-007	3.472521e-006	3.024300e-006	-4.482210e-007	-5.767050e-006	4.969270e-006	1.095376e-007	1.201116e-007	1.205603e-005
3.026239196804851e-008	3.366867e-006	-5.533967e-007	3.472032e-006	3.023800e-006	-4.482318e-007	-5.767015e-006	4.970259e-006	1.095212e-007	1.198918e-007	1.205789e-005
3.026261371591481e-008	3.366811e-006	-5.533269e-007	3.471903e-006	3.023669e-006	-4.482345e-007	-5.767271e-006	4.970252e-006	1.095169e-007	1.198343e-007	1.205837e-005
3.026269484321554e-008	3.366791e-006	-5.533014e-007	3.471857e-006	3.023621e-006	-4.482355e-007	-5.767871e-006	4.969742e-006	1.095153e-007	1.198132e-007	1.205854e-005
3.026275074247926e-008	3.366777e-006	-5.532838e-007	3.471824e-006	3.023588e-006	-4.482362e-007	-5.768515e-006	4.969161e-006	1.095142e-007	1.197987e-007	1.205865e-005
3.026279681558015e-008	3.366765e-006	-5.532693e-007	3.471798e-006	3.023561e-006	-4.482368e-007	-5.768971e-006	4.968756e-006	1.095133e-007	1.197868e-007	1.205875e-005
3.026280122533382e-008	3.366764e-006	-5.532679e-007	3.471795e-006	3.023558e-006	-4.482369e-007	-5.769006e-006	4.968726e-006	1.095132e-007	1.197857e-007	1.205875e-005
3.026280419600953e-008	3.366763e-006	-5.532670e-007	3.471793e-006	3.023557e-006	-4.482369e-007	-5.769034e-006	4.968702e-006	1.095132e-007	1.197849e-007	1.205876e-005
3.026335354419046e-008	3.366625e-006	-5.530943e-007	3.471476e-006	3.023232e-006	-4.482437e-007	-5.769615e-006	4.968730e-006	1.095025e-007	1.196428e-007	1.205988e-005
3.026390289237139e-008	3.366487e-006	-5.529218e-007	3.471158e-006	3.022908e-006	-4.482505e-007	-5.768229e-006	4.970721e-006	1.094918e-007	1.195011e-007	1.206099e-005
3.026445224055233e-008	3.366348e-006	-5.527494e-007	3.470841e-006	3.022583e-006	-4.482571e-007	-5.764877e-006	4.974674e-006	1.094812e-007	1.193596e-007	1.206207e-005
3.026500158873327e-008	3.366210e-006	-5.525771e-007	3.470523e-006	3.022259e-006	-4.482638e-007	-5.759558e-006	4.980589e-006	1.094706e-007	1.192185e-007	1.206314e-005
3.026555093691420e-008	3.366071e-006	-5.524049e-007	3.470206e-006	3.021935e-006	-4.482703e-007	-5.752273e-006	4.988467e-006	1.094599e-007	1.190777e-007	1.206418e-005
3.026610028509513e-008	3.365933e-006	-5.522329e-007	3.469888e-006	3.021612e-006	-4.482768e-007	-5.743021e-006	4.998307e-006	1.094494e-007	1.189372e-007	1.206521e-005
3.026664963327606e-008	3.365794e-006	-5.520610e-007	3.469571e-006	3.021288e-006	-4.482833e-007	-5.731803e-006	5.010109e-006	1.094388e-007	1.187970e-007	1.206622e-005
3.026764963327606e-008	3.365549e-006	-5.517402e-007	3.469003e-006	3.020716e-006	-4.482868e-007	-5.706299e-006	5.036644e-006	1.096460e-007	1.187876e-007	1.206794e-005
3.027364963327607e-008	3.364141e-006	-5.497605e-007	3.465651e-006	3.017401e-006	-4.482503e-007	-5.523762e-006	5.225158e-006	1.124469e-007	1.204187e-007	1.207772e-005
3.027464963327607e-008	3.363906e-006	-5.494310e-007	3.465093e-006	3.016850e-006	-4.482433e-007	-5.493306e-006	5.256581e-006	1.129194e-007	1.206967e-007	1.207933e-005
3.028736391899037e-008	3.360862e-006	-5.453073e-007	3.458029e-006	3.009889e-006	-4.481400e-007	-5.118671e-006	5.641859e-006	1.185783e-007	1.238564e-007	1.209968e-005
3.030007820470467e-008	3.357756e-006	-5.412583e-007	3.451006e-006	3.002998e-006	-4.480083e-007	-4.755803e-006	6.013550e-006	1.242341e-007	1.270185e-007	1.211989e-005
3.031279249041898e-008	3.354588e-006	-5.372842e-007	3.444024e-006	2.996176e-006	-4.478482e-007	-4.404702e-006	6.371654e-006	1.298867e-007	1.301828e-007	1.213996e-005
3.032550677613327e-008	3.351359e-006	-5.333849e-007	3.437085e-006	2.989425e-006	-4.476597e-007	-4.065367e-006	6.716171e-006	1.355362e-007	1.333494e-007	1.215990e-005
3.033822106184757e-008	3.348069e-006	-5.295604e-007	3.430186e-006	2.982744e-006	-4.474429e-007	-3.737798e-006	7.047100e-006	1.411825e-007	1.365184e-007	1.217970e-005
3.035093534756187e-008	3.344717e-006	-5.258108e-007	3.423330e-006	2.976132e-006	-4.471978e-007	-3.421996e-006	7.364442e-006	1.468257e-007	1.396897e-007	1.219937e-005
3.036364963327617e-008	3.341303e-006	-5.221360e-007	3.416515e-006	2.969591e-006	-4.469242e-007	-3.117961e-006	7.668197e-006	1.524657e-007	1.428633e-007	1.221891e-005
3.038350677613334e-008	3.335855e-006	-5.165405e-007	3.405951e-006	2.959507e-006	-4.464440e-007	-2.665534e-006	8.117062e-006	1.612666e-007	1.478229e-007	1.224916e-005
3.040336391899051e-008	3.330292e-006	-5.110922e-007	3.395469e-006	2.949555e-006	-4.459144e-007	-2.234639e-006	8.541830e-006	1.700530e-007	1.527809e-007	1.227913e-005
3.042322106184767e-008	3.324614e-006	-5.057910e-007	3.385069e-006	2.939734e-006	-4.453355e-007	-1.825275e-006	8.942499e-006	1.788251e-007	1.577370e-007	1.230884e-005
3.044307820470484e-008	3.318821e-006	-5.006370e-007	3.374751e-006	2.930044e-006	-4.447072e-007	-1.437443e-006	9.319070e-006	1.875827e-007	1.626915e-007	1.233826e-005
3.046293534756200e-008	3.312914e-006	-4.956302e-007	3.364515e-006	2.920485e-006	-4.440296e-007	-1.071143e-006	9.671544e-006	1.963259e-007	1.676442e-007	1.236742e-005
3.048279249041917e-008	3.306892e-006	-4.907705e-007	3.354360e-006	2.911058e-006	-4.433026e-007	-7.263738e-007	9.999920e-006	2.050547e-007	1.725952e-007	1.239630e-005
3.050264963327633e-008	3.300756e-006	-4.860580e-007	3.344288e-006	2.901761e-006	-4.425263e-007	-4.031363e-007	1.030420e-005	2.137691e-007	1.775444e-007	1.242491e-005
3.050964963327634e-008	3.298574e-006	-4.844234e-007	3.340752e-006	2.898507e-006	-4.422454e-007	-2.926218e-007	1.040778e-005	2.168361e-007	1.792871e-007	1.243495e-005
3.051664963327635e-008	3.296381e-006	-4.828042e-007	3.337225e-006	2.895265e-006	-4.419600e-007	-1.841829e-007	1.050910e-005	2.199008e-007	1.810290e-007	1.244495e-005
3.052364963327635e-008	3.294176e-006	-4.812003e-007	3.333706e-006	2.892036e-006	-4.416700e-007	-7.781933e-008	1.060814e-005	2.229633e-007	1.827701e-007	1.245492e-005
3.053064963327636e-008	3.291960e-006	-4.796118e-007	3.330197e-006	2.888821e-006	-4.413755e-007	2.646872e-008	1.070491e-005	2.260233e-007	1.845104e-007	1.246487e-005
3.053764963327637e-008	3.289733e-006	-4.780385e-007	3.326695e-006	2.885619e-006	-4.410764e-007	1.286813e-007	1.079941e-005	2.290811e-007	1.862499e-007	1.247478e-005
3.054464963327638e-008	3.287495e-006	-4.764805e-007	3.323202e-006	2.882430e-006	-4.407728e-007	2.288184e-007	1.089163e-005	2.321366e-007	1.879887e-007	1.248467e-005
3.055164963327639e-008	3.285245e-006	-4.749379e-007	3.319718e-006	2.879254e-006	-4.404646e-007	3.268801e-007	1.098158e-005	2.351898e-007	1.897267e-007	1.249452e-005
3.055264963327639e-008	3.284923e-006	-4.747186e-007	3.319221e-006	2.878801e-006	-4.404203e-007	3.407436e-007	1.099428e-005	2.356257e-007	1.899749e-007	1.249593e-005
3.057507820470499e-008	3.277628e-006	-4.698920e-007	3.308122e-006	2.868725e-006	-4.393975e-007	6.389413e-007	1.126495e-005	2.453925e-007	1.955388e-007	1.252729e-005
3.059750677613358e-008	3.270244e-006	-4.651953e-007	3.297098e-006	2.858756e-006	-4.383417e-007	9.210699e-007	1.151837e-005	2.551312e-007	2.010902e-007	1.255839e-005
3.061993534756218e-008	3.262772e-006	-4.606285e-007	3.286148e-006	2.848895e-006	-4.372528e-007	1.187130e-006	1.175453e-005	2.648421e-007	2.066291e-007	1.258922e-005
3.064236391899078e-008	3.255212e-006	-4.561916e-007	3.275272e-006	2.839141e-006	-4.361310e-007	1.437120e-006	1.197344e-005	2.745250e-007	2.121554e-007	1.261979e-005
3.066479249041937e-008	3.247563e-006	-4.518846e-007	3.264471e-006	2.829495e-006	-4.349762e-007	1.671042e-006	1.217509e-005	2.841799e-007	2.176692e-007	1.265010e-005
3.068722106184797e-008	3.239825e-006	-4.477075e-007	3.253745e-006	2.819956e-006	-4.337885e-007	1.888895e-006	1.235948e-005	2.938070e-007	2.231705e-007	1.268015e-005
3.070964963327657e-008	3.232000e-006	-4.436603e-007	3.243092e-006	2.810525e-006	-4.325677e-007	2.090678e-006	1.252661e-005	3.034060e-007	2.286592e-007	1.270993e-005
3.074664963327661e-008	3.218958e-006	-4.372056e-007	3.225652e-006	2.795140e-006	-4.305114e-007	2.399845e-006	1.277759e-005	3.191716e-007	2.376772e-007	1.275858e-005
3.074764963327661e-008	3.218603e-006	-4.370351e-007	3.225183e-006	2.794728e-006	-4.304550e-007	2.407894e-006	1.278404e-005	3.195966e-007	2.379203e-007	1.275989e-005
3.074793030760566e-008	3.218503e-006	-4.369873e-007	3.225051e-006	2.794612e-006	-4.304391e-007	2.410058e-006	1.278576e-005	3.197159e-007	2.379885e-007	1.276026e-005
3.074816248766840e-008	3.218420e-006	-4.369478e-007	3.224942e-006	2.794516e-006	-4.304260e-007	2.411069e-006	1.278640e-005	3.198145e-007	2.380450e-007	1.276055e-005
3.074878040624770e-008	3.218201e-006	-4.368427e-007	3.224653e-006	2.794261e-006	-4.303911e-007	2.401157e-006	1.277549e-005	3.200770e-007	2.381952e-007	1.276124e-005
3.074939832482701e-008	3.217982e-006	-4.367377e-007	3.224363e-006	2.794007e-006	-4.303562e-007	2.383199e-006	1.275655e-005	3.203394e-007	2.383453e-007	1.276187e-005
3.075001624340631e-008	3.217762e-006	-4.366327e-007	3.224073e-006	2.793752e-006	-4.303213e-007	2.357197e-006	1.272956e-005	3.206017e-007	2.384953e-007	1.276244e-005
3.075063416198561e-008	3.217543e-006	-4.365279e-007	3.223784e-006	2.793497e-006	-4.302864e-007	2.323150e-006	1.269452e-005	3.208638e-007	2.386452e-007	1.276295e-005
3.075125208056491e-008	3.217323e-006	-4.364231e-007	3.223494e-006	2.793243e-006	-4.302514e-007	2.281058e-006	1.265144e-005	3.211259e-007	2.387950e-007	1.276339e-005
3.075186999914421e-008	3.217103e-006	-4.363184e-007	3.223205e-006	2.792988e-006	-4.302165e-007	2.230921e-006	1.260031e-005	3.213879e-007	2.389448e-007	1.276378e-005
3.075248791772351e-008	3.216883e-006	-4.362137e-007	3.222915e-006	2.792734e-006	-4.301815e-007	2.172739e-006	1.254114e-005	3.216498e-007	2.390944e-007	1.276410e-005
3.075348791772352e-008	3.216528e-006	-4.360446e-007	3.222447e-006	2.792322e-006	-4.301249e-007	2.064798e-006	1.243159e-005	3.220733e-007	2.393364e-007	1.276451e-005
3.075448791772352e-008	3.216172e-006	-4.358756e-007	3.221979e-006	2.791911e-006	-4.300682e-007	1.939101e-006	1.230429e-005	3.224964e-007	2.395779e-007	1.276479e-005
3.075548791772352e-008	3.215816e-006	-4.357069e-007	3.221511e-006	2.791499e-006	-4.300115e-007	1.797027e-006	1.216061e-005	3.229190e-007	2.398191e-007	1.276495e-005
3.075648791772352e-008	3.215459e-006	-4.355384e-007	3.221043e-006	2.791088e-006	-4.299548e-007	1.640087e-006	1.200206e-005	3.233412e-007	2.400598e-007	1.276498e-005
3.075748791772352e-008	3.215103e-006	-4.353702e-007	3.220575e-006	2.790677e-006	-4.298981e-007	1.469892e-006	1.183026e-005	3.237628e-007	2.403001e-007	1.276492e-005
3.075848791772352e-008	3.214747e-006	-4.352021e-007	3.220107e-006	2.790266e-006	-4.298413e-007	1.288124e-006	1.164688e-005	3.241840e-007	2.405399e-007	1.276477e-005
3.075948791772352e-008	3.214390e-006	-4.350343e-007	3.219640e-006	2.789855e-006	-4.297846e-007	1.096505e-006	1.145365e-005	3.246045e-007	2.407792e-007	1.276454e-005
3.076148791772352e-008	3.213677e-006	-4.346993e-007	3.218705e-006	2.789034e-006	-4.296709e-007	6.906010e-007	1.104452e-005	3.254438e-007	2.412562e-007	1.276390e-005
3.076348791772353e-008	3.212962e-006	-4.343651e-007	3.217770e-006	2.788213e-006	-4.295572e-007	2.655868e-007	1.061628e-005	3.262808e-007	2.417310e-007	1.276312e-005
3.076648791772353e-008	3.211890e-006	-4.338656e-007	3.216369e-006	2.786983e-006	-4.293866e-007	-3.813076e-007	9.964531e-006	3.275316e-007	2.424392e-007	1.276186e-005
3.076848791772353e-008	3.211175e-006	-4.335337e-007	3.215436e-006	2.786163e-006	-4.292727e-007	-8.039933e-007	9.538605e-006	3.283625e-007	2.429086e-007	1.276109e-005
3.077048791772353e-008	3.210459e-006	-4.332027e-007	3.214502e-006	2.785344e-006	-4.291587e-007	-1.210549e-006	9.128804e-006	3.291910e-007	2.433760e-007	1.276043e-005
3.077248791772354e-008	3.209742e-006	-4.328725e-007	3.213570e-006	2.784525e-006	-4.290447e-007	-1.595269e-006	8.740834e-006	3.300173e-007	2.438414e-007	1.275994e-005
3.077448791772354e-008	3.209025e-006	-4.325432e-007	3.212637e-006	2.783707e-006	-4.289306e-007	-1.954284e-006	8.378565e-006	3.308416e-007	2.443049e-007	1.275965e-005
3.077648791772354e-008	3.208307e-006	-4.322147e-007	3.211705e-006	2.782889e-006	-4.288163e-007	-2.285314e-006	8.044276e-006	3.316639e-007	2.447667e-007	1.275956e-005
3.077848791772354e-008	3.207589e-006	-4.318871e-007	3.210774e-006	2.782072e-006	-4.287021e-007	-2.587401e-006	7.738927e-006	3.324844e-007	2.452269e-007	1.275970e-005
3.078048791772355e-008	3.206870e-006	-4.315603e-007	3.209843e-006	2.781255e-006	-4.285877e-007	-2.860616e-006	7.462445e-006	3.333032e-007	2.456857e-007	1.276005e-005
3.078248791772355e-008	3.206151e-006	-4.312343e-007	3.208912e-006	2.780439e-006	-4.284732e-007	-3.105811e-006	7.213978e-006	3.341205e-007	2.461431e-007	1.276062e-005
3.078448791772355e-008	3.205431e-006	-4.309092e-007	3.207982e-006	2.779623e-006	-4.283586e-007	-3.324379e-006	6.992135e-006	3.349364e-007	2.465994e-007	1.276138e-005
3.078648791772355e-008	3.204711e-006	-4.305848e-007	3.207052e-006	2.778808e-006	-4.282439e-007	-3.518071e-006	6.795164e-006	3.357510e-007	2.470545e-007	1.276234e-005
3.078848791772356e-008	3.203990e-006	-4.302613e-007	3.206122e-006	2.777993e-006	-4.281291e-007	-3.688836e-006	6.621115e-006	3.365645e-007	2.475087e-007	1.276346e-005
3.079048791772356e-008	3.203269e-006	-4.299386e-007	3.205193e-006	2.777179e-006	-4.280141e-007	-3.838777e-006	6.467886e-006	3.373769e-007	2.479620e-007	1.276475e-005
3.079248791772356e-008	3.202548e-006	-4.296166e-007	3.204265e-006	2.776366e-006	-4.278991e-007	-3.970130e-006	6.333241e-006	3.381883e-007	2.484145e-007	1.276617e-005
3.079448791772356e-008	3.201825e-006	-4.292955e-007	3.203337e-006	2.775553e-006	-4.277839e-007	-4.084462e-006	6.215613e-006	3.389989e-007	2.488662e-007	1.276772e-005
3.079648791772356e-008	3.201103e-006	-4.289751e-007	3.202409e-006	2.774741e-006	-4.276687e-007	-4.183664e-006	6.113111e-006	3.398087e-007	2.493174e-007	1.276939e-005
3.079848791772357e-008	3.200380e-006	-4.286555e-007	3.201482e-006	2.773929e-006	-4.275532e-007	-4.269489e-006	6.023982e-006	3.406177e-007	2.497679e-007	1.277115e-005
3.080048791772357e-008	3.199656e-006	-4.283367e-007	3.200555e-006	2.773118e-006	-4.274377e-007	-4.343541e-006	5.946623e-006	3.414260e-007	2.502180e-007	1.277300e-005
3.080348791772357e-008	3.198570e-006	-4.278600e-007	3.199166e-006	2.771902e-006	-4.272642e-007	-4.435674e-006	5.849522e-006	3.426374e-007	2.508921e-007	1.277593e-005
3.080648791772358e-008	3.197483e-006	-4.273849e-007	3.197778e-006	2.770687e-006	-4.270904e-007	-4.508803e-006	5.771416e-006	3.438475e-007	2.515653e-007	1.277899e-005
3.080948791772358e-008	3.196395e-006	-4.269115e-007	3.196390e-006	2.769474e-006	-4.269163e-007	-4.566485e-006	5.708749e-006	3.450564e-007	2.522376e-007	1.278217e-005
3.081248791772358e-008	3.195306e-006	-4.264398e-007	3.195004e-006	2.768262e-006	-4.267420e-007	-4.611642e-006	5.658599e-006	3.462643e-007	2.529092e-007	1.278544e-005
3.081548791772359e-008	3.194217e-006	-4.259699e-007	3.193619e-006	2.767052e-006	-4.265673e-007	-4.646645e-006	5.618595e-006	3.474712e-007	2.535802e-007	1.278879e-005
3.081705934629501e-008	3.193645e-006	-4.257243e-007	3.192894e-006	2.766418e-006	-4.264757e-007	-4.661223e-006	5.601394e-006	3.481030e-007	2.539313e-007	1.279057e-005
3.081863077486645e-008	3.193074e-006	-4.254793e-007	3.192169e-006	2.765785e-006	-4.263840e-007	-4.674153e-006	5.585839e-006	3.487346e-007	2.542824e-007	1.279236e-005
3.082020220343788e-008	3.192502e-006	-4.252347e-007	3.191444e-006	2.765152e-006	-4.262923e-007	-4.685436e-006	5.571930e-006	3.493660e-007	2.546333e-007	1.279416e-005
3.082177363200931e-008	3.191930e-006	-4.249905e-007	3.190720e-006	2.764519e-006	-4.262005e-007	-4.695071e-006	5.559666e-006	3.499971e-007	2.549840e-007	1.279598e-005
3.082334506058073e-008	3.191358e-006	-4.247468e-007	3.189996e-006	2.763887e-006	-4.261086e-007	-4.703058e-006	5.549047e-006	3.506280e-007	2.553346e-007	1.279780e-005
3.082491648915217e-008	3.190785e-006	-4.245035e-007	3.189272e-006	2.763255e-006	-4.260166e-007	-4.709397e-006	5.540075e-006	3.512587e-007	2.556850e-007	1.279964e-005
3.082648791772360e-008	3.190213e-006	-4.242607e-007	3.188549e-006	2.762624e-006	-4.259246e-007	-4.714088e-006	5.532748e-006	3.518892e-007	2.560353e-007	1.280149e-005
3.082848791772360e-008	3.189483e-006	-4.239523e-007	3.187628e-006	2.761821e-006	-4.258073e-007	-4.718349e-006	5.525132e-006	3.526913e-007	2.564810e-007	1.280386e-005
3.082886291772360e-008	3.189346e-006	-4.238946e-007	3.187456e-006	2.761670e-006	-4.257853e-007	-4.718786e-006	5.524065e-006	3.528417e-007	2.565646e-007	1.280431e-005
3.082991220338830e-008	3.188964e-006	-4.237331e-007	3.186973e-006	2.761249e-006	-4.257238e-007	-4.718020e-006	5.523068e-006	3.532624e-007	2.567983e-007	1.280557e-005
3.083050104207435e-008	3.188749e-006	-4.236426e-007	3.186702e-006	2.761013e-006	-4.256892e-007	-4.716587e-006	5.523512e-006	3.534984e-007	2.569294e-007	1.280629e-005
3.083199710821069e-008	3.188203e-006	-4.234130e-007	3.186014e-006	2.760413e-006	-4.256013e-007	-4.712749e-006	5.524834e-006	3.540980e-007	2.572626e-007	1.280811e-005
3.083499710821070e-008	3.187107e-006	-4.229536e-007	3.184635e-006	2.759211e-006	-4.254249e-007	-4.704121e-006	5.528412e-006	3.552999e-007	2.579303e-007	1.281177e-005
3.083628282249641e-008	3.186637e-006	-4.227573e-007	3.184045e-006	2.758696e-006	-4.253492e-007	-4.700061e-006	5.530306e-006	3.558148e-007	2.582164e-007	1.281334e-005
3.083756853678213e-008	3.186167e-006	-4.225612e-007	3.183455e-006	2.758181e-006	-4.252735e-007	-4.695961e-006	5.532239e-006	3.563296e-007	2.585024e-007	1.281491e-005
3.083885425106784e-008	3.185697e-006	-4.223654e-007	3.182864e-006	2.757667e-006	-4.251977e-007	-4.691819e-006	5.534212e-006	3.568443e-007	2.587884e-007	1.281648e-005
3.084013996535356e-008	3.185226e-006	-4.221699e-007	3.182274e-006	2.757153e-006	-4.251219e-007	-4.687637e-006	5.536225e-006	3.573588e-007	2.590743e-007	1.281805e-005
3.084142567963928e-008	3.184756e-006	-4.219747e-007	3.181685e-006	2.756639e-006	-4.250460e-007	-4.683413e-006	5.538277e-006	3.578733e-007	2.593601e-007	1.281962e-005
3.084271139392499e-008	3.184285e-006	-4.217798e-007	3.181095e-006	2.756125e-006	-4.249700e-007	-4.679149e-006	5.540370e-006	3.583876e-007	2.596458e-007	1.282119e-005
3.084399710821071e-008	3.183814e-006	-4.215852e-007	3.180505e-006	2.755611e-006	-4.248941e-007	-4.674844e-006	5.542502e-006	3.589018e-007	2.599315e-007	1.282276e-005
3.084499710821071e-008	3.183448e-006	-4.214340e-007	3.180047e-006	2.755212e-006	-4.248350e-007	-4.671547e-006	5.544107e-006	3.593017e-007	2.601537e-007	1.282398e-005
3.085042567963929e-008	3.181458e-006	-4.206165e-007	3.177561e-006	2.753047e-006	-4.245135e-007	-4.653949e-006	5.552510e-006	3.614712e-007	2.613590e-007	1.283060e-005
3.085585425106786e-008	3.179465e-006	-4.198040e-007	3.175078e-006	2.750886e-006	-4.241912e-007	-4.637308e-006	5.559937e-006	3.636387e-007	2.625632e-007	1.283720e-005
3.086128282249644e-008	3.177470e-006	-4.189965e-007	3.172598e-006	2.748730e-006	-4.238682e-007	-4.621625e-006	5.566388e-006	3.658040e-007	2.637662e-007	1.284379e-005
3.086671139392502e-008	3.175472e-006	-4.181939e-007	3.170121e-006	2.746577e-006	-4.235444e-007	-4.606900e-006	5.571863e-006	3.679673e-007	2.649680e-007	1.285036e-005
3.087213996535360e-008	3.173471e-006	-4.173963e-007	3.167647e-006	2.744427e-006	-4.232199e-007	-4.593133e-006	5.576363e-006	3.701285e-007	2.661686e-007	1.285691e-005
3.087756853678217e-008	3.171468e-006	-4.166037e-007	3.165177e-006	2.742282e-006	-4.228946e-007	-4.580323e-006	5.579886e-006	3.722877e-007	2.673680e-007	1.286345e-005
3.088299710821075e-008	3.169462e-006	-4.158161e-007	3.162710e-006	2.740141e-006	-4.225685e-007	-4.568471e-006	5.582433e-006	3.744447e-007	2.685663e-007	1.286998e-005
3.089571139392505e-008	3.164754e-006	-4.139912e-007	3.156943e-006	2.735141e-006	-4.218017e-007	-4.544844e-006	5.584194e-006	3.794885e-007	2.713680e-007	1.288519e-005
3.090842567963935e-008	3.160034e-006	-4.121908e-007	3.151193e-006	2.730161e-006	-4.210320e-007	-4.523097e-006	5.584015e-006	3.845206e-007	2.741628e-007	1.290035e-005
3.092113996535365e-008	3.155303e-006	-4.104149e-007	3.145458e-006	2.725199e-006	-4.202592e-007	-4.503229e-006	5.581897e-006	3.895408e-007	2.769506e-007	1.291545e-005
3.093385425106795e-008	3.150560e-006	-4.086633e-007	3.139740e-006	2.720257e-006	-4.194834e-007	-4.485241e-006	5.577840e-006	3.945493e-007	2.797316e-007	1.293049e-005
3.094656853678225e-008	3.145806e-006	-4.069362e-007	3.134038e-006	2.715333e-006	-4.187047e-007	-4.469133e-006	5.571843e-006	3.995459e-007	2.825056e-007	1.294547e-005
3.095928282249655e-008	3.141041e-006	-4.052335e-007	3.128351e-006	2.710429e-006	-4.179229e-007	-4.454904e-006	5.563908e-006	4.045308e-007	2.852727e-007	1.296038e-005
3.097199710821085e-008	3.136264e-006	-4.035552e-007	3.122681e-006	2.705543e-006	-4.171381e-007	-4.442555e-006	5.554033e-006	4.095039e-007	2.880329e-007	1.297524e-005
3.099656853678231e-008	3.127000e-006	-4.003807e-007	3.111768e-006	2.696154e-006	-4.156134e-007	-4.418984e-006	5.534516e-006	4.190807e-007	2.933470e-007	1.300383e-005
3.102113996535377e-008	3.117712e-006	-3.972790e-007	3.100906e-006	2.686822e-006	-4.140842e-007	-4.395816e-006	5.514572e-006	4.286138e-007	2.986351e-007	1.303225e-005
3.104571139392522e-008	3.108398e-006	-3.942503e-007	3.090098e-006	2.677547e-006	-4.125506e-007	-4.373051e-006	5.494204e-006	4.381032e-007	3.038972e-007	1.306051e-005
3.107028282249668e-008	3.099059e-006	-3.912944e-007	3.079341e-006	2.668329e-006	-4.110124e-007	-4.350689e-006	5.473409e-006	4.475489e-007	3.091333e-007	1.308859e-005
3.109485425106813e-008	3.089695e-006	-3.884115e-007	3.068637e-006	2.659167e-006	-4.094697e-007	-4.328729e-006	5.452189e-006	4.569508e-007	3.143434e-007	1.311651e-005
3.111942567963959e-008	3.080306e-006	-3.856014e-007	3.057985e-006	2.650062e-006	-4.079225e-007	-4.307172e-006	5.430543e-006	4.663090e-007	3.195275e-007	1.314427e-005
3.114399710821105e-008	3.070891e-006	-3.828642e-007	3.047385e-006	2.641014e-006	-4.063708e-007	-4.286018e-006	5.408472e-006	4.756234e-007	3.246857e-007	1.317185e-005
3.114499710821105e-008	3.070508e-006	-3.827539e-007	3.046954e-006	2.640647e-006	-4.063077e-007	-4.285139e-006	5.407595e-006	4.760016e-007	3.248950e-007	1.317297e-005
3.144499710821139e-008	2.955020e-006	-3.536550e-007	2.921179e-006	2.533683e-006	-3.874962e-007	-4.025686e-006	5.148892e-006	5.862865e-007	3.858203e-007	1.349713e-005
3.149999710821145e-008	2.933869e-006	-3.490367e-007	2.898796e-006	2.514686e-006	-3.841101e-007	-3.979359e-006	5.102724e-006	6.058341e-007	3.965886e-007	1.355408e-005
3.150199710821145e-008	2.933102e-006	-3.488724e-007	2.897987e-006	2.513999e-006	-3.839877e-007	-3.977684e-006	5.101053e-006	6.065411e-007	3.969779e-007	1.355614e-005
3.174499710821173e-008	2.840569e-006	-3.304619e-007	2.801596e-006	2.432160e-006	-3.694356e-007	-3.778722e-006	4.902764e-006	6.904687e-007	4.430930e-007	1.379894e-005
3.204499710821207e-008	2.728725e-006	-3.110220e-007	2.687323e-006	2.334900e-006	-3.524236e-007	-3.546265e-006	4.671089e-006	7.888545e-007	4.968798e-007	1.407985e-005
3.234499710821241e-008	2.620366e-006	-2.941023e-007	2.577959e-006	2.241449e-006	-3.365099e-007	-3.328179e-006	4.453735e-006	8.817348e-007	5.473414e-007	1.434120e-005
3.239899710821247e-008	2.601271e-006	-2.912627e-007	2.558775e-006	2.225017e-006	-3.337584e-007	-3.290402e-006	4.416084e-006	8.978901e-007	5.560833e-007	1.438627e-005
3.239999710821247e-008	2.600919e-006	-2.912106e-007	2.558421e-006	2.224714e-006	-3.337077e-007	-3.289706e-006	4.415391e-006	8.981876e-007	5.562442e-007	1.438709e-005
3.240099710821247e-008	2.600566e-006	-2.911586e-007	2.558068e-006	2.224410e-006	-3.336571e-007	-3.289011e-006	4.414698e-006	8.984852e-007	5.564052e-007	1.438792e-005
3.240299710821247e-008	2.599862e-006	-2.910546e-007	2.557360e-006	2.223804e-006	-3.335559e-007	-3.287621e-006	4.413312e-006	8.990800e-007	5.567268e-007	1.438958e-005
3.240499710821248e-008	2.599157e-006	-2.909506e-007	2.556653e-006	2.223198e-006	-3.334547e-007	-3.286231e-006	4.411928e-006	8.996747e-007	5.570483e-007	1.439124e-005
3.240699710821248e-008	2.598453e-006	-2.908467e-007	2.555946e-006	2.222592e-006	-3.333536e-007	-3.284842e-006	4.410543e-006	9.002691e-007	5.573697e-007	1.439289e-005
3.240899710821248e-008	2.597749e-006	-2.907429e-007	2.555239e-006	2.221987e-006	-3.332525e-007	-3.283454e-006	4.409160e-006	9.008633e-007	5.576910e-007	1.439455e-005
3.241099710821248e-008	2.597045e-006	-2.906391e-007	2.554533e-006	2.221381e-006	-3.331514e-007	-3.282066e-006	4.407777e-006	9.014573e-007	5.580121e-007	1.439620e-005
3.241299710821249e-008	2.596341e-006	-2.905355e-007	2.553826e-006	2.220776e-006	-3.330504e-007	-3.280679e-006	4.406394e-006	9.020510e-007	5.583331e-007	1.439785e-005
3.241499710821249e-008	2.595638e-006	-2.904319e-007	2.553120e-006	2.220171e-006	-3.329495e-007	-3.279293e-006	4.405013e-006	9.026445e-007	5.586539e-007	1.439950e-005
3.264499710821275e-008	2.515930e-006	-2.789719e-007	2.473267e-006	2.151632e-006	-3.216350e-007	-3.123799e-006	4.250038e-006	9.693855e-007	5.946322e-007	1.458423e-005
3.294499710821309e-008	2.415575e-006	-2.651822e-007	2.373055e-006	2.065352e-006	-3.077022e-007	-2.932332e-006	4.059208e-006	1.052068e-006	6.389014e-007	1.481007e-005
3.324499710821343e-008	2.319307e-006	-2.524498e-007	2.277144e-006	1.982531e-006	-2.946130e-007	-2.752972e-006	3.880441e-006	1.130031e-006	6.802928e-007	1.501979e-005
3.324871139392772e-008	2.318142e-006	-2.522981e-007	2.275984e-006	1.981528e-006	-2.944561e-007	-2.750824e-006	3.878300e-006	1.130968e-006	6.807878e-007	1.502229e-005
3.325242567964201e-008	2.316976e-006	-2.521465e-007	2.274823e-006	1.980524e-006	-2.942991e-007	-2.748678e-006	3.876161e-006	1.131904e-006	6.812824e-007	1.502479e-005
3.325613996535630e-008	2.315811e-006	-2.519948e-007	2.273663e-006	1.979521e-006	-2.941422e-007	-2.746533e-006	3.874024e-006	1.132839e-006	6.817766e-007	1.502728e-005
3.325985425107059e-008	2.314645e-006	-2.518432e-007	2.272503e-006	1.978518e-006	-2.939852e-007	-2.744390e-006	3.871888e-006	1.133773e-006	6.822703e-007	1.502977e-005
3.326356853678488e-008	2.313479e-006	-2.516915e-007	2.271343e-006	1.977515e-006	-2.938281e-007	-2.742249e-006	3.869753e-006	1.134707e-006	6.827636e-007	1.503227e-005
3.326728282249917e-008	2.312314e-006	-2.515399e-007	2.270183e-006	1.976511e-006	-2.936711e-007	-2.740110e-006	3.867621e-006	1.135641e-006	6.832565e-007	1.503475e-005
3.327099710821346e-008	2.311148e-006	-2.513883e-007	2.269022e-006	1.975508e-006	-2.935141e-007	-2.737972e-006	3.865490e-006	1.136573e-006	6.837490e-007	1.503724e-005
3.328613996535634e-008	2.306353e-006	-2.507672e-007	2.264251e-006	1.971381e-006	-2.928695e-007	-2.729275e-006	3.856822e-006	1.140368e-006	6.857522e-007	1.504735e-005
3.330128282249921e-008	2.301573e-006	-2.501488e-007	2.259494e-006	1.967267e-006	-2.922277e-007	-2.720606e-006	3.848181e-006	1.144151e-006	6.877486e-007	1.505742e-005
3.331642567964208e-008	2.296808e-006	-2.495331e-007	2.254753e-006	1.963164e-006	-2.915884e-007	-2.711965e-006	3.839569e-006	1.147923e-006	6.897381e-007	1.506746e-005
3.333156853678495e-008	2.292057e-006	-2.489203e-007	2.250026e-006	1.959074e-006	-2.909518e-007	-2.703352e-006	3.830985e-006	1.151684e-006	6.917207e-007	1.507745e-005
3.334671139392783e-008	2.287322e-006	-2.483102e-007	2.245314e-006	1.954997e-006	-2.903179e-007	-2.694768e-006	3.822429e-006	1.155433e-006	6.936964e-007	1.508741e-005
3.336185425107070e-008	2.282601e-006	-2.477028e-007	2.240618e-006	1.950931e-006	-2.896865e-007	-2.686213e-006	3.813902e-006	1.159171e-006	6.956653e-007	1.509733e-005
3.337699710821358e-008	2.277895e-006	-2.470983e-007	2.235936e-006	1.946878e-006	-2.890579e-007	-2.677685e-006	3.805402e-006	1.162898e-006	6.976273e-007	1.510722e-005
3.338342567964216e-008	2.275913e-006	-2.468427e-007	2.233963e-006	1.945171e-006	-2.887922e-007	-2.674073e-006	3.801802e-006	1.164477e-006	6.984583e-007	1.511140e-005
3.338985425107073e-008	2.273932e-006	-2.465881e-007	2.231993e-006	1.943465e-006	-2.885276e-007	-2.670467e-006	3.798208e-006	1.166054e-006	6.992880e-007	1.511558e-005
3.339628282249931e-008	2.271954e-006	-2.463346e-007	2.230025e-006	1.941761e-006	-2.882640e-007	-2.666865e-006	3.794618e-006	1.167629e-006	7.001165e-007	1.511975e-005
3.340271139392789e-008	2.269978e-006	-2.460822e-007	2.228058e-006	1.940057e-006	-2.880013e-007	-2.663268e-006	3.791033e-006	1.169202e-006	7.009438e-007	1.512391e-005
3.340913996535648e-008	2.268003e-006	-2.458308e-007	2.226094e-006	1.938355e-006	-2.877397e-007	-2.659677e-006	3.787453e-006	1.170773e-006	7.017698e-007	1.512807e-005
3.341556853678505e-008	2.266031e-006	-2.455805e-007	2.224132e-006	1.936653e-006	-2.874790e-007	-2.656090e-006	3.783878e-006	1.172342e-006	7.025946e-007	1.513222e-005
3.342199710821363e-008	2.264060e-006	-2.453312e-007	2.222172e-006	1.934953e-006	-2.872193e-007	-2.652508e-006	3.780308e-006	1.173908e-006	7.034182e-007	1.513637e-005
3.342885425107078e-008	2.261928e-006	-2.451007e-007	2.220052e-006	1.933075e-006	-2.869767e-007	-2.648693e-006	3.776506e-006	1.175577e-006	7.042941e-007	1.514078e-005
3.343571139392793e-008	2.259807e-006	-2.448609e-007	2.217943e-006	1.931218e-006	-2.867249e-007	-2.644884e-006	3.772709e-006	1.177242e-006	7.051687e-007	1.514518e-005
3.344256853678508e-008	2.257697e-006	-2.446118e-007	2.215846e-006	1.929382e-006	-2.864638e-007	-2.641080e-006	3.768918e-006	1.178905e-006	7.060418e-007	1.514958e-005
3.344942567964223e-008	2.255599e-006	-2.443532e-007	2.213759e-006	1.927566e-006	-2.861934e-007	-2.637282e-006	3.765132e-006	1.180566e-006	7.069135e-007	1.515397e-005
3.345628282249938e-008	2.253512e-006	-2.440853e-007	2.211684e-006	1.925770e-006	-2.859138e-007	-2.633490e-006	3.761352e-006	1.182225e-006	7.077837e-007	1.515835e-005
3.346313996535654e-008	2.251437e-006	-2.438080e-007	2.209620e-006	1.923995e-006	-2.856249e-007	-2.629703e-006	3.757578e-006	1.183881e-006	7.086526e-007	1.516273e-005
3.346999710821368e-008	2.249373e-006	-2.435213e-007	2.207567e-006	1.922241e-006	-2.853267e-007	-2.625922e-006	3.753809e-006	1.185535e-006	7.095200e-007	1.516710e-005
3.347228282249940e-008	2.248685e-006	-2.434274e-007	2.206884e-006	1.921655e-006	-2.852291e-007	-2.624663e-006	3.752554e-006	1.186085e-006	7.098089e-007	1.516855e-005
3.347456853678512e-008	2.247997e-006	-2.433348e-007	2.206199e-006	1.921066e-006	-2.851327e-007	-2.623405e-006	3.751300e-006	1.186636e-006	7.100977e-007	1.517000e-005
3.347685425107083e-008	2.247307e-006	-2.432434e-007	2.205512e-006	1.920475e-006	-2.850375e-007	-2.622147e-006	3.750046e-006	1.187186e-006	7.103864e-007	1.517146e-005
3.347913996535655e-008	2.246615e-006	-2.431532e-007	2.204825e-006	1.919881e-006	-2.849434e-007	-2.620889e-006	3.748793e-006	1.187737e-006	7.106749e-007	1.517291e-005
3.348142567964227e-008	2.245922e-006	-2.430643e-007	2.204136e-006	1.919285e-006	-2.848505e-007	-2.619633e-006	3.747541e-006	1.188287e-006	7.109632e-007	1.517436e-005
3.348371139392799e-008	2.245228e-006	-2.429765e-007	2.203446e-006	1.918687e-006	-2.847588e-007	-2.618377e-006	3.746289e-006	1.188836e-006	7.112515e-007	1.517581e-005
3.348599710821370e-008	2.244532e-006	-2.428900e-007	2.202754e-006	1.918086e-006	-2.846683e-007	-2.617121e-006	3.745037e-006	1.189386e-006	7.115395e-007	1.517726e-005
3.352099710821374e-008	2.233963e-006	-2.415379e-007	2.192245e-006	1.908989e-006	-2.832561e-007	-2.597976e-006	3.725955e-006	1.197770e-006	7.159340e-007	1.519934e-005
3.352199710821374e-008	2.233663e-006	-2.414987e-007	2.191946e-006	1.908731e-006	-2.832151e-007	-2.597430e-006	3.725412e-006	1.198009e-006	7.160591e-007	1.520001e-005
3.352227778254280e-008	2.233579e-006	-2.414875e-007	2.191863e-006	1.908659e-006	-2.832035e-007	-2.597277e-006	3.725260e-006	1.198076e-006	7.160942e-007	1.520012e-005
3.352250998257423e-008	2.233509e-006	-2.414782e-007	2.191794e-006	1.908600e-006	-2.831938e-007	-2.597155e-006	3.725129e-006	1.198132e-006	7.161232e-007	1.519998e-005
3.352355647910441e-008	2.233196e-006	-2.414355e-007	2.191483e-006	1.908333e-006	-2.831492e-007	-2.596765e-006	3.724381e-006	1.198381e-006	7.162541e-007	1.519717e-005
3.352460297563460e-008	2.232883e-006	-2.413927e-007	2.191172e-006	1.908067e-006	-2.831044e-007	-2.596494e-006	3.723515e-006	1.198631e-006	7.163850e-007	1.519233e-005
3.352564947216478e-008	2.232571e-006	-2.413497e-007	2.190861e-006	1.907802e-006	-2.830594e-007	-2.596342e-006	3.722529e-006	1.198881e-006	7.165159e-007	1.518547e-005
3.352669596869496e-008	2.232258e-006	-2.413066e-007	2.190551e-006	1.907537e-006	-2.830143e-007	-2.596309e-006	3.721424e-006	1.199130e-006	7.166467e-007	1.517658e-005
3.352774246522514e-008	2.231946e-006	-2.412633e-007	2.190241e-006	1.907272e-006	-2.829689e-007	-2.596396e-006	3.720200e-006	1.199380e-006	7.167775e-007	1.516567e-005
3.352878896175533e-008	2.231634e-006	-2.412199e-007	2.189931e-006	1.907007e-006	-2.829234e-007	-2.596602e-006	3.718857e-006	1.199629e-006	7.169082e-007	1.515272e-005
3.352983545828551e-008	2.231323e-006	-2.411764e-007	2.189621e-006	1.906743e-006	-2.828777e-007	-2.596928e-006	3.717395e-006	1.199878e-006	7.170390e-007	1.513775e-005
3.353083545828551e-008	2.231025e-006	-2.411350e-007	2.189325e-006	1.906491e-006	-2.828343e-007	-2.597329e-006	3.715908e-006	1.200117e-006	7.171639e-007	1.512149e-005
3.353183545828551e-008	2.230727e-006	-2.410936e-007	2.189029e-006	1.906238e-006	-2.827910e-007	-2.597823e-006	3.714328e-006	1.200355e-006	7.172887e-007	1.510337e-005
3.353383545828551e-008	2.230130e-006	-2.410111e-007	2.188437e-006	1.905733e-006	-2.827045e-007	-2.599075e-006	3.710905e-006	1.200831e-006	7.175383e-007	1.506158e-005
3.353583545828552e-008	2.229534e-006	-2.409292e-007	2.187845e-006	1.905226e-006	-2.826185e-007	-2.600654e-006	3.707157e-006	1.201307e-006	7.177878e-007	1.501244e-005
3.353783545828552e-008	2.228937e-006	-2.408478e-007	2.187252e-006	1.904719e-006	-2.825333e-007	-2.602529e-006	3.703112e-006	1.201783e-006	7.180372e-007	1.495605e-005
3.353983545828552e-008	2.228340e-006	-2.407671e-007	2.186659e-006	1.904210e-006	-2.824487e-007	-2.604672e-006	3.698802e-006	1.202259e-006	7.182864e-007	1.489249e-005
3.354083545828552e-008	2.228041e-006	-2.407270e-007	2.186362e-006	1.903955e-006	-2.824067e-007	-2.605834e-006	3.696557e-006	1.202497e-006	7.184110e-007	1.485806e-005
3.354283545828552e-008	2.227444e-006	-2.406468e-007	2.185768e-006	1.903446e-006	-2.823228e-007	-2.608321e-006	3.691903e-006	1.202972e-006	7.186600e-007	1.478397e-005
3.354483545828553e-008	2.226850e-006	-2.405643e-007	2.185177e-006	1.902939e-006	-2.822373e-007	-2.611002e-006	3.687056e-006	1.203447e-006	7.189087e-007	1.470301e-005
3.354783545828553e-008	2.225959e-006	-2.404388e-007	2.184290e-006	1.902183e-006	-2.821078e-007	-2.615326e-006	3.679486e-006	1.204160e-006	7.192815e-007	1.456898e-005
3.355083545828553e-008	2.225070e-006	-2.403132e-007	2.183404e-006	1.901426e-006	-2.819787e-007	-2.619928e-006	3.671640e-006	1.204873e-006	7.196539e-007	1.442030e-005
3.355383545828554e-008	2.224180e-006	-2.401887e-007	2.182518e-006	1.900667e-006	-2.818506e-007	-2.624718e-006	3.663607e-006	1.205585e-006	7.200260e-007	1.425751e-005
3.355683545828554e-008	2.223289e-006	-2.400656e-007	2.181631e-006	1.899907e-006	-2.817241e-007	-2.629608e-006	3.655477e-006	1.206296e-006	7.203978e-007	1.408121e-005
3.355940688685697e-008	2.222524e-006	-2.399618e-007	2.180869e-006	1.899252e-006	-2.816172e-007	-2.633931e-006	3.648379e-006	1.206905e-006	7.207163e-007	1.391864e-005
3.356197831542841e-008	2.221759e-006	-2.398595e-007	2.180107e-006	1.898595e-006	-2.815115e-007	-2.638097e-006	3.641439e-006	1.207515e-006	7.210346e-007	1.374818e-005
3.356454974399984e-008	2.220992e-006	-2.397586e-007	2.179344e-006	1.897937e-006	-2.814070e-007	-2.642105e-006	3.634658e-006	1.208123e-006	7.213528e-007	1.356983e-005
3.356712117257126e-008	2.220224e-006	-2.396591e-007	2.178580e-006	1.897276e-006	-2.813038e-007	-2.645955e-006	3.628036e-006	1.208732e-006	7.216707e-007	1.338358e-005
3.356969260114269e-008	2.219456e-006	-2.395610e-007	2.177815e-006	1.896613e-006	-2.812017e-007	-2.649649e-006	3.621574e-006	1.209340e-006	7.219884e-007	1.318944e-005
3.357226402971413e-008	2.218686e-006	-2.394643e-007	2.177049e-006	1.895948e-006	-2.811009e-007	-2.653184e-006	3.615270e-006	1.209947e-006	7.223060e-007	1.298741e-005
3.357483545828556e-008	2.217915e-006	-2.393690e-007	2.176283e-006	1.895282e-006	-2.810013e-007	-2.656563e-006	3.609125e-006	1.210555e-006	7.226234e-007	1.277748e-005
3.357583545828556e-008	2.217616e-006	-2.393320e-007	2.175985e-006	1.895023e-006	-2.809626e-007	-2.657728e-006	3.606885e-006	1.210791e-006	7.227468e-007	1.269518e-005
3.357983545828557e-008	2.216416e-006	-2.391854e-007	2.174792e-006	1.893983e-006	-2.808092e-007	-2.661146e-006	3.599167e-006	1.211735e-006	7.232400e-007	1.236477e-005
3.358383545828557e-008	2.215217e-006	-2.390387e-007	2.173601e-006	1.892945e-006	-2.806556e-007	-2.663121e-006	3.592897e-006	1.212678e-006	7.237327e-007	1.203564e-005
3.358783545828557e-008	2.214019e-006	-2.388919e-007	2.172409e-006	1.891907e-006	-2.805020e-007	-2.663651e-006	3.588075e-006	1.213620e-006	7.242250e-007	1.170781e-005
3.359183545828558e-008	2.212822e-006	-2.387450e-007	2.171219e-006	1.890871e-006	-2.803482e-007	-2.662736e-006	3.584701e-006	1.214562e-006	7.247168e-007	1.138126e-005
3.359583545828558e-008	2.211626e-006	-2.385979e-007	2.170029e-006	1.889835e-006	-2.801943e-007	-2.660378e-006	3.582775e-006	1.215503e-006	7.252082e-007	1.105600e-005
3.359983545828559e-008	2.210430e-006	-2.384507e-007	2.168840e-006	1.888800e-006	-2.800403e-007	-2.656575e-006	3.582297e-006	1.216443e-006	7.256991e-007	1.073203e-005
3.360383545828559e-008	2.209235e-006	-2.383034e-007	2.167652e-006	1.887766e-006	-2.798862e-007	-2.651328e-006	3.583267e-006	1.217382e-006	7.261896e-007	1.040935e-005
3.360969260114274e-008	2.207488e-006	-2.380861e-007	2.165915e-006	1.886256e-006	-2.796591e-007	-2.641239e-006	3.587099e-006	1.218757e-006	7.269070e-007	9.941526e-006
3.361554974399989e-008	2.205742e-006	-2.378686e-007	2.164179e-006	1.884747e-006	-2.794317e-007	-2.630018e-006	3.592071e-006	1.220130e-006	7.276236e-007	9.485284e-006
3.362140688685704e-008	2.203998e-006	-2.376510e-007	2.162445e-006	1.883241e-006	-2.792042e-007	-2.617666e-006	3.598182e-006	1.221501e-006	7.283394e-007	9.040628e-006
3.362726402971419e-008	2.202256e-006	-2.374331e-007	2.160713e-006	1.881737e-006	-2.789764e-007	-2.604183e-006	3.605433e-006	1.222871e-006	7.290544e-007	8.607557e-006
3.363312117257134e-008	2.200516e-006	-2.372151e-007	2.158983e-006	1.880234e-006	-2.787485e-007	-2.589567e-006	3.613823e-006	1.224240e-006	7.297685e-007	8.186071e-006
3.363897831542849e-008	2.198777e-006	-2.369969e-007	2.157254e-006	1.878733e-006	-2.785204e-007	-2.573820e-006	3.623353e-006	1.225607e-006	7.304818e-007	7.776171e-006
3.364483545828564e-008	2.197040e-006	-2.367784e-007	2.155527e-006	1.877235e-006	-2.782920e-007	-2.556942e-006	3.634022e-006	1.226972e-006	7.311942e-007	7.377856e-006
3.365183545828565e-008	2.194965e-006	-2.365180e-007	2.153463e-006	1.875443e-006	-2.780196e-007	-2.536788e-006	3.646766e-006	1.228603e-006	7.320447e-007	6.924634e-006
3.365883545828566e-008	2.192892e-006	-2.362579e-007	2.151402e-006	1.873655e-006	-2.777474e-007	-2.517673e-006	3.658482e-006	1.230231e-006	7.328940e-007	6.493779e-006
3.366583545828566e-008	2.190822e-006	-2.359980e-007	2.149345e-006	1.871869e-006	-2.774755e-007	-2.499597e-006	3.669169e-006	1.231857e-006	7.337422e-007	6.085292e-006
3.367283545828567e-008	2.188756e-006	-2.357384e-007	2.147291e-006	1.870087e-006	-2.772038e-007	-2.482560e-006	3.678829e-006	1.233481e-006	7.345891e-007	5.699173e-006
3.367983545828568e-008	2.186693e-006	-2.354790e-007	2.145240e-006	1.868307e-006	-2.769323e-007	-2.466563e-006	3.687461e-006	1.235104e-006	7.354349e-007	5.335421e-006
3.368683545828569e-008	2.184633e-006	-2.352200e-007	2.143192e-006	1.866531e-006	-2.766610e-007	-2.451604e-006	3.695065e-006	1.236724e-006	7.362795e-007	4.994037e-006
3.369383545828570e-008	2.182576e-006	-2.349611e-007	2.141147e-006	1.864757e-006	-2.763900e-007	-2.437685e-006	3.701641e-006	1.238342e-006	7.371229e-007	4.675021e-006
3.370197831542856e-008	2.180185e-006	-2.346595e-007	2.138771e-006	1.862697e-006	-2.760739e-007	-2.424926e-006	3.705871e-006	1.240221e-006	7.381024e-007	4.333457e-006
3.371012117257143e-008	2.177795e-006	-2.343585e-007	2.136395e-006	1.860637e-006	-2.757585e-007	-2.414341e-006	3.707943e-006	1.242097e-006	7.390800e-007	4.014846e-006
3.371826402971430e-008	2.175407e-006	-2.340582e-007	2.134021e-006	1.858577e-006	-2.754439e-007	-2.405929e-006	3.707857e-006	1.243971e-006	7.400560e-007	3.719187e-006
3.372640688685716e-008	2.173020e-006	-2.337587e-007	2.131648e-006	1.856518e-006	-2.751301e-007	-2.399690e-006	3.705613e-006	1.245841e-006	7.410301e-007	3.446482e-006
3.373454974400003e-008	2.170634e-006	-2.334599e-007	2.129277e-006	1.854460e-006	-2.748171e-007	-2.395623e-006	3.701211e-006	1.247709e-006	7.420026e-007	3.196731e-006
3.374269260114289e-008	2.168250e-006	-2.331618e-007	2.126907e-006	1.852402e-006	-2.745049e-007	-2.393730e-006	3.694651e-006	1.249574e-006	7.429733e-007	2.969932e-006
3.375083545828576e-008	2.165867e-006	-2.328644e-007	2.124538e-006	1.850345e-006	-2.741935e-007	-2.394009e-006	3.685933e-006	1.251436e-006	7.439423e-007	2.766086e-006
3.375783545828577e-008	2.163821e-006	-2.326103e-007	2.122506e-006	1.848580e-006	-2.739258e-007	-2.395182e-006	3.677519e-006	1.253034e-006	7.447735e-007	2.603365e-006
3.376483545828578e-008	2.161778e-006	-2.323563e-007	2.120476e-006	1.846818e-006	-2.736582e-007	-2.396599e-006	3.668871e-006	1.254629e-006	7.456032e-007	2.450484e-006
3.377183545828578e-008	2.159737e-006	-2.321022e-007	2.118449e-006	1.845058e-006	-2.733908e-007	-2.398260e-006	3.659990e-006	1.256221e-006	7.464313e-007	2.307443e-006
3.377883545828579e-008	2.157699e-006	-2.318481e-007	2.116423e-006	1.843300e-006	-2.731235e-007	-2.400165e-006	3.650875e-006	1.257812e-006	7.472577e-007	2.174242e-006
3.378583545828580e-008	2.155662e-006	-2.315939e-007	2.114400e-006	1.841544e-006	-2.728563e-007	-2.402315e-006	3.641527e-006	1.259399e-006	7.480826e-007	2.050880e-006
3.379283545828581e-008	2.153629e-006	-2.313398e-007	2.112379e-006	1.839790e-006	-2.725893e-007	-2.404709e-006	3.631945e-006	1.260985e-006	7.489059e-007	1.937358e-006
3.379983545828582e-008	2.151598e-006	-2.310856e-007	2.110361e-006	1.838038e-006	-2.723224e-007	-2.407347e-006	3.622130e-006	1.262568e-006	7.497276e-007	1.833675e-006
3.380054974400010e-008	2.151390e-006	-2.310598e-007	2.110155e-006	1.837860e-006	-2.722952e-007	-2.407564e-006	3.621181e-006	1.262729e-006	7.498114e-007	1.823327e-006
3.380126402971439e-008	2.151183e-006	-2.310339e-007	2.109949e-006	1.837681e-006	-2.722680e-007	-2.407779e-006	3.620235e-006	1.262891e-006	7.498951e-007	1.813052e-006
3.380197831542868e-008	2.150976e-006	-2.310081e-007	2.109743e-006	1.837502e-006	-2.722408e-007	-2.407991e-006	3.619292e-006	1.263052e-006	7.499789e-007	1.802851e-006
3.380269260114296e-008	2.150769e-006	-2.309822e-007	2.109537e-006	1.837324e-006	-2.722136e-007	-2.408200e-006	3.618351e-006	1.263213e-006	7.500626e-007	1.792723e-006
3.380340688685725e-008	2.150562e-006	-2.309564e-007	2.109332e-006	1.837145e-006	-2.721865e-007	-2.408406e-006	3.617414e-006	1.263375e-006	7.501464e-007	1.782668e-006
3.380412117257153e-008	2.150355e-006	-2.309305e-007	2.109126e-006	1.836967e-006	-2.721593e-007	-2.408610e-006	3.616479e-006	1.263536e-006	7.502301e-007	1.772686e-006
3.380483545828582e-008	2.150148e-006	-2.309047e-007	2.108920e-006	1.836788e-006	-2.721321e-007	-2.408810e-006	3.615547e-006	1.263697e-006	7.503137e-007	1.762778e-006
3.380583545828582e-008	2.149858e-006	-2.308685e-007	2.108632e-006	1.836538e-006	-2.720941e-007	-2.409085e-006	3.614249e-006	1.263923e-006	7.504309e-007	1.748991e-006
3.380783545828582e-008	2.149278e-006	-2.307962e-007	2.108056e-006	1.836038e-006	-2.720181e-007	-2.409618e-006	3.611671e-006	1.264374e-006	7.506651e-007	1.721678e-006
3.380969260114297e-008	2.148740e-006	-2.307291e-007	2.107522e-006	1.835574e-006	-2.719475e-007	-2.410102e-006	3.609288e-006	1.264793e-006	7.508824e-007	1.696676e-006
3.381154974400012e-008	2.148202e-006	-2.306620e-007	2.106987e-006	1.835110e-006	-2.718770e-007	-2.410570e-006	3.606922e-006	1.265212e-006	7.510997e-007	1.671920e-006
3.381340688685726e-008	2.147664e-006	-2.305949e-007	2.106453e-006	1.834646e-006	-2.718065e-007	-2.411022e-006	3.604572e-006	1.265630e-006	7.513168e-007	1.647412e-006
3.381526402971441e-008	2.147127e-006	-2.305278e-007	2.105918e-006	1.834183e-006	-2.717360e-007	-2.411458e-006	3.602239e-006	1.266049e-006	7.515339e-007	1.623150e-006
3.381712117257155e-008	2.146589e-006	-2.304608e-007	2.105384e-006	1.833719e-006	-2.716655e-007	-2.411878e-006	3.599924e-006	1.266467e-006	7.517508e-007	1.599136e-006
3.381897831542870e-008	2.146052e-006	-2.303938e-007	2.104851e-006	1.833255e-006	-2.715950e-007	-2.412282e-006	3.597624e-006	1.266885e-006	7.519677e-007	1.575369e-006
3.382083545828584e-008	2.145515e-006	-2.303268e-007	2.104317e-006	1.832792e-006	-2.715246e-007	-2.412670e-006	3.595342e-006	1.267303e-006	7.521845e-007	1.551849e-006
3.382123939757695e-008	2.145398e-006	-2.303123e-007	2.104201e-006	1.832691e-006	-2.715093e-007	-2.412751e-006	3.594849e-006	1.267394e-006	7.522316e-007	1.546746e-006
3.382149768619806e-008	2.145323e-006	-2.303030e-007	2.104126e-006	1.832627e-006	-2.714995e-007	-2.412803e-006	3.594534e-006	1.267452e-006	7.522617e-007	1.543514e-006
3.382202195730347e-008	2.145171e-006	-2.302841e-007	2.103976e-006	1.832496e-006	-2.714796e-007	-2.412905e-006	3.593897e-006	1.267570e-006	7.523229e-007	1.536974e-006
3.382254622840888e-008	2.145020e-006	-2.302652e-007	2.103825e-006	1.832365e-006	-2.714597e-007	-2.413005e-006	3.593262e-006	1.267688e-006	7.523841e-007	1.530465e-006
3.382307049951429e-008	2.144868e-006	-2.302463e-007	2.103674e-006	1.832235e-006	-2.714399e-007	-2.413102e-006	3.592631e-006	1.267806e-006	7.524452e-007	1.523989e-006
3.382359477061969e-008	2.144717e-006	-2.302274e-007	2.103524e-006	1.832104e-006	-2.714200e-007	-2.413196e-006	3.592003e-006	1.267924e-006	7.525064e-007	1.517544e-006
3.382411904172510e-008	2.144565e-006	-2.302085e-007	2.103373e-006	1.831973e-006	-2.714001e-007	-2.413287e-006	3.591377e-006	1.268042e-006	7.525675e-007	1.511131e-006
3.382464331283051e-008	2.144414e-006	-2.301896e-007	2.103223e-006	1.831842e-006	-2.713803e-007	-2.413375e-006	3.590755e-006	1.268160e-006	7.526286e-007	1.504750e-006
3.382516758393592e-008	2.144262e-006	-2.301707e-007	2.103072e-006	1.831712e-006	-2.713604e-007	-2.413460e-006	3.590135e-006	1.268278e-006	7.526897e-007	1.498401e-006
3.382616758393592e-008	2.143973e-006	-2.301347e-007	2.102785e-006	1.831462e-006	-2.713225e-007	-2.413606e-006	3.588971e-006	1.268502e-006	7.528062e-007	1.486553e-006
3.382716758393592e-008	2.143684e-006	-2.300987e-007	2.102498e-006	1.831213e-006	-2.712846e-007	-2.413724e-006	3.587834e-006	1.268727e-006	7.529227e-007	1.475112e-006
3.382902472679307e-008	2.143147e-006	-2.300318e-007	2.101965e-006	1.830751e-006	-2.712143e-007	-2.413858e-006	3.585809e-006	1.269144e-006	7.531391e-007	1.455006e-006
3.383088186965022e-008	2.142611e-006	-2.299650e-007	2.101432e-006	1.830288e-006	-2.711440e-007	-2.413907e-006	3.583870e-006	1.269561e-006	7.533553e-007	1.436188e-006
3.383273901250736e-008	2.142074e-006	-2.298982e-007	2.100899e-006	1.829825e-006	-2.710738e-007	-2.413870e-006	3.582017e-006	1.269978e-006	7.535714e-007	1.418657e-006
3.383459615536451e-008	2.141538e-006	-2.298314e-007	2.100366e-006	1.829363e-006	-2.710035e-007	-2.413749e-006	3.580249e-006	1.270395e-006	7.537874e-007	1.402415e-006
3.383645329822165e-008	2.141002e-006	-2.297646e-007	2.099834e-006	1.828900e-006	-2.709333e-007	-2.413544e-006	3.578567e-006	1.270812e-006	7.540033e-007	1.387461e-006
3.383831044107880e-008	2.140466e-006	-2.296979e-007	2.099301e-006	1.828438e-006	-2.708631e-007	-2.413253e-006	3.576971e-006	1.271228e-006	7.542191e-007	1.373794e-006
3.384016758393594e-008	2.139931e-006	-2.296312e-007	2.098769e-006	1.827976e-006	-2.707929e-007	-2.412877e-006	3.575460e-006	1.271644e-006	7.544348e-007	1.361416e-006
3.384316758393594e-008	2.139066e-006	-2.295235e-007	2.097910e-006	1.827230e-006	-2.706796e-007	-2.412133e-006	3.573158e-006	1.272316e-006	7.547831e-007	1.343933e-006
3.384416758393594e-008	2.138777e-006	-2.294876e-007	2.097623e-006	1.826981e-006	-2.706418e-007	-2.411848e-006	3.572428e-006	1.272540e-006	7.548991e-007	1.338753e-006
3.384448808827895e-008	2.138685e-006	-2.294761e-007	2.097531e-006	1.826902e-006	-2.706297e-007	-2.411753e-006	3.572198e-006	1.272612e-006	7.549363e-007	1.337170e-006
3.384458172633069e-008	2.138658e-006	-2.294727e-007	2.097504e-006	1.826878e-006	-2.706262e-007	-2.411724e-006	3.572132e-006	1.272633e-006	7.549472e-007	1.336716e-006
3.384467274226217e-008	2.138632e-006	-2.294694e-007	2.097479e-006	1.826856e-006	-2.706227e-007	-2.411696e-006	3.572067e-006	1.272654e-006	7.549577e-007	1.336257e-006
3.384468302631332e-008	2.138629e-006	-2.294691e-007	2.097476e-006	1.826853e-006	-2.706223e-007	-2.411693e-006	3.572060e-006	1.272656e-006	7.549589e-007	1.336203e-006
3.384468901266548e-008	2.138627e-006	-2.294689e-007	2.097474e-006	1.826852e-006	-2.706221e-007	-2.411691e-006	3.572056e-006	1.272657e-006	7.549596e-007	1.336172e-006
3.384469478930889e-008	2.138625e-006	-2.294686e-007	2.097472e-006	1.826850e-006	-2.706219e-007	-2.411689e-006	3.572052e-006	1.272658e-006	7.549602e-007	1.336143e-006
3.384470157009989e-008	2.138623e-006	-2.294684e-007	2.097470e-006	1.826848e-006	-2.706217e-007	-2.411687e-006	3.572047e-006	1.272660e-006	7.549610e-007	1.336109e-006
3.384470863268189e-008	2.138621e-006	-2.294681e-007	2.097468e-006	1.826847e-006	-2.706214e-007	-2.411685e-006	3.572042e-006	1.272662e-006	7.549619e-007	1.336074e-006
3.384471565936701e-008	2.138619e-006	-2.294679e-007	2.097466e-006	1.826845e-006	-2.706211e-007	-2.411683e-006	3.572037e-006	1.272663e-006	7.549627e-007	1.336038e-006
3.384472251202724e-008	2.138617e-006	-2.294676e-007	2.097464e-006	1.826843e-006	-2.706209e-007	-2.411681e-006	3.572032e-006	1.272665e-006	7.549635e-007	1.336004e-006
3.384472939297101e-008	2.138615e-006	-2.294674e-007	2.097462e-006	1.826842e-006	-2.706206e-007	-2.411679e-006	3.572027e-006	1.272666e-006	7.549643e-007	1.335969e-006
3.384473625880982e-008	2.138613e-006	-2.294671e-007	2.097460e-006	1.826840e-006	-2.706203e-007	-2.411677e-006	3.572022e-006	1.272668e-006	7.549651e-007	1.335934e-006
3.384474316865162e-008	2.138612e-006	-2.294669e-007	2.097458e-006	1.826838e-006	-2.706201e-007	-2.411675e-006	3.572017e-006	1.272669e-006	7.549659e-007	1.335899e-006
3.384475113252543e-008	2.138609e-006	-2.294666e-007	2.097456e-006	1.826836e-006	-2.706198e-007	-2.411672e-006	3.572012e-006	1.272671e-006	7.549668e-007	1.335859e-006
3.384476014982896e-008	2.138607e-006	-2.294663e-007	2.097453e-006	1.826834e-006	-2.706194e-007	-2.411670e-006	3.572005e-006	1.272673e-006	7.549679e-007	1.335813e-006
3.384477080537351e-008	2.138604e-006	-2.294659e-007	2.097450e-006	1.826831e-006	-2.706190e-007	-2.411666e-006	3.571997e-006	1.272675e-006	7.549691e-007	1.335759e-006
3.384479829029485e-008	2.138596e-006	-2.294649e-007	2.097443e-006	1.826825e-006	-2.706180e-007	-2.411658e-006	3.571978e-006	1.272682e-006	7.549723e-007	1.335619e-006
3.384491343134723e-008	2.138562e-006	-2.294608e-007	2.097410e-006	1.826796e-006	-2.706136e-007	-2.411624e-006	3.571895e-006	1.272707e-006	7.549856e-007	1.335033e-006
3.384502857239963e-008	2.138529e-006	-2.294567e-007	2.097377e-006	1.826767e-006	-2.706093e-007	-2.411590e-006	3.571812e-006	1.272733e-006	7.549990e-007	1.334447e-006
3.384514371345201e-008	2.138496e-006	-2.294525e-007	2.097344e-006	1.826739e-006	-2.706050e-007	-2.411556e-006	3.571729e-006	1.272759e-006	7.550123e-007	1.333862e-006
3.384525885450441e-008	2.138463e-006	-2.294484e-007	2.097311e-006	1.826710e-006	-2.706006e-007	-2.411522e-006	3.571646e-006	1.272785e-006	7.550257e-007	1.333277e-006
3.384537399555679e-008	2.138430e-006	-2.294443e-007	2.097278e-006	1.826681e-006	-2.705963e-007	-2.411489e-006	3.571563e-006	1.272811e-006	7.550390e-007	1.332693e-006
3.384548913660919e-008	2.138396e-006	-2.294401e-007	2.097245e-006	1.826653e-006	-2.705919e-007	-2.411455e-006	3.571480e-006	1.272836e-006	7.550524e-007	1.332109e-006
3.384560427766157e-008	2.138363e-006	-2.294360e-007	2.097212e-006	1.826624e-006	-2.705876e-007	-2.411422e-006	3.571396e-006	1.272862e-006	7.550657e-007	1.331525e-006
3.385471443762441e-008	2.135739e-006	-2.291095e-007	2.094605e-006	1.824361e-006	-2.702440e-007	-2.409025e-006	3.564561e-006	1.274900e-006	7.561211e-007	1.286356e-006
3.386382459758725e-008	2.133119e-006	-2.287835e-007	2.092002e-006	1.822101e-006	-2.699009e-007	-2.406510e-006	3.557862e-006	1.276933e-006	7.571742e-007	1.242755e-006
3.387293475755008e-008	2.130502e-006	-2.284582e-007	2.089402e-006	1.819843e-006	-2.695584e-007	-2.403876e-006	3.551299e-006	1.278963e-006	7.582249e-007	1.200724e-006
3.388204491751292e-008	2.127888e-006	-2.281334e-007	2.086805e-006	1.817589e-006	-2.692165e-007	-2.401123e-006	3.544873e-006	1.280989e-006	7.592734e-007	1.160262e-006
3.389115507747575e-008	2.125278e-006	-2.278092e-007	2.084212e-006	1.815337e-006	-2.688752e-007	-2.398252e-006	3.538584e-006	1.283012e-006	7.603195e-007	1.121368e-006
3.390026523743859e-008	2.122671e-006	-2.274856e-007	2.081623e-006	1.813088e-006	-2.685344e-007	-2.395262e-006	3.532431e-006	1.285031e-006	7.613633e-007	1.084043e-006
3.390937539740142e-008	2.120068e-006	-2.271626e-007	2.079037e-006	1.810843e-006	-2.681941e-007	-2.392154e-006	3.526414e-006	1.287045e-006	7.624048e-007	1.048288e-006
3.393551825454431e-008	2.112617e-006	-2.262390e-007	2.071635e-006	1.804414e-006	-2.672209e-007	-2.380484e-006	3.512001e-006	1.292806e-006	7.653806e-007	9.549351e-007
3.396166111168720e-008	2.105193e-006	-2.253201e-007	2.064261e-006	1.798009e-006	-2.662520e-007	-2.368497e-006	3.498047e-006	1.298538e-006	7.683381e-007	8.692947e-007
3.398780396883008e-008	2.097797e-006	-2.244057e-007	2.056915e-006	1.791628e-006	-2.652876e-007	-2.356194e-006	3.484553e-006	1.304239e-006	7.712773e-007	7.913667e-007
3.401394682597297e-008	2.090429e-006	-2.234960e-007	2.049598e-006	1.785270e-006	-2.643276e-007	-2.343575e-006	3.471519e-006	1.309910e-006	7.741982e-007	7.211510e-007
3.404008968311586e-008	2.083089e-006	-2.225910e-007	2.042308e-006	1.778936e-006	-2.633721e-007	-2.330639e-006	3.458946e-006	1.315551e-006	7.771008e-007	6.586476e-007
3.406623254025874e-008	2.075776e-006	-2.216906e-007	2.035046e-006	1.772625e-006	-2.624209e-007	-2.317387e-006	3.446832e-006	1.321162e-006	7.799850e-007	6.038565e-007
3.409237539740163e-008	2.068491e-006	-2.207948e-007	2.027812e-006	1.766337e-006	-2.614742e-007	-2.303819e-006	3.435178e-006	1.326744e-006	7.828510e-007	5.567776e-007
3.409337539740163e-008	2.068213e-006	-2.207606e-007	2.027536e-006	1.766098e-006	-2.614381e-007	-2.303336e-006	3.434700e-006	1.326957e-006	7.829603e-007	5.550041e-007
3.412594682597309e-008	2.059176e-006	-2.196514e-007	2.018563e-006	1.758299e-006	-2.602644e-007	-2.287880e-006	3.418933e-006	1.333868e-006	7.865048e-007	5.029867e-007
3.415851825454457e-008	2.050182e-006	-2.185488e-007	2.009633e-006	1.750536e-006	-2.590973e-007	-2.272511e-006	3.403294e-006	1.340734e-006	7.900219e-007	4.559547e-007
3.419108968311603e-008	2.041229e-006	-2.174529e-007	2.000745e-006	1.742808e-006	-2.579367e-007	-2.257229e-006	3.387784e-006	1.347555e-006	7.935115e-007	4.139080e-007
3.422366111168749e-008	2.032318e-006	-2.163638e-007	1.991899e-006	1.735116e-006	-2.567826e-007	-2.242034e-006	3.372402e-006	1.354332e-006	7.969736e-007	3.768466e-007
3.425623254025896e-008	2.023449e-006	-2.152813e-007	1.983095e-006	1.727460e-006	-2.556351e-007	-2.226925e-006	3.357148e-006	1.361064e-006	8.004083e-007	3.447705e-007
3.428880396883043e-008	2.014622e-006	-2.142056e-007	1.974333e-006	1.719839e-006	-2.544941e-007	-2.211903e-006	3.342023e-006	1.367751e-006	8.038156e-007	3.176798e-007
3.432137539740189e-008	2.005836e-006	-2.131365e-007	1.965613e-006	1.712254e-006	-2.533596e-007	-2.196968e-006	3.327026e-006	1.374393e-006	8.071954e-007	2.955745e-007
3.439337539740197e-008	1.986562e-006	-2.107950e-007	1.946481e-006	1.695605e-006	-2.508758e-007	-2.164242e-006	3.294290e-006	1.388918e-006	8.145720e-007	2.532107e-007
3.441066111168770e-008	1.981954e-006	-2.102362e-007	1.941908e-006	1.691626e-006	-2.502822e-007	-2.156462e-006	3.286500e-006	1.392373e-006	8.163235e-007	2.448676e-007
3.442794682597344e-008	1.977356e-006	-2.096789e-007	1.937345e-006	1.687655e-006	-2.496901e-007	-2.148708e-006	3.278739e-006	1.395816e-006	8.180676e-007	2.370061e-007
3.444523254025917e-008	1.972769e-006	-2.091233e-007	1.932792e-006	1.683693e-006	-2.490996e-007	-2.140982e-006	3.271007e-006	1.399247e-006	8.198043e-007	2.296260e-007
3.446251825454491e-008	1.968191e-006	-2.085693e-007	1.928249e-006	1.679739e-006	-2.485105e-007	-2.133283e-006	3.263303e-006	1.402666e-006	8.215335e-007	2.227275e-007
3.447980396883064e-008	1.963623e-006	-2.080168e-007	1.923717e-006	1.675794e-006	-2.479229e-007	-2.125612e-006	3.255628e-006	1.406073e-006	8.232554e-007	2.163104e-007
3.449708968311638e-008	1.959065e-006	-2.074660e-007	1.919194e-006	1.671857e-006	-2.473369e-007	-2.117968e-006	3.247981e-006	1.409467e-006	8.249698e-007	2.103749e-007
3.451437539740211e-008	1.954516e-006	-2.069168e-007	1.914681e-006	1.667928e-006	-2.467524e-007	-2.110351e-006	3.240362e-006	1.412850e-006	8.266768e-007	2.049208e-007
3.453980396883071e-008	1.947834e-006	-2.061106e-007	1.908051e-006	1.662157e-006	-2.458938e-007	-2.099194e-006	3.229210e-006	1.417804e-006	8.291745e-007	1.975928e-007
3.456523254025931e-008	1.941177e-006	-2.053084e-007	1.901447e-006	1.656408e-006	-2.450391e-007	-2.088094e-006	3.218117e-006	1.422733e-006	8.316565e-007	1.908193e-007
3.459066111168791e-008	1.934546e-006	-2.045102e-007	1.894868e-006	1.650679e-006	-2.441884e-007	-2.077052e-006	3.207085e-006	1.427635e-006	8.341230e-007	1.846004e-007
3.461608968311651e-008	1.927939e-006	-2.037160e-007	1.888314e-006	1.644972e-006	-2.433416e-007	-2.066068e-006	3.196114e-006	1.432513e-006	8.365738e-007	1.789361e-007
3.464151825454511e-008	1.921357e-006	-2.029257e-007	1.881785e-006	1.639286e-006	-2.424987e-007	-2.055142e-006	3.185202e-006	1.437364e-006	8.390089e-007	1.738262e-007
3.466694682597371e-008	1.914801e-006	-2.021395e-007	1.875281e-006	1.633621e-006	-2.416598e-007	-2.044273e-006	3.174351e-006	1.442190e-006	8.414285e-007	1.692709e-007
3.469237539740231e-008	1.908270e-006	-2.013572e-007	1.868802e-006	1.627977e-006	-2.408248e-007	-2.033462e-006	3.163561e-006	1.446991e-006	8.438324e-007	1.652702e-007
3.469337539740231e-008	1.908013e-006	-2.013265e-007	1.868548e-006	1.627756e-006	-2.407921e-007	-2.033038e-006	3.163138e-006	1.447179e-006	8.439267e-007	1.651152e-007
3.473608968311665e-008	1.897100e-006	-2.000215e-007	1.857723e-006	1.618324e-006	-2.393985e-007	-2.015013e-006	3.145148e-006	1.455184e-006	8.479287e-007	1.592828e-007
3.477880396883098e-008	1.886254e-006	-1.987267e-007	1.846965e-006	1.608950e-006	-2.380151e-007	-1.997143e-006	3.127316e-006	1.463119e-006	8.518884e-007	1.540296e-007
3.482151825454532e-008	1.875475e-006	-1.974422e-007	1.836276e-006	1.599634e-006	-2.366418e-007	-1.979430e-006	3.109642e-006	1.470985e-006	8.558058e-007	1.493558e-007
3.486423254025965e-008	1.864764e-006	-1.961678e-007	1.825653e-006	1.590375e-006	-2.352786e-007	-1.961872e-006	3.092126e-006	1.478781e-006	8.596809e-007	1.452613e-007
3.490694682597398e-008	1.854120e-006	-1.949037e-007	1.815098e-006	1.581173e-006	-2.339255e-007	-1.944470e-006	3.074767e-006	1.486508e-006	8.635138e-007	1.417462e-007
3.494966111168832e-008	1.843544e-006	-1.936499e-007	1.804611e-006	1.572028e-006	-2.325825e-007	-1.927224e-006	3.057566e-006	1.494165e-006	8.673044e-007	1.388103e-007
3.499237539740265e-008	1.833035e-006	-1.924062e-007	1.794191e-006	1.562941e-006	-2.312497e-007	-1.910134e-006	3.040523e-006	1.501753e-006	8.710527e-007	1.364537e-007
3.499337539740265e-008	1.832789e-006	-1.923772e-007	1.793948e-006	1.562729e-006	-2.312186e-007	-1.909736e-006	3.040126e-006	1.501930e-006	8.711399e-007	1.363967e-007
3.529337539740299e-008	1.760795e-006	-1.839079e-007	1.722582e-006	1.500461e-006	-2.221206e-007	-1.793889e-006	2.924568e-006	1.553340e-006	8.963218e-007	1.243198e-007
3.559337539740333e-008	1.691856e-006	-1.758776e-007	1.654276e-006	1.440818e-006	-2.134578e-007	-1.684927e-006	2.815977e-006	1.601574e-006	9.195768e-007	1.170790e-007
3.589337539740367e-008	1.625816e-006	-1.682541e-007	1.588871e-006	1.383673e-006	-2.051988e-007	-1.582433e-006	2.713796e-006	1.646787e-006	9.410052e-007	1.113468e-007
3.619337539740401e-008	1.562533e-006	-1.610104e-007	1.526226e-006	1.328908e-006	-1.973178e-007	-1.485937e-006	2.617592e-006	1.689127e-006	9.607026e-007	1.062198e-007
3.649337539740435e-008	1.501876e-006	-1.541231e-007	1.466207e-006	1.276415e-006	-1.897922e-007	-1.395018e-006	2.526946e-006	1.728734e-006	9.787602e-007	1.014320e-007
3.679337539740469e-008	1.443720e-006	-1.475713e-007	1.408689e-006	1.226087e-006	-1.826020e-007	-1.309289e-006	2.441473e-006	1.765742e-006	9.952654e-007	9.690056e-008
3.709337539740503e-008	1.387950e-006	-1.413359e-007	1.353557e-006	1.177828e-006	-1.757291e-007	-1.228392e-006	2.360815e-006	1.800278e-006	1.010301e-006	9.259406e-008
3.739337539740537e-008	1.334457e-006	-1.353994e-007	1.300700e-006	1.131543e-006	-1.691567e-007	-1.151994e-006	2.284642e-006	1.832461e-006	1.023947e-006	8.849562e-008
3.739451825454823e-008	1.334257e-006	-1.353773e-007	1.300502e-006	1.131370e-006	-1.691322e-007	-1.151712e-006	2.284360e-006	1.832579e-006	1.023996e-006	8.848039e-008
3.739566111169109e-008	1.334058e-006	-1.353552e-007	1.300305e-006	1.131198e-006	-1.691077e-007	-1.151429e-006	2.284078e-006	1.832697e-006	1.024045e-006	8.846516e-008
3.739680396883395e-008	1.333858e-006	-1.353332e-007	1.300108e-006	1.131025e-006	-1.690832e-007	-1.151146e-006	2.283796e-006	1.832816e-006	1.024095e-006	8.844993e-008
3.739794682597680e-008	1.333659e-006	-1.353112e-007	1.299911e-006	1.130853e-006	-1.690588e-007	-1.150863e-006	2.283514e-006	1.832934e-006	1.024144e-006	8.843471e-008
3.739908968311967e-008	1.333460e-006	-1.352892e-007	1.299714e-006	1.130680e-006	-1.690344e-007	-1.150581e-006	2.283233e-006	1.833052e-006	1.024193e-006	8.841949e-008
3.740023254026252e-008	1.333260e-006	-1.352672e-007	1.299518e-006	1.130508e-006	-1.690099e-007	-1.150298e-006	2.282951e-006	1.833170e-006	1.024243e-006	8.840427e-008
3.740137539740538e-008	1.333061e-006	-1.352452e-007	1.299321e-006	1.130335e-006	-1.689856e-007	-1.150016e-006	2.282669e-006	1.833288e-006	1.024292e-006	8.838905e-008
3.744294682597686e-008	1.325865e-006	-1.344513e-007	1.292211e-006	1.124107e-006	-1.681044e-007	-1.139784e-006	2.272467e-006	1.837560e-006	1.026072e-006	8.783761e-008
3.748451825454834e-008	1.318708e-006	-1.336622e-007	1.285142e-006	1.117913e-006	-1.672281e-007	-1.129630e-006	2.262343e-006	1.841790e-006	1.027828e-006	8.728982e-008
3.752608968311981e-008	1.311590e-006	-1.328779e-007	1.278111e-006	1.111754e-006	-1.663567e-007	-1.119554e-006	2.252296e-006	1.845978e-006	1.029559e-006	8.674567e-008
3.756766111169128e-008	1.304512e-006	-1.320985e-007	1.271120e-006	1.105630e-006	-1.654900e-007	-1.109555e-006	2.242326e-006	1.850124e-006	1.031266e-006	8.620518e-008
3.760923254026276e-008	1.297473e-006	-1.313240e-007	1.264169e-006	1.099540e-006	-1.646282e-007	-1.099633e-006	2.232434e-006	1.854228e-006	1.032948e-006	8.566833e-008
3.765080396883424e-008	1.290473e-006	-1.305542e-007	1.257256e-006	1.093485e-006	-1.637712e-007	-1.089790e-006	2.222619e-006	1.858291e-006	1.034606e-006	8.513514e-008
3.769237539740571e-008	1.283513e-006	-1.297893e-007	1.250384e-006	1.087465e-006	-1.629191e-007	-1.080024e-006	2.212881e-006	1.862312e-006	1.036239e-006	8.460559e-008
3.769337539740571e-008	1.283347e-006	-1.297710e-007	1.250219e-006	1.087320e-006	-1.628986e-007	-1.079790e-006	2.212648e-006	1.862408e-006	1.036278e-006	8.459289e-008
3.799337539740605e-008	1.234261e-006	-1.243943e-007	1.201763e-006	1.044870e-006	-1.568931e-007	-1.011496e-006	2.144551e-006	1.890226e-006	1.047367e-006	8.087525e-008
3.803566111169181e-008	1.227502e-006	-1.236565e-007	1.195091e-006	1.039025e-006	-1.560667e-007	-1.002170e-006	2.135252e-006	1.893982e-006	1.048833e-006	8.036562e-008
3.807794682597758e-008	1.220780e-006	-1.229234e-007	1.188458e-006	1.033213e-006	-1.552452e-007	-9.929150e-007	2.126023e-006	1.897698e-006	1.050277e-006	7.985938e-008
3.812023254026334e-008	1.214096e-006	-1.221951e-007	1.181862e-006	1.027434e-006	-1.544286e-007	-9.837296e-007	2.116864e-006	1.901375e-006	1.051698e-006	7.935653e-008
3.816251825454911e-008	1.207450e-006	-1.214715e-007	1.175305e-006	1.021688e-006	-1.536168e-007	-9.746144e-007	2.107775e-006	1.905012e-006	1.053097e-006	7.885707e-008
3.820480396883487e-008	1.200842e-006	-1.207528e-007	1.168785e-006	1.015975e-006	-1.528099e-007	-9.655691e-007	2.098756e-006	1.908610e-006	1.054473e-006	7.836101e-008
3.824708968312063e-008	1.194272e-006	-1.200389e-007	1.162304e-006	1.010296e-006	-1.520078e-007	-9.565940e-007	2.089806e-006	1.912170e-006	1.055826e-006	7.786834e-008
3.828937539740639e-008	1.187741e-006	-1.193298e-007	1.155860e-006	1.004649e-006	-1.512106e-007	-9.476889e-007	2.080926e-006	1.915689e-006	1.057156e-006	7.737906e-008
3.829337539740639e-008	1.187125e-006	-1.192629e-007	1.155252e-006	1.004117e-006	-1.511354e-007	-9.468499e-007	2.080090e-006	1.916020e-006	1.057281e-006	7.733293e-008
3.833494682597787e-008	1.180743e-006	-1.185708e-007	1.148957e-006	9.986001e-007	-1.503568e-007	-9.381673e-007	2.071432e-006	1.919440e-006	1.058565e-006	7.685544e-008
3.837651825454935e-008	1.174396e-006	-1.178831e-007	1.142697e-006	9.931141e-007	-1.495827e-007	-9.295479e-007	2.062837e-006	1.922824e-006	1.059829e-006	7.638106e-008
3.841808968312082e-008	1.168085e-006	-1.171999e-007	1.136472e-006	9.876588e-007	-1.488131e-007	-9.209919e-007	2.054305e-006	1.926171e-006	1.061072e-006	7.590978e-008
3.845966111169230e-008	1.161809e-006	-1.165210e-007	1.130282e-006	9.822342e-007	-1.480481e-007	-9.124991e-007	2.045836e-006	1.929483e-006	1.062294e-006	7.544161e-008
3.850123254026377e-008	1.155569e-006	-1.158467e-007	1.124128e-006	9.768403e-007	-1.472876e-007	-9.040696e-007	2.037431e-006	1.932758e-006	1.063496e-006	7.497656e-008
3.854280396883525e-008	1.149363e-006	-1.151768e-007	1.118009e-006	9.714770e-007	-1.465316e-007	-8.957034e-007	2.029088e-006	1.935997e-006	1.064677e-006	7.451461e-008
3.858437539740672e-008	1.143193e-006	-1.145113e-007	1.111925e-006	9.661445e-007	-1.457801e-007	-8.874004e-007	2.020809e-006	1.939200e-006	1.065837e-006	7.405577e-008
3.859337539740673e-008	1.141862e-006	-1.143678e-007	1.110612e-006	9.649938e-007	-1.456180e-007	-8.856106e-007	2.019024e-006	1.939889e-006	1.066086e-006	7.395682e-008
3.889337539740707e-008	1.098399e-006	-1.096984e-007	1.067766e-006	9.274345e-007	-1.403312e-007	-8.275545e-007	1.961132e-006	1.961925e-006	1.073843e-006	7.073832e-008
3.919337539740741e-008	1.056660e-006	-1.052441e-007	1.026639e-006	8.913739e-007	-1.352650e-007	-7.724749e-007	1.906206e-006	1.982219e-006	1.080613e-006	6.766933e-008
3.923608968312175e-008	1.050854e-006	-1.046268e-007	1.020919e-006	8.863582e-007	-1.345610e-007	-7.648665e-007	1.898619e-006	1.984972e-006	1.081499e-006	6.724414e-008
3.927880396883608e-008	1.045080e-006	-1.040135e-007	1.015232e-006	8.813709e-007	-1.338613e-007	-7.573114e-007	1.891085e-006	1.987691e-006	1.082367e-006	6.682174e-008
3.932151825455042e-008	1.039340e-006	-1.034040e-007	1.009578e-006	8.764120e-007	-1.331658e-007	-7.498097e-007	1.883604e-006	1.990378e-006	1.083216e-006	6.640214e-008
3.936423254026475e-008	1.033632e-006	-1.027984e-007	1.003956e-006	8.714815e-007	-1.324746e-007	-7.423615e-007	1.876175e-006	1.993032e-006	1.084048e-006	6.598533e-008
3.940694682597908e-008	1.027958e-006	-1.021967e-007	9.983669e-007	8.665793e-007	-1.317875e-007	-7.349666e-007	1.868799e-006	1.995653e-006	1.084862e-006	6.557132e-008
3.944966111169342e-008	1.022316e-006	-1.015989e-007	9.928103e-007	8.617055e-007	-1.311047e-007	-7.276251e-007	1.861476e-006	1.998241e-006	1.085658e-006	6.516010e-008
3.949237539740775e-008	1.016707e-006	-1.010050e-007	9.872863e-007	8.568601e-007	-1.304262e-007	-7.203371e-007	1.854205e-006	2.000797e-006	1.086436e-006	6.475167e-008
3.949337539740775e-008	1.016576e-006	-1.009911e-007	9.871574e-007	8.567471e-007	-1.304103e-007	-7.201670e-007	1.854035e-006	2.000856e-006	1.086454e-006	6.474215e-008
3.979337539740809e-008	9.780701e-007	-9.693800e-008	9.492550e-007	8.235019e-007	-1.257531e-007	-6.704782e-007	1.804494e-006	2.017917e-006	1.091408e-006	6.194760e-008
4.009337539740843e-008	9.410832e-007	-9.306580e-008	9.128605e-007	7.915719e-007	-1.212886e-007	-6.232474e-007	1.757391e-006	2.033479e-006	1.095538e-006	5.928452e-008
4.039337539740877e-008	9.055484e-007	-8.936831e-008	8.779108e-007	7.609050e-007	-1.170059e-007	-5.783013e-007	1.712568e-006	2.047615e-006	1.098888e-006	5.674370e-008
4.069337539740912e-008	8.714048e-007	-8.583668e-008	8.443449e-007	7.314483e-007	-1.128966e-007	-5.355087e-007	1.669886e-006	2.060395e-006	1.101503e-006	5.431513e-008
4.099337539740946e-008	8.385940e-007	-8.246260e-008	8.121040e-007	7.031513e-007	-1.089527e-007	-4.947367e-007	1.629220e-006	2.071887e-006	1.103427e-006	5.199691e-008
4.129337539740980e-008	8.070605e-007	-7.923820e-008	7.811321e-007	6.759655e-007	-1.051665e-007	-4.558638e-007	1.590452e-006	2.082153e-006	1.104702e-006	4.978331e-008
4.159337539741014e-008	7.767512e-007	-7.615611e-008	7.513762e-007	6.498451e-007	-1.015311e-007	-4.187801e-007	1.553465e-006	2.091255e-006	1.105366e-006	4.766896e-008
4.189337539741048e-008	7.476157e-007	-7.320931e-008	7.227856e-007	6.247461e-007	-9.803943e-008	-3.833808e-007	1.518158e-006	2.099249e-006	1.105456e-006	4.564901e-008
4.219337539741082e-008	7.196051e-007	-7.039117e-008	6.953111e-007	6.006260e-007	-9.468516e-008	-3.495687e-007	1.484433e-006	2.106191e-006	1.105009e-006	4.371890e-008
4.223608968312515e-008	7.157060e-007	-7.000005e-008	6.914877e-007	5.972692e-007	-9.421844e-008	-3.448788e-007	1.479755e-006	2.107096e-006	1.104903e-006	4.345116e-008
4.227880396883949e-008	7.118284e-007	-6.961136e-008	6.876855e-007	5.939311e-007	-9.375431e-008	-3.402184e-007	1.475106e-006	2.107982e-006	1.104787e-006	4.318513e-008
4.232151825455382e-008	7.079722e-007	-6.922509e-008	6.839045e-007	5.906117e-007	-9.329279e-008	-3.355875e-007	1.470487e-006	2.108848e-006	1.104662e-006	4.292078e-008
4.236423254026815e-008	7.041374e-007	-6.884124e-008	6.801447e-007	5.873109e-007	-9.283387e-008	-3.309860e-007	1.465898e-006	2.109694e-006	1.104526e-006	4.265812e-008
4.240694682598248e-008	7.003240e-007	-6.845981e-008	6.764062e-007	5.840287e-007	-9.237756e-008	-3.264141e-007	1.461337e-006	2.110520e-006	1.104381e-006	4.239716e-008
4.244966111169682e-008	6.965320e-007	-6.808081e-008	6.726890e-007	5.807651e-007	-9.192385e-008	-3.218716e-007	1.456806e-006	2.111327e-006	1.104226e-006	4.213788e-008
4.249237539741115e-008	6.927615e-007	-6.770422e-008	6.689930e-007	5.775202e-007	-9.147274e-008	-3.173585e-007	1.452305e-006	2.112114e-006	1.104061e-006	4.188030e-008
4.249337539741116e-008	6.926734e-007	-6.769543e-008	6.689067e-007	5.774445e-007	-9.146220e-008	-3.172532e-007	1.452200e-006	2.112132e-006	1.104057e-006	4.187429e-008
4.279337539741150e-008	6.667766e-007	-6.511623e-008	6.435280e-007	5.551632e-007	-8.836479e-008	-2.863503e-007	1.421375e-006	2.117124e-006	1.102632e-006	4.011111e-008
4.309337539741184e-008	6.418725e-007	-6.264800e-008	6.191330e-007	5.337455e-007	-8.538747e-008	-2.567816e-007	1.391881e-006	2.121213e-006	1.100764e-006	3.842548e-008
4.313608968312617e-008	6.384053e-007	-6.230532e-008	6.157376e-007	5.307645e-007	-8.497306e-008	-2.526763e-007	1.387786e-006	2.121724e-006	1.100463e-006	3.819159e-008
4.317880396884051e-008	6.349570e-007	-6.196473e-008	6.123608e-007	5.277999e-007	-8.456092e-008	-2.485959e-007	1.383716e-006	2.122219e-006	1.100155e-006	3.795917e-008
4.322151825455484e-008	6.315276e-007	-6.162622e-008	6.090028e-007	5.248517e-007	-8.415105e-008	-2.445403e-007	1.379670e-006	2.122696e-006	1.099838e-006	3.772821e-008
4.326423254026917e-008	6.281170e-007	-6.128981e-008	6.056634e-007	5.219199e-007	-8.374346e-008	-2.405095e-007	1.375650e-006	2.123156e-006	1.099513e-006	3.749871e-008
4.330694682598351e-008	6.247253e-007	-6.095547e-008	6.023426e-007	5.190045e-007	-8.333813e-008	-2.365036e-007	1.371654e-006	2.123600e-006	1.099180e-006	3.727068e-008
4.334966111169784e-008	6.213524e-007	-6.062322e-008	5.990406e-007	5.161055e-007	-8.293508e-008	-2.325225e-007	1.367683e-006	2.124026e-006	1.098839e-006	3.704410e-008
4.339237539741218e-008	6.179984e-007	-6.029306e-008	5.957572e-007	5.132229e-007	-8.253429e-008	-2.285663e-007	1.363736e-006	2.124436e-006	1.098490e-006	3.681899e-008
4.339337539741218e-008	6.179201e-007	-6.028535e-008	5.956805e-007	5.131556e-007	-8.252493e-008	-2.284740e-007	1.363644e-006	2.124445e-006	1.098482e-006	3.681374e-008
4.369337539741252e-008	5.948831e-007	-5.802351e-008	5.731341e-007	4.933616e-007	-7.977253e-008	-2.013626e-007	1.336593e-006	2.126863e-006	1.095812e-006	3.527365e-008
4.399337539741286e-008	5.727233e-007	-5.585764e-008	5.514555e-007	4.743301e-007	-7.712540e-008	-1.753741e-007	1.310674e-006	2.128509e-006	1.092781e-006	3.379781e-008
4.429337539741320e-008	5.514056e-007	-5.378321e-008	5.306097e-007	4.560306e-007	-7.457908e-008	-1.504569e-007	1.285819e-006	2.129420e-006	1.089413e-006	3.238792e-008
4.459337539741354e-008	5.308962e-007	-5.179591e-008	5.105628e-007	4.384336e-007	-7.212926e-008	-1.265540e-007	1.261974e-006	2.129636e-006	1.085730e-006	3.103883e-008
4.489337539741388e-008	5.111630e-007	-4.989177e-008	4.912828e-007	4.215108e-007	-6.977199e-008	-1.036128e-007	1.239088e-006	2.129192e-006	1.081755e-006	2.974791e-008
4.519337539741422e-008	4.921759e-007	-4.806705e-008	4.727394e-007	4.052359e-007	-6.750349e-008	-8.158428e-008	1.217113e-006	2.128121e-006	1.077508e-006	2.851250e-008
4.549337539741456e-008	4.739054e-007	-4.631808e-008	4.549034e-007	3.895833e-007	-6.532010e-008	-6.042268e-008	1.196001e-006	2.126456e-006	1.073009e-006	2.733019e-008
4.579337539741490e-008	4.563232e-007	-4.464139e-008	4.377463e-007	3.745280e-007	-6.321829e-008	-4.008498e-008	1.175711e-006	2.124228e-006	1.068276e-006	2.619845e-008
4.609337539741524e-008	4.394025e-007	-4.303371e-008	4.212415e-007	3.600467e-007	-6.119473e-008	-2.053082e-008	1.156203e-006	2.121467e-006	1.063326e-006	2.511503e-008
4.639337539741558e-008	4.231172e-007	-4.149191e-008	4.053629e-007	3.461166e-007	-5.924624e-008	-1.722325e-009	1.137438e-006	2.118201e-006	1.058176e-006	2.407776e-008
4.669337539741592e-008	4.074427e-007	-4.001304e-008	3.900859e-007	3.327161e-007	-5.736980e-008	1.637612e-008	1.119381e-006	2.114456e-006	1.052842e-006	2.308457e-008
4.699337539741626e-008	3.923551e-007	-3.859429e-008	3.753869e-007	3.198244e-007	-5.556251e-008	3.379801e-008	1.101999e-006	2.110259e-006	1.047339e-006	2.213349e-008
4.729337539741660e-008	3.778319e-007	-3.723299e-008	3.612433e-007	3.074217e-007	-5.382160e-008	5.057490e-008	1.085260e-006	2.105633e-006	1.041679e-006	2.122264e-008
4.759337539741694e-008	3.638514e-007	-3.592664e-008	3.476335e-007	2.954890e-007	-5.214450e-008	6.673650e-008	1.069135e-006	2.100603e-006	1.035878e-006	2.035025e-008
4.789337539741728e-008	3.503926e-007	-3.467275e-008	3.345367e-007	2.840081e-007	-5.052861e-008	8.231083e-008	1.053596e-006	2.095189e-006	1.029946e-006	1.951461e-008
4.819337539741762e-008	3.374352e-007	-3.346902e-008	3.219327e-007	2.729612e-007	-4.897151e-008	9.732431e-008	1.038616e-006	2.089414e-006	1.023896e-006	1.871411e-008
4.849337539741796e-008	3.249600e-007	-3.231327e-008	3.098023e-007	2.623315e-007	-4.747089e-008	1.118019e-007	1.024170e-006	2.083297e-006	1.017739e-006	1.794720e-008
4.879337539741830e-008	3.129485e-007	-3.120340e-008	2.981274e-007	2.521028e-007	-4.602457e-008	1.257671e-007	1.010235e-006	2.076858e-006	1.011485e-006	1.721242e-008
4.909337539741864e-008	3.013832e-007	-3.013745e-008	2.868902e-007	2.422598e-007	-4.463043e-008	1.392423e-007	9.967896e-007	2.070116e-006	1.005145e-006	1.650836e-008
4.939337539741898e-008	2.902470e-007	-2.911351e-008	2.760740e-007	2.327876e-007	-4.328645e-008	1.522485e-007	9.838116e-007	2.063087e-006	9.987264e-007	1.583370e-008
4.969337539741932e-008	2.795235e-007	-2.812978e-008	2.656626e-007	2.236719e-007	-4.199069e-008	1.648056e-007	9.712813e-007	2.055789e-006	9.922391e-007	1.518715e-008
4.999337539741966e-008	2.691972e-007	-2.718454e-008	2.556404e-007	2.148991e-007	-4.074130e-008	1.769325e-007	9.591804e-007	2.048237e-006	9.856913e-007	1.456750e-008
5.029337539742000e-008	2.592530e-007	-2.627614e-008	2.459927e-007	2.064562e-007	-3.953649e-008	1.886471e-007	9.474906e-007	2.040446e-006	9.790904e-007	1.397362e-008
5.059337539742034e-008	2.496765e-007	-2.540302e-008	2.367049e-007	1.983304e-007	-3.837457e-008	1.999664e-007	9.361952e-007	2.032432e-006	9.724440e-007	1.340436e-008
5.089337539742068e-008	2.404537e-007	-2.456369e-008	2.277636e-007	1.905097e-007	-3.725389e-008	2.109064e-007	9.252780e-007	2.024207e-006	9.657588e-007	1.285868e-008
5.119337539742102e-008	2.315715e-007	-2.375672e-008	2.191553e-007	1.829824e-007	-3.617289e-008	2.214825e-007	9.147240e-007	2.015786e-006	9.590411e-007	1.233558e-008
5.149337539742136e-008	2.230169e-007	-2.298074e-008	2.108676e-007	1.757375e-007	-3.513006e-008	2.317091e-007	9.045184e-007	2.007180e-006	9.522972e-007	1.183410e-008
5.179337539742170e-008	2.147777e-007	-2.223447e-008	2.028882e-007	1.687643e-007	-3.412396e-008	2.416000e-007	8.946478e-007	1.998402e-006	9.455326e-007	1.135331e-008
5.209337539742204e-008	2.068421e-007	-2.151666e-008	1.952055e-007	1.620523e-007	-3.315320e-008	2.511685e-007	8.850988e-007	1.989463e-006	9.387527e-007	1.089234e-008
5.219237539742215e-008	2.042880e-007	-2.128582e-008	1.927334e-007	1.598930e-007	-3.284038e-008	2.542574e-007	8.820161e-007	1.986479e-006	9.365128e-007	1.074442e-008
5.219337539742216e-008	2.042623e-007	-2.128351e-008	1.927086e-007	1.598714e-007	-3.283724e-008	2.542869e-007	8.819836e-007	1.986449e-006	9.364902e-007	1.074293e-008
5.219365612508248e-008	2.042551e-007	-2.128286e-008	1.927016e-007	1.598653e-007	-3.283636e-008	2.543015e-007	8.819808e-007	1.986440e-006	9.364838e-007	1.074254e-008
5.219375927783413e-008	2.042525e-007	-2.128262e-008	1.926991e-007	1.598630e-007	-3.283603e-008	2.543177e-007	8.819906e-007	1.986437e-006	9.364815e-007	1.074249e-008
5.219383457239540e-008	2.042506e-007	-2.128244e-008	1.926972e-007	1.598614e-007	-3.283580e-008	2.543351e-007	8.820034e-007	1.986435e-006	9.364798e-007	1.074250e-008
5.219391494550416e-008	2.042485e-007	-2.128226e-008	1.926952e-007	1.598597e-007	-3.283555e-008	2.543526e-007	8.820159e-007	1.986433e-006	9.364780e-007	1.074251e-008
5.219392910863150e-008	2.042481e-007	-2.128222e-008	1.926949e-007	1.598594e-007	-3.283550e-008	2.543555e-007	8.820179e-007	1.986432e-006	9.364776e-007	1.074251e-008
5.237609678774961e-008	1.996312e-007	-2.086504e-008	1.882269e-007	1.559575e-007	-3.226938e-008	2.743590e-007	8.908402e-007	1.980905e-006	9.323577e-007	1.056205e-008
5.241881107346395e-008	1.985639e-007	-2.076860e-008	1.871942e-007	1.550558e-007	-3.213837e-008	2.775835e-007	8.914751e-007	1.979602e-006	9.313922e-007	1.050264e-008
5.246152535917828e-008	1.975022e-007	-2.067269e-008	1.861669e-007	1.541589e-007	-3.200802e-008	2.804729e-007	8.917868e-007	1.978296e-006	9.304267e-007	1.044165e-008
5.250423964489262e-008	1.964461e-007	-2.057729e-008	1.851451e-007	1.532668e-007	-3.187832e-008	2.830274e-007	8.917754e-007	1.976988e-006	9.294612e-007	1.037908e-008
5.254695393060694e-008	1.953956e-007	-2.048241e-008	1.841288e-007	1.523795e-007	-3.174927e-008	2.852470e-007	8.914408e-007	1.975677e-006	9.284957e-007	1.031494e-008
5.258966821632128e-008	1.943507e-007	-2.038805e-008	1.831179e-007	1.514970e-007	-3.162087e-008	2.871316e-007	8.907832e-007	1.974364e-006	9.275303e-007	1.024922e-008
5.263238250203561e-008	1.933114e-007	-2.029421e-008	1.821125e-007	1.506194e-007	-3.149312e-008	2.886813e-007	8.898024e-007	1.973048e-006	9.265649e-007	1.018192e-008
5.267509678774995e-008	1.922778e-007	-2.020089e-008	1.811126e-007	1.497466e-007	-3.136602e-008	2.898960e-007	8.884985e-007	1.971729e-006	9.255995e-007	1.011305e-008
5.267609678774995e-008	1.922536e-007	-2.019872e-008	1.810893e-007	1.497262e-007	-3.136305e-008	2.899233e-007	8.884670e-007	1.971698e-006	9.255768e-007	1.011147e-008
5.297609678775029e-008	1.851473e-007	-1.955764e-008	1.742165e-007	1.437280e-007	-3.048843e-008	2.934594e-007	8.746389e-007	1.962361e-006	9.187938e-007	9.642660e-009
5.327609678775063e-008	1.783018e-007	-1.894096e-008	1.675983e-007	1.379538e-007	-2.964451e-008	2.909952e-007	8.553636e-007	1.952895e-006	9.120059e-007	9.202740e-009
5.357609678775097e-008	1.717076e-007	-1.834771e-008	1.612252e-007	1.323950e-007	-2.883019e-008	2.855946e-007	8.336853e-007	1.943308e-006	9.052141e-007	8.793861e-009
5.387609678775131e-008	1.653553e-007	-1.777690e-008	1.550879e-007	1.270435e-007	-2.804435e-008	2.788149e-007	8.111422e-007	1.933605e-006	8.984211e-007	8.410772e-009
5.417609678775165e-008	1.592360e-007	-1.722758e-008	1.491777e-007	1.218918e-007	-2.728589e-008	2.714467e-007	7.885066e-007	1.923797e-006	8.916302e-007	8.048814e-009
5.447609678775199e-008	1.533410e-007	-1.669885e-008	1.434860e-007	1.169323e-007	-2.655377e-008	2.638899e-007	7.661605e-007	1.913890e-006	8.848448e-007	7.704822e-009
5.477609678775233e-008	1.476620e-007	-1.618983e-008	1.380049e-007	1.121579e-007	-2.584698e-008	2.563455e-007	7.442878e-007	1.903893e-006	8.780685e-007	7.376755e-009
5.507609678775267e-008	1.421912e-007	-1.569969e-008	1.327263e-007	1.075618e-007	-2.516455e-008	2.489128e-007	7.229716e-007	1.893814e-006	8.713045e-007	7.063254e-009
5.537609678775301e-008	1.369207e-007	-1.522766e-008	1.276428e-007	1.031373e-007	-2.450556e-008	2.416398e-007	7.022439e-007	1.883660e-006	8.645561e-007	6.763340e-009
5.567609678775335e-008	1.318434e-007	-1.477300e-008	1.227472e-007	9.887809e-008	-2.386913e-008	2.345477e-007	6.821112e-007	1.873438e-006	8.578262e-007	6.476251e-009
5.597609678775369e-008	1.269519e-007	-1.433498e-008	1.180325e-007	9.477805e-008	-2.325442e-008	2.276448e-007	6.625672e-007	1.863155e-006	8.511178e-007	6.201348e-009
5.627609678775403e-008	1.222395e-007	-1.391293e-008	1.134919e-007	9.083124e-008	-2.266061e-008	2.209324e-007	6.435993e-007	1.852818e-006	8.444333e-007	5.938066e-009
5.657609678775437e-008	1.176997e-007	-1.350621e-008	1.091189e-007	8.703200e-008	-2.208694e-008	2.144087e-007	6.251925e-007	1.842432e-006	8.377753e-007	5.685888e-009
5.687609678775471e-008	1.133259e-007	-1.311420e-008	1.049075e-007	8.337484e-008	-2.153265e-008	2.080700e-007	6.073303e-007	1.832004e-006	8.311459e-007	5.444332e-009
5.717609678775505e-008	1.091123e-007	-1.273631e-008	1.008515e-007	7.985452e-008	-2.099702e-008	2.019119e-007	5.899961e-007	1.821539e-006	8.245473e-007	5.212943e-009
5.747609678775539e-008	1.050528e-007	-1.237197e-008	9.694534e-008	7.646595e-008	-2.047939e-008	1.959297e-007	5.731736e-007	1.811042e-006	8.179814e-007	4.991288e-009
5.777609678775573e-008	1.011418e-007	-1.202065e-008	9.318334e-008	7.320427e-008	-1.997907e-008	1.901187e-007	5.568466e-007	1.800519e-006	8.114499e-007	4.778957e-009
5.807609678775607e-008	9.737382e-008	-1.168183e-008	8.956021e-008	7.006478e-008	-1.949543e-008	1.844742e-007	5.409996e-007	1.789974e-006	8.049545e-007	4.575555e-009
5.837609678775641e-008	9.374370e-008	-1.135501e-008	8.607083e-008	6.704296e-008	-1.902788e-008	1.789913e-007	5.256175e-007	1.779411e-006	7.984966e-007	4.380706e-009
5.867609678775675e-008	9.024635e-008	-1.103973e-008	8.271027e-008	6.413446e-008	-1.857581e-008	1.736656e-007	5.106858e-007	1.768835e-006	7.920777e-007	4.194051e-009
5.897609678775709e-008	8.687690e-008	-1.073553e-008	7.947377e-008	6.133511e-008	-1.813866e-008	1.684927e-007	4.961902e-007	1.758251e-006	7.856989e-007	4.015245e-009
5.927609678775743e-008	8.363068e-008	-1.044198e-008	7.635676e-008	5.864087e-008	-1.771589e-008	1.634681e-007	4.821174e-007	1.747661e-006	7.793614e-007	3.843957e-009
5.957609678775778e-008	8.050318e-008	-1.015865e-008	7.335485e-008	5.604787e-008	-1.730698e-008	1.585877e-007	4.684541e-007	1.737070e-006	7.730662e-007	3.679874e-009
5.987609678775812e-008	7.749004e-008	-9.885160e-009	7.046378e-008	5.355236e-008	-1.691142e-008	1.538473e-007	4.551877e-007	1.726480e-006	7.668143e-007	3.522691e-009
6.017609678775846e-008	7.458711e-008	-9.621121e-009	6.767949e-008	5.115076e-008	-1.652874e-008	1.492430e-007	4.423059e-007	1.715896e-006	7.606064e-007	3.372121e-009
6.047609678775880e-008	7.179034e-008	-9.366167e-009	6.499806e-008	4.883961e-008	-1.615845e-008	1.447709e-007	4.297970e-007	1.705321e-006	7.544433e-007	3.227886e-009
6.077609678775914e-008	6.909586e-008	-9.119951e-009	6.241569e-008	4.661558e-008	-1.580012e-008	1.404273e-007	4.176495e-007	1.694757e-006	7.483257e-007	3.089720e-009
6.107609678775948e-008	6.649994e-008	-8.882134e-009	5.992876e-008	4.447545e-008	-1.545331e-008	1.362085e-007	4.058524e-007	1.684207e-006	7.422541e-007	2.957369e-009
6.137609678775982e-008	6.399897e-008	-8.652396e-009	5.753375e-008	4.241614e-008	-1.511761e-008	1.321109e-007	3.943951e-007	1.673674e-006	7.362291e-007	2.830590e-009
6.167609678776016e-008	6.158950e-008	-8.430428e-009	5.522730e-008	4.043468e-008	-1.479262e-008	1.281312e-007	3.832672e-007	1.663160e-006	7.302511e-007	2.709150e-009
6.197609678776050e-008	5.926818e-008	-8.215935e-009	5.300616e-008	3.852821e-008	-1.447795e-008	1.242659e-007	3.724589e-007	1.652669e-006	7.243204e-007	2.592825e-009
6.227609678776084e-008	5.703180e-008	-8.008632e-009	5.086719e-008	3.669395e-008	-1.417324e-008	1.205119e-007	3.619604e-007	1.642201e-006	7.184374e-007	2.481401e-009
6.257609678776118e-008	5.487727e-008	-7.808247e-009	4.880739e-008	3.492927e-008	-1.387812e-008	1.168659e-007	3.517625e-007	1.631759e-006	7.126024e-007	2.374675e-009
6.287609678776152e-008	5.280160e-008	-7.614521e-009	4.682386e-008	3.323160e-008	-1.359226e-008	1.133250e-007	3.418562e-007	1.621345e-006	7.068155e-007	2.272448e-009
6.317609678776186e-008	5.080192e-008	-7.427202e-009	4.491380e-008	3.159848e-008	-1.331532e-008	1.098860e-007	3.322328e-007	1.610961e-006	7.010768e-007	2.174532e-009
6.347609678776220e-008	4.887546e-008	-7.246050e-009	4.307452e-008	3.002753e-008	-1.304699e-008	1.065462e-007	3.228838e-007	1.600609e-006	6.953865e-007	2.080749e-009
6.377609678776254e-008	4.701954e-008	-7.070835e-009	4.130343e-008	2.851648e-008	-1.278695e-008	1.033027e-007	3.138012e-007	1.590290e-006	6.897446e-007	1.990924e-009
6.407609678776288e-008	4.523162e-008	-6.901335e-009	3.959804e-008	2.706312e-008	-1.253492e-008	1.001528e-007	3.049770e-007	1.580006e-006	6.841513e-007	1.904892e-009
6.437609678776322e-008	4.350920e-008	-6.737338e-009	3.795594e-008	2.566533e-008	-1.229060e-008	9.709382e-008	2.964035e-007	1.569759e-006	6.786063e-007	1.822496e-009
6.467609678776356e-008	4.184990e-008	-6.578641e-009	3.637481e-008	2.432108e-008	-1.205373e-008	9.412317e-008	2.880735e-007	1.559550e-006	6.731098e-007	1.743582e-009
6.471109678776360e-008	4.166032e-008	-6.560462e-009	3.619421e-008	2.416764e-008	-1.202657e-008	9.378223e-008	2.871171e-007	1.558361e-006	6.724717e-007	1.734596e-009
6.471209678776360e-008	4.165491e-008	-6.559944e-009	3.618906e-008	2.416327e-008	-1.202580e-008	9.377250e-008	2.870899e-007	1.558327e-006	6.724535e-007	1.733905e-009
6.471237746209264e-008	4.165340e-008	-6.559798e-009	3.618762e-008	2.416204e-008	-1.202558e-008	9.376978e-008	2.870822e-007	1.558318e-006	6.724484e-007	1.738003e-009
6.471248061147809e-008	4.165284e-008	-6.559745e-009	3.618709e-008	2.416159e-008	-1.202550e-008	9.376883e-008	2.870794e-007	1.558314e-006	6.724465e-007	1.741968e-009
6.471255590404593e-008	4.165243e-008	-6.559706e-009	3.618670e-008	2.416126e-008	-1.202544e-008	9.376816e-008	2.870775e-007	1.558312e-006	6.724451e-007	1.742771e-009
6.471263627259231e-008	4.165200e-008	-6.559664e-009	3.618629e-008	2.416091e-008	-1.202538e-008	9.376744e-008	2.870753e-007	1.558309e-006	6.724437e-007	1.743317e-009
6.471265043401888e-008	4.165192e-008	-6.559657e-009	3.618621e-008	2.416085e-008	-1.202537e-008	9.376731e-008	2.870750e-007	1.558308e-006	6.724434e-007	1.743262e-009
6.494869760990178e-008	4.039495e-008	-6.438868e-009	3.498909e-008	2.314436e-008	-1.184473e-008	9.158763e-008	2.807985e-007	1.550307e-006	6.681572e-007	3.384251e-009
6.524869760990212e-008	3.884983e-008	-6.289746e-009	3.351823e-008	2.189688e-008	-1.162135e-008	8.884928e-008	2.729839e-007	1.540173e-006	6.627529e-007	5.374480e-009
6.554869760990246e-008	3.736137e-008	-6.145374e-009	3.210208e-008	2.069742e-008	-1.140467e-008	8.616546e-008	2.653658e-007	1.530081e-006	6.573966e-007	7.262752e-009
6.584869760990280e-008	3.592753e-008	-6.005582e-009	3.073865e-008	1.954420e-008	-1.119446e-008	8.354595e-008	2.579496e-007	1.520031e-006	6.520883e-007	9.053873e-009
6.614869760990314e-008	3.454630e-008	-5.870200e-009	2.942601e-008	1.843552e-008	-1.099049e-008	8.099482e-008	2.507356e-007	1.510025e-006	6.468277e-007	1.075239e-008
6.644869760990348e-008	3.321578e-008	-5.739070e-009	2.816231e-008	1.736976e-008	-1.079255e-008	7.851315e-008	2.437206e-007	1.500064e-006	6.416146e-007	1.236263e-008
6.674869760990382e-008	3.193412e-008	-5.612036e-009	2.694574e-008	1.634533e-008	-1.060041e-008	7.610059e-008	2.369007e-007	1.490147e-006	6.364488e-007	1.388871e-008
6.704869760990416e-008	3.069954e-008	-5.488952e-009	2.577460e-008	1.536071e-008	-1.041389e-008	7.375601e-008	2.302710e-007	1.480277e-006	6.313300e-007	1.533455e-008
6.734869760990450e-008	2.951033e-008	-5.369674e-009	2.464722e-008	1.441444e-008	-1.023278e-008	7.147795e-008	2.238264e-007	1.470454e-006	6.262579e-007	1.670390e-008
6.764869760990484e-008	2.836484e-008	-5.254067e-009	2.356201e-008	1.350512e-008	-1.005690e-008	6.926478e-008	2.175619e-007	1.460678e-006	6.212322e-007	1.800034e-008
6.794869760990518e-008	2.726148e-008	-5.141998e-009	2.251742e-008	1.263137e-008	-9.886053e-009	6.711482e-008	2.114724e-007	1.450951e-006	6.162526e-007	1.922726e-008
6.824869760990552e-008	2.619871e-008	-5.033343e-009	2.151198e-008	1.179190e-008	-9.720077e-009	6.502638e-008	2.055530e-007	1.441272e-006	6.113189e-007	2.038793e-008
6.854869760990586e-008	2.517506e-008	-4.927978e-009	2.054424e-008	1.098544e-008	-9.558799e-009	6.299778e-008	1.997989e-007	1.431643e-006	6.064305e-007	2.148545e-008
6.884869760990620e-008	2.418911e-008	-4.825788e-009	1.961284e-008	1.021078e-008	-9.402058e-009	6.102741e-008	1.942054e-007	1.422064e-006	6.015874e-007	2.252278e-008
6.914869760990654e-008	2.323948e-008	-4.726661e-009	1.871645e-008	9.466754e-009	-9.249695e-009	5.911363e-008	1.887680e-007	1.412535e-006	5.967891e-007	2.350274e-008
6.944869760990688e-008	2.232485e-008	-4.630488e-009	1.785378e-008	8.752221e-009	-9.101561e-009	5.725490e-008	1.834822e-007	1.403057e-006	5.920352e-007	2.442805e-008
6.974869760990722e-008	2.144396e-008	-4.537167e-009	1.702361e-008	8.066104e-009	-8.957510e-009	5.544969e-008	1.783438e-007	1.393631e-006	5.873253e-007	2.530127e-008
7.004869760990756e-008	2.059556e-008	-4.446597e-009	1.622475e-008	7.407353e-009	-8.817402e-009	5.369651e-008	1.733485e-007	1.384255e-006	5.826591e-007	2.612486e-008
7.034869760990790e-008	1.977848e-008	-4.358683e-009	1.545606e-008	6.774961e-009	-8.681102e-009	5.199392e-008	1.684924e-007	1.374932e-006	5.780363e-007	2.690117e-008
7.064869760990824e-008	1.899158e-008	-4.273331e-009	1.471643e-008	6.167955e-009	-8.548479e-009	5.034051e-008	1.637715e-007	1.365661e-006	5.734563e-007	2.763243e-008
7.094869760990858e-008	1.823376e-008	-4.190455e-009	1.400481e-008	5.585400e-009	-8.419409e-009	4.873493e-008	1.591821e-007	1.356442e-006	5.689189e-007	2.832079e-008
7.124869760990892e-008	1.750396e-008	-4.109967e-009	1.332016e-008	5.026392e-009	-8.293770e-009	4.717582e-008	1.547203e-007	1.347276e-006	5.644236e-007	2.896827e-008
7.154869760990926e-008	1.680117e-008	-4.031786e-009	1.266151e-008	4.490063e-009	-8.171446e-009	4.566190e-008	1.503827e-007	1.338162e-006	5.599700e-007	2.957682e-008
7.184869760990960e-008	1.612439e-008	-3.955833e-009	1.202790e-008	3.975574e-009	-8.052325e-009	4.419190e-008	1.461656e-007	1.329102e-006	5.555578e-007	3.014830e-008
7.214869760990994e-008	1.547268e-008	-3.882031e-009	1.141842e-008	3.482119e-009	-7.936298e-009	4.276461e-008	1.420659e-007	1.320094e-006	5.511865e-007	3.068448e-008
7.244869760991028e-008	1.484513e-008	-3.810308e-009	1.083218e-008	3.008918e-009	-7.823262e-009	4.137882e-008	1.380801e-007	1.311140e-006	5.468557e-007	3.118704e-008
7.274869760991062e-008	1.424086e-008	-3.740593e-009	1.026834e-008	2.555225e-009	-7.713115e-009	4.003338e-008	1.342050e-007	1.302239e-006	5.425650e-007	3.165760e-008
7.304869760991096e-008	1.365902e-008	-3.672817e-009	9.726078e-009	2.120316e-009	-7.605761e-009	3.872715e-008	1.304376e-007	1.293391e-006	5.383140e-007	3.209770e-008
7.334869760991131e-008	1.309879e-008	-3.606916e-009	9.204602e-009	1.703495e-009	-7.501107e-009	3.745905e-008	1.267749e-007	1.284597e-006	5.341023e-007	3.250879e-008
7.364869760991165e-008	1.255939e-008	-3.542827e-009	8.703154e-009	1.304091e-009	-7.399063e-009	3.622798e-008	1.232139e-007	1.275856e-006	5.299295e-007	3.289228e-008
7.394869760991199e-008	1.204005e-008	-3.480488e-009	8.221000e-009	9.214585e-010	-7.299541e-009	3.503293e-008	1.197517e-007	1.267169e-006	5.257952e-007	3.324951e-008
7.424869760991233e-008	1.154005e-008	-3.419842e-009	7.757434e-009	5.549747e-010	-7.202459e-009	3.387287e-008	1.163857e-007	1.258535e-006	5.216990e-007	3.358174e-008
7.454869760991267e-008	1.105868e-008	-3.360832e-009	7.311776e-009	2.040403e-010	-7.107735e-009	3.274682e-008	1.131131e-007	1.249954e-006	5.176404e-007	3.389019e-008
7.484869760991301e-008	1.059526e-008	-3.303404e-009	6.883369e-009	-1.319234e-010	-7.015292e-009	3.165382e-008	1.099313e-007	1.241427e-006	5.136191e-007	3.417603e-008
7.514869760991335e-008	1.014913e-008	-3.247506e-009	6.471582e-009	-4.534733e-010	-6.925055e-009	3.059294e-008	1.068379e-007	1.232953e-006	5.096347e-007	3.444034e-008
7.544869760991369e-008	9.719670e-009	-3.193088e-009	6.075806e-009	-7.611463e-010	-6.836952e-009	2.956328e-008	1.038303e-007	1.224533e-006	5.056867e-007	3.468418e-008
7.574869760991403e-008	9.306265e-009	-3.140100e-009	5.695453e-009	-1.055460e-009	-6.750913e-009	2.856396e-008	1.009061e-007	1.216165e-006	5.017748e-007	3.490857e-008
7.604869760991437e-008	8.908331e-009	-3.088497e-009	5.329958e-009	-1.336912e-009	-6.666870e-009	2.759412e-008	9.806305e-008	1.207850e-006	4.978986e-007	3.511445e-008
7.634869760991471e-008	8.525303e-009	-3.038233e-009	4.978776e-009	-1.605984e-009	-6.584760e-009	2.665292e-008	9.529888e-008	1.199588e-006	4.940576e-007	3.530275e-008
7.664869760991505e-008	8.156636e-009	-2.989265e-009	4.641382e-009	-1.863137e-009	-6.504519e-009	2.573955e-008	9.261138e-008	1.191380e-006	4.902515e-007	3.547433e-008
7.694869760991539e-008	7.801807e-009	-2.941550e-009	4.317270e-009	-2.108818e-009	-6.426088e-009	2.485324e-008	8.999844e-008	1.183223e-006	4.864799e-007	3.563001e-008
7.724869760991573e-008	7.460310e-009	-2.895050e-009	4.005952e-009	-2.343457e-009	-6.349408e-009	2.399320e-008	8.745797e-008	1.175119e-006	4.827425e-007	3.577060e-008
7.754869760991607e-008	7.131657e-009	-2.849723e-009	3.706957e-009	-2.567466e-009	-6.274423e-009	2.315869e-008	8.498796e-008	1.167068e-006	4.790387e-007	3.589685e-008
7.784869760991641e-008	6.815378e-009	-2.805534e-009	3.419833e-009	-2.781247e-009	-6.201080e-009	2.234900e-008	8.258647e-008	1.159069e-006	4.753683e-007	3.600947e-008
7.814869760991675e-008	6.511023e-009	-2.762446e-009	3.144143e-009	-2.985183e-009	-6.129326e-009	2.156341e-008	8.025159e-008	1.151121e-006	4.717309e-007	3.610916e-008
7.844869760991709e-008	6.218154e-009	-2.720424e-009	2.879467e-009	-3.179645e-009	-6.059111e-009	2.080124e-008	7.798146e-008	1.143226e-006	4.681261e-007	3.619657e-008
7.874869760991743e-008	5.936351e-009	-2.679434e-009	2.625399e-009	-3.364988e-009	-5.990387e-009	2.006182e-008	7.577431e-008	1.135382e-006	4.645536e-007	3.627231e-008
7.904869760991777e-008	5.665210e-009	-2.639444e-009	2.381548e-009	-3.541558e-009	-5.923106e-009	1.934451e-008	7.362838e-008	1.127589e-006	4.610129e-007	3.633700e-008
7.934869760991811e-008	5.404340e-009	-2.600423e-009	2.147538e-009	-3.709686e-009	-5.857224e-009	1.864867e-008	7.154197e-008	1.119848e-006	4.575038e-007	3.639117e-008
7.964869760991845e-008	5.153365e-009	-2.562340e-009	1.923006e-009	-3.869692e-009	-5.792698e-009	1.797370e-008	6.951344e-008	1.112158e-006	4.540258e-007	3.643539e-008
7.994869760991879e-008	4.911922e-009	-2.525166e-009	1.707603e-009	-4.021882e-009	-5.729485e-009	1.731899e-008	6.754119e-008	1.104518e-006	4.505786e-007	3.647017e-008
8.024869760991913e-008	4.679663e-009	-2.488873e-009	1.500991e-009	-4.166554e-009	-5.667545e-009	1.668396e-008	6.562365e-008	1.096929e-006	4.471619e-007	3.649598e-008
8.054869760991947e-008	4.456250e-009	-2.453433e-009	1.302846e-009	-4.303992e-009	-5.606838e-009	1.606806e-008	6.375932e-008	1.089391e-006	4.437753e-007	3.651331e-008
8.084869760991981e-008	4.241360e-009	-2.418821e-009	1.112854e-009	-4.434473e-009	-5.547327e-009	1.547074e-008	6.194672e-008	1.081902e-006	4.404185e-007	3.652258e-008
8.114869760992015e-008	4.034680e-009	-2.385012e-009	9.307146e-010	-4.558262e-009	-5.488977e-009	1.489146e-008	6.018442e-008	1.074464e-006	4.370911e-007	3.652424e-008
8.144869760992049e-008	3.835908e-009	-2.351980e-009	7.561366e-010	-4.675614e-009	-5.431751e-009	1.432971e-008	5.847103e-008	1.067075e-006	4.337928e-007	3.651868e-008
8.174869760992083e-008	3.644754e-009	-2.319701e-009	5.888401e-010	-4.786775e-009	-5.375616e-009	1.378499e-008	5.680520e-008	1.059735e-006	4.305234e-007	3.650628e-008
8.204869760992117e-008	3.460940e-009	-2.288154e-009	4.285552e-010	-4.891983e-009	-5.320539e-009	1.325679e-008	5.518561e-008	1.052445e-006	4.272823e-007	3.648741e-008
8.234869760992151e-008	3.284193e-009	-2.257317e-009	2.750218e-010	-4.991466e-009	-5.266488e-009	1.274466e-008	5.361098e-008	1.045203e-006	4.240695e-007	3.646243e-008
8.264869760992185e-008	3.114256e-009	-2.227167e-009	1.279892e-010	-5.085445e-009	-5.213434e-009	1.224813e-008	5.208008e-008	1.038011e-006	4.208844e-007	3.643165e-008
8.294869760992219e-008	2.950878e-009	-2.197685e-009	-1.278405e-011	-5.174131e-009	-5.161347e-009	1.176674e-008	5.059169e-008	1.030866e-006	4.177269e-007	3.639541e-008
8.324869760992253e-008	2.793818e-009	-2.168850e-009	-1.475308e-010	-5.257729e-009	-5.110198e-009	1.130007e-008	4.914464e-008	1.023770e-006	4.145965e-007	3.635398e-008
8.354869760992287e-008	2.642842e-009	-2.140643e-009	-2.764752e-010	-5.336436e-009	-5.059960e-009	1.084769e-008	4.773779e-008	1.016722e-006	4.114931e-007	3.630768e-008
8.384869760992321e-008	2.497728e-009	-2.113046e-009	-3.998335e-010	-5.410441e-009	-5.010608e-009	1.040918e-008	4.637002e-008	1.009721e-006	4.084162e-007	3.625676e-008
8.414869760992355e-008	2.358258e-009	-2.086042e-009	-5.178140e-010	-5.479928e-009	-4.962114e-009	9.984145e-009	4.504027e-008	1.002768e-006	4.053657e-007	3.620149e-008
8.444869760992389e-008	2.224227e-009	-2.059611e-009	-6.306174e-010	-5.545072e-009	-4.914455e-009	9.572197e-009	4.374747e-008	9.958615e-007	4.023412e-007	3.614211e-008
8.474869760992423e-008	2.095431e-009	-2.033739e-009	-7.384370e-010	-5.606044e-009	-4.867607e-009	9.172957e-009	4.249061e-008	9.890020e-007	3.993424e-007	3.607886e-008
8.504869760992457e-008	1.971679e-009	-2.008408e-009	-8.414593e-010	-5.663007e-009	-4.821547e-009	8.786055e-009	4.126870e-008	9.821892e-007	3.963690e-007	3.601196e-008
8.534869760992491e-008	1.852785e-009	-1.983604e-009	-9.398640e-010	-5.716117e-009	-4.776253e-009	8.411136e-009	4.008076e-008	9.754226e-007	3.934209e-007	3.594163e-008
8.564869760992525e-008	1.738569e-009	-1.959310e-009	-1.033824e-009	-5.765527e-009	-4.731703e-009	8.047849e-009	3.892587e-008	9.687020e-007	3.904975e-007	3.586807e-008
8.594869760992559e-008	1.628858e-009	-1.935512e-009	-1.123506e-009	-5.811382e-009	-4.687876e-009	7.695860e-009	3.780311e-008	9.620272e-007	3.875988e-007	3.579146e-008
8.624869760992593e-008	1.523486e-009	-1.912197e-009	-1.209071e-009	-5.853825e-009	-4.644754e-009	7.354839e-009	3.671160e-008	9.553979e-007	3.847245e-007	3.571200e-008
8.654869760992627e-008	1.422293e-009	-1.889350e-009	-1.290674e-009	-5.892989e-009	-4.602316e-009	7.024467e-009	3.565047e-008	9.488138e-007	3.818742e-007	3.562985e-008
8.684869760992661e-008	1.325122e-009	-1.866958e-009	-1.368463e-009	-5.929007e-009	-4.560543e-009	6.704434e-009	3.461887e-008	9.422746e-007	3.790478e-007	3.554518e-008
8.714869760992695e-008	1.231827e-009	-1.845009e-009	-1.442583e-009	-5.962002e-009	-4.519419e-009	6.394440e-009	3.361601e-008	9.357801e-007	3.762449e-007	3.545816e-008
8.744869760992729e-008	1.142263e-009	-1.823490e-009	-1.513173e-009	-5.992098e-009	-4.478925e-009	6.094191e-009	3.264109e-008	9.293300e-007	3.734653e-007	3.536892e-008
8.774869760992763e-008	1.056291e-009	-1.802389e-009	-1.580365e-009	-6.019410e-009	-4.439045e-009	5.803404e-009	3.169333e-008	9.229240e-007	3.707088e-007	3.527762e-008
8.804869760992797e-008	9.737789e-010	-1.781695e-009	-1.644288e-009	-6.044051e-009	-4.399762e-009	5.521801e-009	3.077198e-008	9.165618e-007	3.679750e-007	3.518437e-008
8.834869760992831e-008	8.945980e-010	-1.761396e-009	-1.705067e-009	-6.066128e-009	-4.361061e-009	5.249115e-009	2.987631e-008	9.102432e-007	3.652639e-007	3.508933e-008
8.864869760992865e-008	8.186244e-010	-1.741482e-009	-1.762821e-009	-6.085747e-009	-4.322927e-009	4.985086e-009	2.900563e-008	9.039678e-007	3.625751e-007	3.499260e-008
8.894869760992899e-008	7.457389e-010	-1.721941e-009	-1.817664e-009	-6.103008e-009	-4.285344e-009	4.729458e-009	2.815923e-008	8.977356e-007	3.599083e-007	3.489430e-008
8.924869760992933e-008	6.758267e-010	-1.702765e-009	-1.869708e-009	-6.118007e-009	-4.248299e-009	4.481987e-009	2.733645e-008	8.915460e-007	3.572634e-007	3.479455e-008
8.954869760992967e-008	6.087770e-010	-1.683943e-009	-1.919059e-009	-6.130838e-009	-4.211779e-009	4.242433e-009	2.653663e-008	8.853989e-007	3.546402e-007	3.469344e-008
8.984869760993001e-008	5.444833e-010	-1.665465e-009	-1.965821e-009	-6.141590e-009	-4.175769e-009	4.010563e-009	2.575914e-008	8.792941e-007	3.520383e-007	3.459108e-008
9.014869760993036e-008	4.828427e-010	-1.647322e-009	-2.010093e-009	-6.150350e-009	-4.140257e-009	3.786153e-009	2.500337e-008	8.732312e-007	3.494576e-007	3.448756e-008
9.044869760993070e-008	4.237563e-010	-1.629506e-009	-2.051969e-009	-6.157201e-009	-4.105232e-009	3.568981e-009	2.426872e-008	8.672099e-007	3.468979e-007	3.438296e-008
9.074869760993104e-008	3.671287e-010	-1.612008e-009	-2.091543e-009	-6.162223e-009	-4.070679e-009	3.358836e-009	2.355460e-008	8.612300e-007	3.443589e-007	3.427738e-008
9.101369760993134e-008	3.190794e-010	-1.596808e-009	-2.124656e-009	-6.165199e-009	-4.040543e-009	3.178887e-009	2.294041e-008	8.559820e-007	3.421332e-007	3.418337e-008
9.101469760993134e-008	3.189015e-010	-1.596751e-009	-2.124777e-009	-6.165207e-009	-4.040430e-009	3.178218e-009	2.293813e-008	8.559623e-007	3.421248e-007	3.418301e-008
