time	I(L21)	I(L22)	I(R2)	I(R10)	I(R30)
0.000000000000000e+000	-3.297555e-021	-5.882238e-022	-6.776264e-021	-7.300207e-021	-2.596169e-020
2.823107199787331e-010	-3.945408e-018	2.797012e-018	1.419963e-018	1.365447e-018	1.506986e-018
5.823107199787321e-010	-2.664152e-018	5.731670e-018	1.653461e-018	1.548807e-018	1.719443e-018
8.823107199787310e-010	-1.926389e-018	6.614246e-018	1.897828e-018	1.758209e-018	1.903501e-018
1.000000000000000e-009	-2.947647e-018	5.549007e-018	1.955574e-018	1.868699e-018	1.804873e-018
1.179500000000018e-009	-1.063165e-018	7.296068e-018	2.113274e-018	1.847429e-018	2.074491e-018
1.479500000000048e-009	-1.588681e-018	6.490342e-018	2.171747e-018	1.975712e-018	2.280333e-018
1.779500000000078e-009	-5.257985e-019	7.332850e-018	2.408015e-018	2.150943e-018	2.510399e-018
2.079500000000063e-009	-5.051419e-019	7.106697e-018	2.518406e-018	2.318065e-018	2.674668e-018
2.379500000000031e-009	-6.469202e-019	6.667163e-018	2.669518e-018	2.449098e-018	2.815187e-018
2.679499999999999e-009	-4.496128e-019	6.640958e-018	2.775738e-018	2.499326e-018	2.995846e-018
2.979499999999967e-009	3.463725e-019	7.244745e-018	2.965307e-018	2.612453e-018	3.069206e-018
3.279499999999935e-009	2.960569e-019	7.023214e-018	3.011787e-018	2.719258e-018	3.269065e-018
3.579499999999903e-009	5.273682e-019	7.065096e-018	3.019024e-018	2.789375e-018	3.407803e-018
3.879499999999935e-009	-3.538203e-019	6.026945e-018	3.159267e-018	2.920664e-018	3.528629e-018
3.892071428571376e-009	-3.687607e-019	6.006567e-018	3.173183e-018	2.904418e-018	3.526654e-018
3.904642857142817e-009	-3.583959e-019	6.011656e-018	3.178638e-018	2.891274e-018	3.525383e-018
3.917214285714258e-009	-3.227258e-019	6.042211e-018	3.175633e-018	2.881234e-018	3.524818e-018
3.929785714285698e-009	-2.617504e-019	6.098233e-018	3.164168e-018	2.874298e-018	3.524957e-018
3.942357142857139e-009	-1.754699e-019	6.179721e-018	3.144243e-018	2.870464e-018	3.525800e-018
3.954928571428580e-009	-6.388404e-020	6.286676e-018	3.115858e-018	2.869734e-018	3.527348e-018
3.967500000000021e-009	7.300703e-020	6.419098e-018	3.079013e-018	2.872108e-018	3.529601e-018
3.982071428571436e-009	-1.401185e-019	6.201070e-018	3.122021e-018	2.886600e-018	3.537065e-018
3.996642857142852e-009	-3.011112e-019	6.034743e-018	3.156220e-018	2.899616e-018	3.541744e-018
4.011214285714267e-009	-4.099712e-019	5.920116e-018	3.181608e-018	2.911156e-018	3.543640e-018
4.025785714285682e-009	-4.666985e-019	5.857191e-018	3.198187e-018	2.921220e-018	3.542751e-018
4.040357142857098e-009	-4.712931e-019	5.845966e-018	3.205955e-018	2.929807e-018	3.539078e-018
4.054928571428513e-009	-4.237549e-019	5.886442e-018	3.204914e-018	2.936919e-018	3.532621e-018
4.069499999999929e-009	-3.240840e-019	5.978619e-018	3.195062e-018	2.942554e-018	3.523380e-018
4.173499999999961e-009	-1.900043e-019	6.036159e-018	3.156438e-018	2.853161e-018	3.600790e-018
4.473500000000053e-009	-4.326876e-019	5.549800e-018	3.326680e-018	3.027146e-018	3.763398e-018
4.773500000000145e-009	-6.459169e-021	5.786999e-018	3.384695e-018	3.008807e-018	3.908463e-018
5.073500000000237e-009	-4.711807e-018	1.910258e-018	4.551599e-018	4.312488e-018	5.497786e-018
5.373500000000329e-009	-1.776954e-018	7.142403e-018	5.272075e-018	4.963784e-018	6.343622e-018
5.673500000000421e-009	1.079245e-018	1.017269e-017	5.053318e-018	4.828510e-018	6.169795e-018
5.973500000000513e-009	5.888977e-019	9.414961e-018	5.957979e-018	5.696040e-018	7.176132e-018
5.998500000000521e-009	-5.307943e-019	8.281315e-018	5.833319e-018	5.622682e-018	7.113433e-018
5.999500000000521e-009	2.357109e-018	1.112402e-017	6.842572e-017	6.831238e-017	5.414736e-018
6.000500000000522e-009	8.028671e-018	1.674472e-017	4.792292e-016	4.796273e-016	3.726763e-018
6.001500000000522e-009	9.559160e-018	1.840759e-017	1.716739e-015	1.718488e-015	4.505137e-018
6.003928571429094e-009	7.191992e-018	1.360563e-017	9.660604e-015	9.668599e-015	5.153961e-018
6.006357142857667e-009	3.465959e-018	1.448962e-017	2.589468e-014	2.591356e-014	5.729456e-018
6.008785714286239e-009	-1.618939e-018	2.105957e-017	5.041897e-014	5.045336e-014	6.231622e-018
6.011214285714811e-009	-8.062703e-018	3.331547e-017	8.323346e-014	8.328802e-014	6.660460e-018
6.013642857143383e-009	-1.586533e-017	5.125732e-017	1.243382e-013	1.244175e-013	7.015969e-018
6.016071428571955e-009	-2.502683e-017	7.488513e-017	1.737331e-013	1.738419e-013	7.298149e-018
6.018500000000527e-009	-3.554719e-017	1.041989e-016	2.314182e-013	2.315611e-013	7.507000e-018
6.054785714286253e-009	1.563979e-016	-2.420906e-015	2.328464e-012	2.329834e-012	-4.022885e-018
6.091071428571978e-009	-2.599762e-015	5.692449e-015	5.835736e-012	5.839056e-012	1.884132e-017
6.127357142857704e-009	-8.304027e-015	2.444427e-014	1.075323e-011	1.075923e-011	7.609962e-017
6.163642857143429e-009	-1.695640e-014	5.383454e-014	1.708096e-011	1.709034e-011	1.677520e-016
6.199928571429154e-009	-2.855687e-014	9.386328e-014	2.481891e-011	2.483241e-011	2.937985e-016
6.236214285714880e-009	-4.310545e-014	1.445305e-013	3.396709e-011	3.398543e-011	4.542391e-016
6.272500000000605e-009	-6.060214e-014	2.058361e-013	4.452549e-011	4.454939e-011	6.490737e-016
6.273500000000605e-009	-6.114638e-014	2.078283e-013	4.482510e-011	4.484915e-011	6.564063e-016
6.316214285714904e-009	-8.764110e-014	3.038177e-013	5.859384e-011	5.862503e-011	9.659061e-016
6.358928571429203e-009	-1.171834e-013	4.201407e-013	7.350636e-011	7.354513e-011	1.359218e-015
6.401642857143502e-009	-1.497734e-013	5.567973e-013	8.956265e-011	8.960943e-011	1.836342e-015
6.444357142857801e-009	-1.854110e-013	7.137875e-013	1.067627e-010	1.068179e-010	2.397279e-015
6.487071428572100e-009	-2.240962e-013	8.911113e-013	1.251065e-010	1.251707e-010	3.042028e-015
6.529785714286398e-009	-2.658290e-013	1.088769e-012	1.445941e-010	1.446676e-010	3.770589e-015
6.572500000000697e-009	-3.106094e-013	1.306760e-012	1.652255e-010	1.653088e-010	4.582962e-015
6.573500000000697e-009	-3.116501e-013	1.312071e-012	1.657145e-010	1.657980e-010	4.602977e-015
6.873500000000789e-009	-6.414279e-013	3.327283e-012	3.314266e-010	3.315833e-010	1.281906e-014
6.900000418282007e-009	-6.704975e-013	3.541415e-012	3.476407e-010	3.478040e-010	1.374423e-014
7.144713296168485e-009	-9.240509e-013	5.742368e-012	5.071109e-010	5.073366e-010	2.378853e-014
7.444713296168577e-009	-1.185630e-012	8.886813e-012	7.231080e-010	7.234086e-010	3.947119e-014
7.744713296168425e-009	-1.391926e-012	1.239633e-011	9.580619e-010	9.584324e-010	5.851340e-014
7.766713296168414e-009	-1.405140e-012	1.266543e-011	9.759710e-010	9.763467e-010	6.003498e-014
7.767713296168413e-009	-1.405736e-012	1.267769e-011	9.767871e-010	9.771630e-010	6.010387e-014
7.767993970497466e-009	-1.405901e-012	1.268114e-011	9.770162e-010	9.773922e-010	6.012295e-014
7.768226161086782e-009	-1.406038e-012	1.268399e-011	9.772058e-010	9.775818e-010	6.013880e-014
7.768883066583345e-009	-1.406426e-012	1.269205e-011	9.777438e-010	9.781199e-010	6.018366e-014
7.770551613840212e-009	-1.407422e-012	1.271253e-011	9.791475e-010	9.795241e-010	6.030187e-014
7.771551613840212e-009	-1.408019e-012	1.272482e-011	9.800289e-010	9.804058e-010	6.037080e-014
7.772551613840211e-009	-1.408616e-012	1.273711e-011	9.809573e-010	9.813345e-010	6.043961e-014
7.773551613840211e-009	-1.409219e-012	1.274942e-011	9.819460e-010	9.823236e-010	6.051005e-014
7.775551613840210e-009	-1.410449e-012	1.277410e-011	9.841585e-010	9.845369e-010	6.064992e-014
7.777551613840209e-009	-1.411716e-012	1.279891e-011	9.867756e-010	9.871551e-010	6.078983e-014
7.779551613840208e-009	-1.413054e-012	1.282389e-011	9.899064e-010	9.902873e-010	6.093072e-014
7.781551613840207e-009	-1.414478e-012	1.284913e-011	9.936598e-010	9.940425e-010	6.107194e-014
7.783551613840205e-009	-1.416029e-012	1.287472e-011	9.981442e-010	9.985293e-010	6.121465e-014
7.785551613840204e-009	-1.417734e-012	1.290074e-011	1.003468e-009	1.003855e-009	6.135812e-014
7.787551613840203e-009	-1.419642e-012	1.292731e-011	1.009738e-009	1.010129e-009	6.150362e-014
7.789551613840202e-009	-1.421786e-012	1.295457e-011	1.017060e-009	1.017455e-009	6.165067e-014
7.792551613840201e-009	-1.425566e-012	1.299701e-011	1.030250e-009	1.030652e-009	6.187520e-014
7.795551613840199e-009	-1.430179e-012	1.304178e-011	1.046402e-009	1.046813e-009	6.210792e-014
7.798551613840198e-009	-1.435816e-012	1.308946e-011	1.065867e-009	1.066289e-009	6.234861e-014
7.801551613840196e-009	-1.442696e-012	1.314068e-011	1.088991e-009	1.089426e-009	6.259769e-014
7.806408756697337e-009	-1.453722e-012	1.322272e-011	1.131858e-009	1.132317e-009	6.299922e-014
7.811265899554477e-009	-1.472992e-012	1.332885e-011	1.189890e-009	1.190382e-009	6.346942e-014
7.816123042411618e-009	-1.500505e-012	1.345906e-011	1.263087e-009	1.263619e-009	6.400831e-014
7.820980185268757e-009	-1.536262e-012	1.361336e-011	1.351449e-009	1.352031e-009	6.461588e-014
7.825837328125897e-009	-1.580262e-012	1.379173e-011	1.454975e-009	1.455615e-009	6.529213e-014
7.830694470983038e-009	-1.632505e-012	1.399419e-011	1.573667e-009	1.574373e-009	6.603707e-014
7.835551613840178e-009	-1.692992e-012	1.422073e-011	1.707523e-009	1.708304e-009	6.685069e-014
7.840694470983033e-009	-1.770541e-012	1.449971e-011	1.871764e-009	1.872638e-009	6.782272e-014
7.845837328125887e-009	-1.870103e-012	1.484579e-011	2.060284e-009	2.061263e-009	6.899111e-014
7.850980185268741e-009	-1.991677e-012	1.525895e-011	2.273084e-009	2.274182e-009	7.035587e-014
7.856123042411597e-009	-2.135264e-012	1.573922e-011	2.510163e-009	2.511393e-009	7.191699e-014
7.861265899554451e-009	-2.300864e-012	1.628658e-011	2.771522e-009	2.772898e-009	7.367448e-014
7.866408756697305e-009	-2.488476e-012	1.690103e-011	3.057161e-009	3.058695e-009	7.562832e-014
7.871551613840160e-009	-2.698102e-012	1.758258e-011	3.367078e-009	3.368784e-009	7.777854e-014
7.873551613840159e-009	-2.789214e-012	1.787781e-011	3.494922e-009	3.496699e-009	7.870461e-014
7.875551613840158e-009	-2.884794e-012	1.818697e-011	3.626597e-009	3.628447e-009	7.967245e-014
7.882837328125868e-009	-3.263666e-012	1.940186e-011	4.144151e-009	4.146287e-009	8.344691e-014
7.890123042411579e-009	-3.717123e-012	2.086004e-011	4.706353e-009	4.708799e-009	8.796390e-014
7.897408756697289e-009	-4.245162e-012	2.256153e-011	5.313202e-009	5.315981e-009	9.322342e-014
7.904694470982999e-009	-4.847786e-012	2.450632e-011	5.964699e-009	5.967834e-009	9.922547e-014
7.911980185268709e-009	-5.524992e-012	2.669441e-011	6.660843e-009	6.664359e-009	1.059701e-013
7.919265899554421e-009	-6.276783e-012	2.912580e-011	7.401635e-009	7.405554e-009	1.134572e-013
7.926551613840131e-009	-7.103157e-012	3.180049e-011	8.187074e-009	8.191421e-009	1.216868e-013
7.935265899554413e-009	-8.213249e-012	3.540049e-011	9.177139e-009	9.182023e-009	1.327586e-013
7.943980185268693e-009	-9.439423e-012	3.942593e-011	1.019740e-008	1.020283e-008	1.452156e-013
7.952694470982974e-009	-1.078168e-011	4.387681e-011	1.124784e-008	1.125384e-008	1.590577e-013
7.961408756697256e-009	-1.224002e-011	4.875311e-011	1.232848e-008	1.233506e-008	1.742850e-013
7.970123042411538e-009	-1.381444e-011	5.405485e-011	1.343931e-008	1.344648e-008	1.908974e-013
7.978837328125818e-009	-1.550494e-011	5.978202e-011	1.458033e-008	1.458811e-008	2.088950e-013
7.987551613840099e-009	-1.731153e-011	6.593462e-011	1.575155e-008	1.575994e-008	2.282778e-013
7.991123042411527e-009	-1.808067e-011	6.857972e-011	1.623112e-008	1.623977e-008	2.366545e-013
7.994694470982953e-009	-1.886607e-011	7.129321e-011	1.671210e-008	1.672100e-008	2.452688e-013
7.998265899554380e-009	-1.966773e-011	7.407512e-011	1.719449e-008	1.720364e-008	2.541208e-013
8.001837328125806e-009	-2.048565e-011	7.692542e-011	1.767829e-008	1.768769e-008	2.632104e-013
8.005408756697233e-009	-2.131983e-011	7.984412e-011	1.816349e-008	1.817315e-008	2.725377e-013
8.008980185268659e-009	-2.217026e-011	8.283123e-011	1.865010e-008	1.866002e-008	2.821026e-013
8.012551613840086e-009	-2.303696e-011	8.588674e-011	1.913812e-008	1.914829e-008	2.919051e-013
8.013551613840086e-009	-2.328205e-011	8.675369e-011	1.927472e-008	1.928496e-008	2.946922e-013
8.014551613840085e-009	-2.352830e-011	8.762580e-011	1.941137e-008	1.942169e-008	2.974978e-013
8.016551613840084e-009	-2.402422e-011	8.938542e-011	1.968478e-008	1.969523e-008	3.031607e-013
8.017980185268654e-009	-2.438130e-011	9.065495e-011	1.988017e-008	1.989073e-008	3.072520e-013
8.019408756697226e-009	-2.474058e-011	9.193469e-011	2.007553e-008	2.008619e-008	3.113802e-013
8.020837328125796e-009	-2.510206e-011	9.322465e-011	2.027085e-008	2.028161e-008	3.155454e-013
8.022265899554367e-009	-2.546574e-011	9.452483e-011	2.046613e-008	2.047699e-008	3.197476e-013
8.023694470982937e-009	-2.583162e-011	9.583523e-011	2.066138e-008	2.067234e-008	3.239867e-013
8.025123042411509e-009	-2.619971e-011	9.715584e-011	2.085658e-008	2.086764e-008	3.282628e-013
8.026551613840079e-009	-2.657000e-011	9.848666e-011	2.105175e-008	2.106291e-008	3.325758e-013
8.027551613840079e-009	-2.683024e-011	9.942337e-011	2.118828e-008	2.119951e-008	3.356132e-013
8.027961081515119e-009	-2.693707e-011	9.980820e-011	2.124417e-008	2.125543e-008	3.368612e-013
8.027996380564761e-009	-2.694629e-011	9.984143e-011	2.124898e-008	2.126025e-008	3.369694e-013
8.028031679614403e-009	-2.695552e-011	9.987467e-011	2.125380e-008	2.126507e-008	3.370774e-013
8.028066978664045e-009	-2.696474e-011	9.990792e-011	2.125862e-008	2.126989e-008	3.371854e-013
8.028102277713685e-009	-2.697397e-011	9.994118e-011	2.126344e-008	2.127471e-008	3.372932e-013
8.028137576763327e-009	-2.698320e-011	9.997445e-011	2.126825e-008	2.127953e-008	3.374009e-013
8.028172875812969e-009	-2.699243e-011	1.000077e-010	2.127307e-008	2.128435e-008	3.375085e-013
8.028208174862611e-009	-2.700166e-011	1.000410e-010	2.127789e-008	2.128917e-008	3.376159e-013
8.028214996189908e-009	-2.700344e-011	1.000474e-010	2.127882e-008	2.129010e-008	3.376375e-013
8.030978011399209e-009	-2.773066e-011	1.026735e-010	2.165564e-008	2.166711e-008	3.461684e-013
8.033741026608511e-009	-2.846479e-011	1.053348e-010	2.203189e-008	2.204356e-008	3.548319e-013
8.036504041817812e-009	-2.920583e-011	1.080316e-010	2.240759e-008	2.241945e-008	3.636278e-013
8.039267057027114e-009	-2.995378e-011	1.107637e-010	2.278272e-008	2.279478e-008	3.725562e-013
8.042030072236415e-009	-3.070865e-011	1.135311e-010	2.315730e-008	2.316954e-008	3.816171e-013
8.044793087445717e-009	-3.147042e-011	1.163339e-010	2.353131e-008	2.354375e-008	3.908105e-013
8.047556102655018e-009	-3.223911e-011	1.191721e-010	2.390476e-008	2.391739e-008	4.001364e-013
8.052698959797872e-009	-3.368845e-011	1.245502e-010	2.459834e-008	2.461132e-008	4.178520e-013
8.057841816940726e-009	-3.515468e-011	1.300352e-010	2.528927e-008	2.530260e-008	4.359950e-013
8.062984674083580e-009	-3.663780e-011	1.356272e-010	2.597755e-008	2.599123e-008	4.545654e-013
8.068127531226436e-009	-3.813781e-011	1.413261e-010	2.666320e-008	2.667722e-008	4.735633e-013
8.073270388369290e-009	-3.965471e-011	1.471320e-010	2.734620e-008	2.736056e-008	4.929886e-013
8.078413245512145e-009	-4.118851e-011	1.530449e-010	2.802655e-008	2.804126e-008	5.128413e-013
8.083556102654999e-009	-4.273919e-011	1.590647e-010	2.870426e-008	2.871931e-008	5.331214e-013
8.089556102654996e-009	-4.456480e-011	1.662123e-010	2.949109e-008	2.950653e-008	5.573001e-013
8.095556102654993e-009	-4.640139e-011	1.734764e-010	3.027337e-008	3.028919e-008	5.819950e-013
8.101556102654990e-009	-4.824895e-011	1.808570e-010	3.105109e-008	3.106730e-008	6.072061e-013
8.107556102654986e-009	-5.010750e-011	1.883541e-010	3.182427e-008	3.184086e-008	6.329334e-013
8.113556102654983e-009	-5.197701e-011	1.959676e-010	3.259290e-008	3.260986e-008	6.591770e-013
8.119556102654980e-009	-5.385751e-011	2.036975e-010	3.335698e-008	3.337431e-008	6.859367e-013
8.125556102654977e-009	-5.574898e-011	2.115440e-010	3.411650e-008	3.413421e-008	7.132126e-013
8.130698959797831e-009	-5.737314e-011	2.183476e-010	3.476350e-008	3.478152e-008	7.369691e-013
8.135841816940686e-009	-5.899798e-011	2.252171e-010	3.540671e-008	3.542504e-008	7.610570e-013
8.140984674083540e-009	-6.062352e-011	2.321525e-010	3.604615e-008	3.606478e-008	7.854762e-013
8.146127531226396e-009	-6.224975e-011	2.391538e-010	3.668180e-008	3.670074e-008	8.102267e-013
8.151270388369250e-009	-6.387667e-011	2.462211e-010	3.731368e-008	3.733292e-008	8.353085e-013
8.156413245512104e-009	-6.550429e-011	2.533542e-010	3.794178e-008	3.796131e-008	8.607217e-013
8.161556102654958e-009	-6.713259e-011	2.605532e-010	3.856610e-008	3.858593e-008	8.864662e-013
8.162556102654958e-009	-6.744855e-011	2.619586e-010	3.868702e-008	3.870690e-008	8.915061e-013
8.163556102654957e-009	-6.776441e-011	2.633662e-010	3.880778e-008	3.882773e-008	8.965560e-013
8.164556102654957e-009	-6.808018e-011	2.647758e-010	3.892840e-008	3.894840e-008	9.016175e-013
8.166698959797813e-009	-6.875663e-011	2.678041e-010	3.918643e-008	3.920656e-008	9.125058e-013
8.168841816940668e-009	-6.943239e-011	2.708415e-010	3.944359e-008	3.946384e-008	9.234454e-013
8.170984674083524e-009	-7.010746e-011	2.738880e-010	3.969988e-008	3.972025e-008	9.344364e-013
8.173127531226382e-009	-7.078184e-011	2.769435e-010	3.995530e-008	3.997578e-008	9.454787e-013
8.175270388369237e-009	-7.145553e-011	2.800082e-010	4.020984e-008	4.023045e-008	9.565725e-013
8.177413245512093e-009	-7.212854e-011	2.830819e-010	4.046352e-008	4.048424e-008	9.677175e-013
8.179556102654949e-009	-7.280086e-011	2.861648e-010	4.071632e-008	4.073716e-008	9.789140e-013
8.182556102654947e-009	-7.374032e-011	2.904942e-010	4.106838e-008	4.108937e-008	9.946713e-013
8.183556102654947e-009	-7.405304e-011	2.919409e-010	4.118526e-008	4.120631e-008	9.999441e-013
8.184556102654946e-009	-7.436559e-011	2.933890e-010	4.130196e-008	4.132307e-008	1.005225e-012
8.184754844671790e-009	-7.442767e-011	2.936770e-010	4.132513e-008	4.134624e-008	1.006275e-012
8.184948597725724e-009	-7.448819e-011	2.939579e-010	4.134769e-008	4.136882e-008	1.007300e-012
8.184982810259958e-009	-7.449887e-011	2.940075e-010	4.135168e-008	4.137281e-008	1.007481e-012
8.184985546397938e-009	-7.449973e-011	2.940115e-010	4.135200e-008	4.137312e-008	1.007495e-012
8.184990169710681e-009	-7.450117e-011	2.940182e-010	4.135253e-008	4.137366e-008	1.007521e-012
8.184995968410082e-009	-7.450298e-011	2.940266e-010	4.135321e-008	4.137434e-008	1.007552e-012
8.185002963912978e-009	-7.450517e-011	2.940367e-010	4.135402e-008	4.137516e-008	1.007589e-012
8.185010610797856e-009	-7.450755e-011	2.940478e-010	4.135491e-008	4.137604e-008	1.007630e-012
8.185018551867991e-009	-7.451003e-011	2.940593e-010	4.135584e-008	4.137697e-008	1.007672e-012
8.185027925534390e-009	-7.451296e-011	2.940729e-010	4.135693e-008	4.137806e-008	1.007721e-012
8.185038553264769e-009	-7.451628e-011	2.940883e-010	4.135817e-008	4.137930e-008	1.007777e-012
8.185066874810721e-009	-7.452512e-011	2.941294e-010	4.136146e-008	4.138260e-008	1.007926e-012
8.185321741339678e-009	-7.460470e-011	2.944991e-010	4.139112e-008	4.141227e-008	1.009277e-012
8.185576607868637e-009	-7.468425e-011	2.948689e-010	4.142076e-008	4.144192e-008	1.010629e-012
8.185831474397594e-009	-7.476379e-011	2.952388e-010	4.145038e-008	4.147156e-008	1.011981e-012
8.186086340926552e-009	-7.484332e-011	2.956089e-010	4.147999e-008	4.150118e-008	1.013333e-012
8.186341207455509e-009	-7.492283e-011	2.959791e-010	4.150958e-008	4.153078e-008	1.014686e-012
8.186596073984468e-009	-7.500232e-011	2.963493e-010	4.153915e-008	4.156037e-008	1.016040e-012
8.186850940513425e-009	-7.508179e-011	2.967197e-010	4.156870e-008	4.158994e-008	1.017394e-012
8.201993797656274e-009	-7.980959e-011	3.190477e-010	4.329317e-008	4.331519e-008	1.099437e-012
8.217136654799123e-009	-8.441833e-011	3.415448e-010	4.496895e-008	4.499172e-008	1.183228e-012
8.232279511941972e-009	-8.890800e-011	3.642109e-010	4.659604e-008	4.661953e-008	1.268769e-012
8.247422369084823e-009	-9.327860e-011	3.870461e-010	4.817443e-008	4.819860e-008	1.356058e-012
8.262565226227672e-009	-9.753014e-011	4.100504e-010	4.970412e-008	4.972895e-008	1.445097e-012
8.277708083370521e-009	-1.016626e-010	4.332237e-010	5.118512e-008	5.121058e-008	1.535885e-012
8.292850940513370e-009	-1.056760e-010	4.565662e-010	5.261743e-008	5.264348e-008	1.628421e-012
8.293850940513369e-009	-1.059334e-010	4.580995e-010	5.271079e-008	5.273686e-008	1.634551e-012
8.321993797656212e-009	-1.128974e-010	5.015742e-010	5.524293e-008	5.527001e-008	1.810576e-012
8.350136654799054e-009	-1.192532e-010	5.444218e-010	5.765795e-008	5.768595e-008	1.988347e-012
8.378279511941896e-009	-1.250009e-010	5.866420e-010	5.995582e-008	5.998468e-008	2.167866e-012
8.406422369084740e-009	-1.301404e-010	6.282350e-010	6.213657e-008	6.216619e-008	2.349130e-012
8.434565226227582e-009	-1.346719e-010	6.692008e-010	6.420018e-008	6.423048e-008	2.532142e-012
8.462708083370425e-009	-1.385951e-010	7.095393e-010	6.614665e-008	6.617757e-008	2.716900e-012
8.490850940513267e-009	-1.419103e-010	7.492506e-010	6.797599e-008	6.800744e-008	2.903405e-012
8.505422369084689e-009	-1.433959e-010	7.692859e-010	6.889447e-008	6.892617e-008	2.999391e-012
8.519993797656109e-009	-1.447414e-010	7.890386e-010	6.979096e-008	6.982291e-008	3.095220e-012
8.534565226227530e-009	-1.459466e-010	8.085087e-010	7.066547e-008	7.069764e-008	3.190893e-012
8.549136654798950e-009	-1.470116e-010	8.276962e-010	7.151800e-008	7.155038e-008	3.286409e-012
8.563708083370372e-009	-1.479363e-010	8.466010e-010	7.234854e-008	7.238112e-008	3.381769e-012
8.578279511941792e-009	-1.487208e-010	8.652233e-010	7.315710e-008	7.318986e-008	3.476972e-012
8.592850940513214e-009	-1.493651e-010	8.835629e-010	7.394368e-008	7.397661e-008	3.572019e-012
8.593850940513213e-009	-1.494054e-010	8.848100e-010	7.399706e-008	7.403000e-008	3.578525e-012
8.625993797656053e-009	-1.502777e-010	9.241202e-010	7.565158e-008	7.568484e-008	3.787371e-012
8.658136654798894e-009	-1.506999e-010	9.620101e-010	7.723213e-008	7.726565e-008	3.993936e-012
8.690279511941734e-009	-1.506721e-010	9.984796e-010	7.873869e-008	7.877243e-008	4.198219e-012
8.722422369084576e-009	-1.501943e-010	1.033529e-009	8.017128e-008	8.020519e-008	4.400220e-012
8.754565226227416e-009	-1.492665e-010	1.067158e-009	8.152990e-008	8.156393e-008	4.599941e-012
8.786708083370256e-009	-1.478886e-010	1.099366e-009	8.281454e-008	8.284863e-008	4.797380e-012
8.818850940513096e-009	-1.460606e-010	1.130155e-009	8.402520e-008	8.405932e-008	4.992538e-012
8.819850940513096e-009	-1.460022e-010	1.131093e-009	8.406278e-008	8.409689e-008	4.998552e-012
8.820131614842148e-009	-1.459858e-010	1.131356e-009	8.407353e-008	8.410765e-008	5.000240e-012
8.820363814573998e-009	-1.459722e-010	1.131573e-009	8.408139e-008	8.411550e-008	5.001635e-012
8.820686403611794e-009	-1.459529e-010	1.131875e-009	8.408718e-008	8.412128e-008	5.003574e-012
8.821020647936816e-009	-1.459330e-010	1.132187e-009	8.409359e-008	8.412769e-008	5.005582e-012
8.821689136586858e-009	-1.458936e-010	1.132812e-009	8.412355e-008	8.415767e-008	5.009597e-012
8.822689136586858e-009	-1.458367e-010	1.133750e-009	8.421775e-008	8.425194e-008	5.015609e-012
8.823689136586857e-009	-1.457837e-010	1.134696e-009	8.438395e-008	8.441825e-008	5.021637e-012
8.824689136586857e-009	-1.457366e-010	1.135654e-009	8.463876e-008	8.467324e-008	5.027695e-012
8.825689136586856e-009	-1.456978e-010	1.136632e-009	8.499273e-008	8.502744e-008	5.033800e-012
8.826689136586856e-009	-1.456698e-010	1.137636e-009	8.545750e-008	8.549252e-008	5.039969e-012
8.827689136586855e-009	-1.456555e-010	1.138673e-009	8.604601e-008	8.608140e-008	5.046224e-012
8.828689136586855e-009	-1.456581e-010	1.139753e-009	8.677228e-008	8.680814e-008	5.052586e-012
8.829689136586854e-009	-1.456809e-010	1.140885e-009	8.765122e-008	8.768764e-008	5.059081e-012
8.830689136586854e-009	-1.457279e-010	1.142078e-009	8.869835e-008	8.873543e-008	5.065737e-012
8.832689136586853e-009	-1.459109e-010	1.144697e-009	9.136061e-008	9.139936e-008	5.079655e-012
8.834689136586852e-009	-1.462441e-010	1.147712e-009	9.488477e-008	9.492570e-008	5.094617e-012
8.836689136586851e-009	-1.467688e-010	1.151238e-009	9.938893e-008	9.943261e-008	5.110939e-012
8.838689136586849e-009	-1.475303e-010	1.155404e-009	1.049770e-007	1.050241e-007	5.128975e-012
8.840689136586848e-009	-1.485770e-010	1.160347e-009	1.117346e-007	1.117858e-007	5.149110e-012
8.842689136586847e-009	-1.499595e-010	1.166213e-009	1.197268e-007	1.197828e-007	5.171751e-012
8.844689136586846e-009	-1.517293e-010	1.173153e-009	1.289985e-007	1.290599e-007	5.197325e-012
8.846689136586845e-009	-1.539385e-010	1.181320e-009	1.395753e-007	1.396429e-007	5.226268e-012
8.848689136586844e-009	-1.566388e-010	1.190867e-009	1.514663e-007	1.515409e-007	5.259020e-012
8.850689136586843e-009	-1.598809e-010	1.201945e-009	1.646664e-007	1.647487e-007	5.296021e-012
8.851689136586843e-009	-1.617072e-010	1.208068e-009	1.717251e-007	1.718115e-007	5.316142e-012
8.852345635021948e-009	-1.629842e-010	1.212310e-009	1.765247e-007	1.766139e-007	5.329973e-012
8.852818116020657e-009	-1.639534e-010	1.215505e-009	1.800840e-007	1.801753e-007	5.340325e-012
8.853394923103069e-009	-1.651844e-010	1.219543e-009	1.845311e-007	1.846250e-007	5.353343e-012
8.853747597543560e-009	-1.659641e-010	1.222089e-009	1.873048e-007	1.874003e-007	5.361520e-012
8.854214903913511e-009	-1.670270e-010	1.225549e-009	1.910343e-007	1.911318e-007	5.372594e-012
8.854358384986341e-009	-1.673593e-010	1.226628e-009	1.921887e-007	1.922869e-007	5.376042e-012
8.854406596069820e-009	-1.674724e-010	1.226995e-009	1.925785e-007	1.926770e-007	5.377213e-012
8.854444609770822e-009	-1.675619e-010	1.227285e-009	1.928864e-007	1.929851e-007	5.378139e-012
8.854460056950769e-009	-1.675984e-010	1.227403e-009	1.930116e-007	1.931104e-007	5.378515e-012
8.854464837956018e-009	-1.676097e-010	1.227440e-009	1.930504e-007	1.931491e-007	5.378633e-012
8.854465784970564e-009	-1.676119e-010	1.227447e-009	1.930581e-007	1.931568e-007	5.378657e-012
8.854466118844069e-009	-1.676127e-010	1.227450e-009	1.930608e-007	1.931595e-007	5.378665e-012
8.854466620374168e-009	-1.676139e-010	1.227454e-009	1.930649e-007	1.931636e-007	5.378677e-012
8.854467115367088e-009	-1.676150e-010	1.227457e-009	1.930689e-007	1.931676e-007	5.378689e-012
8.854467637231505e-009	-1.676163e-010	1.227461e-009	1.930731e-007	1.931719e-007	5.378701e-012
8.854468211003679e-009	-1.676176e-010	1.227466e-009	1.930778e-007	1.931765e-007	5.378716e-012
8.854468760856045e-009	-1.676189e-010	1.227470e-009	1.930822e-007	1.931810e-007	5.378730e-012
8.854469319910755e-009	-1.676203e-010	1.227474e-009	1.930867e-007	1.931855e-007	5.378744e-012
8.854469862724545e-009	-1.676215e-010	1.227478e-009	1.930912e-007	1.931899e-007	5.378758e-012
8.854470518031107e-009	-1.676231e-010	1.227483e-009	1.930965e-007	1.931952e-007	5.378774e-012
8.854471236777723e-009	-1.676248e-010	1.227489e-009	1.931023e-007	1.932011e-007	5.378791e-012
8.854472112484972e-009	-1.676269e-010	1.227496e-009	1.931094e-007	1.932082e-007	5.378812e-012
8.854473101493979e-009	-1.676292e-010	1.227503e-009	1.931174e-007	1.932162e-007	5.378836e-012
8.854474346726763e-009	-1.676321e-010	1.227513e-009	1.931275e-007	1.932263e-007	5.378866e-012
8.854475856170529e-009	-1.676357e-010	1.227524e-009	1.931398e-007	1.932385e-007	5.378903e-012
8.854477907118339e-009	-1.676406e-010	1.227540e-009	1.931564e-007	1.932552e-007	5.378952e-012
8.854485206565538e-009	-1.676578e-010	1.227596e-009	1.932156e-007	1.933144e-007	5.379131e-012
8.854917912605004e-009	-1.687071e-010	1.230988e-009	1.967530e-007	1.968538e-007	5.389917e-012
8.855350618644469e-009	-1.697871e-010	1.234470e-009	2.003286e-007	2.004315e-007	5.400957e-012
8.855783324683935e-009	-1.708981e-010	1.238041e-009	2.039426e-007	2.040475e-007	5.412251e-012
8.856216030723400e-009	-1.720399e-010	1.241702e-009	2.075949e-007	2.077019e-007	5.423798e-012
8.856648736762866e-009	-1.732125e-010	1.245452e-009	2.112854e-007	2.113946e-007	5.435599e-012
8.857081442802331e-009	-1.744160e-010	1.249293e-009	2.150143e-007	2.151255e-007	5.447653e-012
8.857514148841797e-009	-1.756503e-010	1.253223e-009	2.187815e-007	2.188949e-007	5.459961e-012
8.858514148841797e-009	-1.786283e-010	1.262670e-009	2.276403e-007	2.277587e-007	5.489442e-012
8.860514148841796e-009	-1.851312e-010	1.283165e-009	2.460017e-007	2.461306e-007	5.552948e-012
8.863514148841794e-009	-1.963039e-010	1.318071e-009	2.751246e-007	2.752701e-007	5.660071e-012
8.865799863127507e-009	-2.059258e-010	1.347896e-009	2.986232e-007	2.987820e-007	5.750844e-012
8.868085577413221e-009	-2.167006e-010	1.381183e-009	3.231109e-007	3.232835e-007	5.851629e-012
8.870371291698933e-009	-2.286283e-010	1.417930e-009	3.485877e-007	3.487747e-007	5.962426e-012
8.872657005984646e-009	-2.417089e-010	1.458138e-009	3.750536e-007	3.752555e-007	6.083236e-012
8.874942720270359e-009	-2.559425e-010	1.501806e-009	4.025085e-007	4.027260e-007	6.214059e-012
8.877228434556073e-009	-2.713289e-010	1.548936e-009	4.309526e-007	4.311861e-007	6.354894e-012
8.879514148841786e-009	-2.878682e-010	1.599526e-009	4.603858e-007	4.606358e-007	6.505742e-012
8.881514148841785e-009	-3.034354e-010	1.647165e-009	4.868214e-007	4.870863e-007	6.647653e-012
8.882514148841784e-009	-3.115401e-010	1.671966e-009	5.002617e-007	5.005342e-007	6.721484e-012
8.882794823132273e-009	-3.138581e-010	1.679060e-009	5.040638e-007	5.043385e-007	6.742595e-012
8.883025407458068e-009	-3.157862e-010	1.684960e-009	5.072077e-007	5.074842e-007	6.760151e-012
8.883349302443447e-009	-3.185214e-010	1.693329e-009	5.116644e-007	5.119434e-007	6.785047e-012
8.883684336828384e-009	-3.213889e-010	1.702101e-009	5.163306e-007	5.166122e-007	6.811135e-012
8.884354405598258e-009	-3.272186e-010	1.719934e-009	5.257914e-007	5.260785e-007	6.864153e-012
8.885354405598258e-009	-3.361172e-010	1.747150e-009	5.401721e-007	5.404673e-007	6.945039e-012
8.886354405598257e-009	-3.452623e-010	1.775117e-009	5.548736e-007	5.551772e-007	7.028116e-012
8.887354405598257e-009	-3.546813e-010	1.803918e-009	5.699301e-007	5.702422e-007	7.113629e-012
8.888354405598256e-009	-3.643804e-010	1.833574e-009	5.853468e-007	5.856677e-007	7.201637e-012
8.889354405598256e-009	-3.743659e-010	1.864102e-009	6.011269e-007	6.014567e-007	7.292198e-012
8.890354405598255e-009	-3.846438e-010	1.895524e-009	6.172712e-007	6.176102e-007	7.385370e-012
8.891354405598255e-009	-3.952200e-010	1.927857e-009	6.337785e-007	6.341270e-007	7.481213e-012
8.892354405598254e-009	-4.061006e-010	1.961122e-009	6.506460e-007	6.510040e-007	7.579783e-012
8.893354405598254e-009	-4.172911e-010	1.995338e-009	6.678686e-007	6.682364e-007	7.681138e-012
8.894354405598253e-009	-4.287972e-010	2.030521e-009	6.854398e-007	6.858175e-007	7.785335e-012
8.895354405598253e-009	-4.406240e-010	2.066691e-009	7.033510e-007	7.037389e-007	7.892428e-012
8.896354405598252e-009	-4.527765e-010	2.103863e-009	7.215922e-007	7.219905e-007	8.002470e-012
8.897354405598252e-009	-4.652594e-010	2.142055e-009	7.401516e-007	7.405604e-007	8.115512e-012
8.898354405598251e-009	-4.780769e-010	2.181281e-009	7.590157e-007	7.594351e-007	8.231603e-012
8.899354405598251e-009	-4.912329e-010	2.221556e-009	7.781697e-007	7.785999e-007	8.350790e-012
8.900354405598250e-009	-5.047311e-010	2.262893e-009	7.975975e-007	7.980387e-007	8.473115e-012
8.901354405598249e-009	-5.185745e-010	2.305303e-009	8.172821e-007	8.177344e-007	8.598618e-012
8.902354405598249e-009	-5.327657e-010	2.348799e-009	8.372058e-007	8.376694e-007	8.727339e-012
8.903354405598248e-009	-5.473071e-010	2.393389e-009	8.573510e-007	8.578259e-007	8.859311e-012
8.904354405598248e-009	-5.622005e-010	2.439083e-009	8.776995e-007	8.781859e-007	8.994565e-012
8.907354405598246e-009	-6.090058e-010	2.582855e-009	9.397930e-007	9.403142e-007	9.420283e-012
8.910354405598245e-009	-6.590112e-010	2.736769e-009	1.003128e-006	1.003684e-006	9.876377e-012
8.913354405598243e-009	-7.122131e-010	2.900900e-009	1.067347e-006	1.067940e-006	1.036324e-011
8.916354405598242e-009	-7.685892e-010	3.075268e-009	1.132181e-006	1.132810e-006	1.088111e-011
8.919354405598240e-009	-8.281048e-010	3.259856e-009	1.197440e-006	1.198105e-006	1.143009e-011
8.922354405598239e-009	-8.907164e-010	3.454615e-009	1.262989e-006	1.263691e-006	1.201022e-011
8.925354405598237e-009	-9.563746e-010	3.659480e-009	1.328736e-006	1.329474e-006	1.262147e-011
8.927640119883950e-009	-1.008481e-009	3.822422e-009	1.378982e-006	1.379748e-006	1.310820e-011
8.929925834169664e-009	-1.062232e-009	3.991028e-009	1.429210e-006	1.430005e-006	1.361274e-011
8.932211548455377e-009	-1.117629e-009	4.165300e-009	1.479422e-006	1.480244e-006	1.413510e-011
8.934497262741089e-009	-1.174671e-009	4.345237e-009	1.529616e-006	1.530467e-006	1.467528e-011
8.936782977026802e-009	-1.233358e-009	4.530838e-009	1.579794e-006	1.580672e-006	1.523327e-011
8.939068691312516e-009	-1.293691e-009	4.722105e-009	1.629954e-006	1.630860e-006	1.580908e-011
8.941354405598229e-009	-1.355670e-009	4.919037e-009	1.680096e-006	1.681030e-006	1.640271e-011
8.945068691312513e-009	-1.459944e-009	5.251357e-009	1.761534e-006	1.762513e-006	1.740612e-011
8.948782977026796e-009	-1.567760e-009	5.597019e-009	1.842219e-006	1.843243e-006	1.845350e-011
8.952497262741080e-009	-1.679118e-009	5.956021e-009	1.922152e-006	1.923220e-006	1.954483e-011
8.956211548455364e-009	-1.794018e-009	6.328365e-009	2.001333e-006	2.002445e-006	2.068013e-011
8.959925834169648e-009	-1.912459e-009	6.714050e-009	2.079762e-006	2.080917e-006	2.185938e-011
8.963640119883931e-009	-2.034442e-009	7.113076e-009	2.157439e-006	2.158636e-006	2.308260e-011
8.967354405598215e-009	-2.159967e-009	7.525443e-009	2.234364e-006	2.235603e-006	2.434978e-011
8.976925834169639e-009	-2.503390e-009	8.660517e-009	2.427342e-006	2.428687e-006	2.784898e-011
8.986497262741062e-009	-2.855120e-009	9.846692e-009	2.609746e-006	2.611190e-006	3.154906e-011
8.996068691312486e-009	-3.215159e-009	1.108397e-008	2.781573e-006	2.783110e-006	3.545001e-011
9.005640119883909e-009	-3.583505e-009	1.237235e-008	2.942825e-006	2.944448e-006	3.955184e-011
9.015211548455333e-009	-3.960158e-009	1.371183e-008	3.093502e-006	3.095203e-006	4.385455e-011
9.024782977026756e-009	-4.345119e-009	1.510241e-008	3.233602e-006	3.235377e-006	4.835814e-011
9.034354405598180e-009	-4.738388e-009	1.654410e-008	3.363127e-006	3.364969e-006	5.306260e-011
9.042782977026747e-009	-5.079558e-009	1.782474e-008	3.467223e-006	3.469116e-006	5.729207e-011
9.051211548455315e-009	-5.414730e-009	1.910946e-008	3.564876e-006	3.566818e-006	6.158021e-011
9.059640119883881e-009	-5.743905e-009	2.039825e-008	3.656089e-006	3.658075e-006	6.592704e-011
9.068068691312449e-009	-6.067083e-009	2.169112e-008	3.740859e-006	3.742887e-006	7.033254e-011
9.076497262741015e-009	-6.384264e-009	2.298807e-008	3.819189e-006	3.821253e-006	7.479672e-011
9.084925834169583e-009	-6.695447e-009	2.428910e-008	3.891077e-006	3.893174e-006	7.931958e-011
9.093354405598150e-009	-7.000633e-009	2.559420e-008	3.956524e-006	3.958649e-006	8.390112e-011
9.095550834169577e-009	-7.078029e-009	2.593120e-008	3.973046e-006	3.975178e-006	8.509351e-011
9.097747262741005e-009	-7.154771e-009	2.626761e-008	3.989263e-006	3.991403e-006	8.628724e-011
9.099943691312432e-009	-7.230860e-009	2.660344e-008	4.005177e-006	4.007322e-006	8.748233e-011
9.102140119883860e-009	-7.306296e-009	2.693869e-008	4.020785e-006	4.022938e-006	8.867877e-011
9.104336548455287e-009	-7.381079e-009	2.727335e-008	4.036089e-006	4.038248e-006	8.987657e-011
9.106532977026715e-009	-7.455209e-009	2.760743e-008	4.051089e-006	4.053254e-006	9.107571e-011
9.108729405598142e-009	-7.528686e-009	2.794092e-008	4.065784e-006	4.067955e-006	9.227621e-011
9.109229405598143e-009	-7.545296e-009	2.801670e-008	4.069082e-006	4.071255e-006	9.254959e-011
9.110354405598142e-009	-7.582581e-009	2.818712e-008	4.076456e-006	4.078632e-006	9.316479e-011
9.110604405598143e-009	-7.590835e-009	2.822496e-008	4.078074e-006	4.080250e-006	9.330154e-011
9.111104405598143e-009	-7.607314e-009	2.830060e-008	4.081294e-006	4.083472e-006	9.357507e-011
9.111775394711497e-009	-7.629371e-009	2.840205e-008	4.085598e-006	4.087776e-006	9.394222e-011
9.115684681002456e-009	-7.756629e-009	2.899169e-008	4.110255e-006	4.112443e-006	9.608246e-011
9.116684681002456e-009	-7.788825e-009	2.914212e-008	4.116431e-006	4.118622e-006	9.663025e-011
9.118684681002455e-009	-7.852771e-009	2.944245e-008	4.128605e-006	4.130800e-006	9.772616e-011
9.121684681002453e-009	-7.947568e-009	2.989158e-008	4.146465e-006	4.148667e-006	9.937066e-011
9.124559681002453e-009	-8.037178e-009	3.032048e-008	4.163137e-006	4.165346e-006	1.009472e-010
9.124684681002453e-009	-8.041042e-009	3.033909e-008	4.163850e-006	4.166060e-006	1.010157e-010
9.124934681002454e-009	-8.048764e-009	3.037629e-008	4.165271e-006	4.167481e-006	1.011528e-010
9.125983420330354e-009	-8.081050e-009	3.053223e-008	4.171120e-006	4.173332e-006	1.017280e-010
9.126932236309931e-009	-8.110114e-009	3.067312e-008	4.176251e-006	4.178465e-006	1.022484e-010
9.127881052289509e-009	-8.139028e-009	3.081380e-008	4.181243e-006	4.183458e-006	1.027687e-010
9.128829868269086e-009	-8.167791e-009	3.095427e-008	4.186095e-006	4.188312e-006	1.032889e-010
9.129778684248662e-009	-8.196406e-009	3.109451e-008	4.190807e-006	4.193025e-006	1.038091e-010
9.130727500228239e-009	-8.224870e-009	3.123454e-008	4.195379e-006	4.197599e-006	1.043291e-010
9.131676316207816e-009	-8.253184e-009	3.137436e-008	4.199812e-006	4.202033e-006	1.048491e-010
9.132625132187394e-009	-8.281349e-009	3.151396e-008	4.204105e-006	4.206328e-006	1.053689e-010
9.133625132187393e-009	-8.310876e-009	3.166083e-008	4.208481e-006	4.210704e-006	1.059166e-010
9.134016666669895e-009	-8.322392e-009	3.171827e-008	4.210143e-006	4.212367e-006	1.061310e-010
9.134123905178782e-009	-8.325538e-009	3.173399e-008	4.210587e-006	4.212810e-006	1.061897e-010
9.134196598601971e-009	-8.327669e-009	3.174465e-008	4.210884e-006	4.213108e-006	1.062295e-010
9.134274940398945e-009	-8.329964e-009	3.175612e-008	4.211204e-006	4.213427e-006	1.062724e-010
9.134288252254311e-009	-8.330354e-009	3.175807e-008	4.211258e-006	4.213482e-006	1.062797e-010
9.134288525080591e-009	-8.330362e-009	3.175812e-008	4.211259e-006	4.213483e-006	1.062798e-010
9.135030586514931e-009	-8.352023e-009	3.186672e-008	4.214212e-006	4.216437e-006	1.066859e-010
9.135772647949271e-009	-8.373583e-009	3.197515e-008	4.217058e-006	4.219284e-006	1.070919e-010
9.136514709383612e-009	-8.395043e-009	3.208342e-008	4.219797e-006	4.222023e-006	1.074976e-010
9.137256770817952e-009	-8.416403e-009	3.219151e-008	4.222429e-006	4.224656e-006	1.079032e-010
9.137998832252292e-009	-8.437662e-009	3.229944e-008	4.224954e-006	4.227181e-006	1.083086e-010
9.138740893686632e-009	-8.458821e-009	3.240720e-008	4.227372e-006	4.229599e-006	1.087138e-010
9.139482955120972e-009	-8.479880e-009	3.251479e-008	4.229682e-006	4.231910e-006	1.091189e-010
9.139610754148751e-009	-8.483492e-009	3.253330e-008	4.230066e-006	4.232294e-006	1.091886e-010
9.140925384575095e-009	-8.520428e-009	3.272327e-008	4.233806e-006	4.236034e-006	1.099054e-010
9.142240015001439e-009	-8.557000e-009	3.291256e-008	4.237326e-006	4.239554e-006	1.106212e-010
9.143554645427783e-009	-8.593206e-009	3.310118e-008	4.240625e-006	4.242854e-006	1.113361e-010
9.144869275854126e-009	-8.629047e-009	3.328913e-008	4.243704e-006	4.245933e-006	1.120500e-010
9.146183906280470e-009	-8.664523e-009	3.347641e-008	4.246562e-006	4.248791e-006	1.127630e-010
9.147498536706814e-009	-8.699634e-009	3.366302e-008	4.249200e-006	4.251428e-006	1.134750e-010
9.148813167133158e-009	-8.734380e-009	3.384895e-008	4.251618e-006	4.253845e-006	1.141861e-010
9.149813167133157e-009	-8.760575e-009	3.398992e-008	4.253330e-006	4.255558e-006	1.147262e-010
9.150211567299690e-009	-8.770956e-009	3.404597e-008	4.253979e-006	4.256206e-006	1.149412e-010
9.150332911286245e-009	-8.774106e-009	3.406302e-008	4.254169e-006	4.256396e-006	1.150067e-010
9.150453399596268e-009	-8.777230e-009	3.407995e-008	4.254354e-006	4.256581e-006	1.150717e-010
9.150469545113187e-009	-8.777649e-009	3.408222e-008	4.254378e-006	4.256606e-006	1.150804e-010
9.150475568133554e-009	-8.777804e-009	3.408306e-008	4.254388e-006	4.256615e-006	1.150836e-010
9.150480296056653e-009	-8.777927e-009	3.408372e-008	4.254395e-006	4.256623e-006	1.150862e-010
9.150486592352686e-009	-8.778090e-009	3.408461e-008	4.254405e-006	4.256632e-006	1.150895e-010
9.150493823557013e-009	-8.778278e-009	3.408562e-008	4.254416e-006	4.256643e-006	1.150934e-010
9.150500955685983e-009	-8.778462e-009	3.408663e-008	4.254427e-006	4.256654e-006	1.150973e-010
9.150507862890786e-009	-8.778641e-009	3.408759e-008	4.254437e-006	4.256665e-006	1.151010e-010
9.150514687346067e-009	-8.778818e-009	3.408855e-008	4.254448e-006	4.256675e-006	1.151047e-010
9.150521563028906e-009	-8.778995e-009	3.408952e-008	4.254458e-006	4.256686e-006	1.151084e-010
9.150528454110682e-009	-8.779174e-009	3.409048e-008	4.254469e-006	4.256697e-006	1.151121e-010
9.150535356643394e-009	-8.779352e-009	3.409145e-008	4.254480e-006	4.256707e-006	1.151158e-010
9.150542243819795e-009	-8.779531e-009	3.409242e-008	4.254491e-006	4.256718e-006	1.151196e-010
9.150549751089941e-009	-8.779725e-009	3.409347e-008	4.254502e-006	4.256729e-006	1.151236e-010
9.150558474182428e-009	-8.779951e-009	3.409470e-008	4.254516e-006	4.256743e-006	1.151283e-010
9.150568516812195e-009	-8.780211e-009	3.409611e-008	4.254531e-006	4.256758e-006	1.151337e-010
9.150580351200295e-009	-8.780518e-009	3.409777e-008	4.254549e-006	4.256776e-006	1.151401e-010
9.150611942331779e-009	-8.781335e-009	3.410220e-008	4.254598e-006	4.256825e-006	1.151571e-010
9.153651684571882e-009	-8.858864e-009	3.452669e-008	4.259292e-006	4.261518e-006	1.167926e-010
9.156691426811984e-009	-8.934469e-009	3.494736e-008	4.263977e-006	4.266203e-006	1.184219e-010
9.159731169052087e-009	-9.008149e-009	3.536423e-008	4.268654e-006	4.270879e-006	1.200449e-010
9.162770911292190e-009	-9.079905e-009	3.577729e-008	4.273323e-006	4.275546e-006	1.216617e-010
9.165810653532294e-009	-9.149736e-009	3.618654e-008	4.277983e-006	4.280205e-006	1.232723e-010
9.168850395772395e-009	-9.217643e-009	3.659199e-008	4.282634e-006	4.284855e-006	1.248767e-010
9.171890138012499e-009	-9.283625e-009	3.699362e-008	4.287277e-006	4.289497e-006	1.264748e-010
9.189461566583919e-009	-9.619397e-009	3.922873e-008	4.313988e-006	4.316202e-006	1.355775e-010
9.207032995155337e-009	-9.911388e-009	4.136618e-008	4.340499e-006	4.342707e-006	1.445028e-010
9.224604423726757e-009	-1.015960e-008	4.340596e-008	4.366810e-006	4.369013e-006	1.532506e-010
9.242175852298176e-009	-1.036402e-008	4.534809e-008	4.392922e-006	4.395118e-006	1.618210e-010
9.259747280869596e-009	-1.052467e-008	4.719255e-008	4.418833e-006	4.421023e-006	1.702141e-010
9.277318709441014e-009	-1.064153e-008	4.893936e-008	4.444544e-006	4.446728e-006	1.784297e-010
9.294890138012434e-009	-1.071461e-008	5.058850e-008	4.470056e-006	4.472233e-006	1.864679e-010
9.305032995155286e-009	-1.074747e-008	5.151175e-008	4.484704e-006	4.486878e-006	1.910443e-010
9.315175852298138e-009	-1.077216e-008	5.241229e-008	4.499296e-006	4.501465e-006	1.955732e-010
9.325318709440989e-009	-1.078869e-008	5.329014e-008	4.513830e-006	4.515995e-006	2.000544e-010
9.335461566583843e-009	-1.079705e-008	5.414529e-008	4.528306e-006	4.530468e-006	2.044879e-010
9.345604423726694e-009	-1.079725e-008	5.497774e-008	4.542725e-006	4.544882e-006	2.088738e-010
9.355747280869546e-009	-1.078928e-008	5.578750e-008	4.557086e-006	4.559240e-006	2.132121e-010
9.365890138012398e-009	-1.077314e-008	5.657456e-008	4.571390e-006	4.573539e-006	2.175027e-010
9.366890138012397e-009	-1.077132e-008	5.665127e-008	4.572797e-006	4.574946e-006	2.179236e-010
9.400032995155237e-009	-1.065511e-008	5.904565e-008	4.619097e-006	4.621233e-006	2.315703e-010
9.433175852298076e-009	-1.050784e-008	6.129555e-008	4.664889e-006	4.667010e-006	2.448466e-010
9.466318709440916e-009	-1.032949e-008	6.340096e-008	4.710171e-006	4.712278e-006	2.577526e-010
9.499461566583757e-009	-1.012008e-008	6.536189e-008	4.754945e-006	4.757038e-006	2.702882e-010
9.532604423726597e-009	-9.879594e-009	6.717834e-008	4.799210e-006	4.801287e-006	2.824535e-010
9.565747280869437e-009	-9.608038e-009	6.885030e-008	4.842966e-006	4.845028e-006	2.942485e-010
9.598890138012276e-009	-9.305412e-009	7.037778e-008	4.886213e-006	4.888259e-006	3.056732e-010
9.608461566583701e-009	-9.221671e-009	7.081072e-008	4.898631e-006	4.900672e-006	3.089341e-010
9.618032995155123e-009	-9.137573e-009	7.123634e-008	4.911012e-006	4.913048e-006	3.121723e-010
9.627604423726548e-009	-9.053118e-009	7.165464e-008	4.923356e-006	4.925388e-006	3.153878e-010
9.637175852297970e-009	-8.968307e-009	7.206561e-008	4.935664e-006	4.937692e-006	3.185806e-010
9.646747280869394e-009	-8.883139e-009	7.246925e-008	4.947936e-006	4.949958e-006	3.217507e-010
9.656318709440817e-009	-8.797615e-009	7.286558e-008	4.960171e-006	4.962189e-006	3.248980e-010
9.665890138012241e-009	-8.711734e-009	7.325458e-008	4.972370e-006	4.974383e-006	3.280226e-010
9.666890138012241e-009	-8.702776e-009	7.329489e-008	4.973643e-006	4.975655e-006	3.283479e-010
9.703747280869365e-009	-8.367986e-009	7.471398e-008	5.020247e-006	5.022240e-006	3.401368e-010
9.740604423726489e-009	-8.040671e-009	7.606466e-008	5.066373e-006	5.068346e-006	3.516774e-010
9.777461566583613e-009	-7.720831e-009	7.734693e-008	5.112021e-006	5.113974e-006	3.629697e-010
9.814318709440735e-009	-7.408466e-009	7.856078e-008	5.157191e-006	5.159124e-006	3.740137e-010
9.851175852297859e-009	-7.103576e-009	7.970622e-008	5.201884e-006	5.203796e-006	3.848093e-010
9.888032995154983e-009	-6.806161e-009	8.078324e-008	5.246098e-006	5.247989e-006	3.953567e-010
9.924890138012107e-009	-6.516220e-009	8.179185e-008	5.289835e-006	5.291703e-006	4.056557e-010
9.966890138012085e-009	-6.203651e-009	8.290121e-008	5.339170e-006	5.341013e-006	4.171999e-010
1.000960442372635e-008	-5.902056e-009	8.396150e-008	5.388743e-006	5.390561e-006	4.286642e-010
1.005231870944061e-008	-5.615304e-009	8.497913e-008	5.437776e-006	5.439567e-006	4.399354e-010
1.009503299515488e-008	-5.343396e-009	8.595411e-008	5.486268e-006	5.488031e-006	4.510134e-010
1.013774728086914e-008	-5.086332e-009	8.688643e-008	5.534219e-006	5.535954e-006	4.618981e-010
1.018046156658340e-008	-4.844112e-009	8.777609e-008	5.581628e-006	5.583335e-006	4.725897e-010
1.022317585229767e-008	-4.616735e-009	8.862309e-008	5.628497e-006	5.630175e-006	4.830880e-010
1.026589013801193e-008	-4.404202e-009	8.942743e-008	5.674825e-006	5.676473e-006	4.933932e-010
1.026689013801193e-008	-4.399356e-009	8.944608e-008	5.675904e-006	5.677552e-006	4.936333e-010
1.030960442372619e-008	-4.200521e-009	9.022256e-008	5.721717e-006	5.723335e-006	5.037946e-010
1.035231870944046e-008	-4.012200e-009	9.097389e-008	5.767045e-006	5.768632e-006	5.138288e-010
1.039503299515472e-008	-3.834395e-009	9.170009e-008	5.811887e-006	5.813444e-006	5.237359e-010
1.043774728086898e-008	-3.667105e-009	9.240113e-008	5.856245e-006	5.857770e-006	5.335160e-010
1.048046156658325e-008	-3.510330e-009	9.307704e-008	5.900117e-006	5.901610e-006	5.431690e-010
1.052317585229751e-008	-3.364070e-009	9.372779e-008	5.943504e-006	5.944965e-006	5.526949e-010
1.056589013801177e-008	-3.228325e-009	9.435340e-008	5.986406e-006	5.987834e-006	5.620938e-010
1.056689013801177e-008	-3.225210e-009	9.436788e-008	5.987405e-006	5.988832e-006	5.623129e-010
1.060960442372604e-008	-3.097519e-009	9.497441e-008	6.029835e-006	6.031229e-006	5.716094e-010
1.065231870944030e-008	-2.976269e-009	9.556368e-008	6.071820e-006	6.073181e-006	5.808129e-010
1.069503299515456e-008	-2.861463e-009	9.613570e-008	6.113360e-006	6.114687e-006	5.899234e-010
1.073774728086883e-008	-2.753098e-009	9.669047e-008	6.154454e-006	6.155747e-006	5.989407e-010
1.078046156658309e-008	-2.651175e-009	9.722798e-008	6.195104e-006	6.196361e-006	6.078650e-010
1.082317585229735e-008	-2.555694e-009	9.774825e-008	6.235307e-006	6.236530e-006	6.166961e-010
1.086589013801162e-008	-2.466656e-009	9.825126e-008	6.275066e-006	6.276253e-006	6.254343e-010
1.086689013801162e-008	-2.464604e-009	9.826289e-008	6.275992e-006	6.277178e-006	6.256380e-010
1.100004394479538e-008	-2.213683e-009	9.974261e-008	6.397209e-006	6.398282e-006	6.523760e-010
1.100080370820416e-008	-2.212368e-009	9.975067e-008	6.397889e-006	6.398961e-006	6.525264e-010
1.100156347161294e-008	-2.211055e-009	9.975872e-008	6.398568e-006	6.399640e-006	6.526767e-010
1.100232323502172e-008	-2.209742e-009	9.976677e-008	6.399248e-006	6.400319e-006	6.528271e-010
1.100308299843049e-008	-2.208431e-009	9.977482e-008	6.399927e-006	6.400998e-006	6.529774e-010
1.100384276183927e-008	-2.207121e-009	9.978286e-008	6.400607e-006	6.401677e-006	6.531277e-010
1.100460252524805e-008	-2.205812e-009	9.979089e-008	6.401286e-006	6.402356e-006	6.532779e-010
1.100536228865683e-008	-2.204504e-009	9.979892e-008	6.401965e-006	6.403034e-006	6.534281e-010
1.116036228865675e-008	-1.960782e-009	1.013532e-007	6.537818e-006	6.538750e-006	6.835882e-010
1.120307657437101e-008	-1.901214e-009	1.017526e-007	6.574313e-006	6.575207e-006	6.917310e-010
1.124579086008527e-008	-1.843864e-009	1.021411e-007	6.610422e-006	6.611278e-006	6.998065e-010
1.128850514579954e-008	-1.788733e-009	1.025187e-007	6.646146e-006	6.646963e-006	7.078147e-010
1.133121943151380e-008	-1.735821e-009	1.028854e-007	6.681483e-006	6.682261e-006	7.157557e-010
1.137393371722806e-008	-1.685128e-009	1.032412e-007	6.716434e-006	6.717173e-006	7.236294e-010
1.141664800294233e-008	-1.636653e-009	1.035862e-007	6.751000e-006	6.751699e-006	7.314359e-010
1.145936228865659e-008	-1.590398e-009	1.039202e-007	6.785179e-006	6.785838e-006	7.391751e-010
1.146036228865659e-008	-1.589326e-009	1.039279e-007	6.785975e-006	6.786633e-006	7.393555e-010
1.150307657437085e-008	-1.544642e-009	1.042519e-007	6.819773e-006	6.820391e-006	7.470295e-010
1.154579086008512e-008	-1.501282e-009	1.045665e-007	6.853210e-006	6.853788e-006	7.546404e-010
1.158850514579938e-008	-1.459245e-009	1.048717e-007	6.886286e-006	6.886823e-006	7.621884e-010
1.163121943151364e-008	-1.418533e-009	1.051676e-007	6.919002e-006	6.919497e-006	7.696733e-010
1.167393371722791e-008	-1.379144e-009	1.054541e-007	6.951356e-006	6.951810e-006	7.770952e-010
1.171664800294217e-008	-1.341079e-009	1.057312e-007	6.983349e-006	6.983762e-006	7.844541e-010
1.175936228865643e-008	-1.304338e-009	1.059990e-007	7.014981e-006	7.015352e-006	7.917499e-010
1.176036228865643e-008	-1.303485e-009	1.060052e-007	7.015718e-006	7.016088e-006	7.919200e-010
1.189836228865636e-008	-1.190869e-009	1.068119e-007	7.115544e-006	7.115779e-006	8.150686e-010
1.189936228865636e-008	-1.190087e-009	1.068174e-007	7.116254e-006	7.116488e-006	8.152340e-010
1.190036228865636e-008	-1.189305e-009	1.068229e-007	7.116964e-006	7.117197e-006	8.153994e-010
1.190064296298541e-008	-1.189086e-009	1.068244e-007	7.117163e-006	7.117396e-006	8.154458e-010
1.190074611237085e-008	-1.189005e-009	1.068250e-007	7.117237e-006	7.117469e-006	8.154629e-010
1.190082140493870e-008	-1.188947e-009	1.068254e-007	7.117290e-006	7.117523e-006	8.154754e-010
1.190090177348508e-008	-1.188884e-009	1.068259e-007	7.117348e-006	7.117580e-006	8.154886e-010
1.190091593491166e-008	-1.188873e-009	1.068260e-007	7.117358e-006	7.117590e-006	8.154910e-010
1.190363873784721e-008	-1.186748e-009	1.068409e-007	7.119290e-006	7.119519e-006	8.159410e-010
1.190636154078277e-008	-1.184627e-009	1.068559e-007	7.121221e-006	7.121448e-006	8.163909e-010
1.190908434371833e-008	-1.182509e-009	1.068708e-007	7.123150e-006	7.123375e-006	8.168404e-010
1.191180714665388e-008	-1.180395e-009	1.068857e-007	7.125079e-006	7.125300e-006	8.172898e-010
1.191452994958944e-008	-1.178284e-009	1.069006e-007	7.127006e-006	7.127224e-006	8.177388e-010
1.191725275252499e-008	-1.176176e-009	1.069154e-007	7.128931e-006	7.129147e-006	8.181877e-010
1.191997555546055e-008	-1.174071e-009	1.069302e-007	7.130855e-006	7.131069e-006	8.186362e-010
1.203097555546049e-008	-1.090952e-009	1.075052e-007	7.208148e-006	7.208251e-006	8.367131e-010
1.207368984117475e-008	-1.060343e-009	1.077119e-007	7.237292e-006	7.237352e-006	8.435600e-010
1.211640412688902e-008	-1.030313e-009	1.079110e-007	7.266118e-006	7.266135e-006	8.503468e-010
1.215911841260328e-008	-1.000860e-009	1.081026e-007	7.294626e-006	7.294599e-006	8.570736e-010
1.220183269831755e-008	-9.719862e-010	1.082867e-007	7.322817e-006	7.322746e-006	8.637402e-010
1.224454698403181e-008	-9.436904e-010	1.084634e-007	7.350689e-006	7.350575e-006	8.703468e-010
1.228726126974607e-008	-9.159729e-010	1.086325e-007	7.378244e-006	7.378086e-006	8.768932e-010
1.232997555546034e-008	-8.888336e-010	1.087941e-007	7.405481e-006	7.405279e-006	8.833795e-010
1.233097555546033e-008	-8.882024e-010	1.087978e-007	7.406115e-006	7.405912e-006	8.835307e-010
1.263097555546018e-008	-7.095913e-010	1.097377e-007	7.588883e-006	7.588368e-006	9.273984e-010
1.276997555546011e-008	-6.331471e-010	1.100626e-007	7.668673e-006	7.668012e-006	9.467300e-010
1.278526126974581e-008	-6.251155e-010	1.100943e-007	7.677264e-006	7.676586e-006	9.488171e-010
1.280054698403152e-008	-6.168728e-010	1.101251e-007	7.685819e-006	7.685126e-006	9.508974e-010
1.281583269831723e-008	-6.084192e-010	1.101551e-007	7.694339e-006	7.693629e-006	9.529708e-010
1.283111841260293e-008	-5.997545e-010	1.101842e-007	7.702823e-006	7.702097e-006	9.550374e-010
1.284640412688864e-008	-5.908788e-010	1.102124e-007	7.711271e-006	7.710530e-006	9.570972e-010
1.286168984117434e-008	-5.817920e-010	1.102397e-007	7.719685e-006	7.718927e-006	9.591501e-010
1.287697555546005e-008	-5.724943e-010	1.102662e-007	7.728062e-006	7.727288e-006	9.611962e-010
1.293097555546002e-008	-5.345969e-010	1.103521e-007	7.757377e-006	7.756546e-006	9.683805e-010
1.296568984117429e-008	-5.051732e-010	1.104005e-007	7.775990e-006	7.775122e-006	9.729650e-010
1.300040412688856e-008	-4.733886e-010	1.104447e-007	7.794427e-006	7.793523e-006	9.775208e-010
1.303511841260283e-008	-4.392434e-010	1.104847e-007	7.812690e-006	7.811749e-006	9.820481e-010
1.306983269831709e-008	-4.027374e-010	1.105206e-007	7.830778e-006	7.829800e-006	9.865467e-010
1.310454698403136e-008	-3.638706e-010	1.105523e-007	7.848692e-006	7.847676e-006	9.910167e-010
1.313926126974563e-008	-3.226432e-010	1.105799e-007	7.866430e-006	7.865377e-006	9.954581e-010
1.317397555545990e-008	-2.790549e-010	1.106032e-007	7.883993e-006	7.882903e-006	9.998709e-010
1.323097555545987e-008	-2.071954e-010	1.106350e-007	7.912467e-006	7.911317e-006	1.007044e-009
1.353097555545971e-008	1.656373e-010	1.106640e-007	8.054968e-006	8.053498e-006	1.043233e-009
1.383097555545955e-008	5.024445e-010	1.104668e-007	8.185642e-006	8.183853e-006	1.076647e-009
1.385205269918103e-008	5.921890e-010	1.104099e-007	8.194397e-006	8.192585e-006	1.079012e-009
1.387312984290251e-008	9.029886e-010	1.102879e-007	8.203097e-006	8.201263e-006	1.082059e-009
1.389420698662398e-008	1.434843e-009	1.101008e-007	8.211743e-006	8.209887e-006	1.085788e-009
1.391528413034545e-008	2.187753e-009	1.098487e-007	8.220335e-006	8.218457e-006	1.090200e-009
1.393636127406693e-008	3.161718e-009	1.095316e-007	8.228874e-006	8.226973e-006	1.095293e-009
1.395743841778841e-008	4.356738e-009	1.091495e-007	8.237358e-006	8.235434e-006	1.101069e-009
1.397851556150988e-008	5.772814e-009	1.087024e-007	8.245788e-006	8.243842e-006	1.107527e-009
1.399180127579559e-008	6.748942e-009	1.084107e-007	8.251075e-006	8.249115e-006	1.111942e-009
1.400508699008130e-008	7.745530e-009	1.081220e-007	8.256341e-006	8.254366e-006	1.116472e-009
1.401837270436700e-008	8.762579e-009	1.078361e-007	8.261585e-006	8.259597e-006	1.121119e-009
1.403165841865271e-008	9.800088e-009	1.075531e-007	8.266809e-006	8.264807e-006	1.125882e-009
1.404494413293842e-008	1.085806e-008	1.072729e-007	8.272013e-006	8.269996e-006	1.130761e-009
1.405822984722413e-008	1.193649e-008	1.069957e-007	8.277195e-006	8.275164e-006	1.135756e-009
1.407151556150983e-008	1.303538e-008	1.067213e-007	8.282356e-006	8.280311e-006	1.140868e-009
1.412651556150980e-008	1.740286e-008	1.057388e-007	8.303502e-006	8.301399e-006	1.162091e-009
1.416922984722407e-008	2.039458e-008	1.052320e-007	8.319678e-006	8.317530e-006	1.178181e-009
1.421194413293833e-008	2.315978e-008	1.048161e-007	8.335648e-006	8.333455e-006	1.193809e-009
1.425465841865259e-008	2.569847e-008	1.044910e-007	8.351413e-006	8.349175e-006	1.208977e-009
1.429737270436686e-008	2.801065e-008	1.042568e-007	8.366972e-006	8.364689e-006	1.223684e-009
1.434008699008112e-008	3.009630e-008	1.041134e-007	8.382326e-006	8.379998e-006	1.237930e-009
1.438280127579538e-008	3.195544e-008	1.040609e-007	8.397474e-006	8.395102e-006	1.251715e-009
1.442551556150965e-008	3.358807e-008	1.040992e-007	8.412417e-006	8.410000e-006	1.265039e-009
1.442651556150965e-008	3.362639e-008	1.040992e-007	8.412764e-006	8.410347e-006	1.265348e-009
1.472651556150949e-008	4.261745e-008	1.044208e-007	8.512198e-006	8.509470e-006	1.350271e-009
1.502651556150954e-008	4.864395e-008	1.045422e-007	8.602392e-006	8.599356e-006	1.423429e-009
1.532651556150988e-008	5.323349e-008	1.041700e-007	8.683894e-006	8.680558e-006	1.488663e-009
1.562651556151022e-008	5.700559e-008	1.033863e-007	8.757220e-006	8.753591e-006	1.548113e-009
1.592651556151056e-008	6.024356e-008	1.023043e-007	8.822855e-006	8.818939e-006	1.602940e-009
1.599951556151065e-008	6.096861e-008	1.020060e-007	8.837715e-006	8.833731e-006	1.615660e-009
1.600151556151065e-008	6.098817e-008	1.019976e-007	8.838117e-006	8.834130e-006	1.616006e-009
1.601851556151067e-008	6.115371e-008	1.019264e-007	8.841513e-006	8.837511e-006	1.618933e-009
1.603551556151069e-008	6.131814e-008	1.018545e-007	8.844888e-006	8.840869e-006	1.621849e-009
1.605251556151071e-008	6.148146e-008	1.017820e-007	8.848239e-006	8.844205e-006	1.624752e-009
1.606951556151073e-008	6.164367e-008	1.017090e-007	8.851568e-006	8.847518e-006	1.627643e-009
1.608651556151075e-008	6.180476e-008	1.016353e-007	8.854874e-006	8.850809e-006	1.630521e-009
1.610351556151076e-008	6.196474e-008	1.015611e-007	8.858158e-006	8.854077e-006	1.633388e-009
1.612051556151078e-008	6.212361e-008	1.014862e-007	8.861419e-006	8.857322e-006	1.636242e-009
1.622651556151090e-008	6.309091e-008	1.010074e-007	8.881254e-006	8.877059e-006	1.653772e-009
1.650000000000000e-008	6.541390e-008	9.968456e-008	8.928548e-006	8.924107e-006	1.696921e-009
1.650853273410298e-008	6.548266e-008	9.964148e-008	8.929936e-006	8.925487e-006	1.698220e-009
1.680853273410332e-008	6.776956e-008	9.806635e-008	8.975490e-006	8.970781e-006	1.742136e-009
1.689953273410343e-008	6.841573e-008	9.756746e-008	8.988096e-006	8.983308e-006	1.754790e-009
1.690053273410343e-008	6.842271e-008	9.756193e-008	8.988231e-006	8.983443e-006	1.754927e-009
1.690253273410343e-008	6.843668e-008	9.755086e-008	8.988502e-006	8.983712e-006	1.755202e-009
1.710853273410366e-008	6.982202e-008	9.638898e-008	9.014994e-006	9.010032e-006	1.782697e-009
1.740853273410400e-008	7.166280e-008	9.462659e-008	9.048803e-006	9.043598e-006	1.819985e-009
1.770853273410434e-008	7.330912e-008	9.279237e-008	9.077253e-006	9.071815e-006	1.854063e-009
1.776953273410441e-008	7.362139e-008	9.241163e-008	9.082411e-006	9.076926e-006	1.860606e-009
1.778496130553300e-008	7.369919e-008	9.231493e-008	9.083682e-006	9.078186e-006	1.862240e-009
1.780038987696159e-008	7.377654e-008	9.221808e-008	9.084941e-006	9.079434e-006	1.863865e-009
1.781581844839018e-008	7.385342e-008	9.212108e-008	9.086186e-006	9.080668e-006	1.865483e-009
1.783124701981877e-008	7.392984e-008	9.202393e-008	9.087419e-006	9.081889e-006	1.867092e-009
1.784667559124736e-008	7.400580e-008	9.192663e-008	9.088639e-006	9.083097e-006	1.868693e-009
1.786210416267595e-008	7.408129e-008	9.182917e-008	9.089845e-006	9.084292e-006	1.870286e-009
1.787753273410454e-008	7.415633e-008	9.173156e-008	9.091039e-006	9.085475e-006	1.871870e-009
1.800853273410468e-008	7.477532e-008	9.089695e-008	9.100659e-006	9.094999e-006	1.884993e-009
1.803296130553328e-008	7.488721e-008	9.074016e-008	9.102351e-006	9.096674e-006	1.887374e-009
1.805738987696188e-008	7.499802e-008	9.058305e-008	9.104013e-006	9.098318e-006	1.889736e-009
1.808181844839048e-008	7.510775e-008	9.042561e-008	9.105644e-006	9.099932e-006	1.892077e-009
1.810624701981908e-008	7.521640e-008	9.026783e-008	9.107244e-006	9.101514e-006	1.894398e-009
1.813067559124768e-008	7.532398e-008	9.010972e-008	9.108813e-006	9.103066e-006	1.896698e-009
1.815510416267628e-008	7.543047e-008	8.995128e-008	9.110351e-006	9.104587e-006	1.898978e-009
1.817953273410488e-008	7.553589e-008	8.979251e-008	9.111858e-006	9.106077e-006	1.901238e-009
1.830853273410502e-008	7.607508e-008	8.894907e-008	9.119319e-006	9.113448e-006	1.912837e-009
1.860853273410536e-008	7.721765e-008	8.695736e-008	9.133513e-006	9.127444e-006	1.937655e-009
1.863667559124825e-008	7.731703e-008	8.676853e-008	9.134625e-006	9.128538e-006	1.939829e-009
1.866481844839114e-008	7.741514e-008	8.657940e-008	9.135700e-006	9.129595e-006	1.941978e-009
1.869296130553403e-008	7.751195e-008	8.638996e-008	9.136739e-006	9.130616e-006	1.944101e-009
1.872110416267692e-008	7.760749e-008	8.620023e-008	9.137742e-006	9.131601e-006	1.946198e-009
1.874924701981981e-008	7.770174e-008	8.601019e-008	9.138709e-006	9.132550e-006	1.948269e-009
1.877738987696270e-008	7.779471e-008	8.581985e-008	9.139639e-006	9.133463e-006	1.950314e-009
1.880553273410559e-008	7.788640e-008	8.562920e-008	9.140534e-006	9.134340e-006	1.952334e-009
1.881953273410560e-008	7.793134e-008	8.553433e-008	9.140964e-006	9.134762e-006	1.953328e-009
1.883353273410562e-008	7.797631e-008	8.543927e-008	9.141385e-006	9.135175e-006	1.954317e-009
1.884753273410564e-008	7.802130e-008	8.534403e-008	9.141797e-006	9.135579e-006	1.955300e-009
1.886153273410565e-008	7.806633e-008	8.524861e-008	9.142198e-006	9.135974e-006	1.956279e-009
1.887553273410567e-008	7.811138e-008	8.515300e-008	9.142591e-006	9.136360e-006	1.957251e-009
1.888953273410568e-008	7.815646e-008	8.505721e-008	9.142973e-006	9.136736e-006	1.958219e-009
1.890353273410570e-008	7.820157e-008	8.496124e-008	9.143346e-006	9.137103e-006	1.959181e-009
1.890853273410571e-008	7.821787e-008	8.492687e-008	9.143477e-006	9.137232e-006	1.959523e-009
1.892353273410572e-008	7.826709e-008	8.482349e-008	9.143865e-006	9.137617e-006	1.960548e-009
1.893853273410574e-008	7.831691e-008	8.471980e-008	9.144244e-006	9.137992e-006	1.961569e-009
1.895353273410576e-008	7.836733e-008	8.461578e-008	9.144612e-006	9.138357e-006	1.962586e-009
1.896853273410577e-008	7.841835e-008	8.451143e-008	9.144971e-006	9.138713e-006	1.963599e-009
1.898353273410579e-008	7.846997e-008	8.440677e-008	9.145319e-006	9.139060e-006	1.964608e-009
1.899853273410581e-008	7.852220e-008	8.430178e-008	9.145658e-006	9.139397e-006	1.965612e-009
1.901353273410582e-008	7.857502e-008	8.419646e-008	9.145987e-006	9.139725e-006	1.966613e-009
1.903710416267728e-008	7.865984e-008	8.403024e-008	9.146482e-006	9.140220e-006	1.968179e-009
1.906067559124873e-008	7.874455e-008	8.386392e-008	9.146954e-006	9.140692e-006	1.969732e-009
1.908424701982019e-008	7.882916e-008	8.369750e-008	9.147401e-006	9.141140e-006	1.971271e-009
1.910781844839164e-008	7.891367e-008	8.353100e-008	9.147825e-006	9.141565e-006	1.972797e-009
1.913138987696310e-008	7.899808e-008	8.336440e-008	9.148225e-006	9.141966e-006	1.974309e-009
1.915496130553455e-008	7.908238e-008	8.319770e-008	9.148601e-006	9.142344e-006	1.975807e-009
1.917853273410601e-008	7.916658e-008	8.303092e-008	9.148953e-006	9.142698e-006	1.977292e-009
1.920853273410605e-008	7.927056e-008	8.281949e-008	9.149366e-006	9.143114e-006	1.979154e-009
1.923698720681601e-008	7.936704e-008	8.261951e-008	9.149723e-006	9.143474e-006	1.980894e-009
1.926544167952597e-008	7.946069e-008	8.242003e-008	9.150048e-006	9.143802e-006	1.982605e-009
1.929389615223593e-008	7.955150e-008	8.222104e-008	9.150340e-006	9.144096e-006	1.984288e-009
1.932235062494589e-008	7.963948e-008	8.202253e-008	9.150599e-006	9.144359e-006	1.985942e-009
1.935080509765585e-008	7.972462e-008	8.182452e-008	9.150825e-006	9.144588e-006	1.987568e-009
1.937925957036582e-008	7.980693e-008	8.162700e-008	9.151019e-006	9.144785e-006	1.989164e-009
1.940771404307578e-008	7.988641e-008	8.142997e-008	9.151179e-006	9.144949e-006	1.990733e-009
1.949671404307588e-008	8.011664e-008	8.081530e-008	9.151476e-006	9.145258e-006	1.995444e-009
1.979177293292986e-008	8.071575e-008	7.878081e-008	9.150279e-006	9.144117e-006	2.009043e-009
2.009177293293020e-008	8.114555e-008	7.669259e-008	9.145786e-006	9.139700e-006	2.019902e-009
2.039177293293054e-008	8.145967e-008	7.457975e-008	9.138187e-006	9.132195e-006	2.028034e-009
2.069177293293088e-008	8.168524e-008	7.245112e-008	9.127670e-006	9.121792e-006	2.033627e-009
2.099177293293122e-008	8.183163e-008	7.031621e-008	9.114413e-006	9.108665e-006	2.036808e-009
2.129177293293156e-008	8.190241e-008	6.818209e-008	9.098584e-006	9.092981e-006	2.037675e-009
2.149877293293180e-008	8.190844e-008	6.671262e-008	9.086246e-006	9.080752e-006	2.036970e-009
2.149977293293180e-008	8.190838e-008	6.670554e-008	9.086184e-006	9.080690e-006	2.036964e-009
2.150077293293180e-008	8.190833e-008	6.669845e-008	9.086121e-006	9.080628e-006	2.036958e-009
2.150177293293180e-008	8.190827e-008	6.669136e-008	9.086059e-006	9.080566e-006	2.036952e-009
2.150534436150323e-008	8.190806e-008	6.666603e-008	9.085836e-006	9.080345e-006	2.036930e-009
2.150891579007466e-008	8.190785e-008	6.664071e-008	9.085613e-006	9.080124e-006	2.036909e-009
2.151248721864610e-008	8.190762e-008	6.661540e-008	9.085389e-006	9.079902e-006	2.036886e-009
2.151605864721753e-008	8.190739e-008	6.659008e-008	9.085165e-006	9.079680e-006	2.036864e-009
2.151963007578896e-008	8.190714e-008	6.656476e-008	9.084941e-006	9.079458e-006	2.036841e-009
2.152320150436039e-008	8.190689e-008	6.653945e-008	9.084717e-006	9.079235e-006	2.036818e-009
2.152677293293183e-008	8.190662e-008	6.651414e-008	9.084492e-006	9.079013e-006	2.036795e-009
2.159177293293190e-008	8.190001e-008	6.605367e-008	9.080348e-006	9.074904e-006	2.036315e-009
2.163448721864624e-008	8.189382e-008	6.575130e-008	9.077569e-006	9.072149e-006	2.035945e-009
2.167720150436057e-008	8.188623e-008	6.544917e-008	9.074746e-006	9.069351e-006	2.035532e-009
2.171991579007490e-008	8.187722e-008	6.514728e-008	9.071881e-006	9.066510e-006	2.035076e-009
2.176263007578924e-008	8.186681e-008	6.484563e-008	9.068973e-006	9.063627e-006	2.034578e-009
2.180534436150357e-008	8.185499e-008	6.454422e-008	9.066022e-006	9.060700e-006	2.034037e-009
2.184805864721791e-008	8.184176e-008	6.424305e-008	9.063028e-006	9.057732e-006	2.033453e-009
2.189077293293224e-008	8.182712e-008	6.394212e-008	9.059991e-006	9.054720e-006	2.032827e-009
2.189177293293224e-008	8.182677e-008	6.393508e-008	9.059920e-006	9.054649e-006	2.032812e-009
2.189305864721796e-008	8.182631e-008	6.392602e-008	9.059827e-006	9.054558e-006	2.032793e-009
2.189434436150367e-008	8.182584e-008	6.391697e-008	9.059735e-006	9.054467e-006	2.032773e-009
2.189563007578939e-008	8.182538e-008	6.390792e-008	9.059643e-006	9.054376e-006	2.032754e-009
2.189691579007510e-008	8.182491e-008	6.389887e-008	9.059551e-006	9.054284e-006	2.032734e-009
2.189820150436082e-008	8.182444e-008	6.388981e-008	9.059458e-006	9.054193e-006	2.032714e-009
2.189948721864654e-008	8.182398e-008	6.388076e-008	9.059366e-006	9.054101e-006	2.032694e-009
2.190077293293225e-008	8.182351e-008	6.387171e-008	9.059274e-006	9.054009e-006	2.032675e-009
2.190548721864654e-008	8.182177e-008	6.383852e-008	9.058935e-006	9.053673e-006	2.032602e-009
2.191020150436083e-008	8.182002e-008	6.380533e-008	9.058596e-006	9.053337e-006	2.032529e-009
2.191491579007512e-008	8.181825e-008	6.377215e-008	9.058256e-006	9.053001e-006	2.032455e-009
2.191963007578942e-008	8.181647e-008	6.373898e-008	9.057916e-006	9.052663e-006	2.032381e-009
2.192434436150371e-008	8.181467e-008	6.370580e-008	9.057575e-006	9.052325e-006	2.032306e-009
2.192905864721800e-008	8.181285e-008	6.367263e-008	9.057234e-006	9.051986e-006	2.032231e-009
2.193377293293229e-008	8.181102e-008	6.363947e-008	9.056892e-006	9.051647e-006	2.032156e-009
2.219177293293258e-008	8.168566e-008	6.182966e-008	9.037426e-006	9.032341e-006	2.027251e-009
2.240000000000000e-008	8.154965e-008	6.037725e-008	9.020657e-006	9.015707e-006	2.022225e-009
2.248669218418356e-008	8.148417e-008	5.977491e-008	9.013407e-006	9.008515e-006	2.019858e-009
2.252940646989789e-008	8.144997e-008	5.947866e-008	9.009777e-006	9.004914e-006	2.018633e-009
2.257212075561222e-008	8.141460e-008	5.918277e-008	9.006111e-006	9.001278e-006	2.017371e-009
2.261483504132656e-008	8.137806e-008	5.888724e-008	9.002409e-006	8.997605e-006	2.016071e-009
2.265754932704089e-008	8.134036e-008	5.859207e-008	8.998671e-006	8.993896e-006	2.014733e-009
2.270026361275523e-008	8.130150e-008	5.829726e-008	8.994896e-006	8.990151e-006	2.013359e-009
2.274297789846956e-008	8.126147e-008	5.800280e-008	8.991086e-006	8.986370e-006	2.011946e-009
2.278569218418389e-008	8.122028e-008	5.770871e-008	8.987239e-006	8.982553e-006	2.010496e-009
2.278669218418390e-008	8.121931e-008	5.770182e-008	8.987148e-006	8.982463e-006	2.010462e-009
2.282554932704108e-008	8.118169e-008	5.743420e-008	8.983618e-006	8.978961e-006	2.009112e-009
2.286440646989827e-008	8.114501e-008	5.716647e-008	8.980060e-006	8.975430e-006	2.007739e-009
2.290326361275546e-008	8.110925e-008	5.689862e-008	8.976473e-006	8.971871e-006	2.006343e-009
2.294212075561264e-008	8.107442e-008	5.663067e-008	8.972858e-006	8.968284e-006	2.004924e-009
2.298097789846983e-008	8.104053e-008	5.636260e-008	8.969215e-006	8.964669e-006	2.003481e-009
2.301983504132702e-008	8.100756e-008	5.609443e-008	8.965544e-006	8.961025e-006	2.002015e-009
2.305869218418420e-008	8.097553e-008	5.582615e-008	8.961844e-006	8.957354e-006	2.000525e-009
2.308669218418424e-008	8.095238e-008	5.563318e-008	8.959162e-006	8.954693e-006	1.999438e-009
2.326669218418444e-008	8.079958e-008	5.439853e-008	8.941587e-006	8.937252e-006	1.992135e-009
2.326769218418444e-008	8.079869e-008	5.439171e-008	8.941488e-006	8.937153e-006	1.992093e-009
2.326797285851349e-008	8.079844e-008	5.438979e-008	8.941461e-006	8.937125e-006	1.992081e-009
2.326820505129086e-008	8.079823e-008	5.438821e-008	8.941437e-006	8.937102e-006	1.992071e-009
2.326886195174541e-008	8.079764e-008	5.438373e-008	8.941372e-006	8.937038e-006	1.992044e-009
2.327053049484604e-008	8.079615e-008	5.437234e-008	8.941206e-006	8.936873e-006	1.991973e-009
2.327253049484605e-008	8.079436e-008	5.435870e-008	8.941008e-006	8.936677e-006	1.991889e-009
2.327453049484605e-008	8.079256e-008	5.434506e-008	8.940809e-006	8.936479e-006	1.991804e-009
2.327653049484605e-008	8.079077e-008	5.433142e-008	8.940611e-006	8.936283e-006	1.991720e-009
2.327853049484605e-008	8.078896e-008	5.431778e-008	8.940413e-006	8.936086e-006	1.991635e-009
2.328053049484606e-008	8.078717e-008	5.430415e-008	8.940215e-006	8.935889e-006	1.991550e-009
2.328253049484606e-008	8.078536e-008	5.429051e-008	8.940017e-006	8.935693e-006	1.991466e-009
2.328453049484606e-008	8.078355e-008	5.427688e-008	8.939820e-006	8.935497e-006	1.991381e-009
2.328653049484606e-008	8.078174e-008	5.426325e-008	8.939623e-006	8.935302e-006	1.991296e-009
2.328853049484606e-008	8.077993e-008	5.424962e-008	8.939426e-006	8.935106e-006	1.991211e-009
2.329153049484607e-008	8.077720e-008	5.422918e-008	8.939131e-006	8.934815e-006	1.991084e-009
2.329453049484607e-008	8.077447e-008	5.420875e-008	8.938839e-006	8.934524e-006	1.990956e-009
2.329753049484608e-008	8.077173e-008	5.418832e-008	8.938548e-006	8.934235e-006	1.990828e-009
2.330053049484608e-008	8.076898e-008	5.416790e-008	8.938257e-006	8.933947e-006	1.990700e-009
2.330624478056037e-008	8.076373e-008	5.412901e-008	8.937708e-006	8.933402e-006	1.990455e-009
2.331195906627466e-008	8.075845e-008	5.409015e-008	8.937168e-006	8.932867e-006	1.990211e-009
2.331767335198895e-008	8.075314e-008	5.405133e-008	8.936639e-006	8.932342e-006	1.989965e-009
2.332338763770325e-008	8.074779e-008	5.401254e-008	8.936120e-006	8.931828e-006	1.989719e-009
2.332910192341754e-008	8.074242e-008	5.397378e-008	8.935612e-006	8.931323e-006	1.989473e-009
2.333481620913183e-008	8.073701e-008	5.393506e-008	8.935113e-006	8.930829e-006	1.989226e-009
2.334053049484612e-008	8.073157e-008	5.389637e-008	8.934625e-006	8.930345e-006	1.988978e-009
2.334524478056042e-008	8.072706e-008	5.386449e-008	8.934233e-006	8.929957e-006	1.988774e-009
2.334995906627470e-008	8.072251e-008	5.383266e-008	8.933852e-006	8.929579e-006	1.988569e-009
2.335467335198900e-008	8.071794e-008	5.380086e-008	8.933481e-006	8.929212e-006	1.988364e-009
2.335938763770329e-008	8.071334e-008	5.376911e-008	8.933121e-006	8.928856e-006	1.988158e-009
2.336410192341758e-008	8.070871e-008	5.373741e-008	8.932772e-006	8.928510e-006	1.987952e-009
2.336881620913187e-008	8.070405e-008	5.370575e-008	8.932433e-006	8.928175e-006	1.987746e-009
2.337353049484616e-008	8.069937e-008	5.367413e-008	8.932106e-006	8.927851e-006	1.987540e-009
2.337553049484616e-008	8.069736e-008	5.366073e-008	8.931970e-006	8.927717e-006	1.987452e-009
2.338253049484617e-008	8.069031e-008	5.361393e-008	8.931514e-006	8.927265e-006	1.987145e-009
2.339095906627475e-008	8.068174e-008	5.355771e-008	8.931000e-006	8.926759e-006	1.986775e-009
2.339938763770333e-008	8.067304e-008	5.350174e-008	8.930525e-006	8.926291e-006	1.986403e-009
2.340781620913191e-008	8.066421e-008	5.344603e-008	8.930090e-006	8.925863e-006	1.986032e-009
2.341624478056050e-008	8.065525e-008	5.339057e-008	8.929695e-006	8.925474e-006	1.985659e-009
2.342467335198908e-008	8.064616e-008	5.333535e-008	8.929339e-006	8.925125e-006	1.985286e-009
2.343310192341766e-008	8.063695e-008	5.328039e-008	8.929022e-006	8.924815e-006	1.984912e-009
2.344153049484624e-008	8.062761e-008	5.322569e-008	8.928745e-006	8.924544e-006	1.984538e-009
2.345295906627482e-008	8.061470e-008	5.315201e-008	8.928439e-006	8.924247e-006	1.984030e-009
2.346438763770341e-008	8.060152e-008	5.307897e-008	8.928183e-006	8.924000e-006	1.983521e-009
2.347581620913199e-008	8.058806e-008	5.300656e-008	8.927976e-006	8.923803e-006	1.983012e-009
2.348724478056058e-008	8.057433e-008	5.293479e-008	8.927820e-006	8.923656e-006	1.982502e-009
2.349867335198916e-008	8.056033e-008	5.286366e-008	8.927714e-006	8.923559e-006	1.981992e-009
2.351010192341775e-008	8.054605e-008	5.279317e-008	8.927657e-006	8.923512e-006	1.981482e-009
2.352153049484633e-008	8.053150e-008	5.272332e-008	8.927651e-006	8.923515e-006	1.980970e-009
2.353138763770348e-008	8.051872e-008	5.266364e-008	8.927666e-006	8.923539e-006	1.980530e-009
2.354124478056064e-008	8.050576e-008	5.260445e-008	8.927692e-006	8.923574e-006	1.980089e-009
2.355110192341779e-008	8.049262e-008	5.254573e-008	8.927730e-006	8.923620e-006	1.979647e-009
2.356095906627494e-008	8.047929e-008	5.248749e-008	8.927780e-006	8.923678e-006	1.979206e-009
2.357081620913210e-008	8.046578e-008	5.242972e-008	8.927841e-006	8.923747e-006	1.978764e-009
2.358067335198925e-008	8.045208e-008	5.237243e-008	8.927914e-006	8.923828e-006	1.978322e-009
2.359053049484641e-008	8.043821e-008	5.231562e-008	8.927998e-006	8.923920e-006	1.977880e-009
2.359638763770356e-008	8.042989e-008	5.228206e-008	8.928047e-006	8.923973e-006	1.977618e-009
2.360224478056071e-008	8.042151e-008	5.224865e-008	8.928094e-006	8.924026e-006	1.977355e-009
2.360810192341786e-008	8.041309e-008	5.221539e-008	8.928141e-006	8.924077e-006	1.977092e-009
2.361395906627500e-008	8.040462e-008	5.218227e-008	8.928187e-006	8.924128e-006	1.976829e-009
2.361981620913215e-008	8.039609e-008	5.214930e-008	8.928232e-006	8.924178e-006	1.976565e-009
2.362567335198930e-008	8.038751e-008	5.211647e-008	8.928277e-006	8.924227e-006	1.976302e-009
2.363153049484645e-008	8.037888e-008	5.208378e-008	8.928320e-006	8.924276e-006	1.976039e-009
2.363495906627503e-008	8.037380e-008	5.206471e-008	8.928345e-006	8.924303e-006	1.975884e-009
2.363838763770360e-008	8.036871e-008	5.204568e-008	8.928369e-006	8.924330e-006	1.975730e-009
2.364181620913218e-008	8.036361e-008	5.202670e-008	8.928391e-006	8.924355e-006	1.975576e-009
2.364524478056076e-008	8.035849e-008	5.200776e-008	8.928413e-006	8.924380e-006	1.975421e-009
2.364867335198933e-008	8.035335e-008	5.198886e-008	8.928434e-006	8.924404e-006	1.975267e-009
2.365210192341791e-008	8.034820e-008	5.197001e-008	8.928453e-006	8.924427e-006	1.975113e-009
2.365553049484648e-008	8.034304e-008	5.195120e-008	8.928472e-006	8.924449e-006	1.974958e-009
2.365924478056077e-008	8.033743e-008	5.193087e-008	8.928492e-006	8.924471e-006	1.974791e-009
2.366295906627506e-008	8.033180e-008	5.191058e-008	8.928510e-006	8.924492e-006	1.974623e-009
2.366667335198935e-008	8.032616e-008	5.189034e-008	8.928527e-006	8.924512e-006	1.974456e-009
2.367038763770364e-008	8.032050e-008	5.187015e-008	8.928542e-006	8.924530e-006	1.974288e-009
2.367410192341793e-008	8.031483e-008	5.185000e-008	8.928556e-006	8.924547e-006	1.974120e-009
2.367781620913222e-008	8.030914e-008	5.182989e-008	8.928568e-006	8.924563e-006	1.973952e-009
2.368153049484651e-008	8.030344e-008	5.180983e-008	8.928579e-006	8.924577e-006	1.973784e-009
2.368253049484651e-008	8.030189e-008	5.180444e-008	8.928581e-006	8.924580e-006	1.973739e-009
2.368524478056080e-008	8.029772e-008	5.178982e-008	8.928588e-006	8.924589e-006	1.973617e-009
2.368795906627509e-008	8.029353e-008	5.177522e-008	8.928594e-006	8.924597e-006	1.973494e-009
2.369067335198938e-008	8.028934e-008	5.176063e-008	8.928599e-006	8.924604e-006	1.973371e-009
2.369338763770367e-008	8.028514e-008	5.174607e-008	8.928603e-006	8.924610e-006	1.973248e-009
2.369610192341796e-008	8.028093e-008	5.173153e-008	8.928606e-006	8.924615e-006	1.973125e-009
2.369881620913224e-008	8.027671e-008	5.171701e-008	8.928608e-006	8.924620e-006	1.973002e-009
2.370153049484653e-008	8.027249e-008	5.170251e-008	8.928609e-006	8.924623e-006	1.972879e-009
2.370253049484653e-008	8.027094e-008	5.169718e-008	8.928609e-006	8.924624e-006	1.972834e-009
2.370353049484654e-008	8.026938e-008	5.169185e-008	8.928609e-006	8.924625e-006	1.972789e-009
2.370553049484654e-008	8.026626e-008	5.168119e-008	8.928609e-006	8.924626e-006	1.972698e-009
2.370781620913225e-008	8.026269e-008	5.166902e-008	8.928608e-006	8.924627e-006	1.972595e-009
2.371010192341797e-008	8.025912e-008	5.165686e-008	8.928606e-006	8.924627e-006	1.972491e-009
2.371238763770369e-008	8.025555e-008	5.164472e-008	8.928603e-006	8.924626e-006	1.972387e-009
2.371467335198940e-008	8.025197e-008	5.163259e-008	8.928599e-006	8.924624e-006	1.972283e-009
2.371695906627512e-008	8.024838e-008	5.162047e-008	8.928594e-006	8.924621e-006	1.972180e-009
2.371924478056084e-008	8.024479e-008	5.160837e-008	8.928588e-006	8.924617e-006	1.972076e-009
2.372153049484656e-008	8.024120e-008	5.159628e-008	8.928581e-006	8.924612e-006	1.971972e-009
2.372224478056084e-008	8.024008e-008	5.159250e-008	8.928579e-006	8.924611e-006	1.971939e-009
2.372295906627513e-008	8.023895e-008	5.158873e-008	8.928577e-006	8.924609e-006	1.971907e-009
2.372367335198942e-008	8.023783e-008	5.158495e-008	8.928574e-006	8.924607e-006	1.971874e-009
2.372438763770370e-008	8.023670e-008	5.158118e-008	8.928572e-006	8.924605e-006	1.971842e-009
2.372510192341799e-008	8.023558e-008	5.157741e-008	8.928569e-006	8.924603e-006	1.971810e-009
2.372581620913227e-008	8.023445e-008	5.157364e-008	8.928566e-006	8.924600e-006	1.971777e-009
2.372653049484656e-008	8.023333e-008	5.156987e-008	8.928562e-006	8.924598e-006	1.971745e-009
2.372791417040161e-008	8.023115e-008	5.156258e-008	8.928556e-006	8.924592e-006	1.971682e-009
2.372803244304737e-008	8.023095e-008	5.156195e-008	8.928556e-006	8.924592e-006	1.971676e-009
2.372814966903516e-008	8.023077e-008	5.156133e-008	8.928555e-006	8.924591e-006	1.971671e-009
2.372816508412794e-008	8.023075e-008	5.156125e-008	8.928555e-006	8.924591e-006	1.971670e-009
2.372817113667042e-008	8.023074e-008	5.156122e-008	8.928555e-006	8.924591e-006	1.971670e-009
2.372817597502558e-008	8.023073e-008	5.156119e-008	8.928555e-006	8.924591e-006	1.971670e-009
2.372818234323800e-008	8.023072e-008	5.156116e-008	8.928555e-006	8.924591e-006	1.971669e-009
2.372818953826953e-008	8.023071e-008	5.156112e-008	8.928555e-006	8.924591e-006	1.971669e-009
2.372819667040389e-008	8.023070e-008	5.156109e-008	8.928555e-006	8.924591e-006	1.971669e-009
2.372820356111729e-008	8.023069e-008	5.156105e-008	8.928555e-006	8.924591e-006	1.971669e-009
2.372821040099777e-008	8.023068e-008	5.156101e-008	8.928555e-006	8.924591e-006	1.971668e-009
2.372821726813611e-008	8.023066e-008	5.156098e-008	8.928555e-006	8.924591e-006	1.971668e-009
2.372822416760825e-008	8.023066e-008	5.156094e-008	8.928555e-006	8.924591e-006	1.971667e-009
2.372823106237908e-008	8.023064e-008	5.156091e-008	8.928555e-006	8.924591e-006	1.971667e-009
2.372823795558573e-008	8.023063e-008	5.156087e-008	8.928555e-006	8.924591e-006	1.971667e-009
2.372824564457542e-008	8.023062e-008	5.156083e-008	8.928555e-006	8.924591e-006	1.971667e-009
2.372825448352745e-008	8.023061e-008	5.156078e-008	8.928555e-006	8.924591e-006	1.971666e-009
2.372826477156878e-008	8.023059e-008	5.156073e-008	8.928555e-006	8.924591e-006	1.971666e-009
2.372829131005533e-008	8.023055e-008	5.156059e-008	8.928554e-006	8.924591e-006	1.971665e-009
2.372834526703833e-008	8.023046e-008	5.156030e-008	8.928554e-006	8.924591e-006	1.971662e-009
2.372839922402133e-008	8.023038e-008	5.156002e-008	8.928554e-006	8.924591e-006	1.971660e-009
2.372845318100433e-008	8.023029e-008	5.155973e-008	8.928553e-006	8.924591e-006	1.971657e-009
2.372850713798732e-008	8.023021e-008	5.155945e-008	8.928553e-006	8.924590e-006	1.971655e-009
2.372856109497032e-008	8.023012e-008	5.155917e-008	8.928553e-006	8.924590e-006	1.971652e-009
2.372861505195332e-008	8.023004e-008	5.155888e-008	8.928552e-006	8.924590e-006	1.971650e-009
2.372866900893632e-008	8.022995e-008	5.155860e-008	8.928552e-006	8.924590e-006	1.971647e-009
2.373238644686680e-008	8.022408e-008	5.153902e-008	8.928533e-006	8.924573e-006	1.971478e-009
2.373610388479727e-008	8.021820e-008	5.151947e-008	8.928510e-006	8.924552e-006	1.971309e-009
2.373982132272775e-008	8.021232e-008	5.149994e-008	8.928483e-006	8.924529e-006	1.971139e-009
2.374353876065823e-008	8.020642e-008	5.148044e-008	8.928453e-006	8.924502e-006	1.970970e-009
2.374725619858871e-008	8.020051e-008	5.146097e-008	8.928420e-006	8.924472e-006	1.970800e-009
2.375097363651919e-008	8.019460e-008	5.144152e-008	8.928383e-006	8.924438e-006	1.970631e-009
2.375469107444967e-008	8.018868e-008	5.142210e-008	8.928343e-006	8.924401e-006	1.970461e-009
2.377111964587826e-008	8.012581e-008	5.134800e-008	8.928124e-006	8.924196e-006	1.969598e-009
2.378754821730685e-008	8.010786e-008	5.125940e-008	8.927851e-006	8.923936e-006	1.968864e-009
2.380397678873544e-008	8.013484e-008	5.115633e-008	8.927523e-006	8.923623e-006	1.968259e-009
2.382040536016403e-008	8.020672e-008	5.103876e-008	8.927141e-006	8.923255e-006	1.967783e-009
2.383683393159262e-008	8.032353e-008	5.090672e-008	8.926705e-006	8.922832e-006	1.967435e-009
2.385326250302121e-008	8.048526e-008	5.076018e-008	8.926215e-006	8.922356e-006	1.967216e-009
2.386969107444980e-008	8.069190e-008	5.059916e-008	8.925671e-006	8.921825e-006	1.967126e-009
2.388197678873553e-008	8.092957e-008	5.045323e-008	8.925234e-006	8.921398e-006	1.967309e-009
2.389426250302126e-008	8.119786e-008	5.030028e-008	8.924774e-006	8.920948e-006	1.967597e-009
2.390654821730698e-008	8.149678e-008	5.014033e-008	8.924290e-006	8.920474e-006	1.967991e-009
2.391883393159271e-008	8.182631e-008	4.997337e-008	8.923782e-006	8.919977e-006	1.968490e-009
2.393111964587844e-008	8.218647e-008	4.979941e-008	8.923251e-006	8.919455e-006	1.969095e-009
2.394340536016417e-008	8.257726e-008	4.961843e-008	8.922696e-006	8.918910e-006	1.969805e-009
2.395569107444990e-008	8.299866e-008	4.943045e-008	8.922117e-006	8.918340e-006	1.970621e-009
2.395669107444990e-008	8.303287e-008	4.941542e-008	8.922068e-006	8.918294e-006	1.970688e-009
2.398983393159279e-008	8.430223e-008	4.889634e-008	8.920376e-006	8.916629e-006	1.973443e-009
2.402297678873569e-008	8.551094e-008	4.841938e-008	8.918562e-006	8.914843e-006	1.976161e-009
2.405611964587858e-008	8.665900e-008	4.798452e-008	8.916627e-006	8.912934e-006	1.978842e-009
2.408926250302148e-008	8.774643e-008	4.759178e-008	8.914570e-006	8.910905e-006	1.981487e-009
2.412240536016437e-008	8.877320e-008	4.724114e-008	8.912392e-006	8.908754e-006	1.984096e-009
2.415554821730727e-008	8.973933e-008	4.693261e-008	8.910092e-006	8.906481e-006	1.986668e-009
2.418869107445016e-008	9.064482e-008	4.666620e-008	8.907670e-006	8.904087e-006	1.989203e-009
2.425669107445024e-008	9.214857e-008	4.623091e-008	8.902457e-006	8.898929e-006	1.993447e-009
2.429482149507097e-008	9.286916e-008	4.602958e-008	8.899378e-006	8.895882e-006	1.995534e-009
2.429495398586024e-008	9.287153e-008	4.602892e-008	8.899367e-006	8.895871e-006	1.995540e-009
2.429498473127812e-008	9.287209e-008	4.602877e-008	8.899366e-006	8.895870e-006	1.995542e-009
2.429499892351120e-008	9.287233e-008	4.602870e-008	8.899365e-006	8.895869e-006	1.995543e-009
2.429500391503629e-008	9.287243e-008	4.602867e-008	8.899365e-006	8.895869e-006	1.995543e-009
2.429500809598908e-008	9.287250e-008	4.602865e-008	8.899365e-006	8.895868e-006	1.995543e-009
2.429522678447650e-008	9.287641e-008	4.602757e-008	8.899344e-006	8.895848e-006	1.995555e-009
2.429544547296392e-008	9.288031e-008	4.602648e-008	8.899322e-006	8.895826e-006	1.995566e-009
2.429566416145134e-008	9.288422e-008	4.602540e-008	8.899297e-006	8.895802e-006	1.995577e-009
2.429588284993876e-008	9.288812e-008	4.602432e-008	8.899270e-006	8.895775e-006	1.995589e-009
2.429610153842619e-008	9.289201e-008	4.602323e-008	8.899241e-006	8.895747e-006	1.995600e-009
2.429632022691360e-008	9.289591e-008	4.602215e-008	8.899210e-006	8.895716e-006	1.995611e-009
2.429653891540102e-008	9.289980e-008	4.602107e-008	8.899177e-006	8.895683e-006	1.995623e-009
2.429753891540103e-008	9.291757e-008	4.601613e-008	8.899063e-006	8.895568e-006	1.995675e-009
2.429853891540103e-008	9.293529e-008	4.601120e-008	8.898985e-006	8.895492e-006	1.995726e-009
2.429953891540103e-008	9.295296e-008	4.600630e-008	8.898958e-006	8.895466e-006	1.995778e-009
2.430053891540103e-008	9.297057e-008	4.600141e-008	8.898990e-006	8.895498e-006	1.995829e-009
2.430153891540103e-008	9.298813e-008	4.599655e-008	8.899094e-006	8.895603e-006	1.995881e-009
2.430253891540103e-008	9.300564e-008	4.599173e-008	8.899280e-006	8.895791e-006	1.995932e-009
2.430353891540103e-008	9.302308e-008	4.598695e-008	8.899565e-006	8.896077e-006	1.995983e-009
2.430453891540103e-008	9.304046e-008	4.598222e-008	8.899960e-006	8.896473e-006	1.996034e-009
2.430553891540103e-008	9.305776e-008	4.597754e-008	8.900483e-006	8.896997e-006	1.996085e-009
2.430653891540104e-008	9.307502e-008	4.597293e-008	8.901147e-006	8.897663e-006	1.996136e-009
2.430753891540104e-008	9.309218e-008	4.596839e-008	8.901969e-006	8.898487e-006	1.996188e-009
2.430853891540104e-008	9.310928e-008	4.596394e-008	8.902964e-006	8.899482e-006	1.996239e-009
2.431053891540104e-008	9.314321e-008	4.595536e-008	8.905527e-006	8.902050e-006	1.996342e-009
2.431253891540104e-008	9.317678e-008	4.594730e-008	8.908945e-006	8.905472e-006	1.996445e-009
2.431553891540105e-008	9.322635e-008	4.593644e-008	8.915868e-006	8.912402e-006	1.996602e-009
2.431853891540105e-008	9.327486e-008	4.592748e-008	8.925137e-006	8.921679e-006	1.996763e-009
2.432153891540105e-008	9.332212e-008	4.592088e-008	8.936876e-006	8.933429e-006	1.996929e-009
2.432353891540105e-008	9.335287e-008	4.591804e-008	8.946097e-006	8.942658e-006	1.997043e-009
2.432553891540106e-008	9.338294e-008	4.591661e-008	8.956430e-006	8.953000e-006	1.997160e-009
2.432653891540106e-008	9.339772e-008	4.591647e-008	8.962010e-006	8.958584e-006	1.997220e-009
2.432753891540106e-008	9.341230e-008	4.591674e-008	8.967861e-006	8.964439e-006	1.997281e-009
2.432853891540106e-008	9.342672e-008	4.591738e-008	8.973956e-006	8.970540e-006	1.997343e-009
2.432918152543511e-008	9.343589e-008	4.591801e-008	8.978008e-006	8.974594e-006	1.997384e-009
2.432966578081408e-008	9.344273e-008	4.591864e-008	8.981151e-006	8.977740e-006	1.997414e-009
2.433023581843285e-008	9.345073e-008	4.591951e-008	8.984935e-006	8.981527e-006	1.997451e-009
2.433057204584738e-008	9.345541e-008	4.592009e-008	8.987210e-006	8.983804e-006	1.997473e-009
2.433104807467173e-008	9.346201e-008	4.592100e-008	8.990479e-006	8.987075e-006	1.997503e-009
2.433118791791211e-008	9.346394e-008	4.592129e-008	8.991446e-006	8.988042e-006	1.997513e-009
2.433123633528062e-008	9.346461e-008	4.592139e-008	8.991782e-006	8.988380e-006	1.997516e-009
2.433127426445083e-008	9.346513e-008	4.592147e-008	8.992047e-006	8.988644e-006	1.997518e-009
2.433128971559471e-008	9.346534e-008	4.592151e-008	8.992155e-006	8.988753e-006	1.997519e-009
2.433129449172961e-008	9.346540e-008	4.592152e-008	8.992189e-006	8.988785e-006	1.997520e-009
2.433129543728838e-008	9.346542e-008	4.592152e-008	8.992195e-006	8.988793e-006	1.997520e-009
2.433129577093277e-008	9.346542e-008	4.592152e-008	8.992197e-006	8.988794e-006	1.997520e-009
2.433129627214152e-008	9.346543e-008	4.592152e-008	8.992200e-006	8.988798e-006	1.997520e-009
2.433129676750336e-008	9.346544e-008	4.592152e-008	8.992204e-006	8.988802e-006	1.997520e-009
2.433129728953685e-008	9.346545e-008	4.592152e-008	8.992208e-006	8.988805e-006	1.997520e-009
2.433129786330835e-008	9.346545e-008	4.592152e-008	8.992212e-006	8.988809e-006	1.997520e-009
2.433129841309689e-008	9.346546e-008	4.592152e-008	8.992216e-006	8.988814e-006	1.997520e-009
2.433129897214921e-008	9.346547e-008	4.592153e-008	8.992220e-006	8.988817e-006	1.997520e-009
2.433129951496143e-008	9.346547e-008	4.592153e-008	8.992223e-006	8.988821e-006	1.997520e-009
2.433130012748360e-008	9.346548e-008	4.592153e-008	8.992228e-006	8.988825e-006	1.997520e-009
2.433130082202125e-008	9.346549e-008	4.592153e-008	8.992232e-006	8.988830e-006	1.997520e-009
2.433130164018162e-008	9.346550e-008	4.592153e-008	8.992239e-006	8.988835e-006	1.997520e-009
2.433130258536493e-008	9.346552e-008	4.592154e-008	8.992245e-006	8.988843e-006	1.997520e-009
2.433130373270907e-008	9.346553e-008	4.592154e-008	8.992253e-006	8.988850e-006	1.997520e-009
2.433130513779878e-008	9.346555e-008	4.592154e-008	8.992262e-006	8.988860e-006	1.997520e-009
2.433130697270119e-008	9.346558e-008	4.592154e-008	8.992275e-006	8.988873e-006	1.997521e-009
2.433130946483340e-008	9.346561e-008	4.592155e-008	8.992293e-006	8.988890e-006	1.997521e-009
2.433183047250537e-008	9.347273e-008	4.592278e-008	8.995956e-006	8.992556e-006	1.997555e-009
2.433235148017735e-008	9.347980e-008	4.592414e-008	8.999662e-006	8.996265e-006	1.997590e-009
2.433287248784932e-008	9.348681e-008	4.592563e-008	9.003413e-006	9.000019e-006	1.997625e-009
2.433339349552130e-008	9.349376e-008	4.592725e-008	9.007207e-006	9.003816e-006	1.997660e-009
2.433391450319327e-008	9.350066e-008	4.592900e-008	9.011046e-006	9.007658e-006	1.997696e-009
2.433443551086525e-008	9.350751e-008	4.593088e-008	9.014930e-006	9.011544e-006	1.997732e-009
2.433495651853722e-008	9.351429e-008	4.593289e-008	9.018857e-006	9.015474e-006	1.997769e-009
2.433695651853723e-008	9.353980e-008	4.594192e-008	9.034366e-006	9.030995e-006	1.997912e-009
2.433995651853723e-008	9.357640e-008	4.595950e-008	9.058886e-006	9.055531e-006	1.998137e-009
2.434224223282295e-008	9.360296e-008	4.597604e-008	9.078608e-006	9.075268e-006	1.998317e-009
2.434452794710866e-008	9.362823e-008	4.599586e-008	9.099098e-006	9.095773e-006	1.998505e-009
2.434681366139438e-008	9.365221e-008	4.601896e-008	9.120355e-006	9.117045e-006	1.998702e-009
2.434909937568010e-008	9.367489e-008	4.604534e-008	9.142378e-006	9.139083e-006	1.998907e-009
2.435138508996581e-008	9.369627e-008	4.607500e-008	9.165168e-006	9.161890e-006	1.999122e-009
2.435367080425153e-008	9.371637e-008	4.610793e-008	9.188725e-006	9.185463e-006	1.999345e-009
2.435595651853725e-008	9.373517e-008	4.614414e-008	9.213049e-006	9.209803e-006	1.999576e-009
2.435724223282296e-008	9.374512e-008	4.616618e-008	9.227008e-006	9.223772e-006	1.999711e-009
2.435852794710868e-008	9.375462e-008	4.618939e-008	9.241167e-006	9.237941e-006	1.999849e-009
2.435981366139440e-008	9.376369e-008	4.621377e-008	9.255526e-006	9.252309e-006	1.999991e-009
2.436109937568011e-008	9.377231e-008	4.623933e-008	9.270084e-006	9.266876e-006	2.000135e-009
2.436238508996583e-008	9.378048e-008	4.626607e-008	9.284841e-006	9.281643e-006	2.000283e-009
2.436367080425154e-008	9.378822e-008	4.629398e-008	9.299797e-006	9.296610e-006	2.000434e-009
2.436495651853726e-008	9.379551e-008	4.632307e-008	9.314953e-006	9.311777e-006	2.000589e-009
2.436595651853726e-008	9.380091e-008	4.634643e-008	9.326839e-006	9.323672e-006	2.000711e-009
2.436623719302820e-008	9.380237e-008	4.635311e-008	9.330195e-006	9.327030e-006	2.000745e-009
2.436646812043382e-008	9.380356e-008	4.635868e-008	9.332972e-006	9.329809e-006	2.000774e-009
2.436679173434353e-008	9.380518e-008	4.636657e-008	9.336899e-006	9.333738e-006	2.000814e-009
2.436712659703785e-008	9.380682e-008	4.637484e-008	9.341012e-006	9.337854e-006	2.000857e-009
2.436779632242647e-008	9.380999e-008	4.639167e-008	9.349345e-006	9.346194e-006	2.000942e-009
2.436879632242648e-008	9.381452e-008	4.641739e-008	9.362009e-006	9.358865e-006	2.001070e-009
2.436979632242648e-008	9.381877e-008	4.644384e-008	9.374939e-006	9.371804e-006	2.001201e-009
2.437079632242648e-008	9.382272e-008	4.647111e-008	9.388161e-006	9.385036e-006	2.001334e-009
2.437179632242648e-008	9.382637e-008	4.649921e-008	9.401680e-006	9.398565e-006	2.001469e-009
2.437279632242648e-008	9.382970e-008	4.652816e-008	9.415497e-006	9.412391e-006	2.001606e-009
2.437379632242648e-008	9.383272e-008	4.655797e-008	9.429610e-006	9.426513e-006	2.001746e-009
2.437479632242648e-008	9.383542e-008	4.658867e-008	9.444017e-006	9.440930e-006	2.001889e-009
2.437579632242648e-008	9.383780e-008	4.662026e-008	9.458711e-006	9.455634e-006	2.002034e-009
2.437679632242648e-008	9.383984e-008	4.665278e-008	9.473687e-006	9.470620e-006	2.002182e-009
2.437779632242649e-008	9.384155e-008	4.668622e-008	9.488936e-006	9.485881e-006	2.002332e-009
2.437879632242649e-008	9.384292e-008	4.672061e-008	9.504450e-006	9.501404e-006	2.002484e-009
2.437979632242649e-008	9.384395e-008	4.675597e-008	9.520214e-006	9.517178e-006	2.002640e-009
2.438079632242649e-008	9.384463e-008	4.679229e-008	9.536217e-006	9.533192e-006	2.002798e-009
2.438179632242649e-008	9.384496e-008	4.682960e-008	9.552445e-006	9.549431e-006	2.002959e-009
2.438279632242649e-008	9.384494e-008	4.686791e-008	9.568882e-006	9.565880e-006	2.003123e-009
2.438379632242649e-008	9.384456e-008	4.690722e-008	9.585514e-006	9.582523e-006	2.003290e-009
2.438579632242650e-008	9.384274e-008	4.698889e-008	9.619295e-006	9.616327e-006	2.003632e-009
2.438779632242650e-008	9.383949e-008	4.707467e-008	9.653663e-006	9.650717e-006	2.003987e-009
2.439079632242650e-008	9.383191e-008	4.721112e-008	9.706053e-006	9.703142e-006	2.004540e-009
2.439179632242650e-008	9.382867e-008	4.725869e-008	9.723686e-006	9.720787e-006	2.004731e-009
2.439279632242650e-008	9.382508e-008	4.730731e-008	9.741386e-006	9.738498e-006	2.004925e-009
2.439379632242650e-008	9.382111e-008	4.735697e-008	9.759141e-006	9.756265e-006	2.005121e-009
2.439479632242651e-008	9.381681e-008	4.740768e-008	9.776943e-006	9.774078e-006	2.005321e-009
2.439679632242651e-008	9.380712e-008	4.751222e-008	9.812654e-006	9.809813e-006	2.005729e-009
2.439879632242651e-008	9.379604e-008	4.762092e-008	9.848465e-006	9.845648e-006	2.006150e-009
2.440079632242651e-008	9.378357e-008	4.773376e-008	9.884336e-006	9.881541e-006	2.006583e-009
2.440279632242651e-008	9.376974e-008	4.785070e-008	9.920233e-006	9.917461e-006	2.007029e-009
2.440479632242652e-008	9.375454e-008	4.797174e-008	9.956134e-006	9.953386e-006	2.007486e-009
2.440779632242652e-008	9.372927e-008	4.816087e-008	1.000996e-005	1.000725e-005	2.008194e-009
2.441079632242652e-008	9.370106e-008	4.835902e-008	1.006371e-005	1.006104e-005	2.008930e-009
2.441379632242653e-008	9.366997e-008	4.856606e-008	1.011737e-005	1.011472e-005	2.009693e-009
2.441622489385510e-008	9.364266e-008	4.874027e-008	1.016075e-005	1.015814e-005	2.010330e-009
2.441865346528368e-008	9.361364e-008	4.891999e-008	1.020399e-005	1.020141e-005	2.010985e-009
2.442108203671225e-008	9.358291e-008	4.910522e-008	1.024709e-005	1.024453e-005	2.011656e-009
2.442351060814082e-008	9.355047e-008	4.929595e-008	1.029005e-005	1.028751e-005	2.012344e-009
2.442593917956940e-008	9.351632e-008	4.949218e-008	1.033286e-005	1.033035e-005	2.013050e-009
2.442836775099797e-008	9.348045e-008	4.969393e-008	1.037552e-005	1.037305e-005	2.013772e-009
2.443079632242655e-008	9.344288e-008	4.990117e-008	1.041805e-005	1.041560e-005	2.014512e-009
2.443536775099798e-008	9.336734e-008	5.030672e-008	1.049773e-005	1.049533e-005	2.015952e-009
2.443993917956941e-008	9.328722e-008	5.072862e-008	1.057616e-005	1.057382e-005	2.017445e-009
2.444451060814085e-008	9.320251e-008	5.116689e-008	1.065336e-005	1.065106e-005	2.018993e-009
2.444908203671228e-008	9.311320e-008	5.162152e-008	1.072932e-005	1.072706e-005	2.020594e-009
2.445365346528372e-008	9.301930e-008	5.209252e-008	1.080403e-005	1.080183e-005	2.022249e-009
2.445822489385515e-008	9.292082e-008	5.257987e-008	1.087750e-005	1.087535e-005	2.023958e-009
2.446279632242658e-008	9.281774e-008	5.308359e-008	1.094973e-005	1.094762e-005	2.025720e-009
2.446822489385516e-008	9.269040e-008	5.370090e-008	1.103318e-005	1.103112e-005	2.027879e-009
2.447365346528374e-008	9.255986e-008	5.433331e-008	1.111407e-005	1.111206e-005	2.030094e-009
2.447908203671231e-008	9.242611e-008	5.498084e-008	1.119240e-005	1.119044e-005	2.032366e-009
2.448451060814089e-008	9.228916e-008	5.564349e-008	1.126817e-005	1.126626e-005	2.034694e-009
2.448993917956947e-008	9.214901e-008	5.632125e-008	1.134138e-005	1.133951e-005	2.037079e-009
2.449536775099805e-008	9.200565e-008	5.701412e-008	1.141203e-005	1.141021e-005	2.039521e-009
2.450079632242663e-008	9.185909e-008	5.772210e-008	1.148013e-005	1.147834e-005	2.042019e-009
2.450179632242663e-008	9.183214e-008	5.785314e-008	1.149237e-005	1.149060e-005	2.042483e-009
2.451165346528378e-008	9.155934e-008	5.917719e-008	1.160731e-005	1.160560e-005	2.047172e-009
2.452151060814094e-008	9.128946e-008	6.051399e-008	1.171487e-005	1.171323e-005	2.051950e-009
2.453136775099809e-008	9.102249e-008	6.186354e-008	1.181507e-005	1.181348e-005	2.056814e-009
2.454122489385524e-008	9.075844e-008	6.322585e-008	1.190789e-005	1.190636e-005	2.061767e-009
2.455108203671240e-008	9.049731e-008	6.460090e-008	1.199335e-005	1.199187e-005	2.066807e-009
2.456093917956955e-008	9.023910e-008	6.598870e-008	1.207143e-005	1.207000e-005	2.071934e-009
2.457079632242670e-008	8.998380e-008	6.738924e-008	1.214215e-005	1.214075e-005	2.077149e-009
2.457381417956957e-008	8.990854e-008	6.781355e-008	1.216296e-005	1.216158e-005	2.078743e-009
2.457683203671243e-008	8.983416e-008	6.823713e-008	1.218330e-005	1.218193e-005	2.080340e-009
2.457984989385529e-008	8.976066e-008	6.865997e-008	1.220314e-005	1.220178e-005	2.081939e-009
2.458286775099815e-008	8.968803e-008	6.908208e-008	1.222251e-005	1.222116e-005	2.083540e-009
2.458588560814101e-008	8.961627e-008	6.950346e-008	1.224138e-005	1.224004e-005	2.085145e-009
2.458890346528387e-008	8.954539e-008	6.992410e-008	1.225977e-005	1.225845e-005	2.086751e-009
2.459192132242673e-008	8.947539e-008	7.034402e-008	1.227768e-005	1.227636e-005	2.088361e-009
2.459217132242673e-008	8.946964e-008	7.037873e-008	1.227914e-005	1.227783e-005	2.088494e-009
2.459267132242673e-008	8.945818e-008	7.044814e-008	1.228206e-005	1.228074e-005	2.088761e-009
2.459367132242673e-008	8.943529e-008	7.058689e-008	1.228785e-005	1.228654e-005	2.089295e-009
2.459404632242673e-008	8.942673e-008	7.063889e-008	1.229000e-005	1.228869e-005	2.089495e-009
2.459454632242673e-008	8.941537e-008	7.070818e-008	1.229285e-005	1.229154e-005	2.089761e-009
2.459515780091554e-008	8.940149e-008	7.079289e-008	1.229631e-005	1.229501e-005	2.090088e-009
2.459612661948939e-008	8.937959e-008	7.092700e-008	1.230178e-005	1.230048e-005	2.090605e-009
2.459709543806325e-008	8.935780e-008	7.106099e-008	1.230721e-005	1.230591e-005	2.091122e-009
2.459806425663710e-008	8.933610e-008	7.119485e-008	1.231260e-005	1.231130e-005	2.091640e-009
2.459903307521096e-008	8.931451e-008	7.132859e-008	1.231796e-005	1.231666e-005	2.092157e-009
2.460000189378482e-008	8.929301e-008	7.146221e-008	1.232327e-005	1.232197e-005	2.092675e-009
2.460097071235867e-008	8.927162e-008	7.159571e-008	1.232854e-005	1.232725e-005	2.093192e-009
2.460193953093253e-008	8.925032e-008	7.172908e-008	1.233377e-005	1.233248e-005	2.093710e-009
2.460225203093253e-008	8.924348e-008	7.177206e-008	1.233545e-005	1.233416e-005	2.093878e-009
2.460237703093253e-008	8.924075e-008	7.178926e-008	1.233612e-005	1.233483e-005	2.093944e-009
2.460262703093253e-008	8.923529e-008	7.182362e-008	1.233745e-005	1.233616e-005	2.094078e-009
2.460306608288531e-008	8.922572e-008	7.188396e-008	1.233978e-005	1.233849e-005	2.094313e-009
2.460381540915053e-008	8.920944e-008	7.198687e-008	1.234374e-005	1.234246e-005	2.094713e-009
2.460456473541575e-008	8.919322e-008	7.208970e-008	1.234768e-005	1.234640e-005	2.095114e-009
2.460531406168097e-008	8.917707e-008	7.219244e-008	1.235160e-005	1.235032e-005	2.095514e-009
2.460606338794619e-008	8.916097e-008	7.229510e-008	1.235549e-005	1.235421e-005	2.095915e-009
2.460681271421141e-008	8.914494e-008	7.239767e-008	1.235936e-005	1.235808e-005	2.096316e-009
2.460756204047664e-008	8.912898e-008	7.250016e-008	1.236321e-005	1.236193e-005	2.096716e-009
2.460831136674186e-008	8.911307e-008	7.260256e-008	1.236703e-005	1.236576e-005	2.097117e-009
2.460868190245614e-008	8.910523e-008	7.265316e-008	1.236891e-005	1.236764e-005	2.097315e-009
2.460905243817043e-008	8.909741e-008	7.270375e-008	1.237078e-005	1.236952e-005	2.097513e-009
2.460942297388472e-008	8.908960e-008	7.275431e-008	1.237265e-005	1.237138e-005	2.097712e-009
2.460979350959900e-008	8.908181e-008	7.280484e-008	1.237451e-005	1.237325e-005	2.097910e-009
2.461016404531329e-008	8.907403e-008	7.285536e-008	1.237637e-005	1.237510e-005	2.098108e-009
2.461053458102758e-008	8.906627e-008	7.290586e-008	1.237822e-005	1.237695e-005	2.098306e-009
2.461090511674186e-008	8.905852e-008	7.295633e-008	1.238006e-005	1.237879e-005	2.098504e-009
2.461109261674186e-008	8.905461e-008	7.298186e-008	1.238099e-005	1.237972e-005	2.098605e-009
2.461134261674186e-008	8.904940e-008	7.301588e-008	1.238222e-005	1.238095e-005	2.098738e-009
2.461235173777983e-008	8.902847e-008	7.315311e-008	1.238708e-005	1.238582e-005	2.099278e-009
2.461315009715023e-008	8.901200e-008	7.326155e-008	1.239081e-005	1.238955e-005	2.099705e-009
2.461394845652062e-008	8.899561e-008	7.336985e-008	1.239444e-005	1.239318e-005	2.100132e-009
2.461474681589102e-008	8.897931e-008	7.347801e-008	1.239798e-005	1.239673e-005	2.100558e-009
2.461554517526142e-008	8.896309e-008	7.358604e-008	1.240143e-005	1.240017e-005	2.100985e-009
2.461634353463181e-008	8.894696e-008	7.369394e-008	1.240478e-005	1.240353e-005	2.101412e-009
2.461714189400221e-008	8.893091e-008	7.380170e-008	1.240804e-005	1.240679e-005	2.101838e-009
2.461794025337261e-008	8.891494e-008	7.390932e-008	1.241121e-005	1.240995e-005	2.102265e-009
2.461894025337261e-008	8.889506e-008	7.404393e-008	1.241506e-005	1.241381e-005	2.102798e-009
2.461924244774405e-008	8.888908e-008	7.408457e-008	1.241620e-005	1.241495e-005	2.102960e-009
2.461930857787699e-008	8.888777e-008	7.409345e-008	1.241644e-005	1.241519e-005	2.102995e-009
2.461934242230814e-008	8.888711e-008	7.409800e-008	1.241657e-005	1.241532e-005	2.103013e-009
2.461935863958567e-008	8.888679e-008	7.410018e-008	1.241663e-005	1.241538e-005	2.103022e-009
2.461936336647172e-008	8.888669e-008	7.410081e-008	1.241665e-005	1.241539e-005	2.103024e-009
2.461936431938227e-008	8.888667e-008	7.410094e-008	1.241665e-005	1.241540e-005	2.103025e-009
2.461936481412470e-008	8.888667e-008	7.410101e-008	1.241665e-005	1.241540e-005	2.103025e-009
2.461936546738260e-008	8.888665e-008	7.410110e-008	1.241665e-005	1.241540e-005	2.103025e-009
2.461936629441711e-008	8.888664e-008	7.410121e-008	1.241666e-005	1.241541e-005	2.103026e-009
2.461936738400430e-008	8.888662e-008	7.410135e-008	1.241666e-005	1.241541e-005	2.103026e-009
2.461936860050811e-008	8.888659e-008	7.410151e-008	1.241667e-005	1.241541e-005	2.103027e-009
2.461937019281292e-008	8.888656e-008	7.410173e-008	1.241667e-005	1.241542e-005	2.103028e-009
2.461937219297275e-008	8.888652e-008	7.410200e-008	1.241668e-005	1.241543e-005	2.103029e-009
2.461938853146167e-008	8.888620e-008	7.410419e-008	1.241674e-005	1.241549e-005	2.103038e-009
2.461997639418481e-008	8.887464e-008	7.418310e-008	1.241891e-005	1.241766e-005	2.103351e-009
2.462056425690794e-008	8.886314e-008	7.426191e-008	1.242103e-005	1.241978e-005	2.103665e-009
2.462115211963108e-008	8.885168e-008	7.434064e-008	1.242309e-005	1.242185e-005	2.103978e-009
2.462173998235421e-008	8.884027e-008	7.441929e-008	1.242511e-005	1.242386e-005	2.104292e-009
2.462232784507735e-008	8.882891e-008	7.449785e-008	1.242707e-005	1.242583e-005	2.104605e-009
2.462291570780048e-008	8.881760e-008	7.457632e-008	1.242899e-005	1.242774e-005	2.104918e-009
2.462350357052362e-008	8.880633e-008	7.465471e-008	1.243085e-005	1.242960e-005	2.105231e-009
2.462381497665878e-008	8.880038e-008	7.469619e-008	1.243180e-005	1.243055e-005	2.105397e-009
2.462394730281291e-008	8.879787e-008	7.471380e-008	1.243219e-005	1.243095e-005	2.105467e-009
2.462418476920306e-008	8.879336e-008	7.474539e-008	1.243288e-005	1.243163e-005	2.105594e-009
2.462442223559321e-008	8.878886e-008	7.477696e-008	1.243355e-005	1.243231e-005	2.105720e-009
2.462465970198336e-008	8.878437e-008	7.480851e-008	1.243422e-005	1.243297e-005	2.105847e-009
2.462489716837351e-008	8.877989e-008	7.484004e-008	1.243487e-005	1.243363e-005	2.105973e-009
2.462513463476366e-008	8.877543e-008	7.487155e-008	1.243551e-005	1.243427e-005	2.106099e-009
2.462537210115381e-008	8.877097e-008	7.490304e-008	1.243615e-005	1.243490e-005	2.106225e-009
2.462560956754396e-008	8.876653e-008	7.493450e-008	1.243677e-005	1.243552e-005	2.106352e-009
2.462860956754396e-008	8.871110e-008	7.533059e-008	1.244412e-005	1.244288e-005	2.107944e-009
2.463160956754396e-008	8.865725e-008	7.572357e-008	1.245034e-005	1.244910e-005	2.109531e-009
2.463360956754397e-008	8.862227e-008	7.598371e-008	1.245385e-005	1.245262e-005	2.110586e-009
2.463460956754397e-008	8.860506e-008	7.611321e-008	1.245542e-005	1.245418e-005	2.111113e-009
2.463560956754397e-008	8.858803e-008	7.624232e-008	1.245686e-005	1.245563e-005	2.111639e-009
2.463660956754397e-008	8.857116e-008	7.637110e-008	1.245820e-005	1.245696e-005	2.112165e-009
2.463681082264736e-008	8.856778e-008	7.639697e-008	1.245845e-005	1.245722e-005	2.112270e-009
2.463700757260197e-008	8.856450e-008	7.642223e-008	1.245869e-005	1.245746e-005	2.112373e-009
2.463704260953709e-008	8.856392e-008	7.642673e-008	1.245873e-005	1.245750e-005	2.112392e-009
2.463704464976462e-008	8.856388e-008	7.642699e-008	1.245874e-005	1.245750e-005	2.112393e-009
2.463704840891665e-008	8.856382e-008	7.642748e-008	1.245874e-005	1.245751e-005	2.112395e-009
2.463705307739579e-008	8.856374e-008	7.642807e-008	1.245875e-005	1.245751e-005	2.112397e-009
2.463706049023853e-008	8.856362e-008	7.642902e-008	1.245876e-005	1.245752e-005	2.112401e-009
2.463706878229633e-008	8.856348e-008	7.643008e-008	1.245877e-005	1.245753e-005	2.112406e-009
2.463707805341659e-008	8.856333e-008	7.643128e-008	1.245878e-005	1.245754e-005	2.112410e-009
2.463708833847758e-008	8.856316e-008	7.643260e-008	1.245879e-005	1.245755e-005	2.112416e-009
2.463711559696665e-008	8.856270e-008	7.643609e-008	1.245882e-005	1.245759e-005	2.112430e-009
2.463722961288227e-008	8.856080e-008	7.645072e-008	1.245896e-005	1.245773e-005	2.112490e-009
2.463734362879789e-008	8.855891e-008	7.646533e-008	1.245910e-005	1.245787e-005	2.112550e-009
2.463745764471352e-008	8.855702e-008	7.647994e-008	1.245924e-005	1.245801e-005	2.112610e-009
2.463757166062914e-008	8.855513e-008	7.649455e-008	1.245938e-005	1.245815e-005	2.112669e-009
2.463768567654476e-008	8.855325e-008	7.650915e-008	1.245952e-005	1.245829e-005	2.112729e-009
2.463779969246038e-008	8.855137e-008	7.652374e-008	1.245966e-005	1.245843e-005	2.112789e-009
2.463791370837601e-008	8.854949e-008	7.653833e-008	1.245980e-005	1.245857e-005	2.112849e-009
2.464888002108176e-008	8.838273e-008	7.791339e-008	1.247316e-005	1.247193e-005	2.118547e-009
2.465984633378751e-008	8.823433e-008	7.924635e-008	1.248643e-005	1.248520e-005	2.124165e-009
2.467081264649326e-008	8.810428e-008	8.053721e-008	1.249962e-005	1.249840e-005	2.129704e-009
2.468177895919901e-008	8.799259e-008	8.178598e-008	1.251273e-005	1.251151e-005	2.135162e-009
2.469274527190477e-008	8.789926e-008	8.299266e-008	1.252575e-005	1.252454e-005	2.140540e-009
2.470371158461052e-008	8.782429e-008	8.415723e-008	1.253869e-005	1.253749e-005	2.145838e-009
2.471467789731627e-008	8.776768e-008	8.527972e-008	1.255156e-005	1.255035e-005	2.151056e-009
2.471567789731627e-008	8.776300e-008	8.538062e-008	1.255272e-005	1.255152e-005	2.151529e-009
2.474039218303058e-008	8.770298e-008	8.774995e-008	1.258140e-005	1.258021e-005	2.162975e-009
2.476510646874489e-008	8.768674e-008	8.998316e-008	1.260975e-005	1.260856e-005	2.174109e-009
2.478982075445921e-008	8.771427e-008	9.208027e-008	1.263776e-005	1.263658e-005	2.184930e-009
2.481453504017352e-008	8.778558e-008	9.404126e-008	1.266543e-005	1.266427e-005	2.195440e-009
2.483924932588784e-008	8.790067e-008	9.586615e-008	1.269277e-005	1.269162e-005	2.205636e-009
2.486396361160215e-008	8.805954e-008	9.755492e-008	1.271978e-005	1.271864e-005	2.215521e-009
2.488867789731646e-008	8.826218e-008	9.910759e-008	1.274646e-005	1.274532e-005	2.225093e-009
2.490667789731649e-008	8.841528e-008	1.001895e-007	1.276571e-005	1.276458e-005	2.231917e-009
2.492467789731651e-008	8.857532e-008	1.012286e-007	1.278483e-005	1.278370e-005	2.238619e-009
2.494267789731653e-008	8.874231e-008	1.022247e-007	1.280379e-005	1.280267e-005	2.245198e-009
2.496067789731655e-008	8.891624e-008	1.031780e-007	1.282262e-005	1.282150e-005	2.251655e-009
2.497867789731657e-008	8.909713e-008	1.040885e-007	1.284130e-005	1.284019e-005	2.257990e-009
2.499667789731659e-008	8.928496e-008	1.049560e-007	1.285983e-005	1.285873e-005	2.264202e-009
2.501467789731661e-008	8.947974e-008	1.057807e-007	1.287823e-005	1.287713e-005	2.270292e-009
2.501567789731661e-008	8.949049e-008	1.058259e-007	1.287925e-005	1.287815e-005	2.270627e-009
2.504482075445950e-008	8.981297e-008	1.070800e-007	1.290872e-005	1.290763e-005	2.280235e-009
2.507396361160239e-008	9.013409e-008	1.082675e-007	1.293788e-005	1.293680e-005	2.289607e-009
2.510310646874528e-008	9.045387e-008	1.093883e-007	1.296672e-005	1.296565e-005	2.298744e-009
2.513224932588817e-008	9.077229e-008	1.104424e-007	1.299525e-005	1.299419e-005	2.307646e-009
2.516139218303106e-008	9.108937e-008	1.114299e-007	1.302346e-005	1.302241e-005	2.316313e-009
2.519053504017395e-008	9.140510e-008	1.123507e-007	1.305135e-005	1.305031e-005	2.324744e-009
2.521967789731684e-008	9.171948e-008	1.132049e-007	1.307893e-005	1.307790e-005	2.332941e-009
2.523324932588829e-008	9.186158e-008	1.135913e-007	1.309169e-005	1.309065e-005	2.336702e-009
2.524682075445973e-008	9.200190e-008	1.139685e-007	1.310438e-005	1.310335e-005	2.340425e-009
2.526039218303117e-008	9.214047e-008	1.143363e-007	1.311701e-005	1.311598e-005	2.344108e-009
2.527396361160261e-008	9.227726e-008	1.146948e-007	1.312958e-005	1.312856e-005	2.347752e-009
2.528753504017406e-008	9.241229e-008	1.150440e-007	1.314209e-005	1.314107e-005	2.351357e-009
2.530110646874550e-008	9.254555e-008	1.153839e-007	1.315454e-005	1.315353e-005	2.354923e-009
2.531467789731695e-008	9.267704e-008	1.157145e-007	1.316693e-005	1.316592e-005	2.358449e-009
2.531567789731695e-008	9.268663e-008	1.157386e-007	1.316785e-005	1.316683e-005	2.358708e-009
2.534382075445984e-008	9.295261e-008	1.163940e-007	1.319334e-005	1.319233e-005	2.365892e-009
2.537196361160273e-008	9.320950e-008	1.170219e-007	1.321860e-005	1.321760e-005	2.372942e-009
2.540010646874561e-008	9.345732e-008	1.176221e-007	1.324362e-005	1.324262e-005	2.379859e-009
2.542824932588851e-008	9.369607e-008	1.181949e-007	1.326840e-005	1.326741e-005	2.386644e-009
2.545639218303140e-008	9.392574e-008	1.187401e-007	1.329295e-005	1.329197e-005	2.393295e-009
2.548453504017428e-008	9.414633e-008	1.192577e-007	1.331726e-005	1.331629e-005	2.399813e-009
2.551267789731717e-008	9.435785e-008	1.197478e-007	1.334134e-005	1.334037e-005	2.406198e-009
2.552724932588862e-008	9.446372e-008	1.199948e-007	1.335372e-005	1.335276e-005	2.409465e-009
2.554182075446006e-008	9.456723e-008	1.202366e-007	1.336605e-005	1.336508e-005	2.412703e-009
2.555639218303151e-008	9.466839e-008	1.204732e-007	1.337831e-005	1.337735e-005	2.415912e-009
2.557096361160295e-008	9.476720e-008	1.207046e-007	1.339052e-005	1.338956e-005	2.419093e-009
2.558553504017440e-008	9.486366e-008	1.209307e-007	1.340267e-005	1.340171e-005	2.422245e-009
2.560010646874584e-008	9.495777e-008	1.211516e-007	1.341476e-005	1.341380e-005	2.425369e-009
2.561467789731729e-008	9.504953e-008	1.213673e-007	1.342679e-005	1.342584e-005	2.428464e-009
2.561567789731729e-008	9.505575e-008	1.213820e-007	1.342761e-005	1.342666e-005	2.428675e-009
2.565839218303162e-008	9.530952e-008	1.219819e-007	1.346252e-005	1.346158e-005	2.437570e-009
2.570110646874596e-008	9.554655e-008	1.225511e-007	1.349698e-005	1.349604e-005	2.446274e-009
2.574382075446029e-008	9.576683e-008	1.230897e-007	1.353096e-005	1.353003e-005	2.454786e-009
2.578653504017463e-008	9.597037e-008	1.235976e-007	1.356449e-005	1.356357e-005	2.463107e-009
2.582924932588896e-008	9.615717e-008	1.240748e-007	1.359756e-005	1.359664e-005	2.471237e-009
2.587196361160329e-008	9.632722e-008	1.245214e-007	1.363016e-005	1.362924e-005	2.479175e-009
2.591467789731763e-008	9.648053e-008	1.249372e-007	1.366230e-005	1.366139e-005	2.486922e-009
2.591567789731763e-008	9.648399e-008	1.249468e-007	1.366304e-005	1.366213e-005	2.487102e-009
2.595839218303196e-008	9.662335e-008	1.253410e-007	1.369474e-005	1.369383e-005	2.494693e-009
2.600110646874630e-008	9.675115e-008	1.257157e-007	1.372602e-005	1.372511e-005	2.502141e-009
2.604382075446063e-008	9.686740e-008	1.260710e-007	1.375687e-005	1.375598e-005	2.509446e-009
2.608653504017497e-008	9.697210e-008	1.264068e-007	1.378731e-005	1.378642e-005	2.516609e-009
2.612924932588930e-008	9.706524e-008	1.267231e-007	1.381733e-005	1.381644e-005	2.523630e-009
2.617196361160363e-008	9.714683e-008	1.270200e-007	1.384693e-005	1.384604e-005	2.530507e-009
2.621467789731797e-008	9.721688e-008	1.272975e-007	1.387611e-005	1.387523e-005	2.537243e-009
2.621567789731797e-008	9.721844e-008	1.273038e-007	1.387679e-005	1.387591e-005	2.537399e-009
2.625624932588945e-008	9.727655e-008	1.275532e-007	1.390413e-005	1.390325e-005	2.543681e-009
2.629682075446092e-008	9.732749e-008	1.277899e-007	1.393112e-005	1.393024e-005	2.549857e-009
2.633739218303239e-008	9.737128e-008	1.280139e-007	1.395776e-005	1.395688e-005	2.555926e-009
2.637796361160387e-008	9.740790e-008	1.282253e-007	1.398406e-005	1.398318e-005	2.561890e-009
2.641853504017534e-008	9.743736e-008	1.284240e-007	1.401000e-005	1.400912e-005	2.567748e-009
2.645910646874682e-008	9.745966e-008	1.286100e-007	1.403559e-005	1.403472e-005	2.573500e-009
2.649967789731829e-008	9.747480e-008	1.287833e-007	1.406084e-005	1.405996e-005	2.579145e-009
2.650067789731829e-008	9.747512e-008	1.287875e-007	1.406146e-005	1.406058e-005	2.579283e-009
2.650267789731829e-008	9.747575e-008	1.287958e-007	1.406269e-005	1.406182e-005	2.579559e-009
2.651567789731831e-008	9.747945e-008	1.288491e-007	1.407071e-005	1.406983e-005	2.581347e-009
2.681567789731865e-008	9.741298e-008	1.297866e-007	1.424626e-005	1.424538e-005	2.619880e-009
2.685839218303298e-008	9.738221e-008	1.298776e-007	1.426983e-005	1.426895e-005	2.624956e-009
2.690110646874732e-008	9.734727e-008	1.299596e-007	1.429306e-005	1.429218e-005	2.629937e-009
2.694382075446165e-008	9.730814e-008	1.300324e-007	1.431596e-005	1.431508e-005	2.634820e-009
2.698653504017599e-008	9.726484e-008	1.300962e-007	1.433852e-005	1.433764e-005	2.639608e-009
2.702924932589032e-008	9.721735e-008	1.301510e-007	1.436075e-005	1.435987e-005	2.644299e-009
2.707196361160465e-008	9.716569e-008	1.301967e-007	1.438265e-005	1.438176e-005	2.648894e-009
2.711467789731899e-008	9.710984e-008	1.302333e-007	1.440421e-005	1.440332e-005	2.653392e-009
2.711567789731899e-008	9.710850e-008	1.302341e-007	1.440471e-005	1.440382e-005	2.653497e-009
2.739867789731931e-008	9.665195e-008	1.302753e-007	1.453954e-005	1.453863e-005	2.680949e-009
2.739967789731931e-008	9.665008e-008	1.302748e-007	1.453999e-005	1.453908e-005	2.681039e-009
2.739995857164836e-008	9.664956e-008	1.302747e-007	1.454012e-005	1.453921e-005	2.681064e-009
2.740006172103381e-008	9.664937e-008	1.302746e-007	1.454017e-005	1.453926e-005	2.681073e-009
2.740013701360165e-008	9.664922e-008	1.302746e-007	1.454020e-005	1.453929e-005	2.681080e-009
2.740021738214803e-008	9.664907e-008	1.302746e-007	1.454024e-005	1.453933e-005	2.681087e-009
2.740023154357461e-008	9.664905e-008	1.302745e-007	1.454024e-005	1.453933e-005	2.681088e-009
2.740023483958863e-008	9.664904e-008	1.302745e-007	1.454024e-005	1.453934e-005	2.681088e-009
2.740195731923735e-008	9.664582e-008	1.302737e-007	1.454102e-005	1.454011e-005	2.681243e-009
2.740367979888606e-008	9.664260e-008	1.302729e-007	1.454180e-005	1.454089e-005	2.681398e-009
2.740540227853478e-008	9.663937e-008	1.302721e-007	1.454258e-005	1.454167e-005	2.681552e-009
2.740712475818349e-008	9.663613e-008	1.302713e-007	1.454336e-005	1.454245e-005	2.681706e-009
2.740884723783221e-008	9.663289e-008	1.302705e-007	1.454413e-005	1.454322e-005	2.681860e-009
2.741056971748092e-008	9.662964e-008	1.302696e-007	1.454491e-005	1.454400e-005	2.682014e-009
2.741229219712964e-008	9.662639e-008	1.302688e-007	1.454568e-005	1.454477e-005	2.682168e-009
2.768629219712995e-008	9.604942e-008	1.299857e-007	1.466295e-005	1.466202e-005	2.704756e-009
2.772500648284428e-008	9.595869e-008	1.299231e-007	1.467856e-005	1.467763e-005	2.707650e-009
2.776372076855860e-008	9.586593e-008	1.298554e-007	1.469394e-005	1.469300e-005	2.710473e-009
2.780243505427293e-008	9.577115e-008	1.297827e-007	1.470910e-005	1.470815e-005	2.713223e-009
2.784114933998727e-008	9.567433e-008	1.297047e-007	1.472403e-005	1.472308e-005	2.715902e-009
2.787986362570160e-008	9.557549e-008	1.296217e-007	1.473873e-005	1.473778e-005	2.718508e-009
2.791857791141592e-008	9.547462e-008	1.295336e-007	1.475321e-005	1.475225e-005	2.721041e-009
2.795729219713025e-008	9.537172e-008	1.294403e-007	1.476745e-005	1.476649e-005	2.723503e-009
2.798629219713029e-008	9.529345e-008	1.293674e-007	1.477799e-005	1.477702e-005	2.725300e-009
2.826929219713061e-008	9.447596e-008	1.285181e-007	1.487446e-005	1.487346e-005	2.740750e-009
2.828629219713063e-008	9.442388e-008	1.284594e-007	1.487989e-005	1.487890e-005	2.741559e-009
2.829929219713064e-008	9.438379e-008	1.284140e-007	1.488403e-005	1.488303e-005	2.742167e-009
2.831229219713066e-008	9.434362e-008	1.283680e-007	1.488814e-005	1.488714e-005	2.742769e-009
2.832529219713067e-008	9.430339e-008	1.283215e-007	1.489222e-005	1.489122e-005	2.743362e-009
2.833829219713069e-008	9.426308e-008	1.282746e-007	1.489629e-005	1.489528e-005	2.743949e-009
2.835129219713070e-008	9.422271e-008	1.282270e-007	1.490033e-005	1.489932e-005	2.744527e-009
2.836429219713072e-008	9.418227e-008	1.281790e-007	1.490434e-005	1.490334e-005	2.745098e-009
2.837729219713073e-008	9.414175e-008	1.281305e-007	1.490834e-005	1.490733e-005	2.745662e-009
2.840343505427362e-008	9.406031e-008	1.280311e-007	1.491630e-005	1.491529e-005	2.746773e-009
2.842957791141650e-008	9.397968e-008	1.279295e-007	1.492418e-005	1.492316e-005	2.747857e-009
2.845572076855939e-008	9.389987e-008	1.278256e-007	1.493196e-005	1.493095e-005	2.748916e-009
2.848186362570228e-008	9.382087e-008	1.277195e-007	1.493966e-005	1.493864e-005	2.749948e-009
2.850800648284516e-008	9.374268e-008	1.276111e-007	1.494726e-005	1.494624e-005	2.750953e-009
2.853414933998805e-008	9.366530e-008	1.275005e-007	1.495478e-005	1.495375e-005	2.751932e-009
2.856029219713094e-008	9.358874e-008	1.273876e-007	1.496220e-005	1.496118e-005	2.752885e-009
2.858629219713097e-008	9.351358e-008	1.272733e-007	1.496950e-005	1.496847e-005	2.753808e-009
2.860586362570242e-008	9.345765e-008	1.271859e-007	1.497494e-005	1.497391e-005	2.754486e-009
2.862543505427387e-008	9.340193e-008	1.270974e-007	1.498033e-005	1.497929e-005	2.755150e-009
2.864500648284532e-008	9.334642e-008	1.270080e-007	1.498567e-005	1.498463e-005	2.755799e-009
2.866457791141677e-008	9.329113e-008	1.269175e-007	1.499096e-005	1.498992e-005	2.756433e-009
2.868414933998822e-008	9.323604e-008	1.268260e-007	1.499620e-005	1.499516e-005	2.757052e-009
2.870372076855967e-008	9.318117e-008	1.267334e-007	1.500140e-005	1.500035e-005	2.757657e-009
2.872329219713112e-008	9.312652e-008	1.266399e-007	1.500654e-005	1.500550e-005	2.758247e-009
2.874643505427401e-008	9.306144e-008	1.265282e-007	1.501257e-005	1.501152e-005	2.758924e-009
2.876957791141689e-008	9.299637e-008	1.264153e-007	1.501853e-005	1.501748e-005	2.759580e-009
2.879272076855977e-008	9.293130e-008	1.263011e-007	1.502442e-005	1.502337e-005	2.760215e-009
2.881586362570266e-008	9.286625e-008	1.261857e-007	1.503025e-005	1.502919e-005	2.760828e-009
2.883900648284554e-008	9.280120e-008	1.260690e-007	1.503601e-005	1.503495e-005	2.761421e-009
2.886214933998842e-008	9.273615e-008	1.259510e-007	1.504170e-005	1.504065e-005	2.761992e-009
2.888529219713131e-008	9.267112e-008	1.258317e-007	1.504733e-005	1.504628e-005	2.762542e-009
2.888629219713131e-008	9.266833e-008	1.258266e-007	1.504757e-005	1.504652e-005	2.762566e-009
2.892329219713135e-008	9.256759e-008	1.256322e-007	1.505643e-005	1.505538e-005	2.763410e-009
2.896029219713139e-008	9.246637e-008	1.254350e-007	1.506512e-005	1.506408e-005	2.764200e-009
2.899729219713143e-008	9.236467e-008	1.252351e-007	1.507366e-005	1.507262e-005	2.764936e-009
2.903429219713147e-008	9.226249e-008	1.250323e-007	1.508203e-005	1.508100e-005	2.765618e-009
2.907129219713152e-008	9.215983e-008	1.248269e-007	1.509025e-005	1.508922e-005	2.766246e-009
2.910829219713156e-008	9.205669e-008	1.246186e-007	1.509830e-005	1.509728e-005	2.766820e-009
2.914529219713160e-008	9.195306e-008	1.244076e-007	1.510619e-005	1.510519e-005	2.767341e-009
2.918629219713165e-008	9.183273e-008	1.241721e-007	1.511476e-005	1.511377e-005	2.767840e-009
2.921814933998883e-008	9.149512e-008	1.240644e-007	1.512129e-005	1.512030e-005	2.767457e-009
2.925000648284601e-008	9.133980e-008	1.238957e-007	1.512770e-005	1.512672e-005	2.767572e-009
2.928186362570319e-008	9.136675e-008	1.236659e-007	1.513401e-005	1.513303e-005	2.768187e-009
2.931372076856036e-008	9.157599e-008	1.233752e-007	1.514020e-005	1.513923e-005	2.769300e-009
2.934557791141754e-008	9.196751e-008	1.230234e-007	1.514628e-005	1.514532e-005	2.770913e-009
2.937743505427472e-008	9.254131e-008	1.226107e-007	1.515225e-005	1.515129e-005	2.773025e-009
2.940929219713190e-008	9.329739e-008	1.221370e-007	1.515811e-005	1.515716e-005	2.775635e-009
2.948629219713199e-008	9.762260e-008	1.203338e-007	1.517183e-005	1.517089e-005	2.790084e-009
2.950000648284629e-008	9.857155e-008	1.199825e-007	1.517420e-005	1.517327e-005	2.793333e-009
2.951372076856059e-008	9.952751e-008	1.196383e-007	1.517656e-005	1.517563e-005	2.796657e-009
2.952743505427489e-008	1.004905e-007	1.193011e-007	1.517890e-005	1.517798e-005	2.800056e-009
2.954114933998919e-008	1.014605e-007	1.189710e-007	1.518122e-005	1.518030e-005	2.803529e-009
2.955486362570350e-008	1.024375e-007	1.186479e-007	1.518351e-005	1.518260e-005	2.807078e-009
2.956857791141779e-008	1.034215e-007	1.183319e-007	1.518579e-005	1.518488e-005	2.810702e-009
2.958229219713210e-008	1.044126e-007	1.180229e-007	1.518805e-005	1.518714e-005	2.814400e-009
2.965529219713218e-008	1.092351e-007	1.166549e-007	1.519975e-005	1.519886e-005	2.833580e-009
2.965629219713218e-008	1.092949e-007	1.166395e-007	1.519995e-005	1.519902e-005	2.833833e-009
2.965657287146123e-008	1.093116e-007	1.166352e-007	1.519994e-005	1.519906e-005	2.833904e-009
2.965680507140931e-008	1.093255e-007	1.166316e-007	1.519967e-005	1.519910e-005	2.833963e-009
2.965742299516674e-008	1.093623e-007	1.166222e-007	1.519777e-005	1.519919e-005	2.834119e-009
2.965804091892416e-008	1.093990e-007	1.166128e-007	1.519511e-005	1.519929e-005	2.834275e-009
2.965865884268159e-008	1.094357e-007	1.166034e-007	1.519168e-005	1.519939e-005	2.834431e-009
2.965927676643902e-008	1.094723e-007	1.165940e-007	1.518748e-005	1.519948e-005	2.834586e-009
2.965989469019645e-008	1.095089e-007	1.165847e-007	1.518252e-005	1.519958e-005	2.834742e-009
2.966051261395388e-008	1.095454e-007	1.165754e-007	1.517679e-005	1.519968e-005	2.834897e-009
2.966113053771131e-008	1.095818e-007	1.165661e-007	1.517030e-005	1.519977e-005	2.835052e-009
2.966213053771131e-008	1.096407e-007	1.165512e-007	1.515846e-005	1.519997e-005	2.835304e-009
2.966241121204036e-008	1.096572e-007	1.165470e-007	1.515477e-005	1.519996e-005	2.835374e-009
2.966264341199433e-008	1.096707e-007	1.165436e-007	1.515151e-005	1.519969e-005	2.835432e-009
2.966368990719323e-008	1.097336e-007	1.165201e-007	1.513518e-005	1.519609e-005	2.835667e-009
2.966473640239214e-008	1.097866e-007	1.165209e-007	1.511665e-005	1.519026e-005	2.835962e-009
2.966578289759104e-008	1.098298e-007	1.165459e-007	1.509593e-005	1.518221e-005	2.836317e-009
2.966682939278995e-008	1.098632e-007	1.165951e-007	1.507301e-005	1.517193e-005	2.836732e-009
2.966787588798885e-008	1.098868e-007	1.166686e-007	1.504790e-005	1.515943e-005	2.837208e-009
2.966892238318776e-008	1.099006e-007	1.167663e-007	1.502060e-005	1.514471e-005	2.837743e-009
2.966996887838666e-008	1.099046e-007	1.168883e-007	1.499110e-005	1.512777e-005	2.838340e-009
2.967096887838666e-008	1.098879e-007	1.170599e-007	1.496084e-005	1.510943e-005	2.839056e-009
2.967196887838667e-008	1.098543e-007	1.172766e-007	1.492858e-005	1.508905e-005	2.839891e-009
2.967296887838667e-008	1.098021e-007	1.175435e-007	1.489434e-005	1.506664e-005	2.840860e-009
2.967396887838667e-008	1.097296e-007	1.178653e-007	1.485813e-005	1.504220e-005	2.841977e-009
2.967496887838667e-008	1.096351e-007	1.182469e-007	1.481998e-005	1.501574e-005	2.843255e-009
2.967596887838667e-008	1.095169e-007	1.186933e-007	1.477988e-005	1.498728e-005	2.844708e-009
2.967796887838667e-008	1.092031e-007	1.197995e-007	1.469395e-005	1.492439e-005	2.848194e-009
2.967996887838667e-008	1.087752e-007	1.212227e-007	1.460047e-005	1.485362e-005	2.852548e-009
2.968196887838668e-008	1.082200e-007	1.230014e-007	1.449959e-005	1.477509e-005	2.857880e-009
2.968396887838668e-008	1.075248e-007	1.251741e-007	1.439148e-005	1.468893e-005	2.864302e-009
2.968596887838668e-008	1.066767e-007	1.277791e-007	1.427630e-005	1.459527e-005	2.871924e-009
2.968796887838668e-008	1.056632e-007	1.308546e-007	1.415424e-005	1.449427e-005	2.880858e-009
2.969096887838669e-008	1.038053e-007	1.364333e-007	1.395865e-005	1.432933e-005	2.896962e-009
2.969396887838669e-008	1.015051e-007	1.432845e-007	1.374869e-005	1.414882e-005	2.916645e-009
2.969696887838669e-008	9.872132e-008	1.515355e-007	1.352510e-005	1.395336e-005	2.940283e-009
2.969996887838670e-008	9.541326e-008	1.613129e-007	1.328865e-005	1.374365e-005	2.968251e-009
2.970130816410099e-008	9.376283e-008	1.661833e-007	1.317893e-005	1.364540e-005	2.982171e-009
2.970264744981527e-008	9.198941e-008	1.714168e-007	1.306710e-005	1.354473e-005	2.997131e-009
2.970398673552956e-008	9.009297e-008	1.770135e-007	1.295316e-005	1.344164e-005	3.013133e-009
2.970532602124385e-008	8.807353e-008	1.829733e-007	1.283712e-005	1.333612e-005	3.030175e-009
2.970666530695813e-008	8.593108e-008	1.892962e-007	1.271896e-005	1.322818e-005	3.048258e-009
2.970800459267242e-008	8.366563e-008	1.959823e-007	1.259870e-005	1.311782e-005	3.067381e-009
2.970934387838671e-008	8.127716e-008	2.030315e-007	1.247633e-005	1.300504e-005	3.087546e-009
2.971184387838671e-008	7.640623e-008	2.174220e-007	1.224665e-005	1.278860e-005	3.128747e-009
2.971239744981528e-008	7.526922e-008	2.207827e-007	1.219572e-005	1.273972e-005	3.138372e-009
2.971295102124386e-008	7.410639e-008	2.242209e-007	1.214475e-005	1.269053e-005	3.148223e-009
2.971350459267243e-008	7.291773e-008	2.277365e-007	1.209374e-005	1.264104e-005	3.158298e-009
2.971405816410100e-008	7.170324e-008	2.313295e-007	1.204269e-005	1.259125e-005	3.168597e-009
2.971461173552957e-008	7.046292e-008	2.350000e-007	1.199159e-005	1.254115e-005	3.179121e-009
2.971516530695814e-008	6.919678e-008	2.387480e-007	1.194046e-005	1.249076e-005	3.189869e-009
2.971571887838672e-008	6.790481e-008	2.425733e-007	1.188928e-005	1.244005e-005	3.200842e-009
2.972071887838672e-008	5.530676e-008	2.797328e-007	1.142156e-005	1.197806e-005	3.307114e-009
2.972571887838673e-008	4.016059e-008	3.248028e-007	1.095700e-005	1.151733e-005	3.436904e-009
2.973071887838673e-008	2.246631e-008	3.777832e-007	1.049559e-005	1.105787e-005	3.590213e-009
2.973571887838674e-008	2.223908e-009	4.386742e-007	1.003735e-005	1.059968e-005	3.767041e-009
2.974071887838674e-008	-2.056661e-008	5.074756e-007	9.582258e-006	1.014276e-005	3.967388e-009
2.974571887838675e-008	-4.590524e-008	5.841875e-007	9.130329e-006	9.687098e-006	4.191254e-009
2.975071887838675e-008	-7.379198e-008	6.688099e-007	8.681560e-006	9.232707e-006	4.438639e-009
2.975386173552961e-008	-9.290858e-008	7.271256e-007	8.405861e-006	8.952329e-006	4.609796e-009
2.975700459267248e-008	-1.131053e-007	7.890112e-007	8.134852e-006	8.675969e-006	4.792057e-009
2.976014744981534e-008	-1.343821e-007	8.544666e-007	7.868533e-006	8.403625e-006	4.985423e-009
2.976329030695820e-008	-1.567391e-007	9.234918e-007	7.606904e-006	8.135300e-006	5.189894e-009
2.976643316410106e-008	-1.801762e-007	9.960868e-007	7.349965e-006	7.870991e-006	5.405469e-009
2.976957602124392e-008	-2.046934e-007	1.072252e-006	7.097716e-006	7.610700e-006	5.632150e-009
2.977271887838678e-008	-2.302907e-007	1.151986e-006	6.850158e-006	7.354427e-006	5.869934e-009
2.977371887838678e-008	-2.386395e-007	1.178080e-006	6.772778e-006	7.274185e-006	5.947952e-009
2.978000459267250e-008	-2.942801e-007	1.352142e-006	6.299110e-006	6.780486e-006	6.468631e-009
2.978629030695823e-008	-3.528874e-007	1.537588e-006	5.850297e-006	6.310796e-006	7.028290e-009
2.979257602124395e-008	-4.144614e-007	1.734417e-006	5.426341e-006	5.865116e-006	7.626927e-009
2.979886173552967e-008	-4.790022e-007	1.942630e-006	5.027241e-006	5.443445e-006	8.264544e-009
2.980514744981539e-008	-5.465097e-007	2.162228e-006	4.652996e-006	5.045784e-006	8.941139e-009
2.981143316410111e-008	-6.169839e-007	2.393209e-006	4.303607e-006	4.672132e-006	9.656713e-009
2.981771887838683e-008	-6.904249e-007	2.635574e-006	3.979075e-006	4.322490e-006	1.041127e-008
2.982529030695827e-008	-7.813756e-007	2.939366e-006	3.624419e-006	3.938465e-006	1.136524e-008
2.983286173552971e-008	-8.725591e-007	3.248801e-006	3.297036e-006	3.582803e-006	1.234803e-008
2.984043316410114e-008	-9.639752e-007	3.563880e-006	2.996927e-006	3.255504e-006	1.335964e-008
2.984800459267258e-008	-1.055624e-006	3.884601e-006	2.724090e-006	2.956569e-006	1.440006e-008
2.985557602124401e-008	-1.147506e-006	4.210966e-006	2.478527e-006	2.685997e-006	1.546930e-008
2.986314744981546e-008	-1.239620e-006	4.542974e-006	2.260236e-006	2.443788e-006	1.656736e-008
2.987071887838689e-008	-1.331967e-006	4.880626e-006	2.069219e-006	2.229943e-006	1.769424e-008
2.987657602124404e-008	-1.401698e-006	5.140411e-006	1.933035e-006	2.077285e-006	1.857143e-008
2.988243316410119e-008	-1.470083e-006	5.399074e-006	1.805908e-006	1.934399e-006	1.945298e-008
2.988829030695834e-008	-1.537121e-006	5.656615e-006	1.687835e-006	1.801286e-006	2.033890e-008
2.989414744981549e-008	-1.602813e-006	5.913033e-006	1.578818e-006	1.677946e-006	2.122918e-008
2.990000459267264e-008	-1.667158e-006	6.168330e-006	1.478857e-006	1.564378e-006	2.212381e-008
2.990586173552979e-008	-1.730156e-006	6.422504e-006	1.387951e-006	1.460582e-006	2.302281e-008
2.991171887838694e-008	-1.791808e-006	6.675556e-006	1.306100e-006	1.366560e-006	2.392617e-008
2.991314744981551e-008	-1.806533e-006	6.736730e-006	1.286751e-006	1.344318e-006	2.414599e-008
2.991457602124408e-008	-1.821155e-006	6.797758e-006	1.267770e-006	1.322480e-006	2.436580e-008
2.991600459267266e-008	-1.835676e-006	6.858640e-006	1.249159e-006	1.301046e-006	2.458561e-008
2.991743316410123e-008	-1.850094e-006	6.919375e-006	1.230917e-006	1.280016e-006	2.480543e-008
2.991886173552981e-008	-1.864410e-006	6.979963e-006	1.213044e-006	1.259389e-006	2.502524e-008
2.992029030695837e-008	-1.878625e-006	7.040405e-006	1.195541e-006	1.239167e-006	2.524506e-008
2.992171887838695e-008	-1.892737e-006	7.100700e-006	1.178407e-006	1.219349e-006	2.546488e-008
2.992271887838695e-008	-1.902552e-006	7.142808e-006	1.166592e-006	1.205685e-006	2.561871e-008
2.992371887838695e-008	-1.912315e-006	7.184837e-006	1.154909e-006	1.192203e-006	2.577252e-008
2.992671887838695e-008	-1.941295e-006	7.310447e-006	1.120535e-006	1.152819e-006	2.623379e-008
2.992871887838696e-008	-1.960354e-006	7.393779e-006	1.098171e-006	1.127424e-006	2.654112e-008
2.992971887838696e-008	-1.969805e-006	7.435321e-006	1.087187e-006	1.114977e-006	2.669473e-008
2.993071887838696e-008	-1.979203e-006	7.476778e-006	1.076476e-006	1.102694e-006	2.684829e-008
2.993271887838696e-008	-1.997840e-006	7.559434e-006	1.056268e-006	1.078611e-006	2.715526e-008
2.993571887838696e-008	-2.025397e-006	7.682765e-006	1.028834e-006	1.043651e-006	2.761530e-008
2.993671887838697e-008	-2.034475e-006	7.723698e-006	1.020419e-006	1.032266e-006	2.776853e-008
2.993971887838697e-008	-2.061378e-006	7.845937e-006	9.972783e-007	9.986884e-007	2.822775e-008
2.994071887838697e-008	-2.070245e-006	7.886510e-006	9.901789e-007	9.876701e-007	2.838067e-008
2.994091527155662e-008	-2.071980e-006	7.894466e-006	9.888289e-007	9.855172e-007	2.841069e-008
2.994149533435177e-008	-2.077083e-006	7.917930e-006	9.850019e-007	9.791875e-007	2.849933e-008
2.994207539714691e-008	-2.082165e-006	7.941358e-006	9.813007e-007	9.728941e-007	2.858792e-008
2.994265545994207e-008	-2.087229e-006	7.964752e-006	9.777253e-007	9.666372e-007	2.867649e-008
2.994323552273722e-008	-2.092272e-006	7.988110e-006	9.742758e-007	9.604166e-007	2.876501e-008
2.994381558553237e-008	-2.097296e-006	8.011432e-006	9.709521e-007	9.542324e-007	2.885350e-008
2.994439564832751e-008	-2.102300e-006	8.034719e-006	9.677542e-007	9.480845e-007	2.894194e-008
2.994497571112266e-008	-2.107284e-006	8.057971e-006	9.646822e-007	9.419731e-007	2.903036e-008
2.994597571112266e-008	-2.115832e-006	8.097974e-006	9.596473e-007	9.317098e-007	2.918267e-008
2.994797571112267e-008	-2.132745e-006	8.177641e-006	9.506666e-007	9.123371e-007	2.948688e-008
2.994897571112267e-008	-2.141107e-006	8.217297e-006	9.467163e-007	9.032069e-007	2.963876e-008
2.994997571112267e-008	-2.149414e-006	8.256849e-006	9.430919e-007	8.943886e-007	2.979050e-008
2.995047564243452e-008	-2.153545e-006	8.276581e-006	9.414521e-007	8.900960e-007	2.986630e-008
2.995061318313836e-008	-2.154678e-006	8.282002e-006	9.410259e-007	8.889363e-007	2.988715e-008
2.995075001669779e-008	-2.155803e-006	8.287392e-006	9.405540e-007	8.877919e-007	2.990788e-008
2.995077020440121e-008	-2.155969e-006	8.288187e-006	9.404794e-007	8.876237e-007	2.991094e-008
2.995077594681000e-008	-2.156016e-006	8.288413e-006	9.404617e-007	8.875759e-007	2.991181e-008
2.995078010931742e-008	-2.156050e-006	8.288576e-006	9.404505e-007	8.875413e-007	2.991244e-008
2.995078596031034e-008	-2.156098e-006	8.288807e-006	9.404337e-007	8.874927e-007	2.991332e-008
2.995079345643599e-008	-2.156160e-006	8.289102e-006	9.404109e-007	8.874303e-007	2.991446e-008
2.995080054116261e-008	-2.156218e-006	8.289381e-006	9.403885e-007	8.873714e-007	2.991553e-008
2.995080757907171e-008	-2.156276e-006	8.289659e-006	9.403656e-007	8.873129e-007	2.991660e-008
2.995081428623019e-008	-2.156331e-006	8.289922e-006	9.403435e-007	8.872572e-007	2.991762e-008
2.995082123786833e-008	-2.156388e-006	8.290196e-006	9.403202e-007	8.871995e-007	2.991867e-008
2.995082805948743e-008	-2.156444e-006	8.290464e-006	9.402972e-007	8.871428e-007	2.991970e-008
2.995083502520994e-008	-2.156501e-006	8.290739e-006	9.402737e-007	8.870850e-007	2.992076e-008
2.995084186245805e-008	-2.156557e-006	8.291008e-006	9.402505e-007	8.870282e-007	2.992179e-008
2.995084904640032e-008	-2.156616e-006	8.291290e-006	9.402261e-007	8.869687e-007	2.992288e-008
2.995085749658062e-008	-2.156685e-006	8.291623e-006	9.401973e-007	8.868986e-007	2.992416e-008
2.995086709366426e-008	-2.156764e-006	8.292001e-006	9.401646e-007	8.868190e-007	2.992561e-008
2.995087848215747e-008	-2.156858e-006	8.292449e-006	9.401257e-007	8.867246e-007	2.992734e-008
2.995090835106537e-008	-2.157103e-006	8.293625e-006	9.400237e-007	8.864773e-007	2.993186e-008
2.995139788620479e-008	-2.161106e-006	8.312865e-006	9.383541e-007	8.824988e-007	3.000597e-008
2.995188742134421e-008	-2.165095e-006	8.332077e-006	9.366875e-007	8.785901e-007	3.008004e-008
2.995237695648363e-008	-2.169070e-006	8.351261e-006	9.350240e-007	8.747515e-007	3.015406e-008
2.995286649162305e-008	-2.173031e-006	8.370418e-006	9.333634e-007	8.709828e-007	3.022805e-008
2.995335602676247e-008	-2.176977e-006	8.389546e-006	9.317057e-007	8.672840e-007	3.030199e-008
2.995384556190189e-008	-2.180910e-006	8.408647e-006	9.300511e-007	8.636552e-007	3.037589e-008
2.995433509704131e-008	-2.184828e-006	8.427720e-006	9.283995e-007	8.600964e-007	3.044974e-008
2.995447685437455e-008	-2.185958e-006	8.433234e-006	9.279222e-007	8.590910e-007	3.047112e-008
2.995461861170778e-008	-2.187087e-006	8.438745e-006	9.274452e-007	8.580956e-007	3.049249e-008
2.995476036904102e-008	-2.188214e-006	8.444252e-006	9.269686e-007	8.571101e-007	3.051385e-008
2.995490212637426e-008	-2.189339e-006	8.449757e-006	9.264923e-007	8.561345e-007	3.053521e-008
2.995504388370750e-008	-2.190463e-006	8.455258e-006	9.260163e-007	8.551689e-007	3.055656e-008
2.995518564104073e-008	-2.191585e-006	8.460755e-006	9.255408e-007	8.542132e-007	3.057790e-008
2.995532739837397e-008	-2.192705e-006	8.466250e-006	9.250655e-007	8.532674e-007	3.059925e-008
2.995670194129768e-008	-2.203505e-006	8.519399e-006	9.204714e-007	8.444441e-007	3.080600e-008
2.995807648422139e-008	-2.214175e-006	8.572281e-006	9.159032e-007	8.362868e-007	3.101230e-008
2.995945102714510e-008	-2.224716e-006	8.624897e-006	9.113610e-007	8.287955e-007	3.121815e-008
2.996082557006881e-008	-2.235127e-006	8.677245e-006	9.068448e-007	8.219701e-007	3.142355e-008
2.996220011299252e-008	-2.245409e-006	8.729327e-006	9.023545e-007	8.158107e-007	3.162851e-008
2.996357465591623e-008	-2.255561e-006	8.781142e-006	8.978901e-007	8.103173e-007	3.183301e-008
2.996494919883994e-008	-2.265583e-006	8.832690e-006	8.934517e-007	8.054899e-007	3.203706e-008
2.996594919883994e-008	-2.272801e-006	8.870033e-006	8.902366e-007	8.023323e-007	3.218523e-008
2.996627056195055e-008	-2.275106e-006	8.882005e-006	8.892060e-007	8.013949e-007	3.223279e-008
2.996636499568750e-008	-2.275781e-006	8.885518e-006	8.889037e-007	8.011281e-007	3.224676e-008
2.996645669598758e-008	-2.276436e-006	8.888926e-006	8.886102e-007	8.008507e-007	3.226032e-008
2.996646705368751e-008	-2.276510e-006	8.889312e-006	8.885771e-007	8.008168e-007	3.226185e-008
2.996647304602252e-008	-2.276553e-006	8.889535e-006	8.885579e-007	8.007977e-007	3.226274e-008
2.996647880020321e-008	-2.276594e-006	8.889749e-006	8.885395e-007	8.007804e-007	3.226359e-008
2.996648557997291e-008	-2.276642e-006	8.890001e-006	8.885178e-007	8.007602e-007	3.226459e-008
2.996649264021603e-008	-2.276692e-006	8.890263e-006	8.884952e-007	8.007391e-007	3.226563e-008
2.996649967277557e-008	-2.276743e-006	8.890524e-006	8.884728e-007	8.007180e-007	3.226667e-008
2.996650652264617e-008	-2.276792e-006	8.890778e-006	8.884508e-007	8.006973e-007	3.226769e-008
2.996651340573838e-008	-2.276841e-006	8.891035e-006	8.884288e-007	8.006764e-007	3.226871e-008
2.996652026919584e-008	-2.276890e-006	8.891289e-006	8.884069e-007	8.006555e-007	3.226972e-008
2.996652718091576e-008	-2.276939e-006	8.891547e-006	8.883848e-007	8.006343e-007	3.227074e-008
2.996653487135282e-008	-2.276994e-006	8.891832e-006	8.883601e-007	8.006108e-007	3.227188e-008
2.996654373432727e-008	-2.277057e-006	8.892162e-006	8.883318e-007	8.005836e-007	3.227319e-008
2.996655402245851e-008	-2.277130e-006	8.892544e-006	8.882989e-007	8.005520e-007	3.227471e-008
2.996658060223965e-008	-2.277319e-006	8.893531e-006	8.882139e-007	8.004703e-007	3.227864e-008
2.996663485322252e-008	-2.277706e-006	8.895546e-006	8.880405e-007	8.003035e-007	3.228666e-008
2.996668910420539e-008	-2.278092e-006	8.897561e-006	8.878671e-007	8.001367e-007	3.229468e-008
2.996674335518827e-008	-2.278478e-006	8.899575e-006	8.876937e-007	7.999699e-007	3.230269e-008
2.996679760617113e-008	-2.278864e-006	8.901588e-006	8.875204e-007	7.998032e-007	3.231071e-008
2.996685185715401e-008	-2.279250e-006	8.903602e-006	8.873472e-007	7.996365e-007	3.231872e-008
2.996690610813687e-008	-2.279635e-006	8.905614e-006	8.871740e-007	7.994699e-007	3.232674e-008
2.996696035911975e-008	-2.280020e-006	8.907627e-006	8.870009e-007	7.993033e-007	3.233475e-008
2.997698912820954e-008	-2.347769e-006	9.272269e-006	8.556564e-007	7.691564e-007	3.380293e-008
2.997798912820954e-008	-2.354157e-006	9.307841e-006	8.526027e-007	7.662205e-007	3.394790e-008
2.999956055678099e-008	-2.469934e-006	1.003081e-005	7.908171e-007	7.068690e-007	3.700098e-008
3.002113198535245e-008	-2.565635e-006	1.070460e-005	7.334129e-007	6.517707e-007	3.995132e-008
3.004270341392390e-008	-2.641258e-006	1.132923e-005	6.803902e-007	6.009254e-007	4.279893e-008
3.006427484249535e-008	-2.696805e-006	1.190469e-005	6.317490e-007	5.543333e-007	4.554380e-008
3.008584627106680e-008	-2.732275e-006	1.243099e-005	5.874894e-007	5.119942e-007	4.818594e-008
3.010741769963826e-008	-2.747667e-006	1.290811e-005	5.476112e-007	4.739083e-007	5.072534e-008
3.012898912820971e-008	-2.742983e-006	1.333607e-005	5.121145e-007	4.400755e-007	5.316201e-008
3.015013198535259e-008	-2.729335e-006	1.372458e-005	4.799573e-007	4.094590e-007	5.546863e-008
3.017127484249547e-008	-2.708378e-006	1.408665e-005	4.500276e-007	3.809937e-007	5.770311e-008
3.019241769963836e-008	-2.680113e-006	1.442229e-005	4.223255e-007	3.546796e-007	5.986545e-008
3.021356055678123e-008	-2.644541e-006	1.473148e-005	3.968510e-007	3.305167e-007	6.195565e-008
3.023470341392412e-008	-2.601660e-006	1.501424e-005	3.736040e-007	3.085051e-007	6.397372e-008
3.025584627106699e-008	-2.551471e-006	1.527056e-005	3.525846e-007	2.886446e-007	6.591965e-008
3.027698912820988e-008	-2.493975e-006	1.550044e-005	3.337927e-007	2.709354e-007	6.779344e-008
3.027798912820988e-008	-2.491278e-006	1.551105e-005	3.329223e-007	2.701152e-007	6.788088e-008
3.030884627106705e-008	-2.400654e-006	1.580906e-005	3.085164e-007	2.471743e-007	7.049573e-008
3.033970341392424e-008	-2.307532e-006	1.607829e-005	2.863143e-007	2.263470e-007	7.300427e-008
3.037056055678141e-008	-2.211912e-006	1.631874e-005	2.663159e-007	2.076333e-007	7.540648e-008
3.040141769963859e-008	-2.113794e-006	1.653041e-005	2.485212e-007	1.910333e-007	7.770237e-008
3.043227484249577e-008	-2.013179e-006	1.671330e-005	2.329302e-007	1.765470e-007	7.989194e-008
3.046313198535295e-008	-1.910065e-006	1.686742e-005	2.195430e-007	1.641743e-007	8.197519e-008
3.049398912821012e-008	-1.804454e-006	1.699275e-005	2.083594e-007	1.539153e-007	8.395212e-008
3.049498912821013e-008	-1.801017e-006	1.699685e-005	2.079987e-007	1.535841e-007	8.401562e-008
3.049526980253918e-008	-1.800147e-006	1.699790e-005	2.078976e-007	1.534914e-007	8.403365e-008
3.049550200155070e-008	-1.800163e-006	1.699804e-005	2.078142e-007	1.534149e-007	8.404785e-008
3.049615887385928e-008	-1.812096e-006	1.698652e-005	2.075788e-007	1.531987e-007	8.408546e-008
3.049682739752885e-008	-1.839158e-006	1.695990e-005	2.073398e-007	1.529793e-007	8.415076e-008
3.049782739752885e-008	-1.899379e-006	1.690033e-005	2.069835e-007	1.526521e-007	8.431107e-008
3.049882739752885e-008	-1.982537e-006	1.681786e-005	2.066284e-007	1.523258e-007	8.455978e-008
3.049982739752885e-008	-2.089734e-006	1.671137e-005	2.062748e-007	1.520006e-007	8.491519e-008
3.050082739752885e-008	-2.219996e-006	1.658185e-005	2.059226e-007	1.516764e-007	8.538799e-008
3.050182739752885e-008	-2.372234e-006	1.643041e-005	2.055717e-007	1.513532e-007	8.598978e-008
3.050282739752885e-008	-2.545196e-006	1.625829e-005	2.052222e-007	1.510309e-007	8.673346e-008
3.050382739752886e-008	-2.737485e-006	1.606692e-005	2.048742e-007	1.507094e-007	8.763307e-008
3.050582739752886e-008	-3.173860e-006	1.563257e-005	2.041821e-007	1.500689e-007	8.996067e-008
3.050782739752886e-008	-3.668178e-006	1.514059e-005	2.034956e-007	1.494314e-007	9.309912e-008
3.050982739752886e-008	-4.206573e-006	1.460488e-005	2.028144e-007	1.487967e-007	9.717719e-008
3.051182739752886e-008	-4.775347e-006	1.403916e-005	2.021386e-007	1.481645e-007	1.023175e-007
3.051382739752887e-008	-5.361712e-006	1.345623e-005	2.014682e-007	1.475349e-007	1.086294e-007
3.051582739752887e-008	-5.954345e-006	1.286741e-005	2.008030e-007	1.469077e-007	1.162045e-007
3.051782739752887e-008	-6.543737e-006	1.228220e-005	2.001430e-007	1.462830e-007	1.251140e-007
3.051982739752887e-008	-7.122352e-006	1.170812e-005	1.994882e-007	1.456608e-007	1.354084e-007
3.052182739752888e-008	-7.684617e-006	1.115074e-005	1.988386e-007	1.450411e-007	1.471186e-007
3.052382739752888e-008	-8.226803e-006	1.061376e-005	1.981941e-007	1.444240e-007	1.602577e-007
3.052482739752888e-008	-8.489656e-006	1.035363e-005	1.978737e-007	1.441164e-007	1.673629e-007
3.052582739752888e-008	-8.746813e-006	1.009926e-005	1.975546e-007	1.438096e-007	1.748237e-007
3.052682739752888e-008	-8.998784e-006	9.850147e-006	1.972366e-007	1.435034e-007	1.825981e-007
3.052736598357361e-008	-9.131560e-006	9.718938e-006	1.970659e-007	1.433387e-007	1.869401e-007
3.052801990845847e-008	-9.289535e-006	9.562892e-006	1.968591e-007	1.431391e-007	1.923643e-007
3.052836760331554e-008	-9.372638e-006	9.480825e-006	1.967494e-007	1.430331e-007	1.953081e-007
3.052882339994706e-008	-9.481479e-006	9.373356e-006	1.966058e-007	1.428943e-007	1.992239e-007
3.052898808639557e-008	-9.521057e-006	9.334276e-006	1.965539e-007	1.428442e-007	2.006492e-007
3.052903592360150e-008	-9.532650e-006	9.322828e-006	1.965389e-007	1.428296e-007	2.010650e-007
3.052907132169733e-008	-9.541272e-006	9.314314e-006	1.965278e-007	1.428188e-007	2.013730e-007
3.052908550420494e-008	-9.544729e-006	9.310900e-006	1.965233e-007	1.428145e-007	2.014965e-007
3.052908967808437e-008	-9.545748e-006	9.309894e-006	1.965220e-007	1.428132e-007	2.015329e-007
3.052909038773491e-008	-9.545921e-006	9.309723e-006	1.965218e-007	1.428130e-007	2.015390e-007
3.052909069256323e-008	-9.545995e-006	9.309650e-006	1.965217e-007	1.428129e-007	2.015417e-007
3.052909114415017e-008	-9.546106e-006	9.309541e-006	1.965215e-007	1.428128e-007	2.015456e-007
3.052909170305224e-008	-9.546242e-006	9.309407e-006	1.965213e-007	1.428126e-007	2.015505e-007
3.052909229601608e-008	-9.546387e-006	9.309264e-006	1.965212e-007	1.428125e-007	2.015557e-007
3.052909284746297e-008	-9.546521e-006	9.309130e-006	1.965210e-007	1.428123e-007	2.015605e-007
3.052909347610055e-008	-9.546675e-006	9.308979e-006	1.965208e-007	1.428121e-007	2.015659e-007
3.052909418022582e-008	-9.546847e-006	9.308809e-006	1.965206e-007	1.428119e-007	2.015721e-007
3.052909502711302e-008	-9.547053e-006	9.308606e-006	1.965203e-007	1.428116e-007	2.015795e-007
3.052909599637505e-008	-9.547290e-006	9.308372e-006	1.965200e-007	1.428113e-007	2.015879e-007
3.052909719256898e-008	-9.547582e-006	9.308083e-006	1.965196e-007	1.428110e-007	2.015983e-007
3.052909865075078e-008	-9.547937e-006	9.307732e-006	1.965192e-007	1.428105e-007	2.016110e-007
3.052910059191984e-008	-9.548411e-006	9.307264e-006	1.965186e-007	1.428099e-007	2.016279e-007
3.052910735749966e-008	-9.550063e-006	9.305633e-006	1.965164e-007	1.428079e-007	2.016869e-007
3.053051378630947e-008	-9.903170e-006	8.956881e-006	1.960756e-007	1.423809e-007	2.142098e-007
3.053192021511928e-008	-1.026621e-005	8.598352e-006	1.956372e-007	1.419550e-007	2.272014e-007
3.053332664392909e-008	-1.063918e-005	8.230045e-006	1.952012e-007	1.415304e-007	2.406615e-007
3.053473307273889e-008	-1.102208e-005	7.851961e-006	1.947675e-007	1.411069e-007	2.545902e-007
3.053613950154871e-008	-1.141492e-005	7.464099e-006	1.943362e-007	1.406847e-007	2.689876e-007
3.053754593035851e-008	-1.181769e-005	7.066459e-006	1.939072e-007	1.402636e-007	2.838536e-007
3.053895235916833e-008	-1.223039e-005	6.659042e-006	1.934806e-007	1.398437e-007	2.991881e-007
3.053980950202547e-008	-1.248553e-005	6.407208e-006	1.932218e-007	1.395883e-007	3.087601e-007
3.054066664488261e-008	-1.274318e-005	6.152934e-006	1.929639e-007	1.393333e-007	3.184980e-007
3.054152378773975e-008	-1.300333e-005	5.896218e-006	1.927068e-007	1.390786e-007	3.284020e-007
3.054238093059690e-008	-1.326599e-005	5.637061e-006	1.924505e-007	1.388244e-007	3.384720e-007
3.054323807345404e-008	-1.353116e-005	5.375463e-006	1.921952e-007	1.385705e-007	3.487081e-007
3.054409521631119e-008	-1.379883e-005	5.111424e-006	1.919406e-007	1.383170e-007	3.591101e-007
3.054495235916833e-008	-1.406901e-005	4.844945e-006	1.916870e-007	1.380639e-007	3.696782e-007
3.054595235916833e-008	-1.438624e-005	4.532119e-006	1.913921e-007	1.377690e-007	3.822084e-007
3.054695235916833e-008	-1.470668e-005	4.216177e-006	1.910984e-007	1.374746e-007	3.949615e-007
3.054795235916834e-008	-1.502842e-005	3.899020e-006	1.908058e-007	1.371807e-007	4.079259e-007
3.054895235916834e-008	-1.535147e-005	3.580649e-006	1.905144e-007	1.368873e-007	4.211016e-007
3.054995235916834e-008	-1.567582e-005	3.261063e-006	1.902241e-007	1.365943e-007	4.344886e-007
3.055095235916834e-008	-1.600148e-005	2.940262e-006	1.899350e-007	1.363018e-007	4.480869e-007
3.055195235916834e-008	-1.632845e-005	2.618246e-006	1.896469e-007	1.360098e-007	4.618965e-007
3.055295235916834e-008	-1.665672e-005	2.295015e-006	1.893600e-007	1.357183e-007	4.759174e-007
3.055395235916834e-008	-1.698434e-005	1.972511e-006	1.890740e-007	1.354271e-007	4.901017e-007
3.055423303361416e-008	-1.707620e-005	1.882105e-006	1.889940e-007	1.353454e-007	4.941193e-007
3.055446340356345e-008	-1.715094e-005	1.808565e-006	1.889284e-007	1.352784e-007	4.974406e-007
3.055478747543905e-008	-1.725299e-005	1.708216e-006	1.888362e-007	1.351843e-007	5.021569e-007
3.055512261837274e-008	-1.735424e-005	1.608721e-006	1.887410e-007	1.350870e-007	5.070955e-007
3.055579290424012e-008	-1.754715e-005	1.419364e-006	1.885510e-007	1.348926e-007	5.171152e-007
3.055679290424012e-008	-1.781529e-005	1.156573e-006	1.882685e-007	1.346032e-007	5.323557e-007
3.055779290424012e-008	-1.805881e-005	9.184437e-007	1.879870e-007	1.343143e-007	5.479561e-007
3.055879290424012e-008	-1.827442e-005	7.082547e-007	1.877065e-007	1.340262e-007	5.639558e-007
3.055979290424012e-008	-1.846102e-005	5.271061e-007	1.874271e-007	1.337389e-007	5.803619e-007
3.056079290424012e-008	-1.861783e-005	3.757650e-007	1.871489e-007	1.334524e-007	5.971790e-007
3.056179290424012e-008	-1.874443e-005	2.546442e-007	1.868717e-007	1.331669e-007	6.144095e-007
3.056279290424012e-008	-1.884071e-005	1.638272e-007	1.865956e-007	1.328824e-007	6.320532e-007
3.056379290424013e-008	-1.890688e-005	1.030959e-007	1.863205e-007	1.325989e-007	6.501082e-007
3.056479290424013e-008	-1.894342e-005	7.195729e-008	1.860466e-007	1.323165e-007	6.685707e-007
3.056579290424013e-008	-1.895109e-005	6.966184e-008	1.857737e-007	1.320354e-007	6.874351e-007
3.056679290424013e-008	-1.893084e-005	9.521405e-008	1.855018e-007	1.317554e-007	7.066941e-007
3.056779290424013e-008	-1.888393e-005	1.473760e-007	1.852310e-007	1.314768e-007	7.263388e-007
3.056879290424013e-008	-1.881180e-005	2.246693e-007	1.849613e-007	1.311995e-007	7.463585e-007
3.056979290424013e-008	-1.871618e-005	3.253813e-007	1.846926e-007	1.309236e-007	7.667404e-007
3.057079290424013e-008	-1.859898e-005	4.475817e-007	1.844249e-007	1.306491e-007	7.874705e-007
3.057179290424013e-008	-1.846231e-005	5.891503e-007	1.841583e-007	1.303761e-007	8.085327e-007
3.057279290424014e-008	-1.830844e-005	7.478183e-007	1.838927e-007	1.301046e-007	8.299096e-007
3.057379290424014e-008	-1.813973e-005	9.212176e-007	1.836281e-007	1.298346e-007	8.515830e-007
3.057479290424014e-008	-1.795858e-005	1.106936e-006	1.833646e-007	1.295662e-007	8.735337e-007
3.057679290424014e-008	-1.756853e-005	1.505790e-006	1.828406e-007	1.290339e-007	9.181888e-007
3.057979290424014e-008	-1.694730e-005	2.139344e-006	1.820621e-007	1.282473e-007	9.867705e-007
3.058279290424015e-008	-1.632730e-005	2.770609e-006	1.812926e-007	1.274746e-007	1.056855e-006
3.058579290424015e-008	-1.574444e-005	3.363739e-006	1.805320e-007	1.267154e-007	1.128057e-006
3.058879290424015e-008	-1.521938e-005	3.898152e-006	1.797801e-007	1.259691e-007	1.200085e-006
3.059179290424016e-008	-1.476040e-005	4.365645e-006	1.790369e-007	1.252352e-007	1.272730e-006
3.059479290424016e-008	-1.436717e-005	4.766658e-006	1.783022e-007	1.245130e-007	1.345844e-006
3.059779290424016e-008	-1.403412e-005	5.106834e-006	1.775759e-007	1.238019e-007	1.419319e-006
3.060007861852588e-008	-1.382407e-005	5.321876e-006	1.770283e-007	1.232677e-007	1.475576e-006
3.060236433281160e-008	-1.363178e-005	5.518897e-006	1.764853e-007	1.227391e-007	1.531870e-006
3.060465004709731e-008	-1.345725e-005	5.697899e-006	1.759470e-007	1.222160e-007	1.588201e-006
3.060693576138303e-008	-1.330048e-005	5.858879e-006	1.754134e-007	1.216986e-007	1.644568e-006
3.060922147566875e-008	-1.316147e-005	6.001840e-006	1.748845e-007	1.211867e-007	1.700972e-006
3.061150718995447e-008	-1.304022e-005	6.126780e-006	1.743602e-007	1.206804e-007	1.757413e-006
3.061379290424018e-008	-1.293673e-005	6.233699e-006	1.738406e-007	1.201796e-007	1.813891e-006
3.061779290424019e-008	-1.277074e-005	6.405198e-006	1.729424e-007	1.193160e-007	1.912829e-006
3.062179290424019e-008	-1.261461e-005	6.566315e-006	1.720573e-007	1.184669e-007	2.010740e-006
3.062579290424020e-008	-1.246832e-005	6.717049e-006	1.711853e-007	1.176322e-007	2.107623e-006
3.062979290424020e-008	-1.233189e-005	6.857401e-006	1.703263e-007	1.168120e-007	2.203479e-006
3.063379290424020e-008	-1.220531e-005	6.987372e-006	1.694803e-007	1.160063e-007	2.298308e-006
3.063779290424021e-008	-1.208858e-005	7.106960e-006	1.686473e-007	1.152150e-007	2.392109e-006
3.064179290424021e-008	-1.198170e-005	7.216166e-006	1.678274e-007	1.144382e-007	2.484883e-006
3.065107861852594e-008	-1.174083e-005	7.460435e-006	1.659755e-007	1.126915e-007	2.693503e-006
3.066036433281166e-008	-1.151713e-005	7.685628e-006	1.641815e-007	1.110064e-007	2.890257e-006
3.066965004709739e-008	-1.131061e-005	7.891743e-006	1.624452e-007	1.093829e-007	3.075145e-006
3.067893576138312e-008	-1.112126e-005	8.078782e-006	1.607668e-007	1.078209e-007	3.248166e-006
3.068822147566884e-008	-1.094908e-005	8.246744e-006	1.591462e-007	1.063206e-007	3.409321e-006
3.069750718995456e-008	-1.079407e-005	8.395628e-006	1.575833e-007	1.048818e-007	3.558609e-006
3.070679290424029e-008	-1.065624e-005	8.525436e-006	1.560783e-007	1.035046e-007	3.696030e-006
3.071479290424030e-008	-1.054765e-005	8.626107e-006	1.548202e-007	1.023575e-007	3.804016e-006
3.072279290424031e-008	-1.044683e-005	8.718181e-006	1.535953e-007	1.012444e-007	3.905318e-006
3.073079290424031e-008	-1.035376e-005	8.801657e-006	1.524036e-007	1.001653e-007	3.999937e-006
3.073879290424032e-008	-1.026844e-005	8.876534e-006	1.512452e-007	9.912006e-008	4.087873e-006
3.074679290424033e-008	-1.019088e-005	8.942814e-006	1.501200e-007	9.810883e-008	4.169126e-006
3.075479290424034e-008	-1.012107e-005	9.000496e-006	1.490280e-007	9.713156e-008	4.243696e-006
3.076279290424035e-008	-1.005902e-005	9.049581e-006	1.479693e-007	9.618824e-008	4.311583e-006
3.076507861852607e-008	-1.004190e-005	9.062908e-006	1.476715e-007	9.592337e-008	4.330370e-006
3.076736433281178e-008	-1.002529e-005	9.075675e-006	1.473761e-007	9.566083e-008	4.348783e-006
3.076965004709750e-008	-1.000919e-005	9.087884e-006	1.470830e-007	9.540061e-008	4.366822e-006
3.077193576138322e-008	-9.993599e-006	9.099533e-006	1.467922e-007	9.514273e-008	4.384486e-006
3.077422147566894e-008	-9.978516e-006	9.110623e-006	1.465038e-007	9.488718e-008	4.401777e-006
3.077650718995465e-008	-9.963942e-006	9.121154e-006	1.462177e-007	9.463396e-008	4.418693e-006
3.077879290424037e-008	-9.949877e-006	9.131125e-006	1.459339e-007	9.438307e-008	4.435235e-006
3.077979290424037e-008	-9.944450e-006	9.134748e-006	1.458104e-007	9.427398e-008	4.442370e-006
3.078079290424037e-008	-9.940073e-006	9.137314e-006	1.456873e-007	9.416522e-008	4.449446e-006
3.078116790424037e-008	-9.939811e-006	9.136895e-006	1.456412e-007	9.412458e-008	4.452067e-006
3.078166790424037e-008	-9.940295e-006	9.135501e-006	1.455800e-007	9.407050e-008	4.455538e-006
3.078236501252312e-008	-9.940494e-006	9.134032e-006	1.454947e-007	9.399528e-008	4.460353e-006
3.078432323483212e-008	-9.938007e-006	9.132931e-006	1.452564e-007	9.378496e-008	4.473752e-006
3.078732323483212e-008	-9.935103e-006	9.130290e-006	1.448942e-007	9.346575e-008	4.493812e-006
3.078830537768926e-008	-9.934120e-006	9.129444e-006	1.447765e-007	9.336205e-008	4.500259e-006
3.078928752054641e-008	-9.933143e-006	9.128586e-006	1.446592e-007	9.325872e-008	4.506648e-006
3.079026966340355e-008	-9.932173e-006	9.127715e-006	1.445422e-007	9.315577e-008	4.512981e-006
3.079125180626069e-008	-9.931208e-006	9.126832e-006	1.444257e-007	9.305320e-008	4.519257e-006
3.079223394911784e-008	-9.930249e-006	9.125937e-006	1.443095e-007	9.295100e-008	4.525477e-006
3.079321609197498e-008	-9.929296e-006	9.125029e-006	1.441937e-007	9.284918e-008	4.531639e-006
3.079419823483212e-008	-9.928350e-006	9.124109e-006	1.440784e-007	9.274773e-008	4.537745e-006
3.079432323483212e-008	-9.928140e-006	9.124081e-006	1.440637e-007	9.273485e-008	4.538516e-006
3.079457323483212e-008	-9.927391e-006	9.124353e-006	1.440344e-007	9.270912e-008	4.540052e-006
3.079568352735586e-008	-9.924197e-006	9.125425e-006	1.439047e-007	9.259513e-008	4.546748e-006
3.079649744452320e-008	-9.922398e-006	9.125663e-006	1.438099e-007	9.251187e-008	4.551520e-006
3.079731136169054e-008	-9.920726e-006	9.125769e-006	1.437153e-007	9.242887e-008	4.556186e-006
3.079812527885788e-008	-9.919181e-006	9.125743e-006	1.436211e-007	9.234611e-008	4.560747e-006
3.079893919602522e-008	-9.917765e-006	9.125585e-006	1.435270e-007	9.226361e-008	4.565202e-006
3.079975311319256e-008	-9.916476e-006	9.125296e-006	1.434333e-007	9.218135e-008	4.569551e-006
3.080056703035991e-008	-9.915314e-006	9.124875e-006	1.433398e-007	9.209935e-008	4.573794e-006
3.080138094752725e-008	-9.914280e-006	9.124322e-006	1.432465e-007	9.201759e-008	4.577932e-006
3.080238094752725e-008	-9.913418e-006	9.123229e-006	1.431323e-007	9.191750e-008	4.582859e-006
3.080338094752725e-008	-9.913254e-006	9.121432e-006	1.430185e-007	9.181777e-008	4.587591e-006
3.080438094752725e-008	-9.913951e-006	9.118770e-006	1.429050e-007	9.171836e-008	4.592133e-006
3.080469203584307e-008	-9.914439e-006	9.117670e-006	1.428698e-007	9.168750e-008	4.593498e-006
3.080477125827786e-008	-9.914625e-006	9.117328e-006	1.428608e-007	9.167966e-008	4.593837e-006
3.080481439890973e-008	-9.914720e-006	9.117147e-006	1.428560e-007	9.167538e-008	4.594021e-006
3.080483812899199e-008	-9.914758e-006	9.117062e-006	1.428533e-007	9.167304e-008	4.594122e-006
3.080484645556291e-008	-9.914770e-006	9.117035e-006	1.428523e-007	9.167221e-008	4.594157e-006
3.080484828713667e-008	-9.914772e-006	9.117030e-006	1.428521e-007	9.167203e-008	4.594165e-006
3.080484870050207e-008	-9.914772e-006	9.117028e-006	1.428521e-007	9.167199e-008	4.594167e-006
3.080484913576883e-008	-9.914773e-006	9.117027e-006	1.428520e-007	9.167194e-008	4.594168e-006
3.080484967815511e-008	-9.914773e-006	9.117025e-006	1.428520e-007	9.167189e-008	4.594171e-006
3.080485065210331e-008	-9.914774e-006	9.117022e-006	1.428518e-007	9.167179e-008	4.594175e-006
3.080485153830616e-008	-9.914776e-006	9.117020e-006	1.428517e-007	9.167171e-008	4.594179e-006
3.080485280900451e-008	-9.914776e-006	9.117015e-006	1.428516e-007	9.167158e-008	4.594184e-006
3.080485409676263e-008	-9.914778e-006	9.117011e-006	1.428515e-007	9.167145e-008	4.594190e-006
3.080485611284016e-008	-9.914780e-006	9.117005e-006	1.428512e-007	9.167125e-008	4.594198e-006
3.080485847925068e-008	-9.914783e-006	9.116998e-006	1.428510e-007	9.167102e-008	4.594208e-006
3.080537184627005e-008	-9.913104e-006	9.117663e-006	1.427930e-007	9.162028e-008	4.596354e-006
3.080588521328943e-008	-9.909953e-006	9.119797e-006	1.427351e-007	9.156964e-008	4.598446e-006
3.080639858030880e-008	-9.905330e-006	9.123400e-006	1.426774e-007	9.151911e-008	4.600484e-006
3.080691194732817e-008	-9.899236e-006	9.128470e-006	1.426197e-007	9.146868e-008	4.602470e-006
3.080742531434754e-008	-9.891671e-006	9.135010e-006	1.425621e-007	9.141835e-008	4.604402e-006
3.080793868136692e-008	-9.882634e-006	9.143017e-006	1.425047e-007	9.136813e-008	4.606281e-006
3.080845204838629e-008	-9.872125e-006	9.152493e-006	1.424473e-007	9.131801e-008	4.608107e-006
3.080945204838629e-008	-9.848837e-006	9.173757e-006	1.423358e-007	9.122065e-008	4.611532e-006
3.080988204927103e-008	-9.837178e-006	9.184541e-006	1.422879e-007	9.117890e-008	4.612947e-006
3.081000913109965e-008	-9.833308e-006	9.188153e-006	1.422738e-007	9.116659e-008	4.613353e-006
3.081131742508641e-008	-9.797138e-006	9.221630e-006	1.421288e-007	9.104031e-008	4.617330e-006
3.081262571907316e-008	-9.762646e-006	9.253407e-006	1.419845e-007	9.091471e-008	4.621086e-006
3.081393401305992e-008	-9.729831e-006	9.283482e-006	1.418408e-007	9.078981e-008	4.624621e-006
3.081524230704668e-008	-9.698694e-006	9.311856e-006	1.416977e-007	9.066559e-008	4.627936e-006
3.081655060103344e-008	-9.669234e-006	9.338529e-006	1.415553e-007	9.054205e-008	4.631030e-006
3.081785889502020e-008	-9.641451e-006	9.363502e-006	1.414134e-007	9.041921e-008	4.633904e-006
3.081916718900696e-008	-9.615345e-006	9.386773e-006	1.412723e-007	9.029705e-008	4.636556e-006
3.082016718900696e-008	-9.595888e-006	9.404053e-006	1.411647e-007	9.020407e-008	4.638456e-006
3.082058686758061e-008	-9.587980e-006	9.411044e-006	1.411197e-007	9.016514e-008	4.639217e-006
3.082071214328896e-008	-9.585689e-006	9.413060e-006	1.411062e-007	9.015355e-008	4.639435e-006
3.082083668178329e-008	-9.583435e-006	9.415041e-006	1.410929e-007	9.014202e-008	4.639649e-006
3.082085377540611e-008	-9.583122e-006	9.415317e-006	1.410911e-007	9.014045e-008	4.639678e-006
3.082085974654625e-008	-9.583012e-006	9.415414e-006	1.410904e-007	9.013989e-008	4.639689e-006
3.082086433588112e-008	-9.582927e-006	9.415488e-006	1.410899e-007	9.013947e-008	4.639696e-006
3.082087053494590e-008	-9.582813e-006	9.415589e-006	1.410893e-007	9.013890e-008	4.639707e-006
3.082087781902055e-008	-9.582678e-006	9.415708e-006	1.410885e-007	9.013822e-008	4.639720e-006
3.082088494668703e-008	-9.582547e-006	9.415823e-006	1.410877e-007	9.013756e-008	4.639732e-006
3.082089187875669e-008	-9.582419e-006	9.415936e-006	1.410870e-007	9.013692e-008	4.639744e-006
3.082089868024172e-008	-9.582293e-006	9.416047e-006	1.410862e-007	9.013629e-008	4.639756e-006
3.082090556961742e-008	-9.582167e-006	9.416159e-006	1.410855e-007	9.013566e-008	4.639768e-006
3.082091244770205e-008	-9.582040e-006	9.416271e-006	1.410848e-007	9.013502e-008	4.639779e-006
3.082091936213468e-008	-9.581911e-006	9.416383e-006	1.410840e-007	9.013438e-008	4.639791e-006
3.082092623996602e-008	-9.581785e-006	9.416495e-006	1.410833e-007	9.013375e-008	4.639803e-006
3.082093357629096e-008	-9.581649e-006	9.416614e-006	1.410825e-007	9.013306e-008	4.639816e-006
3.082094218356557e-008	-9.581489e-006	9.416755e-006	1.410816e-007	9.013227e-008	4.639830e-006
3.082095199497768e-008	-9.581307e-006	9.416915e-006	1.410805e-007	9.013137e-008	4.639847e-006
3.082096363044495e-008	-9.581092e-006	9.417106e-006	1.410793e-007	9.013029e-008	4.639867e-006
3.082099438568919e-008	-9.580521e-006	9.417609e-006	1.410760e-007	9.012744e-008	4.639920e-006
3.082402108885652e-008	-9.522898e-006	9.468526e-006	1.407539e-007	8.984965e-008	4.645142e-006
3.082704779202386e-008	-9.465636e-006	9.518977e-006	1.404349e-007	8.957522e-008	4.650357e-006
3.083007449519119e-008	-9.408734e-006	9.568965e-006	1.401191e-007	8.930416e-008	4.655563e-006
3.083310119835853e-008	-9.352193e-006	9.618487e-006	1.398064e-007	8.903647e-008	4.660761e-006
3.083612790152587e-008	-9.296012e-006	9.667545e-006	1.394969e-007	8.877214e-008	4.665951e-006
3.083915460469320e-008	-9.240191e-006	9.716138e-006	1.391905e-007	8.851118e-008	4.671133e-006
3.084218130786054e-008	-9.184731e-006	9.764267e-006	1.388873e-007	8.825359e-008	4.676307e-006
3.086203845071770e-008	-8.832050e-006	1.006554e-005	1.369919e-007	8.666486e-008	4.710109e-006
3.088189559357487e-008	-8.493615e-006	1.034994e-005	1.351947e-007	8.517759e-008	4.743675e-006
3.090175273643203e-008	-8.169425e-006	1.061746e-005	1.334957e-007	8.379177e-008	4.777002e-006
3.092160987928920e-008	-7.859480e-006	1.086812e-005	1.318949e-007	8.250741e-008	4.810093e-006
3.094146702214636e-008	-7.563780e-006	1.110190e-005	1.303923e-007	8.132451e-008	4.842946e-006
3.096132416500353e-008	-7.282325e-006	1.131882e-005	1.289879e-007	8.024306e-008	4.875562e-006
3.098118130786070e-008	-7.015115e-006	1.151886e-005	1.276817e-007	7.926307e-008	4.907941e-006
3.099189559357499e-008	-6.875435e-006	1.162208e-005	1.269991e-007	7.875522e-008	4.925327e-006
3.100260987928929e-008	-6.739022e-006	1.172174e-005	1.263348e-007	7.826520e-008	4.942651e-006
3.101332416500359e-008	-6.605874e-006	1.181783e-005	1.256886e-007	7.779302e-008	4.959915e-006
3.102403845071788e-008	-6.475992e-006	1.191035e-005	1.250608e-007	7.733867e-008	4.977117e-006
3.103475273643218e-008	-6.349377e-006	1.199932e-005	1.244511e-007	7.690215e-008	4.994259e-006
3.104546702214648e-008	-6.226028e-006	1.208471e-005	1.238597e-007	7.648346e-008	5.011339e-006
3.105618130786078e-008	-6.105945e-006	1.216655e-005	1.232865e-007	7.608261e-008	5.028359e-006
3.105718130786078e-008	-6.094872e-006	1.217405e-005	1.232336e-007	7.604577e-008	5.029945e-006
3.109760987928940e-008	-5.676089e-006	1.244550e-005	1.212589e-007	7.471663e-008	5.093562e-006
3.113803845071801e-008	-5.288083e-006	1.268665e-005	1.194126e-007	7.350001e-008	5.156449e-006
3.117846702214663e-008	-4.930854e-006	1.289749e-005	1.176946e-007	7.239592e-008	5.218605e-006
3.121889559357525e-008	-4.604402e-006	1.307802e-005	1.161049e-007	7.140436e-008	5.280031e-006
3.125932416500387e-008	-4.308728e-006	1.322825e-005	1.146435e-007	7.052533e-008	5.340726e-006
3.129975273643248e-008	-4.043831e-006	1.334817e-005	1.133104e-007	6.975883e-008	5.400690e-006
3.134018130786110e-008	-3.809711e-006	1.343779e-005	1.121057e-007	6.910486e-008	5.459923e-006
3.135718130786112e-008	-3.714868e-006	1.347301e-005	1.116009e-007	6.882593e-008	5.484661e-006
3.137746702214686e-008	-3.607048e-006	1.351012e-005	1.110164e-007	6.850693e-008	5.514027e-006
3.139775273643259e-008	-3.503641e-006	1.354336e-005	1.104447e-007	6.819690e-008	5.543238e-006
3.141803845071833e-008	-3.404647e-006	1.357274e-005	1.098860e-007	6.789582e-008	5.572295e-006
3.143832416500407e-008	-3.310065e-006	1.359826e-005	1.093403e-007	6.760369e-008	5.601197e-006
3.145860987928981e-008	-3.219897e-006	1.361992e-005	1.088074e-007	6.732053e-008	5.629945e-006
3.147889559357555e-008	-3.134141e-006	1.363771e-005	1.082874e-007	6.704631e-008	5.658538e-006
3.149918130786128e-008	-3.052798e-006	1.365163e-005	1.077803e-007	6.678106e-008	5.686977e-006
3.150118130786129e-008	-3.044929e-006	1.365289e-005	1.077307e-007	6.675504e-008	5.689773e-006
3.150846702214701e-008	-3.016585e-006	1.365718e-005	1.075506e-007	6.666082e-008	5.699948e-006
3.151575273643273e-008	-2.988688e-006	1.366110e-005	1.073716e-007	6.656731e-008	5.710103e-006
3.152303845071845e-008	-2.961237e-006	1.366465e-005	1.071939e-007	6.647450e-008	5.720240e-006
3.153032416500418e-008	-2.934232e-006	1.366783e-005	1.070173e-007	6.638239e-008	5.730358e-006
3.153760987928990e-008	-2.907674e-006	1.367063e-005	1.068418e-007	6.629098e-008	5.740457e-006
3.154489559357562e-008	-2.881563e-006	1.367305e-005	1.066675e-007	6.620027e-008	5.750537e-006
3.155218130786134e-008	-2.855898e-006	1.367511e-005	1.064943e-007	6.611026e-008	5.760599e-006
3.156703845071850e-008	-2.804954e-006	1.367813e-005	1.061448e-007	6.592884e-008	5.781058e-006
3.158189559357566e-008	-2.755548e-006	1.367991e-005	1.057990e-007	6.574940e-008	5.801443e-006
3.159675273643282e-008	-2.707680e-006	1.368044e-005	1.054569e-007	6.557194e-008	5.821753e-006
3.161160987928998e-008	-2.661350e-006	1.367973e-005	1.051185e-007	6.539647e-008	5.841988e-006
3.162646702214714e-008	-2.616558e-006	1.367777e-005	1.047837e-007	6.522298e-008	5.862149e-006
3.164132416500430e-008	-2.573304e-006	1.367457e-005	1.044527e-007	6.505148e-008	5.882234e-006
3.165618130786146e-008	-2.531588e-006	1.367013e-005	1.041254e-007	6.488196e-008	5.902245e-006
3.165718130786146e-008	-2.528820e-006	1.366980e-005	1.041034e-007	6.487058e-008	5.903589e-006
3.169989559357580e-008	-2.418236e-006	1.364949e-005	1.031837e-007	6.439398e-008	5.960680e-006
3.174260987929013e-008	-2.315495e-006	1.362340e-005	1.022809e-007	6.392381e-008	6.017207e-006
3.178532416500447e-008	-2.220594e-006	1.359153e-005	1.013951e-007	6.346006e-008	6.073170e-006
3.182803845071880e-008	-2.133534e-006	1.355388e-005	1.005262e-007	6.300274e-008	6.128569e-006
3.187075273643313e-008	-2.054316e-006	1.351045e-005	9.967431e-008	6.255184e-008	6.183404e-006
3.191346702214747e-008	-1.982938e-006	1.346125e-005	9.883935e-008	6.210737e-008	6.237675e-006
3.195618130786180e-008	-1.919402e-006	1.340626e-005	9.802135e-008	6.166932e-008	6.291382e-006
3.195718130786180e-008	-1.917936e-006	1.340497e-005	9.800223e-008	6.165904e-008	6.292633e-006
3.199989559357614e-008	-1.858986e-006	1.334717e-005	9.719326e-008	6.122212e-008	6.345803e-006
3.204260987929047e-008	-1.803825e-006	1.328710e-005	9.639333e-008	6.078752e-008	6.398466e-006
3.208532416500481e-008	-1.752453e-006	1.322478e-005	9.560243e-008	6.035524e-008	6.450625e-006
3.212803845071914e-008	-1.704870e-006	1.316019e-005	9.482055e-008	5.992528e-008	6.502277e-006
3.217075273643347e-008	-1.661076e-006	1.309333e-005	9.404771e-008	5.949763e-008	6.553424e-006
3.221346702214781e-008	-1.621071e-006	1.302422e-005	9.328390e-008	5.907230e-008	6.604066e-006
3.225618130786214e-008	-1.584856e-006	1.295284e-005	9.252913e-008	5.864929e-008	6.654202e-006
3.225718130786214e-008	-1.584018e-006	1.295117e-005	9.251151e-008	5.863940e-008	6.655370e-006
3.239918130786230e-008	-1.478171e-006	1.270814e-005	9.004991e-008	5.724602e-008	6.818625e-006
3.240018130786230e-008	-1.477507e-006	1.270639e-005	9.003284e-008	5.723628e-008	6.819757e-006
3.240218130786231e-008	-1.476183e-006	1.270290e-005	8.999871e-008	5.721681e-008	6.822019e-006
3.241960987929090e-008	-1.464843e-006	1.267238e-005	8.970194e-008	5.704733e-008	6.841685e-006
3.243703845071949e-008	-1.453771e-006	1.264178e-005	8.940621e-008	5.687817e-008	6.861275e-006
3.245446702214808e-008	-1.442966e-006	1.261109e-005	8.911152e-008	5.670935e-008	6.880790e-006
3.247189559357667e-008	-1.432429e-006	1.258033e-005	8.881787e-008	5.654087e-008	6.900228e-006
3.248932416500527e-008	-1.422159e-006	1.254948e-005	8.852526e-008	5.637271e-008	6.919591e-006
3.250675273643385e-008	-1.412158e-006	1.251855e-005	8.823370e-008	5.620489e-008	6.938878e-006
3.252418130786245e-008	-1.402424e-006	1.248754e-005	8.794319e-008	5.603741e-008	6.958089e-006
3.255718130786248e-008	-1.384570e-006	1.242871e-005	8.739579e-008	5.572123e-008	6.994262e-006
3.259989559357682e-008	-1.362830e-006	1.235218e-005	8.669275e-008	5.531373e-008	7.040677e-006
3.264260987929115e-008	-1.342019e-006	1.227567e-005	8.599528e-008	5.490844e-008	7.086664e-006
3.268532416500549e-008	-1.322138e-006	1.219918e-005	8.530339e-008	5.450534e-008	7.132223e-006
3.272803845071982e-008	-1.303186e-006	1.212271e-005	8.461708e-008	5.410444e-008	7.177353e-006
3.277075273643415e-008	-1.285164e-006	1.204626e-005	8.393633e-008	5.370573e-008	7.222055e-006
3.281346702214849e-008	-1.268072e-006	1.196983e-005	8.326116e-008	5.330923e-008	7.266329e-006
3.285618130786282e-008	-1.251909e-006	1.189342e-005	8.259157e-008	5.291492e-008	7.310174e-006
3.285718130786282e-008	-1.251533e-006	1.189163e-005	8.257595e-008	5.290572e-008	7.311196e-006
3.315718130786316e-008	-1.152340e-006	1.136405e-005	7.801820e-008	5.020317e-008	7.607736e-006
3.326918130786329e-008	-1.120511e-006	1.117187e-005	7.637957e-008	4.922444e-008	7.713497e-006
3.328460987929188e-008	-1.116296e-006	1.114563e-005	7.615644e-008	4.909091e-008	7.727862e-006
3.330003845072047e-008	-1.112115e-006	1.111946e-005	7.593391e-008	4.895769e-008	7.742178e-006
3.331546702214906e-008	-1.107968e-006	1.109334e-005	7.571200e-008	4.882479e-008	7.756446e-006
3.333089559357765e-008	-1.103856e-006	1.106728e-005	7.549071e-008	4.869220e-008	7.770665e-006
3.334632416500624e-008	-1.099779e-006	1.104128e-005	7.527002e-008	4.855992e-008	7.784836e-006
3.336175273643482e-008	-1.095736e-006	1.101535e-005	7.504995e-008	4.842795e-008	7.798958e-006
3.337718130786341e-008	-1.091727e-006	1.098947e-005	7.483049e-008	4.829630e-008	7.813032e-006
3.338846702214914e-008	-1.088814e-006	1.097058e-005	7.467034e-008	4.820020e-008	7.823296e-006
3.339975273643486e-008	-1.085917e-006	1.095173e-005	7.451051e-008	4.810427e-008	7.833535e-006
3.341103845072059e-008	-1.083036e-006	1.093291e-005	7.435101e-008	4.800850e-008	7.843748e-006
3.342232416500632e-008	-1.080170e-006	1.091412e-005	7.419184e-008	4.791291e-008	7.853937e-006
3.343360987929205e-008	-1.077320e-006	1.089537e-005	7.403298e-008	4.781749e-008	7.864099e-006
3.344489559357778e-008	-1.074486e-006	1.087665e-005	7.387445e-008	4.772223e-008	7.874237e-006
3.345618130786350e-008	-1.071668e-006	1.085796e-005	7.371625e-008	4.762715e-008	7.884349e-006
3.345718130786350e-008	-1.071419e-006	1.085631e-005	7.370225e-008	4.761873e-008	7.885244e-006
3.349432416500641e-008	-1.062267e-006	1.079505e-005	7.318398e-008	4.730707e-008	7.918334e-006
3.353146702214930e-008	-1.053248e-006	1.073417e-005	7.266910e-008	4.699722e-008	7.951159e-006
3.356860987929220e-008	-1.044361e-006	1.067367e-005	7.215760e-008	4.668919e-008	7.983718e-006
3.360575273643510e-008	-1.035608e-006	1.061354e-005	7.164949e-008	4.638299e-008	8.016012e-006
3.364289559357800e-008	-1.026986e-006	1.055379e-005	7.114475e-008	4.607860e-008	8.048040e-006
3.368003845072090e-008	-1.018498e-006	1.049442e-005	7.064340e-008	4.577602e-008	8.079804e-006
3.371718130786380e-008	-1.010142e-006	1.043542e-005	7.014543e-008	4.547527e-008	8.111301e-006
3.375718130786384e-008	-1.001238e-006	1.037231e-005	6.961277e-008	4.515337e-008	8.144939e-006
3.405718130786418e-008	-9.338753e-007	9.912155e-006	6.573644e-008	4.280428e-008	8.387949e-006
3.435718130786452e-008	-8.728163e-007	9.477144e-006	6.204927e-008	4.055922e-008	8.615282e-006
3.437418130786454e-008	-8.695616e-007	9.453219e-006	6.184248e-008	4.043375e-008	8.627715e-006
3.439118130786456e-008	-8.663229e-007	9.429368e-006	6.163666e-008	4.030935e-008	8.640100e-006
3.440818130786458e-008	-8.631002e-007	9.405591e-006	6.143182e-008	4.018602e-008	8.652439e-006
3.442518130786460e-008	-8.598935e-007	9.381888e-006	6.122795e-008	4.006376e-008	8.664731e-006
3.444218130786462e-008	-8.567029e-007	9.358260e-006	6.102506e-008	3.994258e-008	8.676976e-006
3.445918130786464e-008	-8.535282e-007	9.334705e-006	6.082315e-008	3.982246e-008	8.689174e-006
3.447618130786466e-008	-8.503696e-007	9.311225e-006	6.062221e-008	3.970342e-008	8.701326e-006
3.448989559357896e-008	-8.478316e-007	9.292336e-006	6.046007e-008	3.960714e-008	8.711096e-006
3.450360987929326e-008	-8.453030e-007	9.273494e-006	6.029824e-008	3.951097e-008	8.720836e-006
3.451732416500757e-008	-8.427836e-007	9.254700e-006	6.013670e-008	3.941492e-008	8.730546e-006
3.453103845072186e-008	-8.402735e-007	9.235952e-006	5.997547e-008	3.931897e-008	8.740227e-006
3.454475273643616e-008	-8.377727e-007	9.217252e-006	5.981453e-008	3.922314e-008	8.749877e-006
3.455846702215047e-008	-8.352812e-007	9.198599e-006	5.965390e-008	3.912741e-008	8.759498e-006
3.457218130786477e-008	-8.327990e-007	9.179993e-006	5.949358e-008	3.903180e-008	8.769090e-006
3.465618130786486e-008	-8.142241e-007	9.065930e-006	5.852261e-008	3.845047e-008	8.827207e-006
3.465718130786486e-008	-8.134932e-007	9.064430e-006	5.851110e-008	3.844353e-008	8.827894e-006
3.466460987929345e-008	-8.086523e-007	9.053362e-006	5.842575e-008	3.839206e-008	8.832988e-006
3.467203845072202e-008	-7.972756e-007	9.040533e-006	5.834044e-008	3.834054e-008	8.838094e-006
3.467946702215060e-008	-7.793630e-007	9.025943e-006	5.825519e-008	3.828899e-008	8.843210e-006
3.468689559357918e-008	-7.549146e-007	9.009593e-006	5.816999e-008	3.823739e-008	8.848337e-006
3.469432416500777e-008	-7.239303e-007	8.991482e-006	5.808484e-008	3.818576e-008	8.853474e-006
3.470175273643634e-008	-6.864101e-007	8.971610e-006	5.799975e-008	3.813408e-008	8.858623e-006
3.470918130786492e-008	-6.423541e-007	8.949977e-006	5.791470e-008	3.808236e-008	8.863783e-006
3.471803845072207e-008	-5.743228e-007	8.919973e-006	5.781327e-008	3.802054e-008	8.869969e-006
3.472689559357923e-008	-4.913987e-007	8.886462e-006	5.771150e-008	3.795829e-008	8.876190e-006
3.473575273643638e-008	-3.935820e-007	8.849445e-006	5.760937e-008	3.789560e-008	8.882447e-006
3.474460987929354e-008	-2.808725e-007	8.808922e-006	5.750689e-008	3.783247e-008	8.888739e-006
3.475346702215069e-008	-1.532704e-007	8.764893e-006	5.740406e-008	3.776890e-008	8.895066e-006
3.476232416500784e-008	-1.077563e-008	8.717357e-006	5.730088e-008	3.770490e-008	8.901428e-006
3.477118130786499e-008	1.466119e-007	8.666316e-006	5.719734e-008	3.764047e-008	8.907826e-006
3.477775273643643e-008	2.722592e-007	8.626747e-006	5.712007e-008	3.759218e-008	8.912595e-006
3.478432416500787e-008	4.025517e-007	8.586515e-006	5.704246e-008	3.754356e-008	8.917375e-006
3.479089559357930e-008	5.374894e-007	8.545620e-006	5.696452e-008	3.749460e-008	8.922166e-006
3.479746702215074e-008	6.770721e-007	8.504062e-006	5.688625e-008	3.744530e-008	8.926968e-006
3.480403845072217e-008	8.213000e-007	8.461840e-006	5.680765e-008	3.739567e-008	8.931781e-006
3.481060987929361e-008	9.701729e-007	8.418955e-006	5.672871e-008	3.734569e-008	8.936604e-006
3.481718130786505e-008	1.123691e-006	8.375407e-006	5.664944e-008	3.729538e-008	8.941439e-006
3.482803845072220e-008	1.384229e-006	8.303193e-006	5.651757e-008	3.721137e-008	8.949442e-006
3.483889559357936e-008	1.644681e-006	8.232766e-006	5.638503e-008	3.712673e-008	8.957439e-006
3.484975273643651e-008	1.905047e-006	8.164126e-006	5.625184e-008	3.704147e-008	8.965430e-006
3.486060987929367e-008	2.165327e-006	8.097273e-006	5.611799e-008	3.695560e-008	8.973414e-006
3.487146702215082e-008	2.425520e-006	8.032207e-006	5.598348e-008	3.686910e-008	8.981392e-006
3.488232416500798e-008	2.685626e-006	7.968929e-006	5.584831e-008	3.678198e-008	8.989364e-006
3.489318130786513e-008	2.945647e-006	7.907437e-006	5.571249e-008	3.669424e-008	8.997329e-006
3.490218130786514e-008	3.156448e-006	7.858976e-006	5.559968e-008	3.662131e-008	9.003914e-006
3.491118130786515e-008	3.361983e-006	7.812862e-006	5.548683e-008	3.654836e-008	9.010477e-006
3.492018130786516e-008	3.562251e-006	7.769095e-006	5.537395e-008	3.647539e-008	9.017020e-006
3.492918130786517e-008	3.757253e-006	7.727675e-006	5.526104e-008	3.640241e-008	9.023541e-006
3.493818130786518e-008	3.946989e-006	7.688603e-006	5.514810e-008	3.632941e-008	9.030042e-006
3.494718130786519e-008	4.131458e-006	7.651877e-006	5.503512e-008	3.625640e-008	9.036521e-006
3.495618130786520e-008	4.310661e-006	7.617499e-006	5.492212e-008	3.618336e-008	9.042979e-006
3.495718130786520e-008	4.330147e-006	7.613820e-006	5.490959e-008	3.617527e-008	9.043695e-006
3.498775273643667e-008	4.881832e-006	7.520524e-006	5.452607e-008	3.592785e-008	9.065428e-006
3.501832416500813e-008	5.390173e-006	7.440792e-006	5.414857e-008	3.568545e-008	9.086927e-006
3.504889559357959e-008	5.855171e-006	7.374621e-006	5.377710e-008	3.544808e-008	9.108193e-006
3.507946702215106e-008	6.276827e-006	7.322014e-006	5.341166e-008	3.521574e-008	9.129226e-006
3.511003845072252e-008	6.655139e-006	7.282969e-006	5.305224e-008	3.498843e-008	9.150025e-006
3.514060987929399e-008	6.990108e-006	7.257486e-006	5.269886e-008	3.476615e-008	9.170591e-006
3.517118130786545e-008	7.281735e-006	7.245566e-006	5.235150e-008	3.454890e-008	9.190923e-006
3.518318160713237e-008	7.392093e-006	7.240485e-006	5.221754e-008	3.446550e-008	9.198853e-006
3.519518190639928e-008	7.498566e-006	7.236102e-006	5.208462e-008	3.438291e-008	9.206752e-006
3.520718220566620e-008	7.601154e-006	7.232415e-006	5.195272e-008	3.430113e-008	9.214620e-006
3.521918250493312e-008	7.699856e-006	7.229425e-006	5.182185e-008	3.422016e-008	9.222458e-006
3.523118280420004e-008	7.794672e-006	7.227132e-006	5.169201e-008	3.413999e-008	9.230264e-006
3.524318310346696e-008	7.885603e-006	7.225537e-006	5.156319e-008	3.406064e-008	9.238040e-006
3.525518340273387e-008	7.972649e-006	7.224638e-006	5.143540e-008	3.398209e-008	9.245785e-006
3.525518759247053e-008	7.972679e-006	7.224637e-006	5.143535e-008	3.398206e-008	9.245788e-006
3.525531328457033e-008	7.973576e-006	7.224628e-006	5.143402e-008	3.398124e-008	9.245869e-006
3.525544735614344e-008	7.974586e-006	7.224672e-006	5.143260e-008	3.398037e-008	9.245955e-006
3.525547846839331e-008	7.974905e-006	7.224767e-006	5.143227e-008	3.398017e-008	9.245975e-006
3.525549282995008e-008	7.975107e-006	7.224865e-006	5.143212e-008	3.398008e-008	9.245985e-006
3.525550682818873e-008	7.975321e-006	7.224978e-006	5.143197e-008	3.397998e-008	9.245995e-006
3.525582011505174e-008	7.975559e-006	7.222961e-006	5.142864e-008	3.397794e-008	9.246186e-006
3.525613340191474e-008	7.972778e-006	7.217931e-006	5.142532e-008	3.397588e-008	9.246366e-006
3.525644668877774e-008	7.966979e-006	7.209888e-006	5.142200e-008	3.397381e-008	9.246537e-006
3.525675997564075e-008	7.958162e-006	7.198832e-006	5.141868e-008	3.397172e-008	9.246697e-006
3.525707326250375e-008	7.946326e-006	7.184763e-006	5.141536e-008	3.396961e-008	9.246847e-006
3.525738654936676e-008	7.931472e-006	7.167681e-006	5.141204e-008	3.396749e-008	9.246987e-006
3.525769983622976e-008	7.913600e-006	7.147586e-006	5.140872e-008	3.396536e-008	9.247116e-006
3.525969983622976e-008	7.756980e-006	6.976917e-006	5.138754e-008	3.395122e-008	9.247902e-006
3.526169983622977e-008	7.513097e-006	6.719291e-006	5.136639e-008	3.393588e-008	9.248559e-006
3.526369983622977e-008	7.192533e-006	6.385351e-006	5.134527e-008	3.391898e-008	9.249170e-006
3.526569983622977e-008	6.808287e-006	5.988140e-006	5.132418e-008	3.390023e-008	9.249838e-006
3.526769983622977e-008	6.374866e-006	5.542202e-006	5.130310e-008	3.387940e-008	9.250675e-006
3.526969983622977e-008	5.907207e-006	5.062497e-006	5.128206e-008	3.385635e-008	9.251798e-006
3.527269983622978e-008	5.172589e-006	4.310713e-006	5.125055e-008	3.381746e-008	9.254250e-006
3.527569983622978e-008	4.435100e-006	3.557135e-006	5.121909e-008	3.377340e-008	9.257894e-006
3.527869983622978e-008	3.726786e-006	2.833764e-006	5.118769e-008	3.372443e-008	9.262953e-006
3.528169983622979e-008	3.068822e-006	2.161705e-006	5.115635e-008	3.367095e-008	9.269558e-006
3.528369983622979e-008	2.664151e-006	1.748128e-006	5.113549e-008	3.363304e-008	9.274851e-006
3.528569983622979e-008	2.288526e-006	1.363960e-006	5.111465e-008	3.359351e-008	9.280860e-006
3.528769983622979e-008	1.942162e-006	1.009388e-006	5.109383e-008	3.355251e-008	9.287574e-006
3.528869983622980e-008	1.779763e-006	8.430034e-007	5.108344e-008	3.353150e-008	9.291192e-006
3.528969983622980e-008	1.624362e-006	6.836908e-007	5.107305e-008	3.351019e-008	9.294980e-006
3.529069983622980e-008	1.475771e-006	5.312601e-007	5.106267e-008	3.348858e-008	9.298938e-006
3.529169983622980e-008	1.333778e-006	3.854950e-007	5.105229e-008	3.346670e-008	9.303059e-006
3.529269983622980e-008	1.198147e-006	2.461581e-007	5.104192e-008	3.344457e-008	9.307343e-006
3.529369983622980e-008	1.068633e-006	1.129999e-007	5.103156e-008	3.342219e-008	9.311787e-006
3.529469983622980e-008	9.447351e-007	-1.448534e-008	5.102120e-008	3.339959e-008	9.316376e-006
3.529537865678533e-008	8.650031e-007	-9.661925e-008	5.101417e-008	3.338414e-008	9.319589e-006
3.529614391372016e-008	7.805369e-007	-1.837627e-007	5.100625e-008	3.336660e-008	9.323317e-006
3.529666470580503e-008	7.262937e-007	-2.398108e-007	5.100086e-008	3.335461e-008	9.325916e-006
3.529730632756340e-008	6.619724e-007	-3.063384e-007	5.099423e-008	3.333978e-008	9.329174e-006
3.529755397390149e-008	6.375927e-007	-3.315650e-007	5.099167e-008	3.333405e-008	9.330444e-006
3.529762363200666e-008	6.308708e-007	-3.385244e-007	5.099095e-008	3.333243e-008	9.330804e-006
3.529767496362717e-008	6.259560e-007	-3.436139e-007	5.099042e-008	3.333124e-008	9.331071e-006
3.529770180524416e-008	6.233703e-007	-3.462909e-007	5.099014e-008	3.333061e-008	9.331211e-006
3.529771237571591e-008	6.223500e-007	-3.473472e-007	5.099003e-008	3.333037e-008	9.331266e-006
3.529771495020478e-008	6.221005e-007	-3.476055e-007	5.099000e-008	3.333031e-008	9.331279e-006
3.529771519882361e-008	6.220763e-007	-3.476304e-007	5.099000e-008	3.333031e-008	9.331280e-006
3.529771539193079e-008	6.220576e-007	-3.476498e-007	5.099000e-008	3.333030e-008	9.331281e-006
3.529771568121409e-008	6.220296e-007	-3.476788e-007	5.099000e-008	3.333029e-008	9.331283e-006
3.529771625978068e-008	6.219736e-007	-3.477368e-007	5.098999e-008	3.333028e-008	9.331286e-006
3.529771694994297e-008	6.219067e-007	-3.478060e-007	5.098998e-008	3.333026e-008	9.331289e-006
3.529771773343150e-008	6.218308e-007	-3.478845e-007	5.098997e-008	3.333025e-008	9.331294e-006
3.529771858446449e-008	6.217484e-007	-3.479698e-007	5.098996e-008	3.333022e-008	9.331297e-006
3.529771962472131e-008	6.216477e-007	-3.480741e-007	5.098995e-008	3.333020e-008	9.331303e-006
3.529772086608710e-008	6.215275e-007	-3.481985e-007	5.098994e-008	3.333017e-008	9.331309e-006
3.529772247584340e-008	6.213716e-007	-3.483599e-007	5.098993e-008	3.333014e-008	9.331318e-006
3.529772455837955e-008	6.211698e-007	-3.485688e-007	5.098990e-008	3.333009e-008	9.331329e-006
3.529774538705712e-008	6.191475e-007	-3.506619e-007	5.098969e-008	3.332960e-008	9.331437e-006
3.529776621573471e-008	6.171199e-007	-3.527602e-007	5.098947e-008	3.332912e-008	9.331545e-006
3.529778704441228e-008	6.150870e-007	-3.548638e-007	5.098926e-008	3.332863e-008	9.331654e-006
3.529780787308987e-008	6.130488e-007	-3.569727e-007	5.098904e-008	3.332815e-008	9.331762e-006
3.529782870176745e-008	6.110053e-007	-3.590869e-007	5.098883e-008	3.332766e-008	9.331870e-006
3.529784953044503e-008	6.089564e-007	-3.612064e-007	5.098861e-008	3.332718e-008	9.331978e-006
3.529787035912261e-008	6.069023e-007	-3.633311e-007	5.098840e-008	3.332670e-008	9.332086e-006
3.529890129058600e-008	5.022403e-007	-4.714531e-007	5.097775e-008	3.330258e-008	9.337487e-006
3.529990129058601e-008	3.980929e-007	-5.789047e-007	5.096742e-008	3.327901e-008	9.342809e-006
3.530190129058601e-008	1.848173e-007	-7.986399e-007	5.094679e-008	3.323134e-008	9.353705e-006
3.530390129058601e-008	-3.484332e-008	-1.024544e-006	5.092618e-008	3.318291e-008	9.364955e-006
3.530590129058601e-008	-2.604326e-007	-1.256159e-006	5.090560e-008	3.313369e-008	9.376551e-006
3.530890129058602e-008	-6.089633e-007	-1.613314e-006	5.087477e-008	3.305834e-008	9.394576e-006
3.531175843344316e-008	-9.542638e-007	-1.966361e-006	5.084546e-008	3.298488e-008	9.412487e-006
3.531461557630031e-008	-1.304797e-006	-2.324180e-006	5.081619e-008	3.290966e-008	9.430974e-006
3.531747271915745e-008	-1.660563e-006	-2.686772e-006	5.078698e-008	3.283268e-008	9.450037e-006
3.532032986201460e-008	-2.021561e-006	-3.054136e-006	5.075781e-008	3.275393e-008	9.469676e-006
3.532318700487175e-008	-2.387792e-006	-3.426273e-006	5.072870e-008	3.267341e-008	9.489891e-006
3.532604414772889e-008	-2.759256e-006	-3.803183e-006	5.069963e-008	3.259113e-008	9.510682e-006
3.532890129058604e-008	-3.135953e-006	-4.184865e-006	5.067061e-008	3.250709e-008	9.532049e-006
3.533318700487176e-008	-3.705804e-006	-4.761267e-006	5.062717e-008	3.237728e-008	9.565117e-006
3.533747271915747e-008	-4.264456e-006	-5.325569e-006	5.058384e-008	3.224408e-008	9.598971e-006
3.534175843344319e-008	-4.811909e-006	-5.877770e-006	5.054060e-008	3.210748e-008	9.633609e-006
3.534604414772892e-008	-5.348162e-006	-6.417870e-006	5.049748e-008	3.196748e-008	9.669032e-006
3.535032986201464e-008	-5.873216e-006	-6.945869e-006	5.045445e-008	3.182409e-008	9.705240e-006
3.535461557630035e-008	-6.387070e-006	-7.461768e-006	5.041153e-008	3.167730e-008	9.742233e-006
3.535890129058607e-008	-6.889725e-006	-7.965567e-006	5.036871e-008	3.152712e-008	9.780011e-006
3.535990129058607e-008	-7.002493e-006	-8.078523e-006	5.035873e-008	3.149184e-008	9.788847e-006
3.536018196497269e-008	-7.033851e-006	-8.109927e-006	5.035593e-008	3.148192e-008	9.791332e-006
3.536041354271334e-008	-7.058859e-006	-8.134970e-006	5.035362e-008	3.147372e-008	9.793390e-006
3.536107118458761e-008	-7.118012e-006	-8.194213e-006	5.034707e-008	3.145042e-008	9.799332e-006
3.536374028166203e-008	-7.244072e-006	-8.320597e-006	5.032048e-008	3.135607e-008	9.824388e-006
3.536574028166204e-008	-7.232969e-006	-8.309761e-006	5.030059e-008	3.128598e-008	9.844051e-006
3.536774028166204e-008	-7.134011e-006	-8.211167e-006	5.028070e-008	3.121687e-008	9.864480e-006
3.537074028166204e-008	-6.839589e-006	-7.917605e-006	5.025093e-008	3.111587e-008	9.896454e-006
3.537374028166205e-008	-6.405527e-006	-7.484927e-006	5.022120e-008	3.101896e-008	9.929798e-006
3.537674028166205e-008	-5.878453e-006	-6.959872e-006	5.019153e-008	3.092681e-008	9.964192e-006
3.537974028166205e-008	-5.305084e-006	-6.389215e-006	5.016189e-008	3.083976e-008	9.999296e-006
3.538274028166206e-008	-4.725917e-006	-5.813453e-006	5.013231e-008	3.075785e-008	1.003480e-005
3.538474028166206e-008	-4.346936e-006	-5.437167e-006	5.011261e-008	3.070633e-008	1.005863e-005
3.538674028166206e-008	-3.992303e-006	-5.085452e-006	5.009293e-008	3.065655e-008	1.008239e-005
3.538874028166206e-008	-3.662019e-006	-4.758308e-006	5.007327e-008	3.060852e-008	1.010606e-005
3.539074028166207e-008	-3.356084e-006	-4.455735e-006	5.005363e-008	3.056223e-008	1.012965e-005
3.539274028166207e-008	-3.074498e-006	-4.177734e-006	5.003401e-008	3.051769e-008	1.015317e-005
3.539474028166207e-008	-2.817260e-006	-3.924304e-006	5.001442e-008	3.047489e-008	1.017660e-005
3.539674028166207e-008	-2.584371e-006	-3.695444e-006	4.999484e-008	3.043383e-008	1.019996e-005
3.539974028166208e-008	-2.283603e-006	-3.400902e-006	4.996551e-008	3.037404e-008	1.023467e-005
3.540274028166208e-008	-2.031512e-006	-3.155300e-006	4.993622e-008	3.031670e-008	1.026909e-005
3.540574028166208e-008	-1.821363e-006	-2.951847e-006	4.990698e-008	3.026145e-008	1.030323e-005
3.540874028166209e-008	-1.646435e-006	-2.783778e-006	4.987778e-008	3.020800e-008	1.033710e-005
3.541174028166209e-008	-1.500493e-006	-2.644819e-006	4.984862e-008	3.015611e-008	1.037071e-005
3.541402599594781e-008	-1.409003e-006	-2.558731e-006	4.982644e-008	3.011761e-008	1.039615e-005
3.541631171023352e-008	-1.325113e-006	-2.480267e-006	4.980428e-008	3.007971e-008	1.042146e-005
3.541859742451924e-008	-1.248823e-006	-2.409427e-006	4.978214e-008	3.004239e-008	1.044662e-005
3.542088313880496e-008	-1.180132e-006	-2.346210e-006	4.976003e-008	3.000566e-008	1.047164e-005
3.542316885309068e-008	-1.119042e-006	-2.290617e-006	4.973794e-008	2.996952e-008	1.049652e-005
3.542545456737639e-008	-1.065552e-006	-2.242648e-006	4.971588e-008	2.993396e-008	1.052127e-005
3.542774028166211e-008	-1.019661e-006	-2.202302e-006	4.969383e-008	2.989899e-008	1.054587e-005
3.543145456737640e-008	-9.508428e-007	-2.142497e-006	4.965807e-008	2.984311e-008	1.058557e-005
3.543516885309069e-008	-8.861052e-007	-2.086759e-006	4.962237e-008	2.978822e-008	1.062484e-005
3.543888313880498e-008	-8.254480e-007	-2.035089e-006	4.958673e-008	2.973431e-008	1.066366e-005
3.544259742451926e-008	-7.688713e-007	-1.987487e-006	4.955115e-008	2.968140e-008	1.070204e-005
3.544631171023356e-008	-7.163751e-007	-1.943952e-006	4.951562e-008	2.962947e-008	1.073998e-005
3.545002599594785e-008	-6.679593e-007	-1.904485e-006	4.948016e-008	2.957854e-008	1.077748e-005
3.545374028166214e-008	-6.236240e-007	-1.869086e-006	4.944476e-008	2.952859e-008	1.081454e-005
3.545745456737643e-008	-5.790577e-007	-1.833421e-006	4.940956e-008	2.947945e-008	1.085109e-005
3.546116885309072e-008	-5.357245e-007	-1.798958e-006	4.937432e-008	2.943106e-008	1.088711e-005
3.546488313880501e-008	-4.936244e-007	-1.765697e-006	4.933905e-008	2.938345e-008	1.092260e-005
3.546859742451929e-008	-4.527576e-007	-1.733638e-006	4.930375e-008	2.933660e-008	1.095755e-005
3.547231171023358e-008	-4.131239e-007	-1.702780e-006	4.926842e-008	2.929052e-008	1.099196e-005
3.547602599594788e-008	-3.747234e-007	-1.673123e-006	4.923305e-008	2.924521e-008	1.102584e-005
3.547974028166217e-008	-3.375560e-007	-1.644669e-006	4.919765e-008	2.920066e-008	1.105919e-005
3.548316885309074e-008	-3.040037e-007	-1.619126e-006	4.916322e-008	2.916014e-008	1.108945e-005
3.548659742451931e-008	-2.712289e-007	-1.594328e-006	4.912525e-008	2.912016e-008	1.111923e-005
3.549002599594789e-008	-2.392318e-007	-1.570275e-006	4.908375e-008	2.908071e-008	1.114853e-005
3.549345456737647e-008	-2.080122e-007	-1.546967e-006	4.903871e-008	2.904181e-008	1.117735e-005
3.549688313880505e-008	-1.775701e-007	-1.524404e-006	4.899013e-008	2.900344e-008	1.120568e-005
3.550031171023362e-008	-1.479057e-007	-1.502585e-006	4.893802e-008	2.896562e-008	1.123354e-005
3.550374028166219e-008	-1.190188e-007	-1.481512e-006	4.888236e-008	2.892833e-008	1.126091e-005
3.551074028166220e-008	-6.216418e-008	-1.440498e-006	4.875898e-008	2.885364e-008	1.131532e-005
3.551474028166221e-008	-3.102105e-008	-1.418342e-006	4.868298e-008	2.881188e-008	1.134551e-005
3.551874028166221e-008	-7.482059e-010	-1.397006e-006	4.860220e-008	2.877070e-008	1.137509e-005
3.552274028166222e-008	2.865436e-008	-1.376489e-006	4.851664e-008	2.873008e-008	1.140406e-005
3.552674028166222e-008	5.718665e-008	-1.356792e-006	4.842630e-008	2.869004e-008	1.143242e-005
3.553074028166222e-008	8.484866e-008	-1.337914e-006	4.833117e-008	2.865057e-008	1.146016e-005
3.553474028166223e-008	1.116404e-007	-1.319856e-006	4.823127e-008	2.861166e-008	1.148730e-005
3.553874028166223e-008	1.375619e-007	-1.302618e-006	4.812658e-008	2.857333e-008	1.151382e-005
3.554202599594795e-008	1.582768e-007	-1.288996e-006	4.803723e-008	2.854221e-008	1.153518e-005
3.554531171023367e-008	1.784585e-007	-1.275870e-006	4.794999e-008	2.851140e-008	1.155618e-005
3.554859742451938e-008	1.981072e-007	-1.263242e-006	4.786487e-008	2.848092e-008	1.157680e-005
3.555188313880511e-008	2.172229e-007	-1.251111e-006	4.778186e-008	2.845074e-008	1.159706e-005
3.555516885309083e-008	2.358054e-007	-1.239477e-006	4.770098e-008	2.842088e-008	1.161695e-005
3.555845456737654e-008	2.538548e-007	-1.228340e-006	4.762221e-008	2.839134e-008	1.163647e-005
3.556174028166226e-008	2.713711e-007	-1.217699e-006	4.754556e-008	2.836211e-008	1.165562e-005
3.556431171023369e-008	2.848406e-007	-1.209586e-006	4.748926e-008	2.833943e-008	1.167038e-005
3.556688313880513e-008	2.978465e-007	-1.201912e-006	4.743436e-008	2.831691e-008	1.168493e-005
3.556945456737655e-008	3.103888e-007	-1.194679e-006	4.738086e-008	2.829456e-008	1.169928e-005
3.557202599594798e-008	3.224675e-007	-1.187887e-006	4.732878e-008	2.827236e-008	1.171343e-005
3.557459742451941e-008	3.340826e-007	-1.181535e-006	4.727810e-008	2.825032e-008	1.172738e-005
3.557716885309085e-008	3.452341e-007	-1.175623e-006	4.722882e-008	2.822845e-008	1.174112e-005
3.557974028166228e-008	3.559221e-007	-1.170152e-006	4.718095e-008	2.820673e-008	1.175466e-005
3.558074028166228e-008	3.595773e-007	-1.168519e-006	4.716245e-008	2.819832e-008	1.175988e-005
3.558178715666228e-008	3.630671e-007	-1.167142e-006	4.714319e-008	2.818953e-008	1.176531e-005
3.558222465666228e-008	3.637240e-007	-1.167366e-006	4.713520e-008	2.818587e-008	1.176756e-005
3.558252052695611e-008	3.633375e-007	-1.168348e-006	4.712981e-008	2.818339e-008	1.176907e-005
3.558303330361162e-008	3.625558e-007	-1.170159e-006	4.712049e-008	2.817909e-008	1.177169e-005
3.558463329546242e-008	3.628658e-007	-1.173054e-006	4.709166e-008	2.816570e-008	1.177982e-005
3.558623328731321e-008	3.635870e-007	-1.175525e-006	4.706308e-008	2.815236e-008	1.178788e-005
3.558783327916400e-008	3.647194e-007	-1.177574e-006	4.703475e-008	2.813904e-008	1.179588e-005
3.558943327101480e-008	3.662631e-007	-1.179200e-006	4.700668e-008	2.812577e-008	1.180380e-005
3.559103326286560e-008	3.682180e-007	-1.180404e-006	4.697887e-008	2.811254e-008	1.181166e-005
3.559263325471639e-008	3.705841e-007	-1.181184e-006	4.695131e-008	2.809934e-008	1.181945e-005
3.559423324656718e-008	3.733614e-007	-1.181542e-006	4.692400e-008	2.808618e-008	1.182718e-005
3.559723324656718e-008	3.773410e-007	-1.183412e-006	4.687332e-008	2.806161e-008	1.184147e-005
3.559866181799576e-008	3.784122e-007	-1.185111e-006	4.684945e-008	2.804995e-008	1.184818e-005
3.560009038942433e-008	3.795289e-007	-1.186756e-006	4.682573e-008	2.803832e-008	1.185484e-005
3.560151896085290e-008	3.806909e-007	-1.188347e-006	4.680216e-008	2.802672e-008	1.186145e-005
3.560294753228148e-008	3.818984e-007	-1.189883e-006	4.677874e-008	2.801514e-008	1.186800e-005
3.560437610371005e-008	3.831512e-007	-1.191365e-006	4.675546e-008	2.800359e-008	1.187449e-005
3.560580467513862e-008	3.844495e-007	-1.192792e-006	4.673233e-008	2.799207e-008	1.188093e-005
3.560723324656720e-008	3.857932e-007	-1.194165e-006	4.670935e-008	2.798057e-008	1.188731e-005
3.560860824656719e-008	3.878069e-007	-1.194759e-006	4.668734e-008	2.796953e-008	1.189341e-005
3.560910824656719e-008	3.891754e-007	-1.194337e-006	4.667938e-008	2.796553e-008	1.189560e-005
3.560977122402232e-008	3.918821e-007	-1.192884e-006	4.666884e-008	2.796023e-008	1.189848e-005
3.561037410295875e-008	3.945023e-007	-1.191403e-006	4.665928e-008	2.795542e-008	1.190106e-005
3.561264521844968e-008	4.003344e-007	-1.189850e-006	4.662349e-008	2.793734e-008	1.191025e-005
3.561364521844968e-008	4.018393e-007	-1.190222e-006	4.660783e-008	2.792941e-008	1.191408e-005
3.561464521844968e-008	4.029368e-007	-1.190999e-006	4.659222e-008	2.792148e-008	1.191780e-005
3.561482860553274e-008	4.031391e-007	-1.191140e-006	4.658937e-008	2.792003e-008	1.191847e-005
3.561496751301405e-008	4.034674e-007	-1.191072e-006	4.658721e-008	2.791893e-008	1.191897e-005
3.561525055205468e-008	4.048684e-007	-1.190200e-006	4.658281e-008	2.791670e-008	1.191999e-005
3.561550836489170e-008	4.067662e-007	-1.188785e-006	4.657880e-008	2.791466e-008	1.192091e-005
3.561573949323011e-008	4.088862e-007	-1.187098e-006	4.657522e-008	2.791285e-008	1.192174e-005
3.561590297974458e-008	4.105990e-007	-1.185691e-006	4.657269e-008	2.791156e-008	1.192232e-005
3.561597213609022e-008	4.113750e-007	-1.185045e-006	4.657162e-008	2.791102e-008	1.192256e-005
3.561598256733970e-008	4.114955e-007	-1.184944e-006	4.657146e-008	2.791093e-008	1.192260e-005
3.561651095534432e-008	4.189944e-007	-1.178435e-006	4.656329e-008	2.790679e-008	1.192444e-005
3.561703934334894e-008	4.279774e-007	-1.170443e-006	4.655513e-008	2.790267e-008	1.192626e-005
3.561756773135356e-008	4.384447e-007	-1.160969e-006	4.654700e-008	2.789857e-008	1.192807e-005
3.561809611935817e-008	4.503962e-007	-1.150012e-006	4.653887e-008	2.789449e-008	1.192984e-005
3.561862450736279e-008	4.638319e-007	-1.137573e-006	4.653077e-008	2.789042e-008	1.193160e-005
3.561915289536741e-008	4.787517e-007	-1.123651e-006	4.652267e-008	2.788638e-008	1.193334e-005
3.561968128337203e-008	4.951558e-007	-1.108247e-006	4.651460e-008	2.788236e-008	1.193505e-005
3.561984695682258e-008	5.007611e-007	-1.102956e-006	4.651207e-008	2.788110e-008	1.193558e-005
3.562081792229364e-008	5.324026e-007	-1.073163e-006	4.649729e-008	2.787382e-008	1.193865e-005
3.562178888776470e-008	5.636752e-007	-1.043746e-006	4.648257e-008	2.786661e-008	1.194170e-005
3.562275985323576e-008	5.945790e-007	-1.014705e-006	4.646789e-008	2.785948e-008	1.194474e-005
3.562373081870682e-008	6.251140e-007	-9.860392e-007	4.645327e-008	2.785242e-008	1.194777e-005
3.562470178417788e-008	6.552801e-007	-9.577495e-007	4.643871e-008	2.784544e-008	1.195078e-005
3.562567274964893e-008	6.850774e-007	-9.298356e-007	4.642419e-008	2.783854e-008	1.195378e-005
3.562664371511999e-008	7.145059e-007	-9.022975e-007	4.640973e-008	2.783172e-008	1.195677e-005
3.562764371512000e-008	7.450468e-007	-8.737105e-007	4.639489e-008	2.782477e-008	1.195983e-005
3.562864371512000e-008	7.750725e-007	-8.456453e-007	4.638010e-008	2.781790e-008	1.196284e-005
3.562964371512000e-008	8.042179e-007	-8.184670e-007	4.636536e-008	2.781111e-008	1.196577e-005
3.563164371512000e-008	8.596124e-007	-7.670241e-007	4.633605e-008	2.779774e-008	1.197125e-005
3.563364371512000e-008	9.115778e-007	-7.190310e-007	4.630696e-008	2.778464e-008	1.197624e-005
3.563564371512000e-008	9.601874e-007	-6.744118e-007	4.627806e-008	2.777179e-008	1.198072e-005
3.563864371512001e-008	1.026882e-006	-6.137303e-007	4.623510e-008	2.775296e-008	1.198652e-005
3.563964371512001e-008	1.047583e-006	-5.950398e-007	4.622087e-008	2.774678e-008	1.198822e-005
3.564004135209154e-008	1.055579e-006	-5.878434e-007	4.621522e-008	2.774434e-008	1.198886e-005
3.564016254617078e-008	1.057954e-006	-5.857126e-007	4.621350e-008	2.774359e-008	1.198905e-005
3.564028287462586e-008	1.060290e-006	-5.836183e-007	4.621180e-008	2.774286e-008	1.198923e-005
3.564029898487976e-008	1.060606e-006	-5.833346e-007	4.621157e-008	2.774276e-008	1.198926e-005
3.564030500947289e-008	1.060725e-006	-5.832276e-007	4.621149e-008	2.774272e-008	1.198927e-005
3.564030974269750e-008	1.060819e-006	-5.831438e-007	4.621142e-008	2.774270e-008	1.198927e-005
3.564031604249457e-008	1.060943e-006	-5.830321e-007	4.621133e-008	2.774266e-008	1.198928e-005
3.564032327189688e-008	1.061086e-006	-5.829041e-007	4.621123e-008	2.774261e-008	1.198930e-005
3.564033040406495e-008	1.061226e-006	-5.827777e-007	4.621113e-008	2.774257e-008	1.198931e-005
3.564033731044343e-008	1.061363e-006	-5.826553e-007	4.621103e-008	2.774253e-008	1.198932e-005
3.564034413566938e-008	1.061497e-006	-5.825343e-007	4.621093e-008	2.774248e-008	1.198933e-005
3.564035101091668e-008	1.061633e-006	-5.824123e-007	4.621083e-008	2.774244e-008	1.198934e-005
3.564035790242191e-008	1.061769e-006	-5.822900e-007	4.621074e-008	2.774240e-008	1.198935e-005
3.564036480456376e-008	1.061906e-006	-5.821674e-007	4.621064e-008	2.774236e-008	1.198936e-005
3.564037169204462e-008	1.062042e-006	-5.820450e-007	4.621054e-008	2.774232e-008	1.198937e-005
3.564037939083956e-008	1.062195e-006	-5.819081e-007	4.621043e-008	2.774227e-008	1.198938e-005
3.564038822564898e-008	1.062370e-006	-5.817509e-007	4.621031e-008	2.774222e-008	1.198940e-005
3.564039852519549e-008	1.062574e-006	-5.815675e-007	4.621016e-008	2.774215e-008	1.198941e-005
3.564042507678492e-008	1.063101e-006	-5.810940e-007	4.620978e-008	2.774199e-008	1.198945e-005
3.564047909630953e-008	1.064177e-006	-5.801269e-007	4.620902e-008	2.774166e-008	1.198953e-005
3.564053311583414e-008	1.065255e-006	-5.791572e-007	4.620826e-008	2.774133e-008	1.198962e-005
3.564058713535875e-008	1.066336e-006	-5.781849e-007	4.620749e-008	2.774100e-008	1.198970e-005
3.564064115488337e-008	1.067420e-006	-5.772100e-007	4.620673e-008	2.774067e-008	1.198978e-005
3.564069517440798e-008	1.068506e-006	-5.762325e-007	4.620596e-008	2.774034e-008	1.198987e-005
3.564074919393259e-008	1.069595e-006	-5.752523e-007	4.620520e-008	2.774001e-008	1.198995e-005
3.564080321345719e-008	1.070687e-006	-5.742696e-007	4.620443e-008	2.773969e-008	1.199003e-005
3.564537797392315e-008	1.163400e-006	-4.908097e-007	4.614033e-008	2.771247e-008	1.199705e-005
3.564995273438910e-008	1.255119e-006	-4.083920e-007	4.607710e-008	2.768623e-008	1.200406e-005
3.565452749485506e-008	1.345843e-006	-3.270163e-007	4.601473e-008	2.766096e-008	1.201105e-005
3.565910225532102e-008	1.435572e-006	-2.466828e-007	4.595322e-008	2.763666e-008	1.201802e-005
3.566367701578697e-008	1.524306e-006	-1.673914e-007	4.589258e-008	2.761333e-008	1.202498e-005
3.566825177625293e-008	1.612045e-006	-8.914206e-008	4.583280e-008	2.759098e-008	1.203193e-005
3.567282653671888e-008	1.698789e-006	-1.193484e-008	4.577389e-008	2.756960e-008	1.203886e-005
3.567968367957603e-008	1.826902e-006	1.018065e-007	4.568706e-008	2.753927e-008	1.204922e-005
3.568654082243318e-008	1.952939e-006	2.134187e-007	4.560156e-008	2.751058e-008	1.205956e-005
3.569339796529033e-008	2.076899e-006	3.229019e-007	4.551737e-008	2.748354e-008	1.206987e-005
3.570025510814749e-008	2.198783e-006	4.302561e-007	4.543451e-008	2.745814e-008	1.208014e-005
3.570711225100463e-008	2.318589e-006	5.354812e-007	4.535296e-008	2.743438e-008	1.209039e-005
3.571396939386179e-008	2.436319e-006	6.385773e-007	4.527274e-008	2.741226e-008	1.210062e-005
3.572082653671894e-008	2.551973e-006	7.395443e-007	4.519384e-008	2.739179e-008	1.211081e-005
3.572182653671894e-008	2.568686e-006	7.541162e-007	4.518239e-008	2.738889e-008	1.211229e-005
3.574354082243325e-008	2.919298e-006	1.057790e-006	4.493619e-008	2.733664e-008	1.214436e-005
3.576525510814756e-008	3.253450e-006	1.345331e-006	4.469968e-008	2.729159e-008	1.217617e-005
3.578696939386187e-008	3.571140e-006	1.616739e-006	4.447288e-008	2.725372e-008	1.220772e-005
3.580868367957618e-008	3.872370e-006	1.872014e-006	4.425578e-008	2.722304e-008	1.223903e-005
3.583039796529049e-008	4.157138e-006	2.111156e-006	4.404837e-008	2.719955e-008	1.227007e-005
3.585211225100480e-008	4.425446e-006	2.334165e-006	4.385067e-008	2.718325e-008	1.230087e-005
3.587382653671911e-008	4.677292e-006	2.541041e-006	4.366266e-008	2.717414e-008	1.233140e-005
3.589482653671913e-008	4.908469e-006	2.729595e-006	4.349155e-008	2.716591e-008	1.236072e-005
3.591582653671916e-008	5.128966e-006	2.908257e-006	4.332522e-008	2.715798e-008	1.238983e-005
3.593682653671918e-008	5.338781e-006	3.077028e-006	4.316367e-008	2.715036e-008	1.241875e-005
3.595782653671921e-008	5.537915e-006	3.235907e-006	4.300690e-008	2.714305e-008	1.244746e-005
3.597882653671923e-008	5.726368e-006	3.384894e-006	4.285492e-008	2.713604e-008	1.247596e-005
3.599982653671925e-008	5.904139e-006	3.523989e-006	4.270771e-008	2.712933e-008	1.250427e-005
3.602082653671928e-008	6.071230e-006	3.653193e-006	4.256529e-008	2.712293e-008	1.253237e-005
3.602182653671928e-008	6.079027e-006	3.659210e-006	4.255850e-008	2.712254e-008	1.253371e-005
3.606454082243361e-008	6.386808e-006	3.893043e-006	4.227798e-008	2.710466e-008	1.259024e-005
3.610725510814795e-008	6.669113e-006	4.104707e-006	4.199974e-008	2.707770e-008	1.264609e-005
3.614996939386228e-008	6.925942e-006	4.294201e-006	4.172378e-008	2.704167e-008	1.270124e-005
3.619268367957661e-008	7.157295e-006	4.461524e-006	4.145008e-008	2.699657e-008	1.275571e-005
3.623539796529095e-008	7.363173e-006	4.606677e-006	4.117867e-008	2.694239e-008	1.280949e-005
3.627811225100528e-008	7.543574e-006	4.729660e-006	4.090952e-008	2.687914e-008	1.286258e-005
3.632082653671962e-008	7.698500e-006	4.830472e-006	4.064265e-008	2.680681e-008	1.291498e-005
3.632182653671962e-008	7.702065e-006	4.832797e-006	4.063630e-008	2.680498e-008	1.291620e-005
3.636454082243395e-008	7.842485e-006	4.922030e-006	4.036434e-008	2.672084e-008	1.296798e-005
3.640725510814829e-008	7.970911e-006	5.001483e-006	4.009025e-008	2.662906e-008	1.301920e-005
3.644996939386262e-008	8.087344e-006	5.071155e-006	3.981406e-008	2.652963e-008	1.306984e-005
3.649268367957695e-008	8.191783e-006	5.131048e-006	3.953576e-008	2.642256e-008	1.311991e-005
3.653539796529129e-008	8.284228e-006	5.181161e-006	3.925535e-008	2.630784e-008	1.316941e-005
3.657811225100562e-008	8.364679e-006	5.221494e-006	3.897282e-008	2.618548e-008	1.321834e-005
3.662082653671996e-008	8.433137e-006	5.252047e-006	3.868819e-008	2.605548e-008	1.326670e-005
3.662182653671996e-008	8.434709e-006	5.252744e-006	3.868150e-008	2.605240e-008	1.326783e-005
3.666454082243429e-008	8.496294e-006	5.278041e-006	3.839458e-008	2.591682e-008	1.331565e-005
3.670725510814863e-008	8.552182e-006	5.298951e-006	3.810661e-008	2.577730e-008	1.336298e-005
3.674996939386296e-008	8.602373e-006	5.315476e-006	3.781758e-008	2.563384e-008	1.340980e-005
3.679268367957729e-008	8.646867e-006	5.327616e-006	3.752750e-008	2.548644e-008	1.345612e-005
3.683539796529163e-008	8.685664e-006	5.335369e-006	3.723636e-008	2.533511e-008	1.350194e-005
3.687811225100596e-008	8.718764e-006	5.338737e-006	3.694417e-008	2.517984e-008	1.354725e-005
3.692082653672030e-008	8.746168e-006	5.337720e-006	3.665092e-008	2.502063e-008	1.359207e-005
3.692182653672030e-008	8.746794e-006	5.337688e-006	3.664406e-008	2.501690e-008	1.359311e-005
3.722182653672064e-008	8.858176e-006	5.272504e-006	3.458933e-008	2.385320e-008	1.389489e-005
3.739982653672084e-008	8.874489e-006	5.199542e-006	3.338518e-008	2.314223e-008	1.406370e-005
3.740282653672084e-008	8.874553e-006	5.198178e-006	3.336505e-008	2.313022e-008	1.406648e-005
3.752182653672098e-008	8.872641e-006	5.141459e-006	3.257143e-008	2.265421e-008	1.417522e-005
3.782182653672132e-008	8.839666e-006	4.983705e-006	3.062066e-008	2.146797e-008	1.443570e-005
3.812182653672166e-008	8.783021e-006	4.817541e-006	2.875059e-008	2.031717e-008	1.467770e-005
3.816082653672170e-008	8.774571e-006	4.795809e-006	2.851371e-008	2.017076e-008	1.470786e-005
3.819982653672175e-008	8.765971e-006	4.774118e-006	2.827829e-008	2.002515e-008	1.473774e-005
3.823882653672179e-008	8.757223e-006	4.752467e-006	2.804433e-008	1.988034e-008	1.476734e-005
3.827782653672184e-008	8.748325e-006	4.730857e-006	2.781182e-008	1.973634e-008	1.479665e-005
3.831682653672188e-008	8.739278e-006	4.709287e-006	2.758076e-008	1.959315e-008	1.482568e-005
3.835582653672192e-008	8.730082e-006	4.687757e-006	2.735116e-008	1.945076e-008	1.485443e-005
3.839482653672197e-008	8.720736e-006	4.666268e-006	2.712301e-008	1.930918e-008	1.488289e-005
3.842182653672200e-008	8.714221e-006	4.651442e-006	2.696591e-008	1.921166e-008	1.490244e-005
3.872182653672234e-008	8.638965e-006	4.489221e-006	2.526665e-008	1.815493e-008	1.511101e-005
3.885582653672249e-008	8.604058e-006	4.418492e-006	2.453130e-008	1.769886e-008	1.519922e-005
3.885682653672249e-008	8.603795e-006	4.417969e-006	2.452584e-008	1.769550e-008	1.519990e-005
3.885710721105155e-008	8.603722e-006	4.417822e-006	2.452431e-008	1.769455e-008	1.520002e-005
3.885733941108352e-008	8.603656e-006	4.417696e-006	2.452304e-008	1.769377e-008	1.519988e-005
3.885838590765355e-008	8.603212e-006	4.416979e-006	2.451734e-008	1.769025e-008	1.519709e-005
3.885943240422357e-008	8.602630e-006	4.416125e-006	2.451163e-008	1.768673e-008	1.519228e-005
3.886047890079360e-008	8.601913e-006	4.415135e-006	2.450592e-008	1.768320e-008	1.518544e-005
3.886152539736364e-008	8.601058e-006	4.414010e-006	2.450022e-008	1.767968e-008	1.517657e-005
3.886257189393367e-008	8.600067e-006	4.412747e-006	2.449451e-008	1.767615e-008	1.516567e-005
3.886361839050369e-008	8.598940e-006	4.411349e-006	2.448881e-008	1.767262e-008	1.515274e-005
3.886466488707372e-008	8.597675e-006	4.409815e-006	2.448311e-008	1.766909e-008	1.513779e-005
3.886566488707372e-008	8.596340e-006	4.408221e-006	2.447766e-008	1.766572e-008	1.512155e-005
3.886666488707372e-008	8.594880e-006	4.406505e-006	2.447221e-008	1.766234e-008	1.510345e-005
3.886866488707372e-008	8.591593e-006	4.402706e-006	2.446131e-008	1.765557e-008	1.506169e-005
3.887066488707373e-008	8.587819e-006	4.398422e-006	2.445042e-008	1.764879e-008	1.501259e-005
3.887266488707373e-008	8.583566e-006	4.393663e-006	2.443952e-008	1.764200e-008	1.495623e-005
3.887466488707373e-008	8.578842e-006	4.388437e-006	2.442864e-008	1.763519e-008	1.489270e-005
3.887666488707373e-008	8.573656e-006	4.382752e-006	2.441775e-008	1.762836e-008	1.482213e-005
3.887866488707374e-008	8.568016e-006	4.376618e-006	2.440687e-008	1.762150e-008	1.474461e-005
3.888166488707374e-008	8.558729e-006	4.366599e-006	2.439055e-008	1.761117e-008	1.461562e-005
3.888466488707374e-008	8.548483e-006	4.355631e-006	2.437424e-008	1.760078e-008	1.447180e-005
3.888766488707375e-008	8.537317e-006	4.343756e-006	2.435793e-008	1.759033e-008	1.431367e-005
3.889066488707375e-008	8.525274e-006	4.331018e-006	2.434163e-008	1.757980e-008	1.414183e-005
3.889336131564518e-008	8.513644e-006	4.318772e-006	2.432698e-008	1.757028e-008	1.397481e-005
3.889605774421661e-008	8.501472e-006	4.305999e-006	2.431235e-008	1.756069e-008	1.379901e-005
3.889875417278804e-008	8.488759e-006	4.292696e-006	2.429771e-008	1.755102e-008	1.361443e-005
3.890145060135948e-008	8.475505e-006	4.278865e-006	2.428309e-008	1.754127e-008	1.342105e-005
3.890414702993091e-008	8.461708e-006	4.264506e-006	2.426846e-008	1.753146e-008	1.321889e-005
3.890684345850233e-008	8.447371e-006	4.249619e-006	2.425385e-008	1.752157e-008	1.300795e-005
3.890953988707377e-008	8.432492e-006	4.234203e-006	2.423924e-008	1.751161e-008	1.278821e-005
3.891053988707377e-008	8.426924e-006	4.228439e-006	2.423382e-008	1.750789e-008	1.270593e-005
3.891553988707377e-008	8.399015e-006	4.199586e-006	2.420675e-008	1.748911e-008	1.229244e-005
3.892053988707378e-008	8.371500e-006	4.171169e-006	2.417970e-008	1.747010e-008	1.188163e-005
3.892553988707379e-008	8.344378e-006	4.143188e-006	2.415268e-008	1.745084e-008	1.147349e-005
3.893053988707379e-008	8.317651e-006	4.115642e-006	2.412567e-008	1.743135e-008	1.106803e-005
3.893553988707380e-008	8.291317e-006	4.088532e-006	2.409869e-008	1.741162e-008	1.066525e-005
3.894053988707380e-008	8.265377e-006	4.061858e-006	2.407173e-008	1.739165e-008	1.026514e-005
3.894553988707381e-008	8.239831e-006	4.035619e-006	2.404479e-008	1.737144e-008	9.867703e-006
3.895182560135953e-008	8.208630e-006	4.003604e-006	2.401096e-008	1.734573e-008	9.377119e-006
3.895811131564525e-008	8.178718e-006	3.972918e-006	2.397718e-008	1.731980e-008	8.901562e-006
3.896439702993097e-008	8.150095e-006	3.943561e-006	2.394343e-008	1.729366e-008	8.441031e-006
3.897068274421670e-008	8.122761e-006	3.915533e-006	2.390972e-008	1.726730e-008	7.995527e-006
3.897696845850242e-008	8.096715e-006	3.888835e-006	2.387604e-008	1.724073e-008	7.565049e-006
3.898325417278814e-008	8.071959e-006	3.863466e-006	2.384241e-008	1.721394e-008	7.149597e-006
3.898953988707386e-008	8.048491e-006	3.839427e-006	2.380882e-008	1.718693e-008	6.749172e-006
3.899311131564529e-008	8.035886e-006	3.826505e-006	2.378975e-008	1.717156e-008	6.531148e-006
3.899668274421673e-008	8.023743e-006	3.814050e-006	2.377070e-008	1.715617e-008	6.319010e-006
3.900025417278816e-008	8.012060e-006	3.802061e-006	2.375166e-008	1.714076e-008	6.112757e-006
3.900382560135959e-008	8.000837e-006	3.790537e-006	2.373263e-008	1.712533e-008	5.912390e-006
3.900739702993102e-008	7.990075e-006	3.779480e-006	2.371361e-008	1.710987e-008	5.717907e-006
3.901096845850246e-008	7.979774e-006	3.768888e-006	2.369461e-008	1.709440e-008	5.529311e-006
3.901453988707389e-008	7.969933e-006	3.758763e-006	2.367563e-008	1.707890e-008	5.346599e-006
3.901553988707389e-008	7.967255e-006	3.756005e-006	2.367031e-008	1.707456e-008	5.296469e-006
3.902511131564533e-008	7.943872e-006	3.731891e-006	2.361951e-008	1.703290e-008	4.845352e-006
3.903468274421677e-008	7.922985e-006	3.710259e-006	2.356881e-008	1.699144e-008	4.428070e-006
3.904425417278821e-008	7.904596e-006	3.691109e-006	2.351821e-008	1.695017e-008	4.044623e-006
3.905382560135964e-008	7.888704e-006	3.674440e-006	2.346772e-008	1.690909e-008	3.695012e-006
3.906339702993108e-008	7.875308e-006	3.660253e-006	2.341732e-008	1.686821e-008	3.379237e-006
3.907296845850253e-008	7.864411e-006	3.648548e-006	2.336703e-008	1.682752e-008	3.097297e-006
3.908253988707396e-008	7.856010e-006	3.639325e-006	2.331685e-008	1.678703e-008	2.849192e-006
3.908953988707397e-008	7.850761e-006	3.633438e-006	2.328021e-008	1.675771e-008	2.681022e-006
3.909653988707398e-008	7.846206e-006	3.628218e-006	2.324362e-008	1.672860e-008	2.523043e-006
3.910353988707399e-008	7.842343e-006	3.623666e-006	2.320708e-008	1.669970e-008	2.375255e-006
3.911053988707400e-008	7.839173e-006	3.619781e-006	2.317060e-008	1.667102e-008	2.237659e-006
3.911753988707400e-008	7.836695e-006	3.616563e-006	2.313416e-008	1.664255e-008	2.110254e-006
3.912453988707401e-008	7.834911e-006	3.614013e-006	2.309778e-008	1.661429e-008	1.993040e-006
3.913153988707402e-008	7.833819e-006	3.612130e-006	2.306145e-008	1.658625e-008	1.886018e-006
3.913268274421688e-008	7.833664e-006	3.611843e-006	2.305552e-008	1.658170e-008	1.868972e-006
3.913382560135974e-008	7.833522e-006	3.611567e-006	2.304960e-008	1.657715e-008	1.852119e-006
3.913496845850260e-008	7.833391e-006	3.611303e-006	2.304367e-008	1.657261e-008	1.835458e-006
3.913611131564545e-008	7.833273e-006	3.611050e-006	2.303775e-008	1.656807e-008	1.818990e-006
3.913725417278831e-008	7.833167e-006	3.610809e-006	2.303183e-008	1.656354e-008	1.802715e-006
3.913839702993117e-008	7.833073e-006	3.610580e-006	2.302591e-008	1.655901e-008	1.786632e-006
3.913953988707403e-008	7.832991e-006	3.610362e-006	2.301999e-008	1.655449e-008	1.770742e-006
3.914053988707403e-008	7.832928e-006	3.610178e-006	2.301481e-008	1.655055e-008	1.756947e-006
3.914253988707403e-008	7.832818e-006	3.609825e-006	2.300446e-008	1.654266e-008	1.729620e-006
3.914439702993117e-008	7.832737e-006	3.609518e-006	2.299485e-008	1.653536e-008	1.704605e-006
3.914625417278832e-008	7.832670e-006	3.609223e-006	2.298525e-008	1.652807e-008	1.679836e-006
3.914811131564546e-008	7.832618e-006	3.608940e-006	2.297564e-008	1.652080e-008	1.655314e-006
3.914996845850261e-008	7.832580e-006	3.608669e-006	2.296605e-008	1.651355e-008	1.631040e-006
3.915182560135976e-008	7.832557e-006	3.608411e-006	2.295645e-008	1.650631e-008	1.607012e-006
3.915368274421690e-008	7.832547e-006	3.608165e-006	2.294686e-008	1.649908e-008	1.583232e-006
3.915553988707405e-008	7.832552e-006	3.607931e-006	2.293727e-008	1.649188e-008	1.559698e-006
3.915595772945007e-008	7.832554e-006	3.607879e-006	2.293512e-008	1.649026e-008	1.554415e-006
3.915919957491260e-008	7.832615e-006	3.607519e-006	2.291839e-008	1.647772e-008	1.514341e-006
3.916019957491260e-008	7.832648e-006	3.607422e-006	2.291323e-008	1.647386e-008	1.502238e-006
3.916119957491260e-008	7.832697e-006	3.607338e-006	2.290807e-008	1.647001e-008	1.490415e-006
3.916219957491260e-008	7.832768e-006	3.607277e-006	2.290292e-008	1.646616e-008	1.478998e-006
3.916405671776974e-008	7.832974e-006	3.607236e-006	2.289334e-008	1.645902e-008	1.458938e-006
3.916591386062689e-008	7.833264e-006	3.607277e-006	2.288378e-008	1.645191e-008	1.440164e-006
3.916777100348403e-008	7.833637e-006	3.607398e-006	2.287421e-008	1.644480e-008	1.422678e-006
3.916962814634118e-008	7.834093e-006	3.607601e-006	2.286465e-008	1.643772e-008	1.406480e-006
3.917148528919832e-008	7.834632e-006	3.607885e-006	2.285509e-008	1.643065e-008	1.391568e-006
3.917334243205547e-008	7.835254e-006	3.608249e-006	2.284554e-008	1.642360e-008	1.377944e-006
3.917519957491261e-008	7.835960e-006	3.608694e-006	2.283598e-008	1.641657e-008	1.365607e-006
3.917819957491262e-008	7.837258e-006	3.609568e-006	2.282056e-008	1.640525e-008	1.348192e-006
3.917919957491262e-008	7.837732e-006	3.609898e-006	2.281542e-008	1.640148e-008	1.343033e-006
3.917951688332365e-008	7.837886e-006	3.610007e-006	2.281379e-008	1.640029e-008	1.341471e-006
3.917960710651087e-008	7.837931e-006	3.610039e-006	2.281333e-008	1.639995e-008	1.341035e-006
3.917969505810262e-008	7.837974e-006	3.610070e-006	2.281288e-008	1.639962e-008	1.340593e-006
3.917970501517076e-008	7.837980e-006	3.610074e-006	2.281283e-008	1.639958e-008	1.340541e-006
3.917971097126315e-008	7.837983e-006	3.610076e-006	2.281280e-008	1.639956e-008	1.340510e-006
3.917971685146468e-008	7.837985e-006	3.610078e-006	2.281277e-008	1.639954e-008	1.340481e-006
3.917972363491892e-008	7.837989e-006	3.610081e-006	2.281273e-008	1.639951e-008	1.340447e-006
3.917973070986017e-008	7.837993e-006	3.610083e-006	2.281270e-008	1.639948e-008	1.340411e-006
3.917973770868012e-008	7.837996e-006	3.610085e-006	2.281266e-008	1.639946e-008	1.340376e-006
3.917974457512362e-008	7.837999e-006	3.610088e-006	2.281262e-008	1.639943e-008	1.340342e-006
3.917975144536591e-008	7.838003e-006	3.610090e-006	2.281259e-008	1.639940e-008	1.340307e-006
3.917975832280935e-008	7.838006e-006	3.610093e-006	2.281255e-008	1.639938e-008	1.340272e-006
3.917976541307858e-008	7.838010e-006	3.610095e-006	2.281252e-008	1.639935e-008	1.340237e-006
3.917977388504749e-008	7.838014e-006	3.610098e-006	2.281247e-008	1.639932e-008	1.340194e-006
3.917978336227171e-008	7.838018e-006	3.610101e-006	2.281242e-008	1.639929e-008	1.340146e-006
3.917979474729123e-008	7.838024e-006	3.610105e-006	2.281237e-008	1.639924e-008	1.340088e-006
3.917982438536063e-008	7.838039e-006	3.610116e-006	2.281221e-008	1.639913e-008	1.339938e-006
3.918297552728560e-008	7.839575e-006	3.611195e-006	2.279603e-008	1.638732e-008	1.324068e-006
3.918612666921057e-008	7.841108e-006	3.612266e-006	2.277986e-008	1.637555e-008	1.308402e-006
3.918927781113555e-008	7.842638e-006	3.613327e-006	2.276369e-008	1.636384e-008	1.292941e-006
3.919242895306052e-008	7.844164e-006	3.614379e-006	2.274754e-008	1.635218e-008	1.277683e-006
3.919558009498550e-008	7.845688e-006	3.615421e-006	2.273139e-008	1.634056e-008	1.262630e-006
3.919873123691047e-008	7.847208e-006	3.616454e-006	2.271526e-008	1.632900e-008	1.247781e-006
3.920188237883545e-008	7.848726e-006	3.617478e-006	2.269913e-008	1.631748e-008	1.233135e-006
3.921116809312117e-008	7.853179e-006	3.620441e-006	2.265167e-008	1.628386e-008	1.191233e-006
3.922045380740690e-008	7.857590e-006	3.623317e-006	2.260429e-008	1.625059e-008	1.150807e-006
3.922973952169262e-008	7.861956e-006	3.626106e-006	2.255700e-008	1.621768e-008	1.111856e-006
3.923902523597835e-008	7.866279e-006	3.628808e-006	2.250978e-008	1.618512e-008	1.074381e-006
3.924831095026408e-008	7.870559e-006	3.631423e-006	2.246265e-008	1.615292e-008	1.038382e-006
3.925759666454980e-008	7.874795e-006	3.633951e-006	2.241561e-008	1.612108e-008	1.003859e-006
3.926688237883552e-008	7.878988e-006	3.636393e-006	2.236864e-008	1.608960e-008	9.708112e-007
3.926788237883553e-008	7.879436e-006	3.636650e-006	2.236359e-008	1.608622e-008	9.673142e-007
3.929573952169270e-008	7.891794e-006	3.643344e-006	2.222322e-008	1.599417e-008	8.780316e-007
3.932359666454988e-008	7.903689e-006	3.649225e-006	2.208355e-008	1.590392e-008	7.964502e-007
3.935145380740705e-008	7.915121e-006	3.654293e-006	2.194455e-008	1.581546e-008	7.225702e-007
3.937931095026423e-008	7.926091e-006	3.658548e-006	2.180624e-008	1.572880e-008	6.563914e-007
3.940716809312140e-008	7.936598e-006	3.661989e-006	2.166862e-008	1.564394e-008	5.979140e-007
3.943502523597858e-008	7.946643e-006	3.664618e-006	2.153168e-008	1.556088e-008	5.471378e-007
3.946288237883575e-008	7.956226e-006	3.666433e-006	2.139543e-008	1.547961e-008	5.040629e-007
3.947773952169290e-008	7.961030e-006	3.667132e-006	2.132302e-008	1.543649e-008	4.822050e-007
3.949259666455007e-008	7.965645e-006	3.667648e-006	2.125080e-008	1.539361e-008	4.614903e-007
3.950745380740722e-008	7.970072e-006	3.667979e-006	2.117876e-008	1.535099e-008	4.419188e-007
3.952231095026439e-008	7.974309e-006	3.668127e-006	2.110690e-008	1.530863e-008	4.234904e-007
3.953716809312154e-008	7.978358e-006	3.668091e-006	2.103523e-008	1.526651e-008	4.062053e-007
3.955202523597871e-008	7.982217e-006	3.667871e-006	2.096375e-008	1.522465e-008	3.900633e-007
3.956688237883586e-008	7.985888e-006	3.667468e-006	2.089245e-008	1.518303e-008	3.750645e-007
3.956788237883587e-008	7.986127e-006	3.667435e-006	2.088766e-008	1.518024e-008	3.740765e-007
3.957573952169302e-008	7.987978e-006	3.667154e-006	2.085013e-008	1.515830e-008	3.664746e-007
3.958359666455017e-008	7.989773e-006	3.666828e-006	2.081259e-008	1.513641e-008	3.590987e-007
3.959145380740732e-008	7.991514e-006	3.666458e-006	2.077504e-008	1.511458e-008	3.519488e-007
3.959931095026448e-008	7.993199e-006	3.666044e-006	2.073749e-008	1.509279e-008	3.450248e-007
3.960716809312162e-008	7.994828e-006	3.665586e-006	2.069992e-008	1.507105e-008	3.383268e-007
3.961502523597878e-008	7.996403e-006	3.665084e-006	2.066235e-008	1.504935e-008	3.318548e-007
3.962288237883593e-008	7.997922e-006	3.664538e-006	2.062478e-008	1.502771e-008	3.256088e-007
3.963445380740737e-008	8.000028e-006	3.663664e-006	2.059333e-008	1.499585e-008	3.167924e-007
3.964602523597881e-008	8.002059e-006	3.662694e-006	2.050375e-008	1.496413e-008	3.083433e-007
3.965759666455025e-008	8.004014e-006	3.661628e-006	2.035604e-008	1.493256e-008	3.002616e-007
3.966916809312169e-008	8.005894e-006	3.660466e-006	2.015019e-008	1.490113e-008	2.925473e-007
3.968073952169313e-008	8.007698e-006	3.659208e-006	1.988621e-008	1.486985e-008	2.852003e-007
3.969231095026458e-008	8.009427e-006	3.657855e-006	1.956409e-008	1.483871e-008	2.782207e-007
3.970388237883602e-008	8.011080e-006	3.656405e-006	1.918384e-008	1.480771e-008	2.716085e-007
3.971116809312174e-008	8.012133e-006	3.655434e-006	1.887468e-008	1.478835e-008	2.675852e-007
3.971845380740746e-008	8.013203e-006	3.654418e-006	1.853053e-008	1.476900e-008	2.636718e-007
3.972573952169319e-008	8.014290e-006	3.653357e-006	1.815140e-008	1.474967e-008	2.598683e-007
3.973302523597891e-008	8.015395e-006	3.652250e-006	1.773727e-008	1.473035e-008	2.561745e-007
3.974031095026463e-008	8.016517e-006	3.651097e-006	1.728817e-008	1.471106e-008	2.525907e-007
3.974759666455036e-008	8.017656e-006	3.649899e-006	1.680407e-008	1.469178e-008	2.491167e-007
3.975488237883608e-008	8.018813e-006	3.648656e-006	1.628499e-008	1.467251e-008	2.457525e-007
3.976602523597895e-008	8.020666e-006	3.646654e-006	1.541930e-008	1.464279e-008	2.408076e-007
3.977716809312182e-008	8.022605e-006	3.644552e-006	1.453043e-008	1.461300e-008	2.360584e-007
3.978831095026469e-008	8.024632e-006	3.642349e-006	1.361837e-008	1.458316e-008	2.315048e-007
3.979945380740756e-008	8.026745e-006	3.640047e-006	1.268314e-008	1.455324e-008	2.271469e-007
3.981059666455043e-008	8.028946e-006	3.637644e-006	1.172472e-008	1.452327e-008	2.229845e-007
3.982173952169329e-008	8.031233e-006	3.635141e-006	1.074313e-008	1.449323e-008	2.190178e-007
3.983288237883617e-008	8.033608e-006	3.632539e-006	9.738347e-009	1.446313e-008	2.152468e-007
3.983773952169331e-008	8.034663e-006	3.631381e-006	9.312630e-009	1.445005e-008	2.136468e-007
3.984259666455046e-008	8.035728e-006	3.630209e-006	8.890037e-009	1.443698e-008	2.120760e-007
3.984745380740761e-008	8.036802e-006	3.629023e-006	8.470568e-009	1.442393e-008	2.105345e-007
3.985231095026476e-008	8.037886e-006	3.627823e-006	8.054223e-009	1.441089e-008	2.090221e-007
3.985716809312191e-008	8.038980e-006	3.626609e-006	7.641003e-009	1.439786e-008	2.075390e-007
3.986202523597906e-008	8.040083e-006	3.625381e-006	7.230906e-009	1.438484e-008	2.060850e-007
3.986688237883621e-008	8.041196e-006	3.624139e-006	6.823933e-009	1.437184e-008	2.046603e-007
3.986788237883621e-008	8.041425e-006	3.623882e-006	6.740856e-009	1.436916e-008	2.043701e-007
3.987331095026479e-008	8.042677e-006	3.622476e-006	6.291655e-009	1.435464e-008	2.028161e-007
3.987873952169336e-008	8.043931e-006	3.621056e-006	5.849493e-009	1.434015e-008	2.012934e-007
3.988416809312194e-008	8.045187e-006	3.619624e-006	5.414371e-009	1.432566e-008	1.998017e-007
3.988959666455052e-008	8.046445e-006	3.618179e-006	4.986289e-009	1.431119e-008	1.983413e-007
3.989502523597910e-008	8.047705e-006	3.616721e-006	4.565246e-009	1.429674e-008	1.969119e-007
3.990045380740767e-008	8.048967e-006	3.615249e-006	4.151244e-009	1.428231e-008	1.955137e-007
3.990588237883625e-008	8.050230e-006	3.613765e-006	3.744281e-009	1.426788e-008	1.941467e-007
3.993288237883628e-008	8.056414e-006	3.606243e-006	1.867726e-009	1.419636e-008	1.877522e-007
3.993388237883628e-008	8.056639e-006	3.605960e-006	1.801971e-009	1.419371e-008	1.875278e-007
3.993416305316533e-008	8.056702e-006	3.605881e-006	1.788349e-009	1.419297e-008	1.874650e-007
3.993426620255077e-008	8.056725e-006	3.605852e-006	1.785603e-009	1.419270e-008	1.874419e-007
3.993434149511862e-008	8.056742e-006	3.605830e-006	1.781205e-009	1.419250e-008	1.874251e-007
3.993442186366501e-008	8.056760e-006	3.605808e-006	1.776740e-009	1.419229e-008	1.874072e-007
3.993443602509158e-008	8.056763e-006	3.605804e-006	1.775666e-009	1.419225e-008	1.874040e-007
3.996373053483102e-008	8.063346e-006	3.597340e-006	9.734511e-011	1.411491e-008	1.813767e-007
3.999302504457047e-008	8.069114e-006	3.588831e-006	-1.571525e-009	1.403785e-008	1.758353e-007
4.002231955430991e-008	8.074067e-006	3.580278e-006	-3.230945e-009	1.396108e-008	1.707798e-007
4.005161406404935e-008	8.078206e-006	3.571679e-006	-4.880914e-009	1.388460e-008	1.662103e-007
4.008090857378880e-008	8.081531e-006	3.563035e-006	-6.521432e-009	1.380839e-008	1.621268e-007
4.011020308352824e-008	8.084041e-006	3.554345e-006	-8.152500e-009	1.373247e-008	1.585292e-007
4.013949759326769e-008	8.085737e-006	3.545611e-006	-9.774118e-009	1.365684e-008	1.554175e-007
4.014049759326769e-008	8.085774e-006	3.545315e-006	-9.829489e-009	1.365426e-008	1.553121e-007
4.015435473612485e-008	8.086158e-006	3.541212e-006	-1.059594e-008	1.361853e-008	1.538960e-007
4.016821187898201e-008	8.086343e-006	3.537107e-006	-1.136155e-008	1.358286e-008	1.525362e-007
4.018206902183916e-008	8.086328e-006	3.533002e-006	-1.212632e-008	1.354724e-008	1.512326e-007
4.019592616469633e-008	8.086115e-006	3.528895e-006	-1.289025e-008	1.351169e-008	1.499853e-007
4.020978330755348e-008	8.085701e-006	3.524788e-006	-1.365333e-008	1.347620e-008	1.487943e-007
4.022364045041064e-008	8.085089e-006	3.520679e-006	-1.441558e-008	1.344076e-008	1.476595e-007
4.023749759326780e-008	8.084276e-006	3.516569e-006	-1.517698e-008	1.340539e-008	1.465810e-007
4.023978330755352e-008	8.084126e-006	3.515891e-006	-1.530272e-008	1.339956e-008	1.464062e-007
4.024206902183923e-008	8.083971e-006	3.515212e-006	-1.542976e-008	1.339373e-008	1.462327e-007
4.024435473612495e-008	8.083810e-006	3.514533e-006	-1.555808e-008	1.338791e-008	1.460604e-007
4.024664045041067e-008	8.083645e-006	3.513855e-006	-1.568769e-008	1.338208e-008	1.458893e-007
4.024892616469639e-008	8.083474e-006	3.513176e-006	-1.581859e-008	1.337626e-008	1.457194e-007
4.025121187898210e-008	8.083298e-006	3.512497e-006	-1.595078e-008	1.337044e-008	1.455507e-007
4.025349759326782e-008	8.083118e-006	3.511818e-006	-1.608425e-008	1.336462e-008	1.453831e-007
4.025749759326782e-008	8.082790e-006	3.510629e-006	-1.632337e-008	1.335444e-008	1.450929e-007
4.026149759326783e-008	8.082448e-006	3.509440e-006	-1.656566e-008	1.334427e-008	1.448060e-007
4.026549759326783e-008	8.082091e-006	3.508250e-006	-1.681111e-008	1.333410e-008	1.445224e-007
4.026949759326784e-008	8.081720e-006	3.507060e-006	-1.705973e-008	1.332394e-008	1.442423e-007
4.027349759326784e-008	8.081333e-006	3.505870e-006	-1.731151e-008	1.331378e-008	1.439654e-007
4.027749759326785e-008	8.080932e-006	3.504679e-006	-1.756647e-008	1.330363e-008	1.436920e-007
4.028149759326785e-008	8.080516e-006	3.503488e-006	-1.782458e-008	1.329349e-008	1.434219e-007
4.028764045041072e-008	8.079849e-006	3.501657e-006	-1.822301e-008	1.327791e-008	1.430134e-007
4.029378330755358e-008	8.079151e-006	3.499825e-006	-1.862731e-008	1.326236e-008	1.426118e-007
4.029992616469644e-008	8.078420e-006	3.497992e-006	-1.903750e-008	1.324681e-008	1.422171e-007
4.030606902183930e-008	8.077658e-006	3.496157e-006	-1.945357e-008	1.323127e-008	1.418292e-007
4.031221187898217e-008	8.076863e-006	3.494321e-006	-1.987552e-008	1.321575e-008	1.414481e-007
4.031835473612503e-008	8.076036e-006	3.492483e-006	-2.030335e-008	1.320025e-008	1.410738e-007
4.032449759326790e-008	8.075178e-006	3.490643e-006	-2.073706e-008	1.318475e-008	1.407064e-007
4.032692616469648e-008	8.074831e-006	3.489916e-006	-2.091025e-008	1.317863e-008	1.405627e-007
4.032935473612504e-008	8.074479e-006	3.489188e-006	-2.108428e-008	1.317251e-008	1.404200e-007
4.033178330755362e-008	8.074122e-006	3.488459e-006	-2.125916e-008	1.316639e-008	1.402782e-007
4.033421187898220e-008	8.073761e-006	3.487731e-006	-2.143489e-008	1.316027e-008	1.401373e-007
4.033664045041077e-008	8.073395e-006	3.487002e-006	-2.161146e-008	1.315416e-008	1.399974e-007
4.033906902183934e-008	8.073024e-006	3.486273e-006	-2.178888e-008	1.314804e-008	1.398585e-007
4.034149759326792e-008	8.072649e-006	3.485544e-006	-2.196715e-008	1.314193e-008	1.397204e-007
4.034449759326792e-008	8.072179e-006	3.484642e-006	-2.218771e-008	1.313439e-008	1.395512e-007
4.034749759326793e-008	8.071703e-006	3.483740e-006	-2.240809e-008	1.312684e-008	1.393833e-007
4.035049759326793e-008	8.071219e-006	3.482838e-006	-2.262762e-008	1.311930e-008	1.392167e-007
4.035221187898222e-008	8.070940e-006	3.482322e-006	-2.275255e-008	1.311500e-008	1.391222e-007
4.035392616469651e-008	8.070658e-006	3.481806e-006	-2.287685e-008	1.311069e-008	1.390280e-007
4.035564045041079e-008	8.070375e-006	3.481290e-006	-2.300052e-008	1.310639e-008	1.389343e-007
4.035735473612508e-008	8.070089e-006	3.480773e-006	-2.312356e-008	1.310208e-008	1.388410e-007
4.035906902183937e-008	8.069801e-006	3.480257e-006	-2.324597e-008	1.309778e-008	1.387482e-007
4.036078330755365e-008	8.069511e-006	3.479740e-006	-2.336775e-008	1.309348e-008	1.386558e-007
4.036249759326794e-008	8.069218e-006	3.479224e-006	-2.348890e-008	1.308918e-008	1.385637e-007
4.036678330755366e-008	8.068478e-006	3.477931e-006	-2.378756e-008	1.307843e-008	1.383356e-007
4.037106902183938e-008	8.067724e-006	3.476637e-006	-2.408405e-008	1.306769e-008	1.381100e-007
4.037535473612510e-008	8.066958e-006	3.475342e-006	-2.437836e-008	1.305695e-008	1.378868e-007
4.037964045041082e-008	8.066179e-006	3.474046e-006	-2.467051e-008	1.304622e-008	1.376660e-007
4.038392616469654e-008	8.065387e-006	3.472749e-006	-2.496049e-008	1.303550e-008	1.374476e-007
4.038821187898226e-008	8.064582e-006	3.471450e-006	-2.524829e-008	1.302478e-008	1.372317e-007
4.039249759326798e-008	8.063765e-006	3.470151e-006	-2.553393e-008	1.301407e-008	1.370183e-007
4.039921187898227e-008	8.062458e-006	3.468113e-006	-2.598124e-008	1.299730e-008	1.366886e-007
4.040592616469656e-008	8.061124e-006	3.466072e-006	-2.642782e-008	1.298055e-008	1.363641e-007
4.041264045041086e-008	8.059762e-006	3.464028e-006	-2.687366e-008	1.296381e-008	1.360448e-007
4.041935473612515e-008	8.058371e-006	3.461981e-006	-2.731877e-008	1.294709e-008	1.357305e-007
4.042606902183944e-008	8.056953e-006	3.459930e-006	-2.776314e-008	1.293038e-008	1.354213e-007
4.043278330755374e-008	8.055506e-006	3.457877e-006	-2.820678e-008	1.291369e-008	1.351173e-007
4.043949759326803e-008	8.054031e-006	3.455820e-006	-2.864968e-008	1.289702e-008	1.348184e-007
4.044049759326803e-008	8.053809e-006	3.455514e-006	-2.871565e-008	1.289454e-008	1.347742e-007
4.046235473612520e-008	8.062911e-006	3.444002e-006	-3.015360e-008	1.284053e-008	1.338845e-007
4.048421187898237e-008	8.075940e-006	3.431812e-006	-3.159007e-008	1.278629e-008	1.330381e-007
4.050606902183953e-008	8.092896e-006	3.418945e-006	-3.302508e-008	1.273183e-008	1.322350e-007
4.052792616469670e-008	8.113779e-006	3.405399e-006	-3.445862e-008	1.267715e-008	1.314752e-007
4.054978330755387e-008	8.138589e-006	3.391176e-006	-3.589069e-008	1.262225e-008	1.307588e-007
4.057164045041104e-008	8.167325e-006	3.376275e-006	-3.732129e-008	1.256711e-008	1.300858e-007
4.059349759326820e-008	8.199989e-006	3.360696e-006	-3.875043e-008	1.251176e-008	1.294560e-007
4.059621187898249e-008	8.201810e-006	3.359435e-006	-3.892831e-008	1.250492e-008	1.293729e-007
4.059892616469678e-008	8.203577e-006	3.358191e-006	-3.910596e-008	1.249808e-008	1.292900e-007
4.060164045041107e-008	8.205291e-006	3.356965e-006	-3.928338e-008	1.249124e-008	1.292073e-007
4.060435473612536e-008	8.206951e-006	3.355757e-006	-3.946057e-008	1.248441e-008	1.291249e-007
4.060706902183965e-008	8.208558e-006	3.354567e-006	-3.963754e-008	1.247758e-008	1.290427e-007
4.060978330755394e-008	8.210112e-006	3.353394e-006	-3.981429e-008	1.247076e-008	1.289607e-007
4.061249759326823e-008	8.211612e-006	3.352239e-006	-3.999080e-008	1.246393e-008	1.288790e-007
4.063064045041111e-008	8.219888e-006	3.345112e-006	-4.116565e-008	1.241839e-008	1.283402e-007
4.064878330755398e-008	8.226906e-006	3.338323e-006	-4.233486e-008	1.237306e-008	1.278110e-007
4.066692616469686e-008	8.232666e-006	3.331870e-006	-4.349844e-008	1.232794e-008	1.272917e-007
4.068506902183973e-008	8.237167e-006	3.325755e-006	-4.465638e-008	1.228303e-008	1.267821e-007
4.070321187898262e-008	8.240410e-006	3.319976e-006	-4.580869e-008	1.223832e-008	1.262823e-007
4.072135473612549e-008	8.242394e-006	3.314535e-006	-4.695537e-008	1.219383e-008	1.257922e-007
4.073949759326837e-008	8.243121e-006	3.309430e-006	-4.809641e-008	1.214954e-008	1.253119e-007
4.074049759326837e-008	8.243168e-006	3.309142e-006	-4.815920e-008	1.214711e-008	1.252857e-007
4.078321187898271e-008	8.241281e-006	3.297929e-006	-5.082282e-008	1.204386e-008	1.241924e-007
4.082592616469704e-008	8.235633e-006	3.287104e-006	-5.347066e-008	1.194176e-008	1.231273e-007
4.086864045041138e-008	8.226224e-006	3.276667e-006	-5.610275e-008	1.184079e-008	1.220905e-007
4.091135473612570e-008	8.213055e-006	3.266619e-006	-5.871907e-008	1.174097e-008	1.210818e-007
4.095406902184004e-008	8.196125e-006	3.256959e-006	-6.131963e-008	1.164228e-008	1.201013e-007
4.099678330755437e-008	8.175434e-006	3.247688e-006	-6.390443e-008	1.154474e-008	1.191491e-007
4.103949759326871e-008	8.150982e-006	3.238805e-006	-6.647346e-008	1.144834e-008	1.182250e-007
4.104049759326871e-008	8.150442e-006	3.238577e-006	-6.653363e-008	1.144609e-008	1.182036e-007
4.108321187898305e-008	8.126209e-006	3.228670e-006	-6.909669e-008	1.135056e-008	1.173020e-007
4.112592616469738e-008	8.101796e-006	3.218338e-006	-7.165552e-008	1.125569e-008	1.164177e-007
4.116864045041172e-008	8.077205e-006	3.207581e-006	-7.421013e-008	1.116145e-008	1.155508e-007
4.121135473612604e-008	8.052435e-006	3.196401e-006	-7.676050e-008	1.106786e-008	1.147011e-007
4.125406902184038e-008	8.027486e-006	3.184796e-006	-7.930665e-008	1.097492e-008	1.138688e-007
4.129678330755472e-008	8.002359e-006	3.172766e-006	-8.184856e-008	1.088262e-008	1.130538e-007
4.133949759326905e-008	7.977053e-006	3.160312e-006	-8.438624e-008	1.079097e-008	1.122561e-007
4.134049759326905e-008	7.976476e-006	3.160017e-006	-8.444569e-008	1.078882e-008	1.122375e-007
4.138321187898339e-008	7.951958e-006	3.147136e-006	-8.698359e-008	1.069758e-008	1.114519e-007
4.142592616469772e-008	7.927947e-006	3.134027e-006	-8.952221e-008	1.060680e-008	1.106766e-007
4.146864045041206e-008	7.904444e-006	3.120689e-006	-9.206156e-008	1.051650e-008	1.099116e-007
4.151135473612639e-008	7.881448e-006	3.107124e-006	-9.460162e-008	1.042667e-008	1.091569e-007
4.155406902184072e-008	7.858960e-006	3.093330e-006	-9.714242e-008	1.033731e-008	1.084125e-007
4.159678330755506e-008	7.836980e-006	3.079308e-006	-9.968393e-008	1.024842e-008	1.076783e-007
4.163949759326939e-008	7.815507e-006	3.065057e-006	-1.022262e-007	1.016000e-008	1.069545e-007
4.164049759326939e-008	7.815011e-006	3.064724e-006	-1.022857e-007	1.015794e-008	1.069376e-007
4.194049759326973e-008	7.678622e-006	2.963423e-006	-1.202145e-007	9.550842e-009	1.020489e-007
4.224049759327007e-008	7.561955e-006	2.863213e-006	-1.382862e-007	8.969869e-009	9.744863e-008
4.228321187898441e-008	7.546569e-006	2.849230e-006	-1.408717e-007	8.889390e-009	9.681357e-008
4.232592616469874e-008	7.531386e-006	2.835338e-006	-1.434601e-007	8.809480e-009	9.618290e-008
4.236864045041308e-008	7.516407e-006	2.821538e-006	-1.460513e-007	8.730140e-009	9.555663e-008
4.241135473612741e-008	7.501631e-006	2.807829e-006	-1.486455e-007	8.651370e-009	9.493476e-008
4.245406902184174e-008	7.487058e-006	2.794212e-006	-1.512425e-007	8.573169e-009	9.431729e-008
4.249678330755608e-008	7.472689e-006	2.780686e-006	-1.538424e-007	8.495538e-009	9.370421e-008
4.253949759327041e-008	7.458523e-006	2.767251e-006	-1.564452e-007	8.418477e-009	9.309553e-008
4.254049759327041e-008	7.458193e-006	2.766938e-006	-1.565062e-007	8.416680e-009	9.308133e-008
4.258321187898475e-008	7.444176e-006	2.753604e-006	-1.591118e-007	8.340206e-009	9.247686e-008
4.262592616469908e-008	7.430282e-006	2.740362e-006	-1.617199e-007	8.264293e-009	9.187643e-008
4.266864045041342e-008	7.416512e-006	2.727213e-006	-1.643303e-007	8.188941e-009	9.128005e-008
4.271135473612775e-008	7.402865e-006	2.714157e-006	-1.669432e-007	8.114150e-009	9.068770e-008
4.275406902184208e-008	7.389340e-006	2.701193e-006	-1.695585e-007	8.039919e-009	9.009939e-008
4.279678330755642e-008	7.375939e-006	2.688321e-006	-1.721763e-007	7.966250e-009	8.951513e-008
4.283949759327075e-008	7.362661e-006	2.675542e-006	-1.747964e-007	7.893141e-009	8.893490e-008
4.284049759327075e-008	7.362351e-006	2.675244e-006	-1.748578e-007	7.891436e-009	8.892136e-008
4.314049759327109e-008	7.271312e-006	2.587935e-006	-1.933147e-007	7.393342e-009	8.495497e-008
4.318321187898543e-008	7.258629e-006	2.575840e-006	-1.959498e-007	7.324573e-009	8.440545e-008
4.322592616469976e-008	7.245992e-006	2.563822e-006	-1.985860e-007	7.256316e-009	8.385957e-008
4.326864045041410e-008	7.233403e-006	2.551880e-006	-2.012235e-007	7.188572e-009	8.331733e-008
4.331135473612843e-008	7.220861e-006	2.540015e-006	-2.038622e-007	7.121340e-009	8.277873e-008
4.335406902184276e-008	7.208365e-006	2.528226e-006	-2.065021e-007	7.054621e-009	8.224377e-008
4.339678330755710e-008	7.195917e-006	2.516513e-006	-2.091433e-007	6.988415e-009	8.171245e-008
4.343949759327143e-008	7.183516e-006	2.504877e-006	-2.117858e-007	6.922722e-009	8.118477e-008
4.344049759327143e-008	7.183226e-006	2.504606e-006	-2.118476e-007	6.921189e-009	8.117246e-008
4.374049759327177e-008	7.097082e-006	2.424848e-006	-2.304267e-007	6.473670e-009	7.756555e-008
4.377278330755752e-008	7.088013e-006	2.416427e-006	-2.324240e-007	6.426925e-009	7.718785e-008
4.380506902184327e-008	7.078993e-006	2.408037e-006	-2.344244e-007	6.380442e-009	7.681212e-008
4.383735473612902e-008	7.070022e-006	2.399678e-006	-2.364279e-007	6.334221e-009	7.643836e-008
4.386964045041478e-008	7.061099e-006	2.391350e-006	-2.384345e-007	6.288261e-009	7.606656e-008
4.390192616470053e-008	7.052225e-006	2.383053e-006	-2.404442e-007	6.242563e-009	7.569673e-008
4.393421187898628e-008	7.043400e-006	2.374787e-006	-2.424571e-007	6.197127e-009	7.532886e-008
4.396649759327203e-008	7.034624e-006	2.366552e-006	-2.444730e-007	6.151952e-009	7.496296e-008
4.404049759327211e-008	7.014383e-006	2.347881e-006	-2.491159e-007	6.049379e-009	7.413065e-008
4.408321187898645e-008	7.002648e-006	2.337224e-006	-2.518007e-007	5.990799e-009	7.365440e-008
4.412592616470078e-008	6.990906e-006	2.326633e-006	-2.544841e-007	5.932659e-009	7.318123e-008
4.416864045041512e-008	6.979155e-006	2.316108e-006	-2.571660e-007	5.874959e-009	7.271114e-008
4.421135473612945e-008	6.967395e-006	2.305649e-006	-2.598466e-007	5.817699e-009	7.224414e-008
4.425406902184378e-008	6.955628e-006	2.295256e-006	-2.625257e-007	5.760879e-009	7.178022e-008
4.429678330755812e-008	6.943853e-006	2.284928e-006	-2.652034e-007	5.704499e-009	7.131939e-008
4.433949759327245e-008	6.932069e-006	2.274667e-006	-2.678796e-007	5.648560e-009	7.086164e-008
4.434049759327245e-008	6.931794e-006	2.274427e-006	-2.679423e-007	5.647255e-009	7.085096e-008
4.464049759327279e-008	6.867658e-006	2.197822e-006	-2.867174e-007	5.266181e-009	6.777231e-008
4.466106902184424e-008	6.904440e-006	2.178113e-006	-2.880005e-007	5.241058e-009	6.768939e-008
4.468164045041570e-008	6.973427e-006	2.150347e-006	-2.892852e-007	5.214260e-009	6.768370e-008
4.470221187898715e-008	7.074620e-006	2.114523e-006	-2.905715e-007	5.185785e-009	6.775525e-008
4.472278330755860e-008	7.208017e-006	2.070642e-006	-2.918593e-007	5.155634e-009	6.790403e-008
4.474335473613005e-008	7.373621e-006	2.018703e-006	-2.931487e-007	5.123807e-009	6.813005e-008
4.476392616470151e-008	7.571429e-006	1.958706e-006	-2.944397e-007	5.090304e-009	6.843330e-008
4.478449759327296e-008	7.801443e-006	1.890652e-006	-2.957322e-007	5.055125e-009	6.881379e-008
4.480664045041584e-008	8.053945e-006	1.822089e-006	-2.971284e-007	5.013329e-009	6.919613e-008
4.482878330755872e-008	8.295010e-006	1.760178e-006	-2.985267e-007	4.970844e-009	6.952492e-008
4.485092616470161e-008	8.524636e-006	1.704918e-006	-2.999271e-007	4.927670e-009	6.980015e-008
4.487306902184448e-008	8.742824e-006	1.656309e-006	-3.013296e-007	4.883807e-009	7.002183e-008
4.489521187898737e-008	8.949574e-006	1.614351e-006	-3.027342e-007	4.839255e-009	7.018995e-008
4.491735473613025e-008	9.144886e-006	1.579045e-006	-3.041409e-007	4.794014e-009	7.030452e-008
4.493949759327313e-008	9.328760e-006	1.550390e-006	-3.055496e-007	4.748083e-009	7.036554e-008
4.494049759327313e-008	9.336341e-006	1.549311e-006	-3.056132e-007	4.746080e-009	7.036630e-008
4.497406902184460e-008	9.565404e-006	1.524505e-006	-3.077506e-007	4.679445e-009	7.029442e-008
4.500764045041607e-008	9.771468e-006	1.506678e-006	-3.098860e-007	4.616248e-009	7.015875e-008
4.504121187898753e-008	9.954534e-006	1.495829e-006	-3.120195e-007	4.556488e-009	6.995930e-008
4.507478330755900e-008	1.011460e-005	1.491957e-006	-3.141512e-007	4.500166e-009	6.969606e-008
4.510835473613046e-008	1.025167e-005	1.495064e-006	-3.162809e-007	4.447281e-009	6.936903e-008
4.514192616470194e-008	1.036574e-005	1.505149e-006	-3.184087e-007	4.397834e-009	6.897821e-008
4.517549759327340e-008	1.045681e-005	1.522211e-006	-3.205347e-007	4.351825e-009	6.852361e-008
4.524049759327347e-008	1.061475e-005	1.551671e-006	-3.246373e-007	4.272055e-009	6.765812e-008
4.526878330755922e-008	1.070815e-005	1.553945e-006	-3.264180e-007	4.240141e-009	6.736723e-008
4.529706902184496e-008	1.079208e-005	1.558241e-006	-3.281958e-007	4.209263e-009	6.705867e-008
4.532535473613071e-008	1.086652e-005	1.564558e-006	-3.299705e-007	4.179420e-009	6.673245e-008
4.535364045041646e-008	1.093149e-005	1.572896e-006	-3.317423e-007	4.150613e-009	6.638856e-008
4.538192616470221e-008	1.098698e-005	1.583256e-006	-3.335111e-007	4.122842e-009	6.602700e-008
4.541021187898795e-008	1.103298e-005	1.595638e-006	-3.352770e-007	4.096106e-009	6.564778e-008
4.543849759327370e-008	1.106951e-005	1.610041e-006	-3.370398e-007	4.070407e-009	6.525089e-008
4.544178330755942e-008	1.107305e-005	1.611762e-006	-3.372449e-007	4.067526e-009	6.520411e-008
4.544506902184513e-008	1.107650e-005	1.613487e-006	-3.374518e-007	4.064660e-009	6.515728e-008
4.544835473613085e-008	1.107988e-005	1.615216e-006	-3.376604e-007	4.061809e-009	6.511040e-008
4.545164045041657e-008	1.108317e-005	1.616947e-006	-3.378709e-007	4.058973e-009	6.506346e-008
4.545492616470229e-008	1.108639e-005	1.618682e-006	-3.380831e-007	4.056151e-009	6.501647e-008
4.545821187898801e-008	1.108952e-005	1.620420e-006	-3.382972e-007	4.053345e-009	6.496943e-008
4.546149759327372e-008	1.109257e-005	1.622161e-006	-3.385130e-007	4.050553e-009	6.492234e-008
4.546664045041659e-008	1.109718e-005	1.624892e-006	-3.388542e-007	4.046212e-009	6.484854e-008
4.547178330755945e-008	1.110162e-005	1.627622e-006	-3.392001e-007	4.041905e-009	6.477469e-008
4.547692616470231e-008	1.110589e-005	1.630351e-006	-3.395509e-007	4.037629e-009	6.470078e-008
4.548206902184517e-008	1.110998e-005	1.633081e-006	-3.399065e-007	4.033387e-009	6.462682e-008
4.548721187898804e-008	1.111390e-005	1.635809e-006	-3.402669e-007	4.029177e-009	6.455281e-008
4.549235473613090e-008	1.111764e-005	1.638538e-006	-3.406322e-007	4.024999e-009	6.447873e-008
4.549749759327376e-008	1.112121e-005	1.641266e-006	-3.410022e-007	4.020854e-009	6.440461e-008
4.550078330755948e-008	1.112340e-005	1.643005e-006	-3.412422e-007	4.018221e-009	6.435726e-008
4.550406902184520e-008	1.112554e-005	1.644741e-006	-3.414814e-007	4.015600e-009	6.430990e-008
4.550735473613092e-008	1.112762e-005	1.646475e-006	-3.417201e-007	4.012991e-009	6.426255e-008
4.551064045041664e-008	1.112963e-005	1.648205e-006	-3.419581e-007	4.010394e-009	6.421520e-008
4.551392616470236e-008	1.113158e-005	1.649933e-006	-3.421954e-007	4.007808e-009	6.416785e-008
4.551721187898807e-008	1.113346e-005	1.651658e-006	-3.424321e-007	4.005234e-009	6.412050e-008
4.552049759327379e-008	1.113529e-005	1.653379e-006	-3.426681e-007	4.002672e-009	6.407316e-008
4.552321187898808e-008	1.113675e-005	1.654799e-006	-3.428610e-007	4.000564e-009	6.403405e-008
4.552592616470237e-008	1.113818e-005	1.656215e-006	-3.430531e-007	3.998463e-009	6.399496e-008
4.552864045041666e-008	1.113956e-005	1.657628e-006	-3.432444e-007	3.996369e-009	6.395588e-008
4.553135473613094e-008	1.114091e-005	1.659038e-006	-3.434351e-007	3.994283e-009	6.391681e-008
4.553406902184523e-008	1.114222e-005	1.660445e-006	-3.436250e-007	3.992203e-009	6.387775e-008
4.553678330755952e-008	1.114349e-005	1.661849e-006	-3.438141e-007	3.990131e-009	6.383870e-008
4.553949759327381e-008	1.114472e-005	1.663250e-006	-3.440026e-007	3.988067e-009	6.379967e-008
4.554049759327381e-008	1.114517e-005	1.663765e-006	-3.440720e-007	3.987308e-009	6.378529e-008
4.555435473613097e-008	1.115116e-005	1.670735e-006	-3.450265e-007	3.976904e-009	6.358714e-008
4.556821187898813e-008	1.115597e-005	1.677698e-006	-3.459770e-007	3.966646e-009	6.338887e-008
4.558206902184529e-008	1.115961e-005	1.684654e-006	-3.469234e-007	3.956532e-009	6.319046e-008
4.559592616470245e-008	1.116207e-005	1.691603e-006	-3.478656e-007	3.946564e-009	6.299193e-008
4.560978330755961e-008	1.116336e-005	1.698545e-006	-3.488038e-007	3.936741e-009	6.279328e-008
4.562364045041677e-008	1.116348e-005	1.705481e-006	-3.497378e-007	3.927063e-009	6.259449e-008
4.563749759327392e-008	1.116242e-005	1.712409e-006	-3.506677e-007	3.917530e-009	6.239559e-008
4.565449759327394e-008	1.115949e-005	1.720888e-006	-3.518057e-007	3.906016e-009	6.215044e-008
4.567149759327396e-008	1.115538e-005	1.729193e-006	-3.529413e-007	3.894631e-009	6.190644e-008
4.568849759327398e-008	1.115009e-005	1.737323e-006	-3.540745e-007	3.883376e-009	6.166358e-008
4.570549759327400e-008	1.114360e-005	1.745278e-006	-3.552053e-007	3.872251e-009	6.142186e-008
4.572249759327402e-008	1.113593e-005	1.753059e-006	-3.563337e-007	3.861256e-009	6.118129e-008
4.573949759327404e-008	1.112707e-005	1.760665e-006	-3.574597e-007	3.850391e-009	6.094185e-008
4.575649759327406e-008	1.111703e-005	1.768097e-006	-3.585833e-007	3.839656e-009	6.070356e-008
4.584049759327415e-008	1.105664e-005	1.800962e-006	-3.640765e-007	3.787338e-009	5.955729e-008
4.588321187898849e-008	1.101874e-005	1.815067e-006	-3.668303e-007	3.761226e-009	5.899495e-008
4.592592616470282e-008	1.097902e-005	1.827594e-006	-3.695670e-007	3.734823e-009	5.844681e-008
4.596864045041716e-008	1.093748e-005	1.838543e-006	-3.722865e-007	3.708128e-009	5.791286e-008
4.601135473613149e-008	1.089412e-005	1.847914e-006	-3.749889e-007	3.681142e-009	5.739309e-008
4.605406902184582e-008	1.084894e-005	1.855707e-006	-3.776741e-007	3.653865e-009	5.688751e-008
4.609678330756016e-008	1.080194e-005	1.861922e-006	-3.803421e-007	3.626297e-009	5.639613e-008
4.613949759327449e-008	1.075313e-005	1.866559e-006	-3.829930e-007	3.598437e-009	5.591893e-008
4.614049759327449e-008	1.075200e-005	1.866656e-006	-3.830550e-007	3.597775e-009	5.590790e-008
4.618321187898883e-008	1.070318e-005	1.869934e-006	-3.856946e-007	3.569212e-009	5.544437e-008
4.622592616470316e-008	1.065421e-005	1.872263e-006	-3.883242e-007	3.540203e-009	5.499108e-008
4.626864045041750e-008	1.060509e-005	1.873642e-006	-3.909437e-007	3.510748e-009	5.454803e-008
4.631135473613183e-008	1.055583e-005	1.874072e-006	-3.935531e-007	3.480846e-009	5.411522e-008
4.635406902184616e-008	1.050641e-005	1.873552e-006	-3.961524e-007	3.450498e-009	5.369265e-008
4.639678330756050e-008	1.045685e-005	1.872083e-006	-3.987416e-007	3.419704e-009	5.328031e-008
4.643949759327483e-008	1.040713e-005	1.869665e-006	-4.013208e-007	3.388464e-009	5.287822e-008
4.644049759327483e-008	1.040597e-005	1.869606e-006	-4.013811e-007	3.387730e-009	5.286887e-008
4.674049759327517e-008	1.006440e-005	1.839130e-006	-4.192931e-007	3.160838e-009	5.023335e-008
4.704049759327551e-008	9.737036e-006	1.794257e-006	-4.368913e-007	2.928671e-009	4.784872e-008
4.734049759327585e-008	9.424279e-006	1.744502e-006	-4.542146e-007	2.700043e-009	4.563095e-008
4.764049759327619e-008	9.124564e-006	1.694044e-006	-4.712750e-007	2.479782e-009	4.353813e-008
4.794049759327654e-008	8.836299e-006	1.644531e-006	-4.880730e-007	2.269982e-009	4.154967e-008
4.824049759327688e-008	8.558254e-006	1.596511e-006	-5.046044e-007	2.071256e-009	3.965483e-008
4.854049759327722e-008	8.289553e-006	1.550096e-006	-5.208632e-007	1.883516e-009	3.784713e-008
4.876949759327748e-008	8.090334e-006	1.515725e-006	-5.330876e-007	1.747371e-009	3.652297e-008
4.877049759327748e-008	8.089474e-006	1.515577e-006	-5.331406e-007	1.746363e-009	3.651729e-008
4.877077826760652e-008	8.089233e-006	1.515536e-006	-5.331555e-007	1.750185e-009	3.651570e-008
4.877088141699197e-008	8.089145e-006	1.515520e-006	-5.331610e-007	1.754143e-009	3.651511e-008
4.877095670955982e-008	8.089080e-006	1.515509e-006	-5.331650e-007	1.755096e-009	3.651468e-008
4.877103707810620e-008	8.089011e-006	1.515497e-006	-5.331693e-007	1.755512e-009	3.651423e-008
4.877105123953277e-008	8.088999e-006	1.515495e-006	-5.331700e-007	1.755497e-009	3.651415e-008
4.881311112980781e-008	8.052946e-006	1.509281e-006	-5.353983e-007	2.037306e-009	3.627607e-008
4.911311112980815e-008	7.814827e-006	1.462214e-006	-5.511360e-007	3.915790e-009	3.465487e-008
4.941311112980849e-008	7.578109e-006	1.420592e-006	-5.665833e-007	5.575315e-009	3.307733e-008
4.943768255837995e-008	7.558806e-006	1.417298e-006	-5.678353e-007	5.702065e-009	3.295083e-008
4.946225398695141e-008	7.539503e-006	1.414021e-006	-5.690855e-007	5.827487e-009	3.282470e-008
4.948682541552286e-008	7.520200e-006	1.410761e-006	-5.703337e-007	5.951580e-009	3.269896e-008
4.951139684409432e-008	7.500899e-006	1.407520e-006	-5.715800e-007	6.074345e-009	3.257360e-008
4.953596827266577e-008	7.481597e-006	1.404296e-006	-5.728245e-007	6.195783e-009	3.244862e-008
4.956053970123723e-008	7.462297e-006	1.401089e-006	-5.740669e-007	6.315892e-009	3.232402e-008
4.958511112980869e-008	7.442997e-006	1.397900e-006	-5.753075e-007	6.434673e-009	3.219980e-008
4.959725398695156e-008	7.433435e-006	1.396337e-006	-5.759029e-007	6.492900e-009	3.213850e-008
4.960939684409443e-008	7.423896e-006	1.394770e-006	-5.765409e-007	6.550813e-009	3.207735e-008
4.962153970123730e-008	7.414380e-006	1.393198e-006	-5.772217e-007	6.608411e-009	3.201637e-008
4.963368255838017e-008	7.404887e-006	1.391622e-006	-5.779451e-007	6.665695e-009	3.195554e-008
4.964582541552304e-008	7.395418e-006	1.390042e-006	-5.787113e-007	6.722664e-009	3.189488e-008
4.965796827266591e-008	7.385972e-006	1.388458e-006	-5.795201e-007	6.779319e-009	3.183437e-008
4.967011112980879e-008	7.376549e-006	1.386870e-006	-5.803716e-007	6.835659e-009	3.177403e-008
4.971311112980883e-008	7.343841e-006	1.381063e-006	-5.840402e-007	7.032668e-009	3.156288e-008
4.972953970123743e-008	7.331665e-006	1.378753e-006	-5.857036e-007	7.106905e-009	3.148340e-008
4.974596827266601e-008	7.319662e-006	1.376406e-006	-5.874246e-007	7.180572e-009	3.140448e-008
4.976239684409460e-008	7.307832e-006	1.374021e-006	-5.892033e-007	7.253669e-009	3.132614e-008
4.977882541552320e-008	7.296175e-006	1.371600e-006	-5.910397e-007	7.326194e-009	3.124837e-008
4.979525398695179e-008	7.284690e-006	1.369142e-006	-5.929338e-007	7.398149e-009	3.117116e-008
4.981168255838037e-008	7.273379e-006	1.366648e-006	-5.948855e-007	7.469533e-009	3.109452e-008
4.982811112980896e-008	7.262240e-006	1.364116e-006	-5.968949e-007	7.540347e-009	3.101846e-008
4.984025398695184e-008	7.254080e-006	1.362241e-006	-5.983715e-007	7.592321e-009	3.096244e-008
4.985239684409471e-008	7.245952e-006	1.360371e-006	-5.998439e-007	7.643989e-009	3.090653e-008
4.986453970123758e-008	7.237854e-006	1.358507e-006	-6.013123e-007	7.695349e-009	3.085072e-008
4.987668255838045e-008	7.229788e-006	1.356647e-006	-6.027767e-007	7.746402e-009	3.079502e-008
4.988882541552332e-008	7.221754e-006	1.354792e-006	-6.042370e-007	7.797147e-009	3.073942e-008
4.990096827266619e-008	7.213750e-006	1.352942e-006	-6.056933e-007	7.847586e-009	3.068393e-008
4.991311112980906e-008	7.205778e-006	1.351097e-006	-6.071456e-007	7.897717e-009	3.062854e-008
5.001311112980917e-008	7.139425e-006	1.336654e-006	-6.188423e-007	8.299158e-009	3.017132e-008
5.004011112980920e-008	7.121170e-006	1.333016e-006	-6.219330e-007	8.404078e-009	3.004724e-008
5.006711112980924e-008	7.102715e-006	1.329469e-006	-6.250011e-007	8.507605e-009	2.992297e-008
5.009411112980927e-008	7.084059e-006	1.326012e-006	-6.280466e-007	8.609739e-009	2.979851e-008
5.012111112980930e-008	7.065201e-006	1.322647e-006	-6.310694e-007	8.710480e-009	2.967386e-008
5.014811112980933e-008	7.046143e-006	1.319373e-006	-6.340696e-007	8.809829e-009	2.954901e-008
5.017511112980936e-008	7.026883e-006	1.316190e-006	-6.370472e-007	8.907784e-009	2.942397e-008
5.020211112980939e-008	7.007422e-006	1.313098e-006	-6.400022e-007	9.004346e-009	2.929874e-008
5.021325398695226e-008	6.999339e-006	1.311834e-006	-6.412368e-007	9.043817e-009	2.924710e-008
5.022439684409513e-008	6.991230e-006	1.310578e-006	-6.424801e-007	9.083061e-009	2.919547e-008
5.023553970123800e-008	6.983094e-006	1.309332e-006	-6.437324e-007	9.122079e-009	2.914386e-008
5.024668255838087e-008	6.974931e-006	1.308094e-006	-6.449935e-007	9.160871e-009	2.909227e-008
5.025782541552374e-008	6.966741e-006	1.306864e-006	-6.462634e-007	9.199437e-009	2.904069e-008
5.026896827266660e-008	6.958525e-006	1.305643e-006	-6.475422e-007	9.237776e-009	2.898913e-008
5.028011112980948e-008	6.950282e-006	1.304430e-006	-6.488298e-007	9.275889e-009	2.893759e-008
5.028468255838091e-008	6.946895e-006	1.303934e-006	-6.493603e-007	9.291461e-009	2.891646e-008
5.028925398695235e-008	6.943503e-006	1.303439e-006	-6.498913e-007	9.306995e-009	2.889533e-008
5.029382541552378e-008	6.940108e-006	1.302945e-006	-6.504228e-007	9.322493e-009	2.887421e-008
5.029839684409521e-008	6.936710e-006	1.302452e-006	-6.509550e-007	9.337952e-009	2.885310e-008
5.030296827266664e-008	6.933308e-006	1.301960e-006	-6.514876e-007	9.353375e-009	2.883199e-008
5.030753970123808e-008	6.929902e-006	1.301469e-006	-6.520208e-007	9.368760e-009	2.881089e-008
5.031211112980951e-008	6.926492e-006	1.300979e-006	-6.525546e-007	9.384107e-009	2.878980e-008
5.031311112980951e-008	6.925746e-006	1.300872e-006	-6.526706e-007	9.387460e-009	2.878518e-008
5.032539684409524e-008	6.916562e-006	1.299560e-006	-6.540746e-007	9.428497e-009	2.872852e-008
5.033768255838097e-008	6.907359e-006	1.298253e-006	-6.554694e-007	9.469269e-009	2.867193e-008
5.034996827266670e-008	6.898136e-006	1.296949e-006	-6.568551e-007	9.509774e-009	2.861542e-008
5.036225398695243e-008	6.888895e-006	1.295650e-006	-6.582317e-007	9.550013e-009	2.855897e-008
5.037453970123816e-008	6.879634e-006	1.294354e-006	-6.595991e-007	9.589986e-009	2.850259e-008
5.038682541552388e-008	6.870353e-006	1.293063e-006	-6.609575e-007	9.629693e-009	2.844629e-008
5.039911112980961e-008	6.861054e-006	1.291775e-006	-6.623067e-007	9.669133e-009	2.839005e-008
5.042296827266678e-008	6.851577e-006	1.286031e-006	-6.649233e-007	9.745096e-009	2.830674e-008
5.044682541552395e-008	6.843636e-006	1.280108e-006	-6.675255e-007	9.819773e-009	2.822627e-008
5.047068255838112e-008	6.837232e-006	1.274006e-006	-6.701135e-007	9.893164e-009	2.814865e-008
5.049453970123829e-008	6.832364e-006	1.267726e-006	-6.726872e-007	9.965271e-009	2.807388e-008
5.051839684409546e-008	6.829033e-006	1.261268e-006	-6.752465e-007	1.003609e-008	2.800195e-008
5.054225398695263e-008	6.827238e-006	1.254631e-006	-6.777915e-007	1.010563e-008	2.793287e-008
5.056611112980980e-008	6.826981e-006	1.247815e-006	-6.803222e-007	1.017388e-008	2.786664e-008
5.061311112980985e-008	6.806554e-006	1.241284e-006	-6.852525e-007	1.030556e-008	2.767851e-008
5.065582541552419e-008	6.783592e-006	1.237085e-006	-6.896653e-007	1.042178e-008	2.749427e-008
5.069853970123852e-008	6.758610e-006	1.233350e-006	-6.940289e-007	1.053528e-008	2.730680e-008
5.074125398695286e-008	6.731610e-006	1.230081e-006	-6.983431e-007	1.064606e-008	2.711608e-008
5.078396827266719e-008	6.702589e-006	1.227276e-006	-7.026080e-007	1.075411e-008	2.692212e-008
5.082668255838152e-008	6.671549e-006	1.224936e-006	-7.068237e-007	1.085943e-008	2.672492e-008
5.086939684409586e-008	6.638490e-006	1.223061e-006	-7.109901e-007	1.096204e-008	2.652447e-008
5.091211112981019e-008	6.603411e-006	1.221651e-006	-7.151071e-007	1.106192e-008	2.632079e-008
5.091311112981019e-008	6.602592e-006	1.221610e-006	-7.152032e-007	1.106423e-008	2.631609e-008
5.095582541552453e-008	6.566791e-006	1.219886e-006	-7.192795e-007	1.116171e-008	2.611523e-008
5.099853970123887e-008	6.530898e-006	1.217935e-006	-7.233179e-007	1.125669e-008	2.591708e-008
5.104125398695320e-008	6.494915e-006	1.215756e-006	-7.273184e-007	1.134915e-008	2.572163e-008
5.108396827266753e-008	6.458841e-006	1.213350e-006	-7.312810e-007	1.143910e-008	2.552890e-008
5.112668255838186e-008	6.422677e-006	1.210715e-006	-7.352056e-007	1.152654e-008	2.533888e-008
5.116939684409620e-008	6.386421e-006	1.207853e-006	-7.390923e-007	1.161147e-008	2.515157e-008
5.121211112981053e-008	6.350075e-006	1.204763e-006	-7.429411e-007	1.169388e-008	2.496697e-008
5.121311112981054e-008	6.349236e-006	1.204687e-006	-7.430309e-007	1.169578e-008	2.496269e-008
5.125582541552487e-008	6.313486e-006	1.201264e-006	-7.468454e-007	1.177560e-008	2.478205e-008
5.129853970123921e-008	6.278134e-006	1.197662e-006	-7.506275e-007	1.185291e-008	2.460409e-008
5.134125398695354e-008	6.243180e-006	1.193883e-006	-7.543773e-007	1.192769e-008	2.442883e-008
5.138396827266787e-008	6.208624e-006	1.189925e-006	-7.580947e-007	1.199995e-008	2.425624e-008
5.142668255838220e-008	6.174467e-006	1.185789e-006	-7.617797e-007	1.206970e-008	2.408635e-008
5.146939684409654e-008	6.140707e-006	1.181474e-006	-7.654323e-007	1.213693e-008	2.391915e-008
5.151211112981087e-008	6.107346e-006	1.176981e-006	-7.690526e-007	1.220164e-008	2.375463e-008
5.151311112981088e-008	6.106571e-006	1.176876e-006	-7.691370e-007	1.220312e-008	2.375080e-008
5.155582541552521e-008	6.073695e-006	1.172285e-006	-7.727264e-007	1.226525e-008	2.358848e-008
5.159853970123955e-008	6.041204e-006	1.167638e-006	-7.762865e-007	1.232495e-008	2.342792e-008
5.164125398695388e-008	6.009098e-006	1.162934e-006	-7.798172e-007	1.238220e-008	2.326913e-008
5.168396827266821e-008	5.977379e-006	1.158173e-006	-7.833185e-007	1.243701e-008	2.311210e-008
5.172668255838254e-008	5.946044e-006	1.153356e-006	-7.867904e-007	1.248938e-008	2.295684e-008
5.176939684409688e-008	5.915095e-006	1.148483e-006	-7.902329e-007	1.253932e-008	2.280334e-008
5.181211112981121e-008	5.884532e-006	1.143553e-006	-7.936461e-007	1.258681e-008	2.265161e-008
5.181311112981122e-008	5.883820e-006	1.143438e-006	-7.937257e-007	1.258790e-008	2.264807e-008
5.185582541552555e-008	5.853607e-006	1.138508e-006	-7.971101e-007	1.263295e-008	2.249766e-008
5.189853970123989e-008	5.823690e-006	1.133586e-006	-8.004670e-007	1.267571e-008	2.234843e-008
5.194125398695422e-008	5.794070e-006	1.128671e-006	-8.037964e-007	1.271618e-008	2.220039e-008
5.198396827266855e-008	5.764745e-006	1.123764e-006	-8.070983e-007	1.275436e-008	2.205353e-008
5.202668255838288e-008	5.735717e-006	1.118863e-006	-8.103726e-007	1.279025e-008	2.190785e-008
5.206939684409722e-008	5.706985e-006	1.113970e-006	-8.136194e-007	1.282384e-008	2.176336e-008
5.211211112981155e-008	5.678550e-006	1.109085e-006	-8.168387e-007	1.285514e-008	2.162005e-008
5.211311112981156e-008	5.677887e-006	1.108971e-006	-8.169138e-007	1.285585e-008	2.161670e-008
5.215582541552589e-008	5.649704e-006	1.104117e-006	-8.201058e-007	1.288488e-008	2.147436e-008
5.219853970124023e-008	5.621744e-006	1.099293e-006	-8.232716e-007	1.291180e-008	2.133293e-008
5.224125398695456e-008	5.594005e-006	1.094498e-006	-8.264112e-007	1.293659e-008	2.119242e-008
5.228396827266889e-008	5.566488e-006	1.089732e-006	-8.295247e-007	1.295926e-008	2.105283e-008
5.232668255838322e-008	5.539193e-006	1.084996e-006	-8.326119e-007	1.297981e-008	2.091416e-008
5.236939684409756e-008	5.512120e-006	1.080289e-006	-8.356730e-007	1.299824e-008	2.077640e-008
5.241211112981189e-008	5.485269e-006	1.075611e-006	-8.387078e-007	1.301454e-008	2.063956e-008
5.241311112981190e-008	5.484641e-006	1.075502e-006	-8.387786e-007	1.301490e-008	2.063637e-008
5.271311112981224e-008	5.301031e-006	1.043593e-006	-8.593790e-007	1.307350e-008	1.969842e-008
5.301311112981258e-008	5.125087e-006	1.013217e-006	-8.787647e-007	1.303977e-008	1.879955e-008
5.331311112981292e-008	4.955574e-006	9.841918e-007	-8.969808e-007	1.292133e-008	1.793832e-008
5.361311112981326e-008	4.791712e-006	9.563280e-007	-9.140696e-007	1.272522e-008	1.711374e-008
5.391311112981360e-008	4.633690e-006	9.292851e-007	-9.300873e-007	1.245793e-008	1.632647e-008
5.421311112981394e-008	4.480491e-006	9.032947e-007	-9.451649e-007	1.212543e-008	1.557274e-008
5.451311112981428e-008	4.331300e-006	8.782647e-007	-9.592185e-007	1.173359e-008	1.485103e-008
5.453253970124287e-008	4.314304e-006	8.791146e-007	-9.600939e-007	1.170649e-008	1.478549e-008
5.455196827267146e-008	4.303566e-006	8.778984e-007	-9.609654e-007	1.167902e-008	1.473675e-008
5.457139684410006e-008	4.299085e-006	8.746160e-007	-9.618327e-007	1.165118e-008	1.470481e-008
5.459082541552865e-008	4.300862e-006	8.692675e-007	-9.626960e-007	1.162297e-008	1.468966e-008
5.461025398695725e-008	4.308897e-006	8.618527e-007	-9.635552e-007	1.159438e-008	1.469132e-008
5.462968255838584e-008	4.323190e-006	8.523718e-007	-9.644103e-007	1.156542e-008	1.470978e-008
5.464911112981443e-008	4.343741e-006	8.408248e-007	-9.652614e-007	1.153609e-008	1.474503e-008
5.466682541552874e-008	4.391605e-006	8.208807e-007	-9.660344e-007	1.150836e-008	1.485541e-008
5.468453970124304e-008	4.446950e-006	7.995567e-007	-9.668051e-007	1.147935e-008	1.497986e-008
5.470225398695735e-008	4.509777e-006	7.768529e-007	-9.675736e-007	1.144905e-008	1.511839e-008
5.471996827267165e-008	4.580086e-006	7.527692e-007	-9.683397e-007	1.141747e-008	1.527100e-008
5.473768255838596e-008	4.657876e-006	7.273056e-007	-9.691035e-007	1.138461e-008	1.543768e-008
5.475539684410027e-008	4.743148e-006	7.004622e-007	-9.698651e-007	1.135046e-008	1.561843e-008
5.477311112981457e-008	4.835902e-006	6.722390e-007	-9.706243e-007	1.131502e-008	1.581325e-008
5.481311112981462e-008	5.024457e-006	6.205260e-007	-9.723309e-007	1.123027e-008	1.616427e-008
5.484139684410036e-008	5.144791e-006	5.928406e-007	-9.735314e-007	1.116600e-008	1.634853e-008
5.486968255838611e-008	5.252950e-006	5.702213e-007	-9.747243e-007	1.110069e-008	1.649203e-008
5.489796827267185e-008	5.348933e-006	5.526680e-007	-9.759096e-007	1.103434e-008	1.659475e-008
5.492625398695761e-008	5.432741e-006	5.401807e-007	-9.770873e-007	1.096695e-008	1.665670e-008
5.495453970124335e-008	5.504374e-006	5.327593e-007	-9.782574e-007	1.089852e-008	1.667789e-008
5.498282541552910e-008	5.563831e-006	5.304040e-007	-9.794199e-007	1.082904e-008	1.665830e-008
5.501111112981484e-008	5.611113e-006	5.331146e-007	-9.805748e-007	1.075853e-008	1.659795e-008
5.502553970124343e-008	5.633384e-006	5.345757e-007	-9.811602e-007	1.072296e-008	1.656503e-008
5.503996827267201e-008	5.653945e-006	5.364707e-007	-9.817432e-007	1.068747e-008	1.652809e-008
5.505439684410060e-008	5.672795e-006	5.387997e-007	-9.823240e-007	1.065205e-008	1.648712e-008
5.506882541552919e-008	5.689935e-006	5.415626e-007	-9.829025e-007	1.061669e-008	1.644213e-008
5.508325398695778e-008	5.705365e-006	5.447595e-007	-9.834786e-007	1.058142e-008	1.639312e-008
5.509768255838637e-008	5.719084e-006	5.483903e-007	-9.840524e-007	1.054621e-008	1.634008e-008
5.511211112981496e-008	5.731093e-006	5.524550e-007	-9.846240e-007	1.051108e-008	1.628301e-008
5.511311112981496e-008	5.731890e-006	5.527381e-007	-9.846635e-007	1.050865e-008	1.627903e-008
5.514253970124356e-008	5.749378e-006	5.623276e-007	-9.858215e-007	1.043776e-008	1.614875e-008
5.517196827267216e-008	5.767706e-006	5.708847e-007	-9.869697e-007	1.036721e-008	1.602557e-008
5.520139684410077e-008	5.786874e-006	5.784097e-007	-9.881081e-007	1.029698e-008	1.590948e-008
5.523082541552938e-008	5.806882e-006	5.849024e-007	-9.892367e-007	1.022709e-008	1.580048e-008
5.526025398695798e-008	5.827730e-006	5.903628e-007	-9.903555e-007	1.015753e-008	1.569857e-008
5.528968255838658e-008	5.849418e-006	5.947911e-007	-9.914644e-007	1.008830e-008	1.560375e-008
5.531911112981519e-008	5.871946e-006	5.981871e-007	-9.925636e-007	1.001940e-008	1.551603e-008
5.533111112981520e-008	5.874970e-006	6.016560e-007	-9.930088e-007	9.991324e-009	1.546342e-008
5.534311112981522e-008	5.877297e-006	6.052071e-007	-9.934526e-007	9.963337e-009	1.540986e-008
5.535511112981523e-008	5.878925e-006	6.088405e-007	-9.938948e-007	9.935446e-009	1.535534e-008
5.536711112981525e-008	5.879854e-006	6.125561e-007	-9.943355e-007	9.907650e-009	1.529986e-008
5.537911112981526e-008	5.880085e-006	6.163538e-007	-9.947748e-007	9.879949e-009	1.524343e-008
5.539111112981527e-008	5.879618e-006	6.202338e-007	-9.952125e-007	9.852343e-009	1.518605e-008
5.540311112981529e-008	5.878453e-006	6.241960e-007	-9.956487e-007	9.824833e-009	1.512771e-008
5.541311112981530e-008	5.877245e-006	6.274498e-007	-9.960183e-007	9.801988e-009	1.507931e-008
5.542025398695817e-008	5.876161e-006	6.297800e-007	-9.962874e-007	9.785712e-009	1.504458e-008
5.542739684410103e-008	5.874926e-006	6.321044e-007	-9.965608e-007	9.769472e-009	1.500980e-008
5.543453970124390e-008	5.873540e-006	6.344230e-007	-9.968386e-007	9.753267e-009	1.497499e-008
5.544168255838676e-008	5.872002e-006	6.367357e-007	-9.971207e-007	9.737096e-009	1.494014e-008
5.544882541552962e-008	5.870312e-006	6.390427e-007	-9.974072e-007	9.720961e-009	1.490525e-008
5.545596827267249e-008	5.868471e-006	6.413439e-007	-9.976981e-007	9.704861e-009	1.487032e-008
5.546311112981535e-008	5.866478e-006	6.436392e-007	-9.979933e-007	9.688796e-009	1.483535e-008
5.546853970124393e-008	5.864879e-006	6.453743e-007	-9.982182e-007	9.676611e-009	1.480879e-008
5.547396827267251e-008	5.863209e-006	6.471007e-007	-9.984410e-007	9.664444e-009	1.478226e-008
5.547939684410109e-008	5.861470e-006	6.488186e-007	-9.986617e-007	9.652298e-009	1.475575e-008
5.548482541552967e-008	5.859660e-006	6.505278e-007	-9.988803e-007	9.640170e-009	1.472927e-008
5.549025398695824e-008	5.857780e-006	6.522283e-007	-9.990969e-007	9.628062e-009	1.470281e-008
5.549568255838682e-008	5.855830e-006	6.539203e-007	-9.993113e-007	9.615973e-009	1.467637e-008
5.550111112981540e-008	5.853810e-006	6.556036e-007	-9.995236e-007	9.603904e-009	1.464996e-008
5.553125398695829e-008	5.841129e-006	6.648394e-007	-1.000682e-006	9.537267e-009	1.450337e-008
5.556139684410118e-008	5.826422e-006	6.738476e-007	-1.001825e-006	9.471157e-009	1.435754e-008
5.559153970124407e-008	5.809688e-006	6.826284e-007	-1.002953e-006	9.405575e-009	1.421248e-008
5.562168255838696e-008	5.790928e-006	6.911815e-007	-1.004066e-006	9.340521e-009	1.406819e-008
5.565182541552985e-008	5.770141e-006	6.995072e-007	-1.005164e-006	9.275995e-009	1.392466e-008
5.568196827267274e-008	5.747327e-006	7.076053e-007	-1.006246e-006	9.211997e-009	1.378191e-008
5.571211112981564e-008	5.722487e-006	7.154759e-007	-1.007314e-006	9.148526e-009	1.363992e-008
5.571311112981564e-008	5.721664e-006	7.157239e-007	-1.007349e-006	9.146427e-009	1.363530e-008
5.575582541552997e-008	5.684662e-006	7.258306e-007	-1.008839e-006	9.057427e-009	1.344086e-008
5.579853970124431e-008	5.646685e-006	7.350169e-007	-1.010303e-006	8.968928e-009	1.325310e-008
5.584125398695864e-008	5.607734e-006	7.432827e-007	-1.011741e-006	8.880930e-009	1.307203e-008
5.588396827267297e-008	5.567808e-006	7.506280e-007	-1.013152e-006	8.793434e-009	1.289764e-008
5.592668255838731e-008	5.526907e-006	7.570528e-007	-1.014537e-006	8.706438e-009	1.272994e-008
5.596939684410164e-008	5.485031e-006	7.625572e-007	-1.015895e-006	8.619944e-009	1.256892e-008
5.601211112981598e-008	5.442180e-006	7.671411e-007	-1.017228e-006	8.533950e-009	1.241459e-008
5.601311112981598e-008	5.441189e-006	7.672402e-007	-1.017258e-006	8.531933e-009	1.241106e-008
5.605582541553031e-008	5.398581e-006	7.709450e-007	-1.018569e-006	8.446007e-009	1.226401e-008
5.609853970124465e-008	5.356063e-006	7.740553e-007	-1.019859e-006	8.359985e-009	1.212208e-008
5.614125398695898e-008	5.313635e-006	7.765710e-007	-1.021129e-006	8.273867e-009	1.198526e-008
5.618396827267331e-008	5.271295e-006	7.784922e-007	-1.022379e-006	8.187653e-009	1.185355e-008
5.622668255838765e-008	5.229046e-006	7.798188e-007	-1.023609e-006	8.101343e-009	1.172694e-008
5.626939684410198e-008	5.186885e-006	7.805509e-007	-1.024818e-006	8.014937e-009	1.160546e-008
5.631211112981632e-008	5.144814e-006	7.806885e-007	-1.026007e-006	7.928435e-009	1.148908e-008
5.631311112981632e-008	5.143836e-006	7.806897e-007	-1.026035e-006	7.926403e-009	1.148638e-008
5.661311112981666e-008	4.857367e-006	7.730309e-007	-1.033888e-006	7.307966e-009	1.075806e-008
5.691311112981700e-008	4.586234e-006	7.561148e-007	-1.040924e-006	6.667396e-009	1.014015e-008
5.721311112981734e-008	4.329589e-006	7.358950e-007	-1.047202e-006	6.002640e-009	9.585178e-009
5.751311112981768e-008	4.085799e-006	7.149573e-007	-1.052763e-006	5.314881e-009	9.070395e-009
5.781311112981802e-008	3.853440e-006	6.943016e-007	-1.057638e-006	4.606520e-009	8.585519e-009
5.811311112981836e-008	3.631422e-006	6.742556e-007	-1.061856e-006	3.880285e-009	8.125906e-009
5.841311112981870e-008	3.418918e-006	6.548870e-007	-1.065443e-006	3.138878e-009	7.689281e-009
5.870211112981903e-008	3.222606e-006	6.368504e-007	-1.068323e-006	2.412690e-009	7.289136e-009
5.870311112981903e-008	3.221940e-006	6.367890e-007	-1.068337e-006	2.410159e-009	7.287786e-009
5.870339180414808e-008	3.221754e-006	6.367717e-007	-1.068333e-006	2.409449e-009	7.287407e-009
5.870362400369750e-008	3.221599e-006	6.367575e-007	-1.068304e-006	2.408861e-009	7.287093e-009
5.870794950034688e-008	3.218721e-006	6.364921e-007	-1.065515e-006	2.397913e-009	7.281253e-009
5.870894950034688e-008	3.218056e-006	6.364307e-007	-1.064388e-006	2.395381e-009	7.279903e-009
5.871652092891832e-008	3.213024e-006	6.359665e-007	-1.049102e-006	2.376227e-009	7.269693e-009
5.872409235748976e-008	3.207997e-006	6.355026e-007	-1.024103e-006	2.357015e-009	7.259495e-009
5.873166378606119e-008	3.202975e-006	6.350392e-007	-9.893888e-007	2.337747e-009	7.249310e-009
5.873923521463263e-008	3.197959e-006	6.345761e-007	-9.449605e-007	2.318421e-009	7.239138e-009
5.874680664320407e-008	3.192948e-006	6.341134e-007	-8.908178e-007	2.299039e-009	7.228980e-009
5.875437807177551e-008	3.187942e-006	6.336511e-007	-8.269609e-007	2.279599e-009	7.218834e-009
5.876194950034694e-008	3.182942e-006	6.331892e-007	-7.533895e-007	2.260103e-009	7.208702e-009
5.876580664320409e-008	3.180396e-006	6.329543e-007	-7.130217e-007	2.250126e-009	7.203544e-009
5.876966378606124e-008	3.177852e-006	6.327193e-007	-6.709311e-007	2.240123e-009	7.198390e-009
5.877352092891838e-008	3.175309e-006	6.324843e-007	-6.271178e-007	2.230094e-009	7.193240e-009
5.877737807177553e-008	3.172769e-006	6.322493e-007	-5.815817e-007	2.220038e-009	7.188095e-009
5.878123521463268e-008	3.170229e-006	6.320142e-007	-5.343229e-007	2.209957e-009	7.182954e-009
5.878509235748983e-008	3.167692e-006	6.317791e-007	-4.853413e-007	2.199850e-009	7.177816e-009
5.878894950034697e-008	3.165156e-006	6.315440e-007	-4.346370e-007	2.189716e-009	7.172683e-009
5.879094950034698e-008	3.163843e-006	6.314217e-007	-4.079685e-007	2.184450e-009	7.170026e-009
5.879294950034698e-008	3.162530e-006	6.312993e-007	-3.809658e-007	2.179176e-009	7.167371e-009
5.879594950034698e-008	3.160564e-006	6.311153e-007	-3.398748e-007	2.171251e-009	7.163393e-009
5.880052092891841e-008	3.157570e-006	6.308344e-007	-2.754627e-007	2.159141e-009	7.157341e-009
5.880509235748985e-008	3.154584e-006	6.305516e-007	-2.103410e-007	2.146990e-009	7.151308e-009
5.880966378606128e-008	3.151606e-006	6.302671e-007	-1.445095e-007	2.134798e-009	7.145296e-009
5.881423521463271e-008	3.148635e-006	6.299807e-007	-7.796840e-008	2.122566e-009	7.139304e-009
5.881880664320415e-008	3.145672e-006	6.296926e-007	-1.071758e-008	2.110293e-009	7.133332e-009
5.882337807177559e-008	3.142717e-006	6.294027e-007	5.724293e-008	2.097979e-009	7.127380e-009
5.882794950034702e-008	3.139769e-006	6.291110e-007	1.259131e-007	2.085625e-009	7.121448e-009
5.883094950034702e-008	3.137840e-006	6.289182e-007	1.705803e-007	2.077497e-009	7.117570e-009
5.883194950034702e-008	3.137198e-006	6.288537e-007	1.854523e-007	2.074783e-009	7.116280e-009
5.883394950034702e-008	3.135915e-006	6.287244e-007	2.151578e-007	2.069351e-009	7.113702e-009
5.883723521463274e-008	3.133812e-006	6.285110e-007	2.639699e-007	2.060410e-009	7.109478e-009
5.884052092891846e-008	3.131713e-006	6.282967e-007	3.123712e-007	2.051451e-009	7.105265e-009
5.884380664320418e-008	3.129618e-006	6.280814e-007	3.603617e-007	2.042473e-009	7.101063e-009
5.884709235748990e-008	3.127527e-006	6.278652e-007	4.079414e-007	2.033476e-009	7.096872e-009
5.885037807177562e-008	3.125441e-006	6.276481e-007	4.551104e-007	2.024462e-009	7.092692e-009
5.885366378606133e-008	3.123359e-006	6.274300e-007	5.018686e-007	2.015429e-009	7.088523e-009
5.885694950034705e-008	3.121282e-006	6.272110e-007	5.482160e-007	2.006377e-009	7.084366e-009
5.886280664320420e-008	3.117589e-006	6.268182e-007	6.293970e-007	1.990194e-009	7.076982e-009
5.886866378606135e-008	3.113908e-006	6.264236e-007	7.079799e-007	1.973970e-009	7.069622e-009
5.887452092891850e-008	3.110237e-006	6.260274e-007	7.839648e-007	1.957704e-009	7.062288e-009
5.888037807177565e-008	3.106577e-006	6.256295e-007	8.573517e-007	1.941396e-009	7.054978e-009
5.888623521463280e-008	3.102928e-006	6.252299e-007	9.281406e-007	1.925046e-009	7.047694e-009
5.889209235748995e-008	3.099289e-006	6.248286e-007	9.963315e-007	1.908654e-009	7.040434e-009
5.889794950034710e-008	3.095661e-006	6.244257e-007	1.061924e-006	1.892221e-009	7.033199e-009
5.890694950034711e-008	3.090106e-006	6.238042e-007	1.155960e-006	1.866899e-009	7.022123e-009
5.891594950034712e-008	3.084563e-006	6.231836e-007	1.243567e-006	1.841548e-009	7.011067e-009
5.892494950034713e-008	3.079033e-006	6.225639e-007	1.324744e-006	1.816166e-009	7.000030e-009
5.893394950034714e-008	3.073514e-006	6.219452e-007	1.399493e-006	1.790755e-009	6.989013e-009
5.894294950034715e-008	3.068008e-006	6.213273e-007	1.467813e-006	1.765314e-009	6.978015e-009
5.895194950034716e-008	3.062515e-006	6.207103e-007	1.529704e-006	1.739843e-009	6.967037e-009
5.896094950034717e-008	3.057033e-006	6.200943e-007	1.585166e-006	1.714342e-009	6.956077e-009
5.896766378606146e-008	3.052945e-006	6.196376e-007	1.623212e-006	1.695332e-009	6.947895e-009
5.897437807177576e-008	3.048858e-006	6.191832e-007	1.658851e-006	1.676334e-009	6.939709e-009
5.898109235749005e-008	3.044773e-006	6.187309e-007	1.692084e-006	1.657346e-009	6.931519e-009
5.898780664320434e-008	3.040689e-006	6.182809e-007	1.722909e-006	1.638371e-009	6.923325e-009
5.899452092891863e-008	3.036607e-006	6.178331e-007	1.751328e-006	1.619407e-009	6.915127e-009
5.900123521463293e-008	3.032526e-006	6.173875e-007	1.777339e-006	1.600454e-009	6.906926e-009
5.900794950034722e-008	3.028446e-006	6.169441e-007	1.800944e-006	1.581513e-009	6.898720e-009
5.900894950034722e-008	3.027839e-006	6.168783e-007	1.804349e-006	1.578695e-009	6.897497e-009
5.901680664320437e-008	3.023064e-006	6.163634e-007	1.829256e-006	1.556559e-009	6.887883e-009
5.902466378606153e-008	3.018288e-006	6.158521e-007	1.852246e-006	1.534457e-009	6.878258e-009
5.903252092891868e-008	3.013511e-006	6.153445e-007	1.873321e-006	1.512389e-009	6.868621e-009
5.904037807177583e-008	3.008733e-006	6.148404e-007	1.892481e-006	1.490353e-009	6.858974e-009
5.904823521463298e-008	3.003954e-006	6.143400e-007	1.909724e-006	1.468350e-009	6.849315e-009
5.905609235749014e-008	2.999173e-006	6.138432e-007	1.925053e-006	1.446380e-009	6.839645e-009
5.906394950034728e-008	2.994392e-006	6.133500e-007	1.938466e-006	1.424444e-009	6.829964e-009
5.906680664320443e-008	2.992652e-006	6.131716e-007	1.943130e-006	1.416477e-009	6.826441e-009
5.906966378606158e-008	2.990913e-006	6.129936e-007	1.947630e-006	1.408516e-009	6.822916e-009
5.907252092891872e-008	2.989173e-006	6.128160e-007	1.951965e-006	1.400560e-009	6.819390e-009
5.907537807177587e-008	2.987433e-006	6.126389e-007	1.956135e-006	1.392608e-009	6.815863e-009
5.907823521463301e-008	2.985693e-006	6.124623e-007	1.960140e-006	1.384662e-009	6.812334e-009
5.908109235749016e-008	2.983952e-006	6.122861e-007	1.963980e-006	1.376721e-009	6.808803e-009
5.908394950034731e-008	2.982211e-006	6.121103e-007	1.967656e-006	1.368785e-009	6.805272e-009
5.908494950034731e-008	2.981602e-006	6.120490e-007	1.968903e-006	1.366008e-009	6.804035e-009
5.908594950034731e-008	2.980993e-006	6.119876e-007	1.970101e-006	1.363233e-009	6.802799e-009
5.908794950034731e-008	2.979774e-006	6.118651e-007	1.972299e-006	1.357683e-009	6.800325e-009
5.909037807177589e-008	2.978294e-006	6.117166e-007	1.974635e-006	1.350948e-009	6.797320e-009
5.909280664320446e-008	2.976813e-006	6.115685e-007	1.976672e-006	1.344216e-009	6.794314e-009
5.909523521463303e-008	2.975333e-006	6.114207e-007	1.978410e-006	1.337489e-009	6.791307e-009
5.909766378606161e-008	2.973852e-006	6.112733e-007	1.979848e-006	1.330766e-009	6.788299e-009
5.910009235749019e-008	2.972370e-006	6.111262e-007	1.980987e-006	1.324047e-009	6.785289e-009
5.910252092891876e-008	2.970889e-006	6.109794e-007	1.981827e-006	1.317333e-009	6.782278e-009
5.910494950034733e-008	2.969407e-006	6.108330e-007	1.982368e-006	1.310622e-009	6.779266e-009
5.910609235749019e-008	2.968710e-006	6.107643e-007	1.982534e-006	1.307466e-009	6.777849e-009
5.910723521463305e-008	2.968012e-006	6.106956e-007	1.982641e-006	1.304311e-009	6.776431e-009
5.910837807177591e-008	2.967315e-006	6.106270e-007	1.982687e-006	1.301156e-009	6.775012e-009
5.910952092891876e-008	2.966617e-006	6.105584e-007	1.982672e-006	1.298003e-009	6.773594e-009
5.911066378606162e-008	2.965920e-006	6.104899e-007	1.982598e-006	1.294851e-009	6.772175e-009
5.911180664320448e-008	2.965222e-006	6.104215e-007	1.982463e-006	1.291700e-009	6.770756e-009
5.911294950034734e-008	2.964524e-006	6.103532e-007	1.982267e-006	1.288549e-009	6.769336e-009
5.911394950034734e-008	2.963914e-006	6.102935e-007	1.982051e-006	1.285794e-009	6.768094e-009
5.911445328354945e-008	2.963606e-006	6.102634e-007	1.981915e-006	1.284406e-009	6.767468e-009
5.911459134684692e-008	2.963522e-006	6.102551e-007	1.981875e-006	1.284025e-009	6.767297e-009
5.911472869392846e-008	2.963438e-006	6.102470e-007	1.981846e-006	1.283647e-009	6.767126e-009
5.911474901976349e-008	2.963425e-006	6.102458e-007	1.981843e-006	1.283591e-009	6.767101e-009
5.911475475866118e-008	2.963422e-006	6.102454e-007	1.981841e-006	1.283575e-009	6.767094e-009
5.911475890380479e-008	2.963419e-006	6.102451e-007	1.981840e-006	1.283564e-009	6.767089e-009
5.911476473736409e-008	2.963416e-006	6.102448e-007	1.981838e-006	1.283548e-009	6.767082e-009
5.911477224325066e-008	2.963411e-006	6.102443e-007	1.981836e-006	1.283527e-009	6.767072e-009
5.911477932538413e-008	2.963407e-006	6.102439e-007	1.981834e-006	1.283508e-009	6.767063e-009
5.911478636888452e-008	2.963402e-006	6.102435e-007	1.981832e-006	1.283488e-009	6.767054e-009
5.911479307140736e-008	2.963398e-006	6.102431e-007	1.981830e-006	1.283470e-009	6.767046e-009
5.911480002626173e-008	2.963394e-006	6.102427e-007	1.981829e-006	1.283451e-009	6.767038e-009
5.911480684498110e-008	2.963390e-006	6.102423e-007	1.981827e-006	1.283432e-009	6.767029e-009
5.911481381332041e-008	2.963386e-006	6.102419e-007	1.981826e-006	1.283413e-009	6.767020e-009
5.911482064850518e-008	2.963382e-006	6.102415e-007	1.981824e-006	1.283394e-009	6.767012e-009
5.911482763110183e-008	2.963377e-006	6.102410e-007	1.981822e-006	1.283375e-009	6.767003e-009
5.911483595871910e-008	2.963372e-006	6.102406e-007	1.981821e-006	1.283352e-009	6.766993e-009
5.911484528770328e-008	2.963367e-006	6.102400e-007	1.981819e-006	1.283326e-009	6.766981e-009
5.911485646267349e-008	2.963360e-006	6.102393e-007	1.981816e-006	1.283295e-009	6.766967e-009
5.911488541938914e-008	2.963342e-006	6.102376e-007	1.981810e-006	1.283215e-009	6.766931e-009
5.911530105743894e-008	2.963088e-006	6.102128e-007	1.981720e-006	1.282071e-009	6.766415e-009
5.911571669548873e-008	2.962834e-006	6.101880e-007	1.981630e-006	1.280926e-009	6.765899e-009
5.911613233353852e-008	2.962581e-006	6.101633e-007	1.981540e-006	1.279782e-009	6.765382e-009
5.911654797158831e-008	2.962327e-006	6.101385e-007	1.981450e-006	1.278637e-009	6.764866e-009
5.911696360963810e-008	2.962073e-006	6.101138e-007	1.981360e-006	1.277493e-009	6.764349e-009
5.911737924768789e-008	2.961819e-006	6.100890e-007	1.981270e-006	1.276349e-009	6.763833e-009
5.911779488573768e-008	2.961565e-006	6.100643e-007	1.981180e-006	1.275205e-009	6.763316e-009
5.914122345716628e-008	2.947215e-006	6.086975e-007	1.976137e-006	1.211009e-009	6.734055e-009
5.916465202859488e-008	2.932878e-006	6.073428e-007	1.971109e-006	1.147132e-009	6.704829e-009
5.918808060002348e-008	2.918555e-006	6.060005e-007	1.966095e-006	1.083573e-009	6.675638e-009
5.921150917145208e-008	2.904247e-006	6.046703e-007	1.961095e-006	1.020334e-009	6.646481e-009
5.923493774288068e-008	2.889952e-006	6.033525e-007	1.956110e-006	9.574133e-010	6.617359e-009
5.925836631430927e-008	2.875671e-006	6.020468e-007	1.951138e-006	8.948116e-010	6.588271e-009
5.928179488573787e-008	2.861404e-006	6.007534e-007	1.946181e-006	8.325288e-010	6.559218e-009
5.928279488573787e-008	2.860798e-006	6.006977e-007	1.945970e-006	8.298727e-010	6.557985e-009
5.932165202859505e-008	2.837306e-006	5.985302e-007	1.937780e-006	7.271340e-010	6.510286e-009
5.936050917145224e-008	2.813889e-006	5.963790e-007	1.929627e-006	6.247479e-010	6.462816e-009
5.939936631430943e-008	2.790545e-006	5.942442e-007	1.921510e-006	5.227144e-010	6.415576e-009
5.943822345716662e-008	2.767275e-006	5.921257e-007	1.913428e-006	4.210335e-010	6.368565e-009
5.947708060002380e-008	2.744079e-006	5.900237e-007	1.905382e-006	3.197053e-010	6.321782e-009
5.951593774288099e-008	2.720957e-006	5.879380e-007	1.897373e-006	2.187296e-010	6.275229e-009
5.955479488573818e-008	2.697908e-006	5.858687e-007	1.889399e-006	1.181066e-010	6.228905e-009
5.958279488573821e-008	2.681335e-006	5.843865e-007	1.883636e-006	4.560051e-011	6.195661e-009
5.959622345716680e-008	2.673392e-006	5.836794e-007	1.880856e-006	1.085849e-011	6.179748e-009
5.960965202859538e-008	2.665493e-006	5.829623e-007	1.878045e-006	-2.387151e-011	6.163957e-009
5.962308060002397e-008	2.657638e-006	5.822351e-007	1.875204e-006	-5.858949e-011	6.148289e-009
5.963650917145256e-008	2.649827e-006	5.814978e-007	1.872333e-006	-9.329545e-011	6.132743e-009
5.964993774288113e-008	2.642061e-006	5.807504e-007	1.869431e-006	-1.279894e-010	6.117320e-009
5.966336631430972e-008	2.634338e-006	5.799930e-007	1.866499e-006	-1.626713e-010	6.102020e-009
5.967679488573831e-008	2.626660e-006	5.792255e-007	1.863536e-006	-1.973412e-010	6.086842e-009
5.970108060002406e-008	2.613039e-006	5.777587e-007	1.858061e-006	-2.600174e-010	6.060135e-009
5.972536631430979e-008	2.599588e-006	5.762672e-007	1.852571e-006	-3.226976e-010	6.033801e-009
5.974965202859554e-008	2.586308e-006	5.747508e-007	1.847066e-006	-3.853819e-010	6.007842e-009
5.977393774288127e-008	2.573198e-006	5.732096e-007	1.841547e-006	-4.480703e-010	5.982255e-009
5.979822345716702e-008	2.560258e-006	5.716435e-007	1.836014e-006	-5.107628e-010	5.957043e-009
5.982250917145275e-008	2.547488e-006	5.700527e-007	1.830466e-006	-5.734593e-010	5.932204e-009
5.984679488573850e-008	2.534888e-006	5.684370e-007	1.824904e-006	-6.361598e-010	5.907739e-009
5.988279488573854e-008	2.516183e-006	5.661268e-007	1.816769e-006	-7.291577e-010	5.871123e-009
5.992336631431002e-008	2.495169e-006	5.636234e-007	1.807680e-006	-8.340329e-010	5.829561e-009
5.996393774288149e-008	2.474002e-006	5.612269e-007	1.798656e-006	-9.389451e-010	5.787505e-009
6.000450917145296e-008	2.452683e-006	5.589374e-007	1.789696e-006	-1.043894e-009	5.744952e-009
6.004508060002445e-008	2.431210e-006	5.567548e-007	1.780800e-006	-1.148881e-009	5.701904e-009
6.008565202859592e-008	2.409586e-006	5.546792e-007	1.771969e-006	-1.253904e-009	5.658359e-009
6.012622345716739e-008	2.387808e-006	5.527106e-007	1.763202e-006	-1.358965e-009	5.614320e-009
6.016679488573887e-008	2.365878e-006	5.508489e-007	1.754500e-006	-1.464062e-009	5.569784e-009
6.018279488573888e-008	2.357188e-006	5.501229e-007	1.751065e-006	-1.505506e-009	5.552212e-009
6.019579488573890e-008	2.350110e-006	5.495408e-007	1.748270e-006	-1.539180e-009	5.537906e-009
6.020879488573891e-008	2.343024e-006	5.489629e-007	1.745474e-006	-1.572855e-009	5.523595e-009
6.022179488573893e-008	2.335928e-006	5.483892e-007	1.742679e-006	-1.606531e-009	5.509280e-009
6.023479488573894e-008	2.328822e-006	5.478198e-007	1.739884e-006	-1.640206e-009	5.494959e-009
6.024779488573896e-008	2.321707e-006	5.472545e-007	1.737089e-006	-1.673882e-009	5.480633e-009
6.026079488573897e-008	2.314583e-006	5.466935e-007	1.734294e-006	-1.707559e-009	5.466303e-009
6.027379488573899e-008	2.307449e-006	5.461367e-007	1.731499e-006	-1.741235e-009	5.451967e-009
6.029393774288186e-008	2.295513e-006	5.455845e-007	1.727207e-006	-1.793405e-009	5.427435e-009
6.031408060002475e-008	2.284145e-006	5.448330e-007	1.722932e-006	-1.845580e-009	5.404487e-009
6.033422345716763e-008	2.273346e-006	5.438823e-007	1.718672e-006	-1.897760e-009	5.383124e-009
6.035436631431050e-008	2.263115e-006	5.427323e-007	1.714429e-006	-1.949947e-009	5.363344e-009
6.037450917145338e-008	2.253453e-006	5.413831e-007	1.710201e-006	-2.002139e-009	5.345148e-009
6.039465202859627e-008	2.244359e-006	5.398347e-007	1.705991e-006	-2.054337e-009	5.328537e-009
6.041479488573915e-008	2.235834e-006	5.380871e-007	1.701796e-006	-2.106540e-009	5.313510e-009
6.048279488573922e-008	2.227971e-006	5.262011e-007	1.687720e-006	-2.283946e-009	5.315228e-009
6.052550917145355e-008	2.212962e-006	5.231232e-007	1.678955e-006	-2.396097e-009	5.283231e-009
6.056822345716789e-008	2.196553e-006	5.205106e-007	1.670249e-006	-2.508178e-009	5.247600e-009
6.061093774288222e-008	2.178743e-006	5.183631e-007	1.661603e-006	-2.620188e-009	5.208335e-009
6.065365202859656e-008	2.159532e-006	5.166809e-007	1.653017e-006	-2.732127e-009	5.165435e-009
6.069636631431089e-008	2.138920e-006	5.154640e-007	1.644489e-006	-2.843997e-009	5.118901e-009
6.073908060002523e-008	2.116908e-006	5.147122e-007	1.636022e-006	-2.955795e-009	5.068732e-009
6.078179488573956e-008	2.093494e-006	5.144257e-007	1.627614e-006	-3.067524e-009	5.014930e-009
6.078279488573956e-008	2.092949e-006	5.144137e-007	1.627418e-006	-3.070134e-009	5.013709e-009
6.108279488573990e-008	1.921415e-006	5.099861e-007	1.569817e-006	-3.848392e-009	4.654231e-009
6.138279488574024e-008	1.754907e-006	4.998321e-007	1.514594e-006	-4.618799e-009	4.349454e-009
6.168279488574058e-008	1.601410e-006	4.859712e-007	1.461559e-006	-5.384415e-009	4.091542e-009
6.198279488574092e-008	1.459365e-006	4.711702e-007	1.410577e-006	-6.146000e-009	3.859996e-009
6.228279488574126e-008	1.326288e-006	4.567188e-007	1.361545e-006	-6.902812e-009	3.643403e-009
6.258279488574160e-008	1.200323e-006	4.429908e-007	1.314371e-006	-7.653624e-009	3.437208e-009
6.288279488574194e-008	1.080267e-006	4.299882e-007	1.268973e-006	-8.397212e-009	3.240042e-009
6.318279488574229e-008	9.653575e-007	4.176114e-007	1.225274e-006	-9.132504e-009	3.051639e-009
6.348279488574263e-008	8.550880e-007	4.057579e-007	1.183201e-006	-9.858600e-009	2.871969e-009
6.351536631431409e-008	8.426990e-007	4.047491e-007	1.178728e-006	-9.936844e-009	2.851202e-009
6.354793774288555e-008	8.307889e-007	4.035875e-007	1.174273e-006	-1.001497e-008	2.831662e-009
6.358050917145702e-008	8.193576e-007	4.022730e-007	1.169837e-006	-1.009298e-008	2.813347e-009
6.361308060002849e-008	8.084051e-007	4.008057e-007	1.165418e-006	-1.017087e-008	2.796259e-009
6.364565202859996e-008	7.979315e-007	3.991857e-007	1.161018e-006	-1.024865e-008	2.780396e-009
6.367822345717142e-008	7.879368e-007	3.974128e-007	1.156635e-006	-1.032631e-008	2.765760e-009
6.371079488574288e-008	7.784209e-007	3.954870e-007	1.152271e-006	-1.040385e-008	2.752349e-009
6.372036631431432e-008	7.784318e-007	3.937987e-007	1.150992e-006	-1.042655e-008	2.756295e-009
6.372993774288576e-008	7.849650e-007	3.899959e-007	1.149714e-006	-1.044943e-008	2.777130e-009
6.373950917145720e-008	7.980205e-007	3.840786e-007	1.148438e-006	-1.047250e-008	2.814855e-009
6.374908060002865e-008	8.175984e-007	3.760467e-007	1.147164e-006	-1.049575e-008	2.869469e-009
6.375865202860008e-008	8.436986e-007	3.659004e-007	1.145890e-006	-1.051919e-008	2.940972e-009
6.376822345717152e-008	8.763212e-007	3.536395e-007	1.144619e-006	-1.054281e-008	3.029365e-009
6.377779488574296e-008	9.154661e-007	3.392641e-007	1.143349e-006	-1.056661e-008	3.134647e-009
6.378279488574297e-008	9.412561e-007	3.301206e-007	1.142686e-006	-1.057929e-008	3.203016e-009
6.379622345717155e-008	1.024274e-006	3.006939e-007	1.140908e-006	-1.061334e-008	3.424535e-009
6.380965202860014e-008	1.132437e-006	2.643317e-007	1.139132e-006	-1.064918e-008	3.704998e-009
6.382308060002873e-008	1.265745e-006	2.210339e-007	1.137359e-006	-1.068681e-008	4.044402e-009
6.383650917145731e-008	1.424197e-006	1.708005e-007	1.135589e-006	-1.072623e-008	4.442749e-009
6.384993774288590e-008	1.607794e-006	1.136316e-007	1.133821e-006	-1.076745e-008	4.900038e-009
6.386336631431448e-008	1.816536e-006	4.952713e-008	1.132057e-006	-1.081045e-008	5.416270e-009
6.387679488574307e-008	2.050422e-006	-2.151292e-008	1.130295e-006	-1.085525e-008	5.991444e-009
6.388636631431451e-008	2.232108e-006	-7.531029e-008	1.129040e-006	-1.088912e-008	6.431413e-009
6.389593774288595e-008	2.420259e-006	-1.298512e-007	1.127788e-006	-1.092441e-008	6.880546e-009
6.390550917145738e-008	2.614876e-006	-1.851357e-007	1.126536e-006	-1.096112e-008	7.338843e-009
6.391508060002884e-008	2.815958e-006	-2.411637e-007	1.125286e-006	-1.099924e-008	7.806304e-009
6.392465202860027e-008	3.023505e-006	-2.979352e-007	1.124038e-006	-1.103878e-008	8.282928e-009
6.393422345717171e-008	3.237517e-006	-3.554503e-007	1.122791e-006	-1.107974e-008	8.768717e-009
6.394379488574315e-008	3.457995e-006	-4.137090e-007	1.121545e-006	-1.112212e-008	9.263669e-009
6.396165202860031e-008	3.878684e-006	-5.206998e-007	1.119225e-006	-1.120583e-008	1.018431e-008
6.397950917145747e-008	4.292459e-006	-6.209332e-007	1.116910e-006	-1.129353e-008	1.105858e-008
6.399736631431464e-008	4.699318e-006	-7.144093e-007	1.114601e-006	-1.138522e-008	1.188648e-008
6.401522345717180e-008	5.099262e-006	-8.011280e-007	1.112296e-006	-1.148090e-008	1.266801e-008
6.403308060002897e-008	5.492291e-006	-8.810893e-007	1.109997e-006	-1.158056e-008	1.340317e-008
6.405093774288612e-008	5.878405e-006	-9.542932e-007	1.107702e-006	-1.168422e-008	1.409196e-008
6.406879488574329e-008	6.257604e-006	-1.020740e-006	1.105413e-006	-1.179186e-008	1.473439e-008
6.408279488574331e-008	6.538873e-006	-1.065814e-006	1.103622e-006	-1.187744e-008	1.518303e-008
6.410493774288618e-008	6.954692e-006	-1.121908e-006	1.100796e-006	-1.201727e-008	1.577894e-008
6.412708060002908e-008	7.345054e-006	-1.167690e-006	1.097978e-006	-1.215810e-008	1.629145e-008
6.414922345717195e-008	7.709956e-006	-1.203160e-006	1.095167e-006	-1.229994e-008	1.672056e-008
6.417136631431483e-008	8.049400e-006	-1.228319e-006	1.092364e-006	-1.244277e-008	1.706626e-008
6.419350917145771e-008	8.363386e-006	-1.243165e-006	1.089569e-006	-1.258662e-008	1.732856e-008
6.421565202860060e-008	8.651913e-006	-1.247699e-006	1.086782e-006	-1.273146e-008	1.750745e-008
6.423779488574348e-008	8.914981e-006	-1.241922e-006	1.084003e-006	-1.287732e-008	1.760295e-008
6.425836631431493e-008	9.144325e-006	-1.232608e-006	1.081427e-006	-1.301127e-008	1.765432e-008
6.427893774288638e-008	9.360718e-006	-1.219994e-006	1.078859e-006	-1.314377e-008	1.767479e-008
6.429950917145783e-008	9.564161e-006	-1.204080e-006	1.076296e-006	-1.327483e-008	1.766435e-008
6.432008060002929e-008	9.754653e-006	-1.184867e-006	1.073740e-006	-1.340445e-008	1.762301e-008
6.434065202860074e-008	9.932193e-006	-1.162353e-006	1.071191e-006	-1.353262e-008	1.755076e-008
6.436122345717219e-008	1.009678e-005	-1.136540e-006	1.068648e-006	-1.365935e-008	1.744761e-008
6.438179488574364e-008	1.024842e-005	-1.107426e-006	1.066112e-006	-1.378463e-008	1.731356e-008
6.438279488574365e-008	1.025564e-005	-1.106022e-006	1.065989e-006	-1.379065e-008	1.730699e-008
6.441093774288653e-008	1.044416e-005	-1.062904e-006	1.062530e-006	-1.395836e-008	1.708833e-008
6.443908060002943e-008	1.062015e-005	-1.019200e-006	1.059084e-006	-1.412203e-008	1.685632e-008
6.446722345717231e-008	1.078360e-005	-9.749098e-007	1.055649e-006	-1.428167e-008	1.661097e-008
6.449536631431520e-008	1.093452e-005	-9.300341e-007	1.052226e-006	-1.443726e-008	1.635228e-008
6.452350917145809e-008	1.107291e-005	-8.845726e-007	1.048816e-006	-1.458882e-008	1.608025e-008
6.455165202860098e-008	1.119876e-005	-8.385252e-007	1.045417e-006	-1.473634e-008	1.579487e-008
6.457979488574387e-008	1.131208e-005	-7.918920e-007	1.042031e-006	-1.487982e-008	1.549615e-008
6.459436631431531e-008	1.137638e-005	-7.714642e-007	1.040282e-006	-1.495251e-008	1.536767e-008
6.460893774288676e-008	1.144235e-005	-7.524036e-007	1.038536e-006	-1.502443e-008	1.524883e-008
6.462350917145820e-008	1.151001e-005	-7.347102e-007	1.036793e-006	-1.509559e-008	1.513962e-008
6.463808060002966e-008	1.157934e-005	-7.183840e-007	1.035053e-006	-1.516598e-008	1.504004e-008
6.465265202860110e-008	1.165035e-005	-7.034250e-007	1.033316e-006	-1.523561e-008	1.495010e-008
6.466722345717254e-008	1.172303e-005	-6.898332e-007	1.031581e-006	-1.530448e-008	1.486979e-008
6.468179488574398e-008	1.179740e-005	-6.776086e-007	1.029850e-006	-1.537258e-008	1.479912e-008
6.468279488574399e-008	1.180243e-005	-6.767560e-007	1.029731e-006	-1.537724e-008	1.479417e-008
6.472508060002975e-008	1.201506e-005	-6.420689e-007	1.024722e-006	-1.557264e-008	1.459498e-008
6.476736631431551e-008	1.220418e-005	-6.043348e-007	1.019737e-006	-1.576205e-008	1.436404e-008
6.480965202860128e-008	1.236978e-005	-5.635538e-007	1.014777e-006	-1.594547e-008	1.410137e-008
6.485193774288703e-008	1.251187e-005	-5.197258e-007	1.009841e-006	-1.612291e-008	1.380695e-008
6.489422345717280e-008	1.263044e-005	-4.728509e-007	1.004930e-006	-1.629436e-008	1.348080e-008
6.493650917145855e-008	1.272550e-005	-4.229291e-007	1.000044e-006	-1.645983e-008	1.312290e-008
6.497879488574432e-008	1.279705e-005	-3.699603e-007	9.951817e-007	-1.661932e-008	1.273326e-008
6.498279488574433e-008	1.280326e-005	-3.651487e-007	9.947232e-007	-1.663399e-008	1.269736e-008
6.501150917145864e-008	1.284142e-005	-3.300663e-007	9.914388e-007	-1.673736e-008	1.243281e-008
6.504022345717296e-008	1.287516e-005	-2.960616e-007	9.881662e-007	-1.683792e-008	1.217315e-008
6.506893774288728e-008	1.290446e-005	-2.631347e-007	9.849055e-007	-1.693565e-008	1.191839e-008
6.509765202860160e-008	1.292935e-005	-2.312854e-007	9.816567e-007	-1.703055e-008	1.166852e-008
6.512636631431592e-008	1.294980e-005	-2.005139e-007	9.784198e-007	-1.712264e-008	1.142354e-008
6.515508060003024e-008	1.296583e-005	-1.708201e-007	9.751947e-007	-1.721190e-008	1.118346e-008
6.518379488574455e-008	1.297743e-005	-1.422040e-007	9.719815e-007	-1.729835e-008	1.094827e-008
6.519779488574457e-008	1.298582e-005	-1.300090e-007	9.704191e-007	-1.733974e-008	1.084655e-008
6.521179488574459e-008	1.299340e-005	-1.179857e-007	9.688595e-007	-1.738063e-008	1.074580e-008
6.522579488574460e-008	1.300019e-005	-1.061341e-007	9.673027e-007	-1.742102e-008	1.064600e-008
6.523979488574462e-008	1.300619e-005	-9.445417e-008	9.657487e-007	-1.746091e-008	1.054717e-008
6.525379488574463e-008	1.301138e-005	-8.294601e-008	9.641975e-007	-1.750030e-008	1.044929e-008
6.526779488574465e-008	1.301578e-005	-7.160957e-008	9.626490e-007	-1.753919e-008	1.035236e-008
6.528179488574467e-008	1.301939e-005	-6.044485e-008	9.611034e-007	-1.757758e-008	1.025640e-008
6.528279488574467e-008	1.301950e-005	-5.960904e-008	9.609931e-007	-1.758031e-008	1.024922e-008
6.529536631431611e-008	1.302019e-005	-4.907975e-008	9.596081e-007	-1.761431e-008	1.015847e-008
6.530793774288755e-008	1.302027e-005	-3.869647e-008	9.582250e-007	-1.764792e-008	1.006846e-008
6.532050917145899e-008	1.301974e-005	-2.845921e-008	9.568439e-007	-1.768114e-008	9.979191e-009
6.533308060003044e-008	1.301861e-005	-1.836797e-008	9.554647e-007	-1.771397e-008	9.890661e-009
6.534565202860188e-008	1.301688e-005	-8.422736e-009	9.540875e-007	-1.774642e-008	9.802873e-009
6.535822345717333e-008	1.301453e-005	1.376478e-009	9.527121e-007	-1.777847e-008	9.715825e-009
6.537079488574477e-008	1.301158e-005	1.102968e-008	9.513388e-007	-1.781013e-008	9.629519e-009
6.537936631431620e-008	1.300934e-005	1.749856e-008	9.503988e-007	-1.783151e-008	9.571360e-009
6.538793774288764e-008	1.300691e-005	2.388621e-008	9.494571e-007	-1.785272e-008	9.513679e-009
6.539650917145908e-008	1.300427e-005	3.019262e-008	9.485136e-007	-1.787377e-008	9.456475e-009
6.540508060003053e-008	1.300142e-005	3.641780e-008	9.475684e-007	-1.789466e-008	9.399749e-009
6.541365202860196e-008	1.299838e-005	4.256174e-008	9.466215e-007	-1.791538e-008	9.343500e-009
6.542222345717340e-008	1.299514e-005	4.862445e-008	9.456728e-007	-1.793593e-008	9.287728e-009
6.543079488574483e-008	1.299169e-005	5.460593e-008	9.447224e-007	-1.795633e-008	9.232433e-009
6.545236631431629e-008	1.298231e-005	6.920829e-008	9.423515e-007	-1.800690e-008	9.096074e-009
6.547393774288774e-008	1.297188e-005	8.336104e-008	9.399900e-007	-1.805658e-008	8.962462e-009
6.549550917145919e-008	1.296042e-005	9.706418e-008	9.376378e-007	-1.810538e-008	8.831597e-009
6.551708060003065e-008	1.294792e-005	1.103177e-007	9.352950e-007	-1.815329e-008	8.703478e-009
6.553865202860210e-008	1.293438e-005	1.231216e-007	9.329617e-007	-1.820032e-008	8.578107e-009
6.556022345717355e-008	1.291980e-005	1.354759e-007	9.306377e-007	-1.824646e-008	8.455484e-009
6.558179488574501e-008	1.290417e-005	1.473806e-007	9.283231e-007	-1.829172e-008	8.335607e-009
6.558279488574501e-008	1.290343e-005	1.479240e-007	9.282158e-007	-1.829380e-008	8.330103e-009
6.562550917145934e-008	1.286928e-005	1.701159e-007	9.236492e-007	-1.838069e-008	8.101101e-009
6.566822345717368e-008	1.283327e-005	1.907716e-007	9.191102e-007	-1.846519e-008	7.882427e-009
6.571093774288801e-008	1.279542e-005	2.098910e-007	9.145990e-007	-1.854731e-008	7.674082e-009
6.575365202860235e-008	1.275571e-005	2.274742e-007	9.101155e-007	-1.862704e-008	7.476064e-009
6.579636631431668e-008	1.271416e-005	2.435212e-007	9.056598e-007	-1.870438e-008	7.288374e-009
6.583908060003102e-008	1.267075e-005	2.580319e-007	9.012317e-007	-1.877934e-008	7.111012e-009
6.588179488574535e-008	1.262550e-005	2.710064e-007	8.968314e-007	-1.885192e-008	6.943977e-009
6.588279488574535e-008	1.262445e-005	2.712990e-007	8.967287e-007	-1.885361e-008	6.940156e-009
6.592550917145968e-008	1.257869e-005	2.829643e-007	8.923551e-007	-1.892454e-008	6.782657e-009
6.596822345717402e-008	1.253243e-005	2.936641e-007	8.880059e-007	-1.899417e-008	6.632277e-009
6.601093774288835e-008	1.248568e-005	3.033984e-007	8.836810e-007	-1.906250e-008	6.489016e-009
6.605365202860269e-008	1.243843e-005	3.121673e-007	8.793804e-007	-1.912953e-008	6.352874e-009
6.609636631431702e-008	1.239068e-005	3.199707e-007	8.751040e-007	-1.919526e-008	6.223852e-009
6.613908060003136e-008	1.234244e-005	3.268086e-007	8.708520e-007	-1.925969e-008	6.101948e-009
6.618179488574569e-008	1.229370e-005	3.326811e-007	8.666244e-007	-1.932282e-008	5.987164e-009
6.618279488574569e-008	1.229256e-005	3.328143e-007	8.665256e-007	-1.932430e-008	5.984516e-009
6.622550917146002e-008	1.224375e-005	3.380280e-007	8.623212e-007	-1.938660e-008	5.874969e-009
6.626822345717436e-008	1.219490e-005	3.427265e-007	8.581389e-007	-1.944821e-008	5.769595e-009
6.631093774288869e-008	1.214600e-005	3.469099e-007	8.539788e-007	-1.950914e-008	5.668394e-009
6.635365202860303e-008	1.209706e-005	3.505783e-007	8.498408e-007	-1.956939e-008	5.571364e-009
6.639636631431736e-008	1.204808e-005	3.537315e-007	8.457251e-007	-1.962895e-008	5.478507e-009
6.643908060003170e-008	1.199905e-005	3.563696e-007	8.416315e-007	-1.968783e-008	5.389822e-009
6.648179488574603e-008	1.194998e-005	3.584926e-007	8.375601e-007	-1.974602e-008	5.305309e-009
6.648279488574603e-008	1.194884e-005	3.585406e-007	8.374651e-007	-1.974738e-008	5.303350e-009
6.678279488574637e-008	1.160773e-005	3.657472e-007	8.094638e-007	-2.014523e-008	4.780319e-009
6.708279488574671e-008	1.127488e-005	3.638345e-007	7.824652e-007	-2.052895e-008	4.348733e-009
6.738279488574705e-008	1.095260e-005	3.575819e-007	7.564244e-007	-2.090377e-008	3.973192e-009
6.768279488574739e-008	1.064176e-005	3.493560e-007	7.313016e-007	-2.127200e-008	3.635279e-009
6.798279488574773e-008	1.034254e-005	3.403172e-007	7.070601e-007	-2.163453e-008	3.325283e-009
6.828279488574807e-008	1.005479e-005	3.310321e-007	6.836656e-007	-2.199158e-008	3.037872e-009
6.858279488574841e-008	9.778221e-006	3.217743e-007	6.610850e-007	-2.234305e-008	2.769919e-009
6.859565202860557e-008	9.766612e-006	3.213805e-007	6.601351e-007	-2.235799e-008	2.758836e-009
6.860850917146272e-008	9.755023e-006	3.209871e-007	6.591866e-007	-2.237291e-008	2.747785e-009
6.862136631431988e-008	9.743453e-006	3.205939e-007	6.582394e-007	-2.238783e-008	2.736766e-009
6.863422345717704e-008	9.731904e-006	3.202011e-007	6.572935e-007	-2.240273e-008	2.725778e-009
6.864708060003420e-008	9.720373e-006	3.198086e-007	6.563490e-007	-2.241762e-008	2.714821e-009
6.865993774289135e-008	9.708863e-006	3.194165e-007	6.554058e-007	-2.243250e-008	2.703896e-009
6.867279488574851e-008	9.697372e-006	3.190247e-007	6.544640e-007	-2.244737e-008	2.693003e-009
6.868750917146281e-008	9.684239e-006	3.185790e-007	6.534214e-007	-2.246438e-008	2.680557e-009
6.870222345717712e-008	9.671136e-006	3.181322e-007	6.523110e-007	-2.248137e-008	2.668162e-009
6.871693774289141e-008	9.658062e-006	3.176844e-007	6.511328e-007	-2.249834e-008	2.655819e-009
6.873165202860572e-008	9.645019e-006	3.172354e-007	6.498868e-007	-2.251531e-008	2.643528e-009
6.874636631432002e-008	9.632005e-006	3.167853e-007	6.485731e-007	-2.253225e-008	2.631288e-009
6.876108060003433e-008	9.619020e-006	3.163342e-007	6.471916e-007	-2.254918e-008	2.619100e-009
6.877579488574863e-008	9.606066e-006	3.158819e-007	6.457423e-007	-2.256610e-008	2.606964e-009
6.878408060003436e-008	9.598804e-006	3.156192e-007	6.448469e-007	-2.257562e-008	2.600210e-009
6.879236631432007e-008	9.591561e-006	3.153534e-007	6.439023e-007	-2.258514e-008	2.593495e-009
6.880065202860580e-008	9.584336e-006	3.150845e-007	6.429083e-007	-2.259465e-008	2.586820e-009
6.880893774289152e-008	9.577130e-006	3.148124e-007	6.418649e-007	-2.260415e-008	2.580184e-009
6.881722345717725e-008	9.569942e-006	3.145373e-007	6.407723e-007	-2.261366e-008	2.573587e-009
6.882550917146296e-008	9.562772e-006	3.142591e-007	6.396302e-007	-2.262315e-008	2.567030e-009
6.883379488574869e-008	9.555620e-006	3.139778e-007	6.384389e-007	-2.263264e-008	2.560511e-009
6.884065202860585e-008	9.549713e-006	3.137437e-007	6.374093e-007	-2.264050e-008	2.555139e-009
6.884750917146299e-008	9.543815e-006	3.135090e-007	6.363475e-007	-2.264835e-008	2.549782e-009
6.885436631432014e-008	9.537926e-006	3.132738e-007	6.352534e-007	-2.265619e-008	2.544440e-009
6.886122345717730e-008	9.532045e-006	3.130380e-007	6.341271e-007	-2.266403e-008	2.539113e-009
6.886808060003445e-008	9.526174e-006	3.128017e-007	6.329685e-007	-2.267187e-008	2.533801e-009
6.887493774289159e-008	9.520311e-006	3.125648e-007	6.317778e-007	-2.267971e-008	2.528503e-009
6.888179488574875e-008	9.514457e-006	3.123274e-007	6.305547e-007	-2.268754e-008	2.523221e-009
6.888279488574875e-008	9.513604e-006	3.122929e-007	6.303744e-007	-2.268869e-008	2.522451e-009
6.889065202860590e-008	9.506906e-006	3.120211e-007	6.289322e-007	-2.269766e-008	2.516412e-009
6.889850917146305e-008	9.500216e-006	3.117503e-007	6.274619e-007	-2.270662e-008	2.510378e-009
6.890636631432020e-008	9.493533e-006	3.114804e-007	6.259634e-007	-2.271559e-008	2.504351e-009
6.891422345717736e-008	9.486856e-006	3.112116e-007	6.244370e-007	-2.272454e-008	2.498329e-009
6.892208060003451e-008	9.480186e-006	3.109437e-007	6.228824e-007	-2.273350e-008	2.492314e-009
6.892993774289166e-008	9.473523e-006	3.106767e-007	6.212997e-007	-2.274245e-008	2.486305e-009
6.893779488574881e-008	9.466868e-006	3.104108e-007	6.196889e-007	-2.275139e-008	2.480302e-009
6.894165202860596e-008	9.463602e-006	3.102809e-007	6.188928e-007	-2.275578e-008	2.477354e-009
6.894550917146310e-008	9.460337e-006	3.101515e-007	6.180925e-007	-2.276017e-008	2.474406e-009
6.894936631432025e-008	9.457074e-006	3.100225e-007	6.172879e-007	-2.276456e-008	2.471458e-009
6.895322345717740e-008	9.453811e-006	3.098939e-007	6.164792e-007	-2.276895e-008	2.468510e-009
6.895708060003455e-008	9.450550e-006	3.097656e-007	6.156663e-007	-2.277333e-008	2.465563e-009
6.896093774289169e-008	9.447290e-006	3.096378e-007	6.148493e-007	-2.277771e-008	2.462615e-009
6.896479488574884e-008	9.444031e-006	3.095104e-007	6.140280e-007	-2.278210e-008	2.459667e-009
6.897108060003457e-008	9.438722e-006	3.093037e-007	6.126815e-007	-2.278924e-008	2.454862e-009
6.897736631432028e-008	9.433416e-006	3.090982e-007	6.113282e-007	-2.279637e-008	2.450056e-009
6.898365202860601e-008	9.428111e-006	3.088939e-007	6.099681e-007	-2.280351e-008	2.445249e-009
6.898993774289172e-008	9.422810e-006	3.086907e-007	6.086012e-007	-2.281064e-008	2.440441e-009
6.899622345717745e-008	9.417510e-006	3.084888e-007	6.072275e-007	-2.281777e-008	2.435632e-009
6.900250917146316e-008	9.412213e-006	3.082880e-007	6.058471e-007	-2.282489e-008	2.430821e-009
6.900879488574889e-008	9.406918e-006	3.080884e-007	6.044598e-007	-2.283202e-008	2.426009e-009
6.901536631432033e-008	9.401385e-006	3.078811e-007	6.030049e-007	-2.283946e-008	2.420976e-009
6.902193774289176e-008	9.395854e-006	3.076750e-007	6.015465e-007	-2.284690e-008	2.415942e-009
6.902850917146319e-008	9.390326e-006	3.074702e-007	6.000846e-007	-2.285434e-008	2.410907e-009
6.903508060003464e-008	9.384800e-006	3.072665e-007	5.986193e-007	-2.286177e-008	2.405871e-009
6.904165202860608e-008	9.379276e-006	3.070642e-007	5.971506e-007	-2.286920e-008	2.400833e-009
6.904822345717751e-008	9.373755e-006	3.068630e-007	5.956784e-007	-2.287663e-008	2.395794e-009
6.905479488574894e-008	9.368236e-006	3.066631e-007	5.942028e-007	-2.288405e-008	2.390753e-009
6.905908060003467e-008	9.364637e-006	3.065335e-007	5.932402e-007	-2.288889e-008	2.387465e-009
6.906336631432038e-008	9.361040e-006	3.064044e-007	5.922782e-007	-2.289373e-008	2.384175e-009
6.906765202860610e-008	9.357443e-006	3.062757e-007	5.913168e-007	-2.289856e-008	2.380886e-009
6.907193774289182e-008	9.353847e-006	3.061476e-007	5.903560e-007	-2.290340e-008	2.377595e-009
6.907622345717754e-008	9.350251e-006	3.060201e-007	5.893957e-007	-2.290823e-008	2.374304e-009
6.908050917146325e-008	9.346657e-006	3.058930e-007	5.884360e-007	-2.291306e-008	2.371013e-009
6.908479488574898e-008	9.343064e-006	3.057664e-007	5.874770e-007	-2.291789e-008	2.367720e-009
6.909865202860614e-008	9.331448e-006	3.053618e-007	5.843838e-007	-2.293350e-008	2.357064e-009
6.911250917146329e-008	9.319847e-006	3.049603e-007	5.812994e-007	-2.294909e-008	2.346417e-009
6.912636631432045e-008	9.308258e-006	3.045618e-007	5.782240e-007	-2.296467e-008	2.335780e-009
6.914022345717761e-008	9.296682e-006	3.041664e-007	5.751574e-007	-2.298023e-008	2.325153e-009
6.915408060003478e-008	9.285120e-006	3.037740e-007	5.720997e-007	-2.299578e-008	2.314536e-009
6.916793774289193e-008	9.273570e-006	3.033847e-007	5.690508e-007	-2.301131e-008	2.303929e-009
6.918179488574909e-008	9.262034e-006	3.029985e-007	5.660108e-007	-2.302683e-008	2.293332e-009
6.918279488574909e-008	9.261203e-006	3.029706e-007	5.657918e-007	-2.302795e-008	2.292569e-009
6.922550917146342e-008	9.225796e-006	3.017740e-007	5.564798e-007	-2.307567e-008	2.260172e-009
6.926822345717776e-008	9.190565e-006	3.005844e-007	5.472339e-007	-2.312326e-008	2.228037e-009
6.931093774289209e-008	9.155509e-006	2.994017e-007	5.380540e-007	-2.317070e-008	2.196165e-009
6.935365202860643e-008	9.120629e-006	2.982259e-007	5.289403e-007	-2.321800e-008	2.164556e-009
6.939636631432076e-008	9.085925e-006	2.970571e-007	5.198926e-007	-2.326516e-008	2.133210e-009
6.943908060003510e-008	9.051396e-006	2.958952e-007	5.109110e-007	-2.331218e-008	2.102126e-009
6.948179488574943e-008	9.017042e-006	2.947402e-007	5.019955e-007	-2.335905e-008	2.071305e-009
6.948279488574943e-008	9.016239e-006	2.947134e-007	5.017874e-007	-2.336015e-008	2.070585e-009
6.949122345717801e-008	9.009476e-006	2.944881e-007	5.000357e-007	-2.336938e-008	2.064520e-009
6.949965202860659e-008	9.002719e-006	2.942629e-007	4.982847e-007	-2.337861e-008	2.058465e-009
6.950808060003518e-008	8.995968e-006	2.940379e-007	4.965343e-007	-2.338783e-008	2.052421e-009
6.951650917146375e-008	8.989224e-006	2.938131e-007	4.947846e-007	-2.339704e-008	2.046387e-009
6.952493774289233e-008	8.982487e-006	2.935885e-007	4.930356e-007	-2.340625e-008	2.040363e-009
6.953336631432091e-008	8.975756e-006	2.933641e-007	4.912872e-007	-2.341546e-008	2.034350e-009
6.954179488574950e-008	8.969032e-006	2.931399e-007	4.895395e-007	-2.342466e-008	2.028346e-009
6.955150917146379e-008	8.961290e-006	2.928817e-007	4.875224e-007	-2.343525e-008	2.021439e-009
6.956122345717809e-008	8.953564e-006	2.926215e-007	4.854992e-007	-2.344584e-008	2.014564e-009
6.957093774289238e-008	8.945853e-006	2.923591e-007	4.834698e-007	-2.345642e-008	2.007721e-009
6.958065202860669e-008	8.938158e-006	2.920947e-007	4.814342e-007	-2.346700e-008	2.000910e-009
6.959036631432098e-008	8.930478e-006	2.918281e-007	4.793926e-007	-2.347756e-008	1.994131e-009
6.960008060003528e-008	8.922814e-006	2.915594e-007	4.773448e-007	-2.348812e-008	1.987385e-009
6.960979488574957e-008	8.915164e-006	2.912886e-007	4.752908e-007	-2.349868e-008	1.980670e-009
6.962922345717817e-008	8.899941e-006	2.907296e-007	4.711424e-007	-2.351976e-008	1.967422e-009
6.964865202860676e-008	8.884806e-006	2.901566e-007	4.669851e-007	-2.354081e-008	1.954355e-009
6.966808060003536e-008	8.869760e-006	2.895697e-007	4.628190e-007	-2.356184e-008	1.941470e-009
6.968750917146394e-008	8.854804e-006	2.889688e-007	4.586442e-007	-2.358285e-008	1.928767e-009
6.970693774289254e-008	8.839936e-006	2.883539e-007	4.544606e-007	-2.360383e-008	1.916245e-009
6.972636631432113e-008	8.825158e-006	2.877251e-007	4.502683e-007	-2.362478e-008	1.903906e-009
6.974579488574973e-008	8.810468e-006	2.870823e-007	4.460672e-007	-2.364571e-008	1.891748e-009
6.978179488574977e-008	8.783399e-006	2.858956e-007	4.383348e-007	-2.368444e-008	1.869393e-009
6.978279488574977e-008	8.782650e-006	2.858627e-007	4.381206e-007	-2.368551e-008	1.868776e-009
6.981265202860695e-008	8.760379e-006	2.848757e-007	4.317504e-007	-2.371757e-008	1.850477e-009
6.984250917146412e-008	8.738141e-006	2.839190e-007	4.254166e-007	-2.374957e-008	1.832099e-009
6.987236631432130e-008	8.715938e-006	2.829926e-007	4.191192e-007	-2.378150e-008	1.813640e-009
6.990222345717848e-008	8.693769e-006	2.820964e-007	4.128581e-007	-2.381338e-008	1.795101e-009
6.993208060003566e-008	8.671634e-006	2.812305e-007	4.066334e-007	-2.384519e-008	1.776481e-009
6.996193774289283e-008	8.649534e-006	2.803948e-007	4.004451e-007	-2.387694e-008	1.757782e-009
6.999179488575001e-008	8.627468e-006	2.795894e-007	3.942932e-007	-2.390863e-008	1.739002e-009
6.999279488575001e-008	8.626728e-006	2.795631e-007	3.940876e-007	-2.390969e-008	1.737934e-009
6.999307556007905e-008	8.626520e-006	2.795557e-007	3.940299e-007	-2.390999e-008	1.741928e-009
6.999317870946449e-008	8.626444e-006	2.795530e-007	3.940087e-007	-2.391010e-008	1.745855e-009
6.999325400203234e-008	8.626388e-006	2.795511e-007	3.939932e-007	-2.391018e-008	1.746630e-009
6.999333437057872e-008	8.626329e-006	2.795491e-007	3.939767e-007	-2.391026e-008	1.747145e-009
6.999334853200529e-008	8.626319e-006	2.795487e-007	3.939738e-007	-2.391028e-008	1.747085e-009
7.005539944654016e-008	8.580452e-006	2.780088e-007	3.812897e-007	-2.397588e-008	2.158298e-009
7.006525658939732e-008	8.573170e-006	2.777745e-007	3.792874e-007	-2.398628e-008	2.222562e-009
7.007511373225446e-008	8.565889e-006	2.775423e-007	3.772884e-007	-2.399666e-008	2.286542e-009
7.008497087511162e-008	8.558609e-006	2.773123e-007	3.752926e-007	-2.400704e-008	2.350236e-009
7.009482801796878e-008	8.551331e-006	2.770844e-007	3.733001e-007	-2.401740e-008	2.413646e-009
7.010468516082593e-008	8.544055e-006	2.768586e-007	3.713108e-007	-2.402776e-008	2.476770e-009
7.011454230368308e-008	8.536781e-006	2.766350e-007	3.693248e-007	-2.403811e-008	2.539609e-009
7.012439944654024e-008	8.529508e-006	2.764135e-007	3.673420e-007	-2.404845e-008	2.602163e-009
7.013611373225453e-008	8.520867e-006	2.761527e-007	3.649842e-007	-2.406073e-008	2.676135e-009
7.014782801796884e-008	8.512231e-006	2.758936e-007	3.626280e-007	-2.407300e-008	2.749712e-009
7.015954230368313e-008	8.503599e-006	2.756364e-007	3.602734e-007	-2.408525e-008	2.822897e-009
7.017125658939744e-008	8.494971e-006	2.753810e-007	3.579204e-007	-2.409749e-008	2.895688e-009
7.018297087511173e-008	8.486348e-006	2.751274e-007	3.555691e-007	-2.410972e-008	2.968086e-009
7.019468516082604e-008	8.477729e-006	2.748756e-007	3.532193e-007	-2.412194e-008	3.040091e-009
7.020639944654033e-008	8.469114e-006	2.746256e-007	3.508712e-007	-2.413414e-008	3.111703e-009
7.021325658939748e-008	8.464074e-006	2.744797e-007	3.494964e-007	-2.414128e-008	3.153443e-009
7.022011373225463e-008	8.459036e-006	2.743341e-007	3.481238e-007	-2.414841e-008	3.195053e-009
7.022697087511178e-008	8.454000e-006	2.741888e-007	3.467532e-007	-2.415554e-008	3.236530e-009
7.023382801796893e-008	8.448967e-006	2.740438e-007	3.453848e-007	-2.416266e-008	3.277876e-009
7.024068516082609e-008	8.443935e-006	2.738991e-007	3.440185e-007	-2.416978e-008	3.319090e-009
7.024754230368323e-008	8.438905e-006	2.737547e-007	3.426542e-007	-2.417690e-008	3.360173e-009
7.025439944654038e-008	8.433877e-006	2.736106e-007	3.412921e-007	-2.418401e-008	3.401124e-009
7.026868516082612e-008	8.423326e-006	2.733442e-007	3.384644e-007	-2.419881e-008	3.485784e-009
7.028297087511184e-008	8.412840e-006	2.730570e-007	3.356436e-007	-2.421359e-008	3.570038e-009
7.029725658939758e-008	8.402420e-006	2.727491e-007	3.328296e-007	-2.422836e-008	3.653883e-009
7.031154230368330e-008	8.392065e-006	2.724205e-007	3.300225e-007	-2.424310e-008	3.737322e-009
7.032582801796904e-008	8.381776e-006	2.720712e-007	3.272223e-007	-2.425783e-008	3.820354e-009
7.034011373225476e-008	8.371552e-006	2.717012e-007	3.244290e-007	-2.427253e-008	3.902978e-009
7.035439944654050e-008	8.361393e-006	2.713105e-007	3.216426e-007	-2.428722e-008	3.985196e-009
7.035539944654050e-008	8.360739e-006	2.712620e-007	3.214477e-007	-2.428825e-008	3.991094e-009
7.039811373225483e-008	8.337853e-006	2.677878e-007	3.131538e-007	-2.433245e-008	4.257337e-009
7.044082801796917e-008	8.313736e-006	2.648966e-007	3.049155e-007	-2.437655e-008	4.515642e-009
7.048354230368350e-008	8.288388e-006	2.625885e-007	2.967327e-007	-2.442055e-008	4.766009e-009
7.052625658939784e-008	8.261810e-006	2.608634e-007	2.886056e-007	-2.446446e-008	5.008437e-009
7.056897087511217e-008	8.234002e-006	2.597214e-007	2.805341e-007	-2.450828e-008	5.242927e-009
7.061168516082651e-008	8.204963e-006	2.591625e-007	2.725182e-007	-2.455200e-008	5.469479e-009
7.065439944654084e-008	8.174693e-006	2.591866e-007	2.645579e-007	-2.459563e-008	5.688093e-009
7.065539944654084e-008	8.174004e-006	2.591760e-007	2.643722e-007	-2.459664e-008	5.693189e-009
7.095539944654118e-008	7.961365e-006	2.573105e-007	2.099022e-007	-2.489515e-008	7.078204e-009
7.125539944654152e-008	7.753575e-006	2.528731e-007	1.577735e-007	-2.518255e-008	8.236784e-009
7.155539944654186e-008	7.557273e-006	2.460404e-007	1.078182e-007	-2.546133e-008	9.215048e-009
7.185539944654220e-008	7.371618e-006	2.384920e-007	5.991720e-008	-2.573276e-008	1.003290e-008
7.215539944654254e-008	7.194987e-006	2.310777e-007	1.397411e-008	-2.599706e-008	1.070202e-008
7.245539944654288e-008	7.026129e-006	2.240555e-007	-3.009578e-008	-2.625404e-008	1.123184e-008
7.275539944654322e-008	6.864197e-006	2.174372e-007	-7.237017e-008	-2.650344e-008	1.163134e-008
7.305539944654356e-008	6.708612e-006	2.111649e-007	-1.129219e-007	-2.674506e-008	1.190937e-008
7.335539944654390e-008	6.558950e-006	2.051774e-007	-1.518200e-007	-2.697876e-008	1.207465e-008
7.365539944654424e-008	6.415085e-006	1.993439e-007	-1.891304e-007	-2.720444e-008	1.213613e-008
7.366982801797283e-008	6.405708e-006	1.997611e-007	-1.908859e-007	-2.721488e-008	1.212763e-008
7.368425658940142e-008	6.403773e-006	1.977017e-007	-1.926379e-007	-2.722556e-008	1.214158e-008
7.369868516083001e-008	6.409281e-006	1.931658e-007	-1.943864e-007	-2.723647e-008	1.217799e-008
7.371311373225859e-008	6.422232e-006	1.861533e-007	-1.961314e-007	-2.724761e-008	1.223686e-008
7.372754230368718e-008	6.442624e-006	1.766642e-007	-1.978730e-007	-2.725898e-008	1.231818e-008
7.374197087511577e-008	6.470460e-006	1.646987e-007	-1.996110e-007	-2.727058e-008	1.242196e-008
7.375639944654436e-008	6.505737e-006	1.502565e-007	-2.013456e-007	-2.728241e-008	1.254820e-008
7.376982801797294e-008	6.555010e-006	1.313760e-007	-2.029571e-007	-2.729396e-008	1.271571e-008
7.378325658940153e-008	6.616063e-006	1.092963e-007	-2.045657e-007	-2.730654e-008	1.292363e-008
7.379668516083012e-008	6.688896e-006	8.401724e-008	-2.061714e-007	-2.732013e-008	1.317197e-008
7.381011373225870e-008	6.773510e-006	5.553893e-008	-2.077742e-007	-2.733474e-008	1.346071e-008
7.382354230368728e-008	6.869904e-006	2.386134e-008	-2.093742e-007	-2.735037e-008	1.378987e-008
7.383697087511587e-008	6.978079e-006	-1.101553e-008	-2.109713e-007	-2.736702e-008	1.415943e-008
7.385039944654446e-008	7.098034e-006	-4.909168e-008	-2.125655e-007	-2.738469e-008	1.456941e-008
7.386311373225876e-008	7.220644e-006	-8.678156e-008	-2.140723e-007	-2.740293e-008	1.499386e-008
7.387582801797306e-008	7.345854e-006	-1.240867e-007	-2.155764e-007	-2.742240e-008	1.543454e-008
7.388854230368736e-008	7.473665e-006	-1.610071e-007	-2.170780e-007	-2.744310e-008	1.589147e-008
7.390125658940167e-008	7.604075e-006	-1.975427e-007	-2.185769e-007	-2.746502e-008	1.636463e-008
7.391397087511596e-008	7.737085e-006	-2.336935e-007	-2.200731e-007	-2.748816e-008	1.685402e-008
7.392668516083027e-008	7.872695e-006	-2.694596e-007	-2.215668e-007	-2.751253e-008	1.735966e-008
7.393939944654456e-008	8.010906e-006	-3.048410e-007	-2.230578e-007	-2.753813e-008	1.788153e-008
7.395539944654458e-008	8.179471e-006	-3.457857e-007	-2.249304e-007	-2.757182e-008	1.853450e-008
7.398497087511604e-008	8.487730e-006	-4.132078e-007	-2.283803e-007	-2.764065e-008	1.977863e-008
7.401454230368750e-008	8.771918e-006	-4.691842e-007	-2.318160e-007	-2.771170e-008	2.097764e-008
7.404411373225896e-008	9.032034e-006	-5.137151e-007	-2.352375e-007	-2.778499e-008	2.213152e-008
7.407368516083044e-008	9.268079e-006	-5.468003e-007	-2.386449e-007	-2.786051e-008	2.324029e-008
7.410325658940190e-008	9.480053e-006	-5.684400e-007	-2.420380e-007	-2.793825e-008	2.430393e-008
7.413282801797336e-008	9.667955e-006	-5.786341e-007	-2.454170e-007	-2.801822e-008	2.532244e-008
7.416239944654482e-008	9.831785e-006	-5.773827e-007	-2.487819e-007	-2.810042e-008	2.629584e-008
7.417554230368768e-008	9.897664e-006	-5.753258e-007	-2.502729e-007	-2.813586e-008	2.670531e-008
7.418868516083057e-008	9.960264e-006	-5.722780e-007	-2.517613e-007	-2.817105e-008	2.710575e-008
7.420182801797343e-008	1.001959e-005	-5.682391e-007	-2.532470e-007	-2.820598e-008	2.749716e-008
7.421497087511630e-008	1.007563e-005	-5.632092e-007	-2.547299e-007	-2.824066e-008	2.787953e-008
7.422811373225917e-008	1.012839e-005	-5.571883e-007	-2.562101e-007	-2.827507e-008	2.825286e-008
7.424125658940205e-008	1.017788e-005	-5.501764e-007	-2.576876e-007	-2.830923e-008	2.861717e-008
7.425439944654492e-008	1.022409e-005	-5.421734e-007	-2.591624e-007	-2.834313e-008	2.897244e-008
7.425539944654492e-008	1.022752e-005	-5.415530e-007	-2.592745e-007	-2.834569e-008	2.899917e-008
7.429054230368781e-008	1.033415e-005	-5.154731e-007	-2.632040e-007	-2.843457e-008	2.990080e-008
7.432568516083072e-008	1.042806e-005	-4.879369e-007	-2.671144e-007	-2.852004e-008	3.075578e-008
7.436082801797361e-008	1.050927e-005	-4.589443e-007	-2.710057e-007	-2.860208e-008	3.156410e-008
7.439597087511651e-008	1.057777e-005	-4.284953e-007	-2.748780e-007	-2.868071e-008	3.232576e-008
7.443111373225940e-008	1.063357e-005	-3.965900e-007	-2.787311e-007	-2.875592e-008	3.304076e-008
7.446625658940231e-008	1.067665e-005	-3.632284e-007	-2.825652e-007	-2.882771e-008	3.370910e-008
7.450139944654520e-008	1.070702e-005	-3.284105e-007	-2.863802e-007	-2.889609e-008	3.433079e-008
7.455539944654526e-008	1.075523e-005	-2.823464e-007	-2.922061e-007	-2.899418e-008	3.526038e-008
7.457939944654529e-008	1.078296e-005	-2.666636e-007	-2.947813e-007	-2.903530e-008	3.568262e-008
7.460339944654532e-008	1.081065e-005	-2.518569e-007	-2.973483e-007	-2.907544e-008	3.610180e-008
7.462739944654534e-008	1.083829e-005	-2.379264e-007	-2.999072e-007	-2.911460e-008	3.651791e-008
7.465139944654537e-008	1.086589e-005	-2.248720e-007	-3.024580e-007	-2.915280e-008	3.693094e-008
7.467539944654540e-008	1.089344e-005	-2.126939e-007	-3.050006e-007	-2.919001e-008	3.734091e-008
7.469939944654542e-008	1.092096e-005	-2.013919e-007	-3.075351e-007	-2.922626e-008	3.774781e-008
7.472339944654545e-008	1.094842e-005	-1.909661e-007	-3.100614e-007	-2.926153e-008	3.815164e-008
7.474211373225975e-008	1.096475e-005	-1.813844e-007	-3.120259e-007	-2.928852e-008	3.845021e-008
7.476082801797407e-008	1.097854e-005	-1.714464e-007	-3.139853e-007	-2.931488e-008	3.873883e-008
7.477954230368837e-008	1.098981e-005	-1.611522e-007	-3.159398e-007	-2.934061e-008	3.901751e-008
7.479825658940268e-008	1.099856e-005	-1.505018e-007	-3.178892e-007	-2.936572e-008	3.928624e-008
7.481697087511698e-008	1.100477e-005	-1.394951e-007	-3.198337e-007	-2.939020e-008	3.954503e-008
7.483568516083130e-008	1.100846e-005	-1.281322e-007	-3.217731e-007	-2.941405e-008	3.979387e-008
7.485439944654560e-008	1.100962e-005	-1.164130e-007	-3.237076e-007	-2.943728e-008	4.003276e-008
7.485539944654560e-008	1.100964e-005	-1.157918e-007	-3.238108e-007	-2.943849e-008	4.004529e-008
7.489568516083137e-008	1.100325e-005	-8.978921e-008	-3.279571e-007	-2.948582e-008	4.052197e-008
7.493597087511712e-008	1.099179e-005	-6.467329e-008	-3.320799e-007	-2.953027e-008	4.096831e-008
7.497625658940289e-008	1.097527e-005	-4.044408e-008	-3.361792e-007	-2.957183e-008	4.138433e-008
7.501654230368864e-008	1.095368e-005	-1.710157e-008	-3.402550e-007	-2.961052e-008	4.177001e-008
7.505682801797440e-008	1.092703e-005	5.354236e-009	-3.443075e-007	-2.964632e-008	4.212537e-008
7.509711373226016e-008	1.089532e-005	2.692333e-008	-3.483364e-007	-2.967924e-008	4.245040e-008
7.513739944654592e-008	1.085854e-005	4.760572e-008	-3.523419e-007	-2.970928e-008	4.274510e-008
7.515539944654594e-008	1.084396e-005	5.556639e-008	-3.541242e-007	-2.972210e-008	4.287778e-008
7.518039944654597e-008	1.082426e-005	6.573797e-008	-3.565916e-007	-2.973918e-008	4.305945e-008
7.520539944654600e-008	1.080307e-005	7.575767e-008	-3.590504e-007	-2.975552e-008	4.323177e-008
7.523039944654603e-008	1.078039e-005	8.562552e-008	-3.615005e-007	-2.977112e-008	4.339474e-008
7.525539944654606e-008	1.075622e-005	9.534149e-008	-3.639420e-007	-2.978598e-008	4.354838e-008
7.528039944654608e-008	1.073056e-005	1.049056e-007	-3.663749e-007	-2.980009e-008	4.369266e-008
7.530539944654611e-008	1.070342e-005	1.143179e-007	-3.687991e-007	-2.981346e-008	4.382760e-008
7.533039944654614e-008	1.067478e-005	1.235782e-007	-3.712147e-007	-2.982609e-008	4.395320e-008
7.534011373226043e-008	1.066366e-005	1.270020e-007	-3.721548e-007	-2.983082e-008	4.400063e-008
7.534982801797474e-008	1.065244e-005	1.303687e-007	-3.730952e-007	-2.983545e-008	4.404706e-008
7.535954230368903e-008	1.064113e-005	1.336784e-007	-3.740360e-007	-2.983999e-008	4.409249e-008
7.536925658940333e-008	1.062972e-005	1.369309e-007	-3.749772e-007	-2.984443e-008	4.413690e-008
7.537897087511762e-008	1.061822e-005	1.401264e-007	-3.759187e-007	-2.984877e-008	4.418032e-008
7.538868516083193e-008	1.060663e-005	1.432648e-007	-3.768606e-007	-2.985302e-008	4.422272e-008
7.539839944654622e-008	1.059494e-005	1.463462e-007	-3.778028e-007	-2.985718e-008	4.426413e-008
7.545539944654628e-008	1.052496e-005	1.632699e-007	-3.832728e-007	-2.987979e-008	4.448896e-008
7.549811373226061e-008	1.047022e-005	1.747837e-007	-3.873327e-007	-2.989462e-008	4.463433e-008
7.554082801797495e-008	1.041469e-005	1.854567e-007	-3.913660e-007	-2.990825e-008	4.476563e-008
7.558354230368928e-008	1.035839e-005	1.952891e-007	-3.953727e-007	-2.992068e-008	4.488284e-008
7.562625658940362e-008	1.030131e-005	2.042808e-007	-3.993528e-007	-2.993192e-008	4.498596e-008
7.566897087511795e-008	1.024345e-005	2.124318e-007	-4.033063e-007	-2.994196e-008	4.507500e-008
7.571168516083229e-008	1.018481e-005	2.197421e-007	-4.072332e-007	-2.995081e-008	4.514996e-008
7.575439944654662e-008	1.012539e-005	2.262117e-007	-4.111335e-007	-2.995846e-008	4.521083e-008
7.575539944654662e-008	1.012401e-005	2.263562e-007	-4.112245e-007	-2.995863e-008	4.521218e-008
7.579811373226095e-008	1.006472e-005	2.320538e-007	-4.150979e-007	-2.996549e-008	4.526295e-008
7.584082801797529e-008	1.000549e-005	2.372074e-007	-4.189468e-007	-2.997177e-008	4.530469e-008
7.588354230368962e-008	9.946319e-006	2.418170e-007	-4.227714e-007	-2.997745e-008	4.533740e-008
7.592625658940396e-008	9.887202e-006	2.458826e-007	-4.265716e-007	-2.998255e-008	4.536108e-008
7.596897087511829e-008	9.828142e-006	2.494042e-007	-4.303474e-007	-2.998706e-008	4.537573e-008
7.601168516083263e-008	9.769138e-006	2.523817e-007	-4.340989e-007	-2.999097e-008	4.538134e-008
7.605439944654696e-008	9.710191e-006	2.548153e-007	-4.378259e-007	-2.999430e-008	4.537792e-008
7.605539944654696e-008	9.708817e-006	2.548701e-007	-4.379129e-007	-2.999438e-008	4.537778e-008
7.609811373226129e-008	9.650171e-006	2.569393e-007	-4.416165e-007	-2.999738e-008	4.536714e-008
7.614082801797563e-008	9.591803e-006	2.587296e-007	-4.452975e-007	-3.000014e-008	4.534995e-008
7.618354230368996e-008	9.533712e-006	2.602409e-007	-4.489559e-007	-3.000265e-008	4.532620e-008
7.622625658940430e-008	9.475898e-006	2.614733e-007	-4.525918e-007	-3.000491e-008	4.529590e-008
7.626897087511863e-008	9.418361e-006	2.624268e-007	-4.562052e-007	-3.000692e-008	4.525905e-008
7.631168516083297e-008	9.361101e-006	2.631014e-007	-4.597960e-007	-3.000868e-008	4.521565e-008
7.635439944654730e-008	9.304119e-006	2.634970e-007	-4.633643e-007	-3.001020e-008	4.516569e-008
7.635539944654730e-008	9.302789e-006	2.635055e-007	-4.634475e-007	-3.001023e-008	4.516446e-008
7.665539944654764e-008	8.912071e-006	2.623990e-007	-4.879008e-007	-3.001827e-008	4.466349e-008
7.695539944654798e-008	8.538025e-006	2.569140e-007	-5.113244e-007	-3.002406e-008	4.392697e-008
7.725539944654832e-008	8.180572e-006	2.496370e-007	-5.337618e-007	-3.002989e-008	4.298883e-008
7.755539944654866e-008	7.839155e-006	2.417610e-007	-5.552523e-007	-3.003654e-008	4.187405e-008
7.785539944654900e-008	7.513065e-006	2.338197e-007	-5.758327e-007	-3.004411e-008	4.060289e-008
7.815539944654934e-008	7.201554e-006	2.260430e-007	-5.955382e-007	-3.005242e-008	3.919280e-008
7.845539944654968e-008	6.903888e-006	2.185227e-007	-6.144024e-007	-3.006115e-008	3.765936e-008
7.848125658940686e-008	6.878858e-006	2.178877e-007	-6.159897e-007	-3.006192e-008	3.752187e-008
7.850711373226402e-008	6.853924e-006	2.172550e-007	-6.175713e-007	-3.006268e-008	3.738360e-008
7.853297087512120e-008	6.829085e-006	2.166244e-007	-6.191470e-007	-3.006344e-008	3.724454e-008
7.855882801797837e-008	6.804343e-006	2.159960e-007	-6.207168e-007	-3.006420e-008	3.710471e-008
7.858468516083555e-008	6.779697e-006	2.153698e-007	-6.222809e-007	-3.006497e-008	3.696409e-008
7.861054230369271e-008	6.755146e-006	2.147458e-007	-6.238391e-007	-3.006573e-008	3.682270e-008
7.863639944654989e-008	6.730692e-006	2.141239e-007	-6.253915e-007	-3.006649e-008	3.668052e-008
7.865325658940705e-008	6.714792e-006	2.137226e-007	-6.263743e-007	-3.006699e-008	3.658741e-008
7.867011373226421e-008	6.698937e-006	2.133201e-007	-6.274149e-007	-3.006749e-008	3.649400e-008
7.868697087512137e-008	6.683128e-006	2.129164e-007	-6.285132e-007	-3.006798e-008	3.640030e-008
7.870382801797854e-008	6.667365e-006	2.125116e-007	-6.296692e-007	-3.006848e-008	3.630631e-008
7.872068516083570e-008	6.651647e-006	2.121056e-007	-6.308829e-007	-3.006897e-008	3.621202e-008
7.873754230369286e-008	6.635974e-006	2.116984e-007	-6.321543e-007	-3.006947e-008	3.611744e-008
7.875439944655002e-008	6.620347e-006	2.112900e-007	-6.334835e-007	-3.006996e-008	3.602256e-008
7.875539944655002e-008	6.619423e-006	2.112653e-007	-6.335678e-007	-3.006999e-008	3.601692e-008
7.876668516083576e-008	6.609010e-006	2.109837e-007	-6.345477e-007	-3.007032e-008	3.595330e-008
7.877797087512148e-008	6.598621e-006	2.107008e-007	-6.355770e-007	-3.007065e-008	3.588957e-008
7.878925658940721e-008	6.588256e-006	2.104165e-007	-6.366558e-007	-3.007097e-008	3.582572e-008
7.880054230369293e-008	6.577916e-006	2.101309e-007	-6.377840e-007	-3.007130e-008	3.576177e-008
7.881182801797866e-008	6.567600e-006	2.098439e-007	-6.389617e-007	-3.007163e-008	3.569770e-008
7.882311373226438e-008	6.557308e-006	2.095557e-007	-6.401888e-007	-3.007196e-008	3.563353e-008
7.883439944655011e-008	6.547040e-006	2.092661e-007	-6.414654e-007	-3.007229e-008	3.556924e-008
7.885482801797871e-008	6.528508e-006	2.087425e-007	-6.439198e-007	-3.007288e-008	3.545258e-008
7.887525658940731e-008	6.510025e-006	2.082248e-007	-6.464363e-007	-3.007347e-008	3.533550e-008
7.889568516083590e-008	6.491591e-006	2.077130e-007	-6.490148e-007	-3.007405e-008	3.521799e-008
7.891611373226449e-008	6.473207e-006	2.072072e-007	-6.516554e-007	-3.007463e-008	3.510005e-008
7.893654230369308e-008	6.454871e-006	2.067073e-007	-6.543580e-007	-3.007521e-008	3.498170e-008
7.895697087512168e-008	6.436586e-006	2.062133e-007	-6.571227e-007	-3.007579e-008	3.486291e-008
7.897739944655028e-008	6.418349e-006	2.057252e-007	-6.599494e-007	-3.007636e-008	3.474371e-008
7.898839944655029e-008	6.408544e-006	2.054661e-007	-6.614598e-007	-3.007667e-008	3.467934e-008
7.899939944655030e-008	6.398751e-006	2.052090e-007	-6.629681e-007	-3.007697e-008	3.461484e-008
7.901039944655031e-008	6.388970e-006	2.049537e-007	-6.644744e-007	-3.007728e-008	3.455021e-008
7.902139944655033e-008	6.379200e-006	2.047004e-007	-6.659785e-007	-3.007758e-008	3.448546e-008
7.903239944655034e-008	6.369443e-006	2.044489e-007	-6.674806e-007	-3.007788e-008	3.442059e-008
7.904339944655035e-008	6.359698e-006	2.041994e-007	-6.689805e-007	-3.007819e-008	3.435559e-008
7.905439944655036e-008	6.349965e-006	2.039518e-007	-6.704784e-007	-3.007849e-008	3.429046e-008
7.905539944655036e-008	6.349081e-006	2.039293e-007	-6.706138e-007	-3.007851e-008	3.428453e-008
7.909811373226469e-008	6.311396e-006	2.029887e-007	-6.763398e-007	-3.007966e-008	3.403031e-008
7.914082801797903e-008	6.273933e-006	2.020543e-007	-6.819903e-007	-3.008079e-008	3.377445e-008
7.918354230369336e-008	6.236693e-006	2.011261e-007	-6.875651e-007	-3.008190e-008	3.351696e-008
7.922625658940770e-008	6.199674e-006	2.002041e-007	-6.930644e-007	-3.008299e-008	3.325782e-008
7.926897087512203e-008	6.162879e-006	1.992883e-007	-6.984881e-007	-3.008406e-008	3.299705e-008
7.931168516083637e-008	6.126306e-006	1.983788e-007	-7.038362e-007	-3.008511e-008	3.273464e-008
7.935439944655070e-008	6.089955e-006	1.974755e-007	-7.091087e-007	-3.008615e-008	3.247060e-008
7.935539944655070e-008	6.089106e-006	1.974544e-007	-7.092316e-007	-3.008617e-008	3.246440e-008
7.938054230369359e-008	6.067808e-006	1.969271e-007	-7.123026e-007	-3.008677e-008	3.230826e-008
7.940568516083648e-008	6.046583e-006	1.964017e-007	-7.153578e-007	-3.008736e-008	3.215161e-008
7.943082801797936e-008	6.025432e-006	1.958783e-007	-7.183974e-007	-3.008795e-008	3.199444e-008
7.945597087512225e-008	6.004354e-006	1.953568e-007	-7.214214e-007	-3.008853e-008	3.183677e-008
7.948111373226513e-008	5.983350e-006	1.948373e-007	-7.244298e-007	-3.008910e-008	3.167858e-008
7.950625658940802e-008	5.962420e-006	1.943197e-007	-7.274225e-007	-3.008967e-008	3.151988e-008
7.953139944655090e-008	5.941562e-006	1.938041e-007	-7.303995e-007	-3.009022e-008	3.136067e-008
7.954897087512235e-008	5.927040e-006	1.934402e-007	-7.325022e-007	-3.009061e-008	3.124915e-008
7.956654230369380e-008	5.912573e-006	1.930707e-007	-7.346102e-007	-3.009099e-008	3.113746e-008
7.958411373226524e-008	5.898163e-006	1.926954e-007	-7.367238e-007	-3.009137e-008	3.102561e-008
7.960168516083670e-008	5.883810e-006	1.923144e-007	-7.388428e-007	-3.009175e-008	3.091359e-008
7.961925658940815e-008	5.869513e-006	1.919278e-007	-7.409672e-007	-3.009212e-008	3.080141e-008
7.963682801797960e-008	5.855273e-006	1.915354e-007	-7.430972e-007	-3.009249e-008	3.068906e-008
7.965439944655104e-008	5.841089e-006	1.911373e-007	-7.452325e-007	-3.009286e-008	3.057655e-008
7.965539944655104e-008	5.840284e-006	1.911145e-007	-7.453536e-007	-3.009288e-008	3.057015e-008
7.969511373226537e-008	5.808522e-006	1.901751e-007	-7.501607e-007	-3.009372e-008	3.031551e-008
7.973482801797971e-008	5.776923e-006	1.892554e-007	-7.549129e-007	-3.009454e-008	3.005985e-008
7.977454230369403e-008	5.745489e-006	1.883556e-007	-7.596102e-007	-3.009535e-008	2.980317e-008
7.981425658940837e-008	5.714218e-006	1.874756e-007	-7.642528e-007	-3.009615e-008	2.954546e-008
7.985397087512270e-008	5.683111e-006	1.866155e-007	-7.688405e-007	-3.009694e-008	2.928674e-008
7.989368516083703e-008	5.652168e-006	1.857751e-007	-7.733733e-007	-3.009772e-008	2.902700e-008
7.993339944655136e-008	5.621388e-006	1.849546e-007	-7.778514e-007	-3.009849e-008	2.876623e-008
7.995539944655138e-008	5.604349e-006	1.845215e-007	-7.803094e-007	-3.009890e-008	2.862121e-008
7.999025658940857e-008	5.577410e-006	1.838590e-007	-7.841618e-007	-3.009955e-008	2.839066e-008
8.002511373226574e-008	5.550562e-006	1.832090e-007	-7.879856e-007	-3.010017e-008	2.815928e-008
8.005997087512293e-008	5.523804e-006	1.825715e-007	-7.917808e-007	-3.010076e-008	2.792708e-008
8.009482801798012e-008	5.497137e-006	1.819465e-007	-7.955475e-007	-3.010134e-008	2.769404e-008
8.012968516083730e-008	5.470560e-006	1.813339e-007	-7.992856e-007	-3.010189e-008	2.746018e-008
8.016454230369448e-008	5.444073e-006	1.807338e-007	-8.029951e-007	-3.010242e-008	2.722548e-008
8.019939944655166e-008	5.417676e-006	1.801462e-007	-8.066761e-007	-3.010292e-008	2.698996e-008
8.025539944655172e-008	5.375503e-006	1.792008e-007	-8.125076e-007	-3.010367e-008	2.661009e-008
8.029811373226605e-008	5.345872e-006	1.776432e-007	-8.168906e-007	-3.010422e-008	2.632574e-008
8.034082801798040e-008	5.316254e-006	1.762219e-007	-8.212250e-007	-3.010481e-008	2.604048e-008
8.038354230369472e-008	5.286648e-006	1.749368e-007	-8.255107e-007	-3.010542e-008	2.575433e-008
8.042625658940907e-008	5.257056e-006	1.737878e-007	-8.297479e-007	-3.010605e-008	2.546727e-008
8.046897087512339e-008	5.227477e-006	1.727752e-007	-8.339365e-007	-3.010672e-008	2.517930e-008
8.051168516083774e-008	5.197910e-006	1.718987e-007	-8.380764e-007	-3.010742e-008	2.489043e-008
8.055439944655206e-008	5.168356e-006	1.711584e-007	-8.421678e-007	-3.010815e-008	2.460066e-008
8.055539944655207e-008	5.167645e-006	1.711464e-007	-8.422630e-007	-3.010816e-008	2.459380e-008
8.085539944655241e-008	4.953683e-006	1.683697e-007	-8.697239e-007	-3.011058e-008	2.249667e-008
8.115539944655275e-008	4.745817e-006	1.646972e-007	-8.951159e-007	-3.010937e-008	2.035043e-008
8.145539944655309e-008	4.548407e-006	1.597799e-007	-9.185977e-007	-3.010572e-008	1.818129e-008
8.175539944655343e-008	4.360811e-006	1.545353e-007	-9.402885e-007	-3.010026e-008	1.599935e-008
8.205539944655377e-008	4.181870e-006	1.494401e-007	-9.602891e-007	-3.009307e-008	1.380981e-008
8.235539944655411e-008	4.010671e-006	1.446301e-007	-9.786896e-007	-3.008396e-008	1.161662e-008
8.265539944655445e-008	3.846555e-006	1.401025e-007	-9.955736e-007	-3.007275e-008	9.423480e-009
8.295539944655479e-008	3.689031e-006	1.358180e-007	-1.011019e-006	-3.005925e-008	7.234008e-009
8.325539944655513e-008	3.537707e-006	1.317380e-007	-1.025100e-006	-3.004337e-008	5.051710e-009
8.355539944655547e-008	3.392248e-006	1.278330e-007	-1.037886e-006	-3.002499e-008	2.879909e-009
8.357368516084121e-008	3.380978e-006	1.284828e-007	-1.038624e-006	-3.002373e-008	2.740368e-009
8.359197087512693e-008	3.371760e-006	1.284333e-007	-1.039359e-006	-3.002250e-008	2.606786e-009
8.361025658941268e-008	3.364594e-006	1.276843e-007	-1.040089e-006	-3.002131e-008	2.479162e-009
8.362854230369840e-008	3.359480e-006	1.262360e-007	-1.040814e-006	-3.002015e-008	2.357497e-009
8.364682801798414e-008	3.356419e-006	1.240883e-007	-1.041535e-006	-3.001902e-008	2.241790e-009
8.366511373226987e-008	3.355409e-006	1.212412e-007	-1.042251e-006	-3.001793e-008	2.132042e-009
8.368339944655561e-008	3.356452e-006	1.176948e-007	-1.042963e-006	-3.001687e-008	2.028252e-009
8.370268516084135e-008	3.369138e-006	1.097231e-007	-1.043709e-006	-3.001573e-008	1.950839e-009
8.372197087512708e-008	3.393418e-006	9.857226e-008	-1.044450e-006	-3.001550e-008	1.912056e-009
8.374125658941282e-008	3.429292e-006	8.424226e-008	-1.045187e-006	-3.001618e-008	1.911903e-009
8.376054230369855e-008	3.476761e-006	6.673307e-008	-1.045918e-006	-3.001775e-008	1.950380e-009
8.377982801798429e-008	3.535825e-006	4.604472e-008	-1.046645e-006	-3.002024e-008	2.027487e-009
8.379911373227002e-008	3.606483e-006	2.217718e-008	-1.047367e-006	-3.002362e-008	2.143223e-009
8.381839944655576e-008	3.688735e-006	-4.869523e-009	-1.048084e-006	-3.002791e-008	2.297589e-009
8.385539944655581e-008	3.860619e-006	-5.670717e-008	-1.049447e-006	-3.004071e-008	2.665498e-009
8.388154230369869e-008	3.993737e-006	-9.337144e-008	-1.050399e-006	-3.005351e-008	2.983817e-009
8.390768516084159e-008	4.119973e-006	-1.257411e-007	-1.051343e-006	-3.006789e-008	3.295943e-009
8.393382801798447e-008	4.239328e-006	-1.538160e-007	-1.052277e-006	-3.008386e-008	3.601875e-009
8.395997087512735e-008	4.351800e-006	-1.775963e-007	-1.053203e-006	-3.010141e-008	3.901613e-009
8.398611373227024e-008	4.457391e-006	-1.970820e-007	-1.054120e-006	-3.012055e-008	4.195159e-009
8.401225658941313e-008	4.556100e-006	-2.122730e-007	-1.055029e-006	-3.014127e-008	4.482510e-009
8.403839944655601e-008	4.647926e-006	-2.231694e-007	-1.055928e-006	-3.016357e-008	4.763669e-009
8.405497087512746e-008	4.696724e-006	-2.267724e-007	-1.056494e-006	-3.017757e-008	4.916844e-009
8.407154230369891e-008	4.742010e-006	-2.291364e-007	-1.057057e-006	-3.019150e-008	5.061298e-009
8.408811373227035e-008	4.783785e-006	-2.302615e-007	-1.057615e-006	-3.020537e-008	5.197032e-009
8.410468516084181e-008	4.822048e-006	-2.301477e-007	-1.058171e-006	-3.021916e-008	5.324044e-009
8.412125658941326e-008	4.856799e-006	-2.287950e-007	-1.058723e-006	-3.023289e-008	5.442336e-009
8.413782801798470e-008	4.888038e-006	-2.262034e-007	-1.059272e-006	-3.024656e-008	5.551907e-009
8.415439944655615e-008	4.915766e-006	-2.223729e-007	-1.059817e-006	-3.026015e-008	5.652758e-009
8.415539944655615e-008	4.917385e-006	-2.221365e-007	-1.059850e-006	-3.026096e-008	5.658648e-009
8.419111373227047e-008	4.965978e-006	-2.105683e-007	-1.061013e-006	-3.028943e-008	5.845753e-009
8.422682801798480e-008	5.006707e-006	-1.978288e-007	-1.062160e-006	-3.031618e-008	6.006201e-009
8.426254230369912e-008	5.039574e-006	-1.839179e-007	-1.063293e-006	-3.034121e-008	6.139992e-009
8.429825658941346e-008	5.064577e-006	-1.688356e-007	-1.064409e-006	-3.036451e-008	6.247125e-009
8.433397087512778e-008	5.081718e-006	-1.525820e-007	-1.065511e-006	-3.038609e-008	6.327601e-009
8.436968516084211e-008	5.090995e-006	-1.351570e-007	-1.066597e-006	-3.040594e-008	6.381419e-009
8.440539944655643e-008	5.092410e-006	-1.165606e-007	-1.067668e-006	-3.042408e-008	6.408579e-009
8.445539944655649e-008	5.090373e-006	-9.249290e-008	-1.069142e-006	-3.044606e-008	6.420895e-009
8.448482801798509e-008	5.087227e-006	-7.960082e-008	-1.069995e-006	-3.045705e-008	6.414864e-009
8.451425658941370e-008	5.085202e-006	-6.790740e-008	-1.070839e-006	-3.046723e-008	6.409264e-009
8.454368516084231e-008	5.084297e-006	-5.741264e-008	-1.071673e-006	-3.047659e-008	6.404095e-009
8.457311373227090e-008	5.084512e-006	-4.811653e-008	-1.072497e-006	-3.048512e-008	6.399357e-009
8.460254230369951e-008	5.085847e-006	-4.001909e-008	-1.073312e-006	-3.049284e-008	6.395050e-009
8.463197087512811e-008	5.088303e-006	-3.312030e-008	-1.074117e-006	-3.049974e-008	6.391174e-009
8.466139944655672e-008	5.091880e-006	-2.742018e-008	-1.074912e-006	-3.050582e-008	6.387729e-009
8.475539944655683e-008	5.079337e-006	-3.886855e-009	-1.077390e-006	-3.052160e-008	6.296956e-009
8.479811373227116e-008	5.061791e-006	8.704362e-009	-1.078484e-006	-3.052629e-008	6.212814e-009
8.484082801798550e-008	5.040993e-006	2.097450e-008	-1.079558e-006	-3.052947e-008	6.111781e-009
8.488354230369983e-008	5.016943e-006	3.292354e-008	-1.080612e-006	-3.053115e-008	5.993855e-009
8.492625658941417e-008	4.989640e-006	4.455151e-008	-1.081646e-006	-3.053133e-008	5.859036e-009
8.496897087512850e-008	4.959085e-006	5.585838e-008	-1.082660e-006	-3.053000e-008	5.707325e-009
8.501168516084284e-008	4.925277e-006	6.684418e-008	-1.083654e-006	-3.052717e-008	5.538721e-009
8.505439944655717e-008	4.888218e-006	7.750889e-008	-1.084629e-006	-3.052283e-008	5.353225e-009
8.505539944655717e-008	4.887365e-006	7.774059e-008	-1.084651e-006	-3.052271e-008	5.348837e-009
8.508982801798578e-008	4.859780e-006	8.459214e-008	-1.085422e-006	-3.051832e-008	5.200056e-009
8.512425658941439e-008	4.831433e-006	9.112859e-008	-1.086180e-006	-3.051332e-008	5.045207e-009
8.515868516084300e-008	4.802324e-006	9.734994e-008	-1.086925e-006	-3.050773e-008	4.884291e-009
8.519311373227160e-008	4.772454e-006	1.032562e-007	-1.087659e-006	-3.050154e-008	4.717308e-009
8.522754230370022e-008	4.741823e-006	1.088474e-007	-1.088380e-006	-3.049475e-008	4.544258e-009
8.526197087512883e-008	4.710430e-006	1.141234e-007	-1.089089e-006	-3.048737e-008	4.365140e-009
8.529639944655744e-008	4.678276e-006	1.190844e-007	-1.089786e-006	-3.047938e-008	4.179955e-009
8.530468516084317e-008	4.670412e-006	1.202574e-007	-1.089954e-006	-3.047740e-008	4.134469e-009
8.531297087512889e-008	4.662527e-006	1.214102e-007	-1.090122e-006	-3.047538e-008	4.088713e-009
8.532125658941462e-008	4.654623e-006	1.225429e-007	-1.090290e-006	-3.047334e-008	4.042688e-009
8.532954230370033e-008	4.646698e-006	1.236554e-007	-1.090458e-006	-3.047127e-008	3.996395e-009
8.533782801798606e-008	4.638753e-006	1.247477e-007	-1.090626e-006	-3.046918e-008	3.949833e-009
8.534611373227178e-008	4.630788e-006	1.258198e-007	-1.090794e-006	-3.046705e-008	3.903001e-009
8.535439944655751e-008	4.622802e-006	1.268718e-007	-1.090961e-006	-3.046490e-008	3.855901e-009
8.535539944655751e-008	4.621838e-006	1.269974e-007	-1.090981e-006	-3.046464e-008	3.850201e-009
8.539811373227184e-008	4.580264e-006	1.320319e-007	-1.091820e-006	-3.045300e-008	3.602434e-009
8.544082801798618e-008	4.538472e-006	1.366583e-007	-1.092639e-006	-3.044087e-008	3.349337e-009
8.548354230370051e-008	4.496463e-006	1.408766e-007	-1.093439e-006	-3.042824e-008	3.090911e-009
8.552625658941485e-008	4.454237e-006	1.446869e-007	-1.094218e-006	-3.041512e-008	2.827155e-009
8.556897087512918e-008	4.411793e-006	1.480891e-007	-1.094977e-006	-3.040150e-008	2.558071e-009
8.561168516084352e-008	4.369132e-006	1.510832e-007	-1.095717e-006	-3.038739e-008	2.283657e-009
8.565439944655785e-008	4.326254e-006	1.536693e-007	-1.096437e-006	-3.037278e-008	2.003915e-009
8.565539944655785e-008	4.325257e-006	1.537264e-007	-1.096453e-006	-3.037243e-008	1.997347e-009
8.569811373227218e-008	4.282644e-006	1.559324e-007	-1.097154e-006	-3.035753e-008	1.714324e-009
8.574082801798652e-008	4.240249e-006	1.578747e-007	-1.097838e-006	-3.034241e-008	1.428531e-009
8.578354230370085e-008	4.198073e-006	1.595532e-007	-1.098503e-006	-3.032710e-008	1.139970e-009
8.582625658941519e-008	4.156116e-006	1.609680e-007	-1.099151e-006	-3.031158e-008	8.486398e-010
8.586897087512952e-008	4.114378e-006	1.621191e-007	-1.099781e-006	-3.029586e-008	5.545406e-010
8.591168516084386e-008	4.072858e-006	1.630065e-007	-1.100393e-006	-3.027993e-008	2.576725e-010
8.595439944655819e-008	4.031557e-006	1.636301e-007	-1.100988e-006	-3.026381e-008	-4.196458e-011
8.595539944655819e-008	4.030595e-006	1.636438e-007	-1.101002e-006	-3.026343e-008	-4.899156e-011
8.625539944655853e-008	3.749298e-006	1.641568e-007	-1.104713e-006	-3.014870e-008	-2.200271e-009
8.638039944655867e-008	3.636525e-006	1.629324e-007	-1.106028e-006	-3.010064e-008	-3.116987e-009
8.638139944655867e-008	3.635634e-006	1.629204e-007	-1.106042e-006	-3.010026e-008	-3.124359e-009
8.638168012088772e-008	3.635384e-006	1.629170e-007	-1.106039e-006	-3.010015e-008	-3.126428e-009
8.638191232046734e-008	3.635176e-006	1.629143e-007	-1.106010e-006	-3.010006e-008	-3.128140e-009
8.638381596283658e-008	3.633480e-006	1.628914e-007	-1.105207e-006	-3.009933e-008	-3.142177e-009
8.638571960520583e-008	3.631783e-006	1.628684e-007	-1.103742e-006	-3.009860e-008	-3.156216e-009
8.638762324757507e-008	3.630088e-006	1.628453e-007	-1.101616e-006	-3.009787e-008	-3.170258e-009
8.638952688994431e-008	3.628393e-006	1.628221e-007	-1.098827e-006	-3.009714e-008	-3.184301e-009
8.639143053231355e-008	3.626698e-006	1.627988e-007	-1.095377e-006	-3.009641e-008	-3.198346e-009
8.639333417468279e-008	3.625004e-006	1.627753e-007	-1.091266e-006	-3.009569e-008	-3.212393e-009
8.639523781705203e-008	3.623311e-006	1.627518e-007	-1.086492e-006	-3.009496e-008	-3.226443e-009
8.640266638848061e-008	3.616709e-006	1.626590e-007	-1.060629e-006	-3.009212e-008	-3.281288e-009
8.641009495990919e-008	3.610117e-006	1.625647e-007	-1.025799e-006	-3.008934e-008	-3.336163e-009
8.641752353133778e-008	3.603533e-006	1.624689e-007	-9.820026e-007	-3.008662e-008	-3.391069e-009
8.642495210276634e-008	3.596958e-006	1.623717e-007	-9.292391e-007	-3.008396e-008	-3.446006e-009
8.643238067419493e-008	3.590393e-006	1.622730e-007	-8.675086e-007	-3.008136e-008	-3.500972e-009
8.643980924562351e-008	3.583836e-006	1.621729e-007	-7.968114e-007	-3.007881e-008	-3.555970e-009
8.644723781705209e-008	3.577289e-006	1.620713e-007	-7.171473e-007	-3.007633e-008	-3.610997e-009
8.645280924562352e-008	3.572384e-006	1.619943e-007	-6.526511e-007	-3.007453e-008	-3.652287e-009
8.645838067419496e-008	3.567485e-006	1.619166e-007	-5.854084e-007	-3.007279e-008	-3.693592e-009
8.646395210276639e-008	3.562590e-006	1.618382e-007	-5.154193e-007	-3.007111e-008	-3.734914e-009
8.646952353133784e-008	3.557701e-006	1.617591e-007	-4.426837e-007	-3.006948e-008	-3.776252e-009
8.647509495990927e-008	3.552816e-006	1.616793e-007	-3.672017e-007	-3.006790e-008	-3.817606e-009
8.648066638848070e-008	3.547937e-006	1.615987e-007	-2.889732e-007	-3.006638e-008	-3.858976e-009
8.648623781705213e-008	3.543063e-006	1.615175e-007	-2.079983e-007	-3.006492e-008	-3.900363e-009
8.648923781705214e-008	3.540440e-006	1.614735e-007	-1.641729e-007	-3.006415e-008	-3.922654e-009
8.649223781705214e-008	3.537819e-006	1.614294e-007	-1.201814e-007	-3.006341e-008	-3.944950e-009
8.649523781705214e-008	3.535200e-006	1.613850e-007	-7.602361e-008	-3.006268e-008	-3.967250e-009
8.649823781705215e-008	3.532582e-006	1.613405e-007	-3.169970e-008	-3.006197e-008	-3.989555e-009
8.650123781705215e-008	3.529965e-006	1.612957e-007	1.279040e-008	-3.006127e-008	-4.011864e-009
8.650423781705215e-008	3.527350e-006	1.612508e-007	5.744668e-008	-3.006059e-008	-4.034178e-009
8.650723781705216e-008	3.524736e-006	1.612057e-007	1.022691e-007	-3.005993e-008	-4.056496e-009
8.650923781705216e-008	3.522994e-006	1.611756e-007	1.320213e-007	-3.005949e-008	-4.071377e-009
8.651223781705216e-008	3.520383e-006	1.611302e-007	1.765695e-007	-3.005885e-008	-4.093703e-009
8.651595210276645e-008	3.517152e-006	1.610738e-007	2.317398e-007	-3.005809e-008	-4.121350e-009
8.651966638848075e-008	3.513923e-006	1.610171e-007	2.863511e-007	-3.005734e-008	-4.149004e-009
8.652338067419503e-008	3.510697e-006	1.609602e-007	3.404033e-007	-3.005662e-008	-4.176665e-009
8.652709495990933e-008	3.507472e-006	1.609030e-007	3.938966e-007	-3.005592e-008	-4.204332e-009
8.653080924562361e-008	3.504250e-006	1.608455e-007	4.468309e-007	-3.005524e-008	-4.232006e-009
8.653452353133791e-008	3.501030e-006	1.607878e-007	4.992062e-007	-3.005458e-008	-4.259686e-009
8.653823781705219e-008	3.497812e-006	1.607299e-007	5.510225e-007	-3.005395e-008	-4.287374e-009
8.655123781705221e-008	3.486568e-006	1.605252e-007	7.246970e-007	-3.005186e-008	-4.384329e-009
8.655909495990936e-008	3.479785e-006	1.604000e-007	8.239972e-007	-3.005073e-008	-4.442968e-009
8.656695210276651e-008	3.473012e-006	1.602739e-007	9.181203e-007	-3.004964e-008	-4.501634e-009
8.657480924562366e-008	3.466248e-006	1.601469e-007	1.007066e-006	-3.004859e-008	-4.560329e-009
8.658266638848082e-008	3.459495e-006	1.600189e-007	1.090835e-006	-3.004758e-008	-4.619050e-009
8.659052353133797e-008	3.452751e-006	1.598900e-007	1.169426e-006	-3.004663e-008	-4.677800e-009
8.659838067419511e-008	3.446017e-006	1.597602e-007	1.242840e-006	-3.004571e-008	-4.736577e-009
8.660623781705227e-008	3.439294e-006	1.596294e-007	1.311077e-006	-3.004484e-008	-4.795382e-009
8.661666638848086e-008	3.430384e-006	1.594545e-007	1.392505e-006	-3.004371e-008	-4.873475e-009
8.662709495990944e-008	3.421492e-006	1.592783e-007	1.467022e-006	-3.004257e-008	-4.951612e-009
8.663752353133803e-008	3.412617e-006	1.591008e-007	1.534630e-006	-3.004142e-008	-5.029794e-009
8.664795210276660e-008	3.403758e-006	1.589220e-007	1.595326e-006	-3.004024e-008	-5.108022e-009
8.665838067419518e-008	3.394917e-006	1.587420e-007	1.649113e-006	-3.003905e-008	-5.186295e-009
8.666880924562377e-008	3.386094e-006	1.585606e-007	1.695989e-006	-3.003784e-008	-5.264613e-009
8.667923781705235e-008	3.377287e-006	1.583780e-007	1.735955e-006	-3.003662e-008	-5.342975e-009
8.668709495990951e-008	3.370663e-006	1.582397e-007	1.763404e-006	-3.003565e-008	-5.402044e-009
8.669495210276665e-008	3.364048e-006	1.581009e-007	1.788758e-006	-3.003465e-008	-5.461136e-009
8.670280924562381e-008	3.357443e-006	1.579615e-007	1.812018e-006	-3.003360e-008	-5.520252e-009
8.671066638848096e-008	3.350847e-006	1.578215e-007	1.833184e-006	-3.003253e-008	-5.579391e-009
8.671852353133812e-008	3.344261e-006	1.576810e-007	1.852256e-006	-3.003142e-008	-5.638555e-009
8.672638067419526e-008	3.337685e-006	1.575399e-007	1.869233e-006	-3.003027e-008	-5.697741e-009
8.673423781705242e-008	3.331118e-006	1.573983e-007	1.884117e-006	-3.002908e-008	-5.756951e-009
8.673823781705242e-008	3.327779e-006	1.573260e-007	1.891290e-006	-3.002847e-008	-5.787103e-009
8.674223781705242e-008	3.324442e-006	1.572536e-007	1.898125e-006	-3.002783e-008	-5.817261e-009
8.674623781705243e-008	3.321107e-006	1.571811e-007	1.904623e-006	-3.002719e-008	-5.847425e-009
8.675023781705243e-008	3.317775e-006	1.571084e-007	1.910784e-006	-3.002654e-008	-5.877595e-009
8.675423781705244e-008	3.314445e-006	1.570357e-007	1.916608e-006	-3.002588e-008	-5.907770e-009
8.675823781705244e-008	3.311118e-006	1.569628e-007	1.922094e-006	-3.002520e-008	-5.937951e-009
8.676223781705245e-008	3.307793e-006	1.568898e-007	1.927242e-006	-3.002452e-008	-5.968138e-009
8.676323781705245e-008	3.306962e-006	1.568715e-007	1.928483e-006	-3.002435e-008	-5.975686e-009
8.676423781705245e-008	3.306132e-006	1.568532e-007	1.929675e-006	-3.002417e-008	-5.983233e-009
8.676623781705245e-008	3.304471e-006	1.568167e-007	1.931861e-006	-3.002382e-008	-5.998331e-009
8.676866638848103e-008	3.302455e-006	1.567722e-007	1.934182e-006	-3.002339e-008	-6.016665e-009
8.677109495990960e-008	3.300440e-006	1.567277e-007	1.936204e-006	-3.002296e-008	-6.035001e-009
8.677352353133818e-008	3.298426e-006	1.566832e-007	1.937926e-006	-3.002252e-008	-6.053339e-009
8.677595210276674e-008	3.296412e-006	1.566386e-007	1.939349e-006	-3.002208e-008	-6.071679e-009
8.677838067419532e-008	3.294400e-006	1.565940e-007	1.940473e-006	-3.002164e-008	-6.090021e-009
8.678080924562390e-008	3.292389e-006	1.565494e-007	1.941297e-006	-3.002118e-008	-6.108366e-009
8.678323781705247e-008	3.290378e-006	1.565047e-007	1.941822e-006	-3.002073e-008	-6.126712e-009
8.678438067419533e-008	3.289432e-006	1.564837e-007	1.941982e-006	-3.002051e-008	-6.135347e-009
8.678552353133819e-008	3.288487e-006	1.564626e-007	1.942081e-006	-3.002030e-008	-6.143982e-009
8.678666638848105e-008	3.287541e-006	1.564416e-007	1.942119e-006	-3.002008e-008	-6.152617e-009
8.678780924562390e-008	3.286596e-006	1.564205e-007	1.942098e-006	-3.001986e-008	-6.161252e-009
8.678895210276676e-008	3.285651e-006	1.563995e-007	1.942016e-006	-3.001964e-008	-6.169888e-009
8.679009495990963e-008	3.284706e-006	1.563784e-007	1.941873e-006	-3.001942e-008	-6.178525e-009
8.679123781705248e-008	3.283762e-006	1.563573e-007	1.941670e-006	-3.001920e-008	-6.187162e-009
8.679223781705248e-008	3.282935e-006	1.563388e-007	1.941449e-006	-3.001900e-008	-6.194720e-009
8.679266435603111e-008	3.282583e-006	1.563310e-007	1.941333e-006	-3.001892e-008	-6.197943e-009
8.679279082540149e-008	3.282478e-006	1.563286e-007	1.941295e-006	-3.001889e-008	-6.198900e-009
8.679291658453688e-008	3.282374e-006	1.563263e-007	1.941268e-006	-3.001887e-008	-6.199850e-009
8.679293396891111e-008	3.282360e-006	1.563260e-007	1.941265e-006	-3.001886e-008	-6.199981e-009
8.679293992148647e-008	3.282355e-006	1.563259e-007	1.941264e-006	-3.001886e-008	-6.200026e-009
8.679294446906993e-008	3.282351e-006	1.563258e-007	1.941262e-006	-3.001886e-008	-6.200061e-009
8.679295063755885e-008	3.282346e-006	1.563257e-007	1.941260e-006	-3.001886e-008	-6.200108e-009
8.679295793904110e-008	3.282340e-006	1.563255e-007	1.941258e-006	-3.001886e-008	-6.200163e-009
8.679296506449030e-008	3.282334e-006	1.563254e-007	1.941256e-006	-3.001886e-008	-6.200216e-009
8.679297200486877e-008	3.282328e-006	1.563253e-007	1.941254e-006	-3.001886e-008	-6.200269e-009
8.679297879873735e-008	3.282323e-006	1.563251e-007	1.941253e-006	-3.001886e-008	-6.200320e-009
8.679298569282196e-008	3.282317e-006	1.563250e-007	1.941251e-006	-3.001885e-008	-6.200372e-009
8.679299256651262e-008	3.282311e-006	1.563249e-007	1.941250e-006	-3.001885e-008	-6.200424e-009
8.679299948495308e-008	3.282306e-006	1.563248e-007	1.941248e-006	-3.001885e-008	-6.200477e-009
8.679300635962388e-008	3.282300e-006	1.563246e-007	1.941247e-006	-3.001885e-008	-6.200529e-009
8.679301326256072e-008	3.282294e-006	1.563245e-007	1.941245e-006	-3.001885e-008	-6.200580e-009
8.679302141820882e-008	3.282288e-006	1.563244e-007	1.941243e-006	-3.001885e-008	-6.200642e-009
8.679303054519070e-008	3.282280e-006	1.563242e-007	1.941241e-006	-3.001885e-008	-6.200711e-009
8.679304146506875e-008	3.282271e-006	1.563240e-007	1.941239e-006	-3.001884e-008	-6.200794e-009
8.679306960340453e-008	3.282248e-006	1.563235e-007	1.941233e-006	-3.001884e-008	-6.201006e-009
8.679319426466103e-008	3.282145e-006	1.563212e-007	1.941206e-006	-3.001881e-008	-6.201949e-009
8.679331892591754e-008	3.282042e-006	1.563189e-007	1.941178e-006	-3.001879e-008	-6.202891e-009
8.679344358717405e-008	3.281939e-006	1.563166e-007	1.941151e-006	-3.001876e-008	-6.203833e-009
8.679356824843055e-008	3.281836e-006	1.563143e-007	1.941124e-006	-3.001874e-008	-6.204775e-009
8.679369290968706e-008	3.281733e-006	1.563120e-007	1.941097e-006	-3.001871e-008	-6.205718e-009
8.679381757094357e-008	3.281630e-006	1.563097e-007	1.941070e-006	-3.001869e-008	-6.206660e-009
8.679394223220007e-008	3.281527e-006	1.563074e-007	1.941043e-006	-3.001866e-008	-6.207602e-009
8.679820505009481e-008	3.278007e-006	1.562286e-007	1.940118e-006	-3.001782e-008	-6.239826e-009
8.680246786798955e-008	3.274490e-006	1.561497e-007	1.939193e-006	-3.001695e-008	-6.272056e-009
8.680673068588429e-008	3.270975e-006	1.560707e-007	1.938270e-006	-3.001608e-008	-6.304292e-009
8.681099350377904e-008	3.267463e-006	1.559916e-007	1.937347e-006	-3.001518e-008	-6.336535e-009
8.681525632167377e-008	3.263954e-006	1.559123e-007	1.936426e-006	-3.001428e-008	-6.368783e-009
8.681951913956851e-008	3.260448e-006	1.558330e-007	1.935505e-006	-3.001335e-008	-6.401038e-009
8.682378195746325e-008	3.256945e-006	1.557536e-007	1.934585e-006	-3.001242e-008	-6.433298e-009
8.682478195746325e-008	3.256123e-006	1.557350e-007	1.934369e-006	-3.001220e-008	-6.440867e-009
8.684178195746327e-008	3.242181e-006	1.554173e-007	1.930703e-006	-3.000832e-008	-6.569586e-009
8.684278195746327e-008	3.241362e-006	1.553986e-007	1.930488e-006	-3.000809e-008	-6.577161e-009
