time	I(L21)	I(L22)	I(R2)	I(R10)	I(R30)
0.000000000000000e+000	-3.297555e-021	-5.882238e-022	-6.776264e-021	-7.300207e-021	-2.596169e-020
2.823107199787331e-010	-3.945408e-018	2.797012e-018	1.419963e-018	1.365447e-018	1.506986e-018
5.823107199787321e-010	-2.664152e-018	5.731670e-018	1.653461e-018	1.548807e-018	1.719443e-018
8.823107199787310e-010	-1.926389e-018	6.614246e-018	1.897828e-018	1.758209e-018	1.903501e-018
1.000000000000000e-009	-2.947647e-018	5.549007e-018	1.955574e-018	1.868699e-018	1.804873e-018
1.179500000000018e-009	-1.063165e-018	7.296068e-018	2.113274e-018	1.847429e-018	2.074491e-018
1.479500000000048e-009	-1.588681e-018	6.490342e-018	2.171747e-018	1.975712e-018	2.280333e-018
1.779500000000078e-009	-5.257985e-019	7.332850e-018	2.408015e-018	2.150943e-018	2.510399e-018
2.079500000000063e-009	-5.051419e-019	7.106697e-018	2.518406e-018	2.318065e-018	2.674668e-018
2.379500000000031e-009	-6.469202e-019	6.667163e-018	2.669518e-018	2.449098e-018	2.815187e-018
2.679499999999999e-009	-4.496128e-019	6.640958e-018	2.775738e-018	2.499326e-018	2.995846e-018
2.979499999999967e-009	3.463725e-019	7.244745e-018	2.965307e-018	2.612453e-018	3.069206e-018
3.279499999999935e-009	2.960569e-019	7.023214e-018	3.011787e-018	2.719258e-018	3.269065e-018
3.579499999999903e-009	5.273682e-019	7.065096e-018	3.019024e-018	2.789375e-018	3.407803e-018
3.879499999999935e-009	-3.538203e-019	6.026945e-018	3.159267e-018	2.920664e-018	3.528629e-018
3.892071428571376e-009	-3.687607e-019	6.006567e-018	3.173183e-018	2.904418e-018	3.526654e-018
3.904642857142817e-009	-3.583959e-019	6.011656e-018	3.178638e-018	2.891274e-018	3.525383e-018
3.917214285714258e-009	-3.227258e-019	6.042211e-018	3.175633e-018	2.881234e-018	3.524818e-018
3.929785714285698e-009	-2.617504e-019	6.098233e-018	3.164168e-018	2.874298e-018	3.524957e-018
3.942357142857139e-009	-1.754699e-019	6.179721e-018	3.144243e-018	2.870464e-018	3.525800e-018
3.954928571428580e-009	-6.388404e-020	6.286676e-018	3.115858e-018	2.869734e-018	3.527348e-018
3.967500000000021e-009	7.300703e-020	6.419098e-018	3.079013e-018	2.872108e-018	3.529601e-018
3.982071428571436e-009	-1.401185e-019	6.201070e-018	3.122021e-018	2.886600e-018	3.537065e-018
3.996642857142852e-009	-3.011112e-019	6.034743e-018	3.156220e-018	2.899616e-018	3.541744e-018
4.011214285714267e-009	-4.099712e-019	5.920116e-018	3.181608e-018	2.911156e-018	3.543640e-018
4.025785714285682e-009	-4.666985e-019	5.857191e-018	3.198187e-018	2.921220e-018	3.542751e-018
4.040357142857098e-009	-4.712931e-019	5.845966e-018	3.205955e-018	2.929807e-018	3.539078e-018
4.054928571428513e-009	-4.237549e-019	5.886442e-018	3.204914e-018	2.936919e-018	3.532621e-018
4.069499999999929e-009	-3.240840e-019	5.978619e-018	3.195062e-018	2.942554e-018	3.523380e-018
4.173499999999961e-009	-1.900043e-019	6.036159e-018	3.156438e-018	2.853161e-018	3.600790e-018
4.473500000000053e-009	-4.326876e-019	5.549800e-018	3.326680e-018	3.027146e-018	3.763398e-018
4.773500000000145e-009	-5.467591e-020	5.263508e-018	3.350150e-018	3.052591e-018	3.885257e-018
5.073500000000237e-009	-1.942725e-018	2.640346e-018	4.639343e-018	4.440787e-018	5.555965e-018
5.373500000000329e-009	-1.060107e-018	7.262893e-018	5.396274e-018	5.136596e-018	6.333456e-018
5.673500000000421e-009	1.858549e-018	1.073848e-017	5.160491e-018	4.925697e-018	6.079387e-018
5.973500000000513e-009	1.111754e-018	9.774523e-018	6.169350e-018	5.726168e-018	7.119290e-018
5.998500000000521e-009	7.599843e-019	9.417791e-018	5.969683e-018	5.715830e-018	6.984098e-018
5.999500000000521e-009	3.483284e-018	1.209618e-017	6.866391e-017	6.838823e-017	5.368961e-018
6.000500000000522e-009	8.510886e-018	1.707335e-017	4.795052e-016	4.797108e-016	3.673136e-018
6.001500000000522e-009	1.011340e-017	1.880864e-017	1.716976e-015	1.718518e-015	4.380936e-018
6.003928571429094e-009	7.806752e-018	1.406809e-017	9.660824e-015	9.668647e-015	5.061079e-018
6.006357142857667e-009	4.103715e-018	1.497589e-017	2.589489e-014	2.591362e-014	5.658746e-018
6.008785714286239e-009	-9.957102e-019	2.153205e-017	5.041917e-014	5.045344e-014	6.173937e-018
6.011214285714811e-009	-7.491524e-018	3.373658e-017	8.323367e-014	8.328811e-014	6.606653e-018
6.013642857143383e-009	-1.538373e-017	5.158946e-017	1.243384e-013	1.244176e-013	6.956894e-018
6.016071428571955e-009	-2.467232e-017	7.509070e-017	1.737333e-013	1.738420e-013	7.224659e-018
6.018500000000527e-009	-3.535730e-017	1.042403e-016	2.314185e-013	2.315612e-013	7.409948e-018
6.054785714286253e-009	1.568649e-016	-2.420573e-015	2.328464e-012	2.329834e-012	-4.102793e-018
6.091071428571978e-009	-2.599105e-015	5.692990e-015	5.835736e-012	5.839056e-012	1.877449e-017
6.127357142857704e-009	-8.303266e-015	2.444493e-014	1.075323e-011	1.075923e-011	7.604179e-017
6.163642857143429e-009	-1.695562e-014	5.383524e-014	1.708096e-011	1.709034e-011	1.676991e-016
6.199928571429154e-009	-2.855616e-014	9.386393e-014	2.481891e-011	2.483241e-011	2.937465e-016
6.236214285714880e-009	-4.310490e-014	1.445310e-013	3.396709e-011	3.398543e-011	4.541839e-016
6.272500000000605e-009	-6.060183e-014	2.058364e-013	4.452549e-011	4.454939e-011	6.490113e-016
6.273500000000605e-009	-6.114608e-014	2.078286e-013	4.482510e-011	4.484915e-011	6.563113e-016
6.316214285714904e-009	-8.764090e-014	3.038179e-013	5.859384e-011	5.862503e-011	9.658248e-016
6.358928571429203e-009	-1.171833e-013	4.201408e-013	7.350636e-011	7.354513e-011	1.359149e-015
6.401642857143502e-009	-1.497733e-013	5.567974e-013	8.956265e-011	8.960943e-011	1.836284e-015
6.444357142857801e-009	-1.854108e-013	7.137877e-013	1.067627e-010	1.068179e-010	2.397229e-015
6.487071428572100e-009	-2.240959e-013	8.911116e-013	1.251065e-010	1.251707e-010	3.041984e-015
6.529785714286398e-009	-2.658286e-013	1.088769e-012	1.445941e-010	1.446676e-010	3.770551e-015
6.572500000000697e-009	-3.106089e-013	1.306760e-012	1.652255e-010	1.653088e-010	4.582927e-015
6.573500000000697e-009	-3.116496e-013	1.312072e-012	1.657145e-010	1.657980e-010	4.602949e-015
6.873500000000789e-009	-6.414280e-013	3.327283e-012	3.314266e-010	3.315833e-010	1.281904e-014
6.900000418282007e-009	-6.704982e-013	3.541414e-012	3.476407e-010	3.478040e-010	1.374914e-014
7.144713296168485e-009	-9.240504e-013	5.742368e-012	5.071109e-010	5.073366e-010	2.378847e-014
7.444713296168577e-009	-1.185630e-012	8.886813e-012	7.231080e-010	7.234086e-010	3.947115e-014
7.744713296168425e-009	-1.391927e-012	1.239633e-011	9.580619e-010	9.584324e-010	5.851328e-014
7.766713296168414e-009	-1.405140e-012	1.266543e-011	9.759710e-010	9.763467e-010	6.003490e-014
7.767713296168413e-009	-1.405736e-012	1.267769e-011	9.767871e-010	9.771630e-010	6.010378e-014
7.767993970497466e-009	-1.405902e-012	1.268114e-011	9.770162e-010	9.773922e-010	6.012292e-014
7.768226161086782e-009	-1.406039e-012	1.268399e-011	9.772058e-010	9.775818e-010	6.013882e-014
7.768883066583345e-009	-1.406427e-012	1.269205e-011	9.777438e-010	9.781199e-010	6.018367e-014
7.770551613840212e-009	-1.407422e-012	1.271253e-011	9.791475e-010	9.795241e-010	6.030181e-014
7.771551613840212e-009	-1.408019e-012	1.272481e-011	9.800289e-010	9.804058e-010	6.037076e-014
7.772551613840211e-009	-1.408616e-012	1.273711e-011	9.809573e-010	9.813345e-010	6.043956e-014
7.773551613840211e-009	-1.409219e-012	1.274942e-011	9.819460e-010	9.823236e-010	6.050997e-014
7.775551613840210e-009	-1.410450e-012	1.277410e-011	9.841585e-010	9.845369e-010	6.064984e-014
7.777551613840209e-009	-1.411717e-012	1.279891e-011	9.867756e-010	9.871551e-010	6.078974e-014
7.779551613840208e-009	-1.413054e-012	1.282389e-011	9.899064e-010	9.902873e-010	6.093067e-014
7.781551613840207e-009	-1.414478e-012	1.284913e-011	9.936598e-010	9.940425e-010	6.107187e-014
7.783551613840205e-009	-1.416029e-012	1.287472e-011	9.981442e-010	9.985293e-010	6.121454e-014
7.785551613840204e-009	-1.417735e-012	1.290074e-011	1.003468e-009	1.003855e-009	6.135808e-014
7.787551613840203e-009	-1.419643e-012	1.292731e-011	1.009738e-009	1.010129e-009	6.150353e-014
7.789551613840202e-009	-1.421788e-012	1.295457e-011	1.017060e-009	1.017455e-009	6.165053e-014
7.792551613840201e-009	-1.425567e-012	1.299701e-011	1.030250e-009	1.030652e-009	6.187513e-014
7.795551613840199e-009	-1.430179e-012	1.304178e-011	1.046402e-009	1.046813e-009	6.210780e-014
7.798551613840198e-009	-1.435818e-012	1.308946e-011	1.065867e-009	1.066289e-009	6.234856e-014
7.801551613840196e-009	-1.442696e-012	1.314068e-011	1.088991e-009	1.089426e-009	6.259761e-014
7.806408756697337e-009	-1.453723e-012	1.322272e-011	1.131858e-009	1.132317e-009	6.299913e-014
7.811265899554477e-009	-1.472993e-012	1.332885e-011	1.189890e-009	1.190382e-009	6.346933e-014
7.816123042411618e-009	-1.500506e-012	1.345906e-011	1.263087e-009	1.263619e-009	6.400822e-014
7.820980185268757e-009	-1.536263e-012	1.361336e-011	1.351449e-009	1.352031e-009	6.461578e-014
7.825837328125897e-009	-1.580262e-012	1.379173e-011	1.454975e-009	1.455615e-009	6.529203e-014
7.830694470983038e-009	-1.632506e-012	1.399419e-011	1.573667e-009	1.574373e-009	6.603696e-014
7.835551613840178e-009	-1.692992e-012	1.422073e-011	1.707523e-009	1.708304e-009	6.685056e-014
7.840694470983033e-009	-1.770541e-012	1.449971e-011	1.871764e-009	1.872638e-009	6.782259e-014
7.845837328125887e-009	-1.870103e-012	1.484579e-011	2.060284e-009	2.061263e-009	6.899098e-014
7.850980185268741e-009	-1.991677e-012	1.525895e-011	2.273084e-009	2.274182e-009	7.035574e-014
7.856123042411597e-009	-2.135264e-012	1.573922e-011	2.510163e-009	2.511393e-009	7.191686e-014
7.861265899554451e-009	-2.300864e-012	1.628658e-011	2.771522e-009	2.772898e-009	7.367435e-014
7.866408756697305e-009	-2.488477e-012	1.690103e-011	3.057161e-009	3.058695e-009	7.562821e-014
7.871551613840160e-009	-2.698103e-012	1.758258e-011	3.367078e-009	3.368784e-009	7.777843e-014
7.873551613840159e-009	-2.789215e-012	1.787781e-011	3.494922e-009	3.496699e-009	7.870447e-014
7.875551613840158e-009	-2.884793e-012	1.818697e-011	3.626597e-009	3.628447e-009	7.967235e-014
7.882837328125868e-009	-3.263666e-012	1.940186e-011	4.144151e-009	4.146287e-009	8.344680e-014
7.890123042411579e-009	-3.717123e-012	2.086004e-011	4.706353e-009	4.708799e-009	8.796379e-014
7.897408756697289e-009	-4.245163e-012	2.256153e-011	5.313202e-009	5.315981e-009	9.322331e-014
7.904694470982999e-009	-4.847786e-012	2.450632e-011	5.964699e-009	5.967834e-009	9.922536e-014
7.911980185268709e-009	-5.524993e-012	2.669440e-011	6.660843e-009	6.664359e-009	1.059699e-013
7.919265899554421e-009	-6.276784e-012	2.912579e-011	7.401635e-009	7.405554e-009	1.134571e-013
7.926551613840131e-009	-7.103158e-012	3.180049e-011	8.187074e-009	8.191421e-009	1.216867e-013
7.935265899554413e-009	-8.213250e-012	3.540049e-011	9.177139e-009	9.182023e-009	1.327585e-013
7.943980185268693e-009	-9.439423e-012	3.942593e-011	1.019740e-008	1.020283e-008	1.452155e-013
7.952694470982974e-009	-1.078168e-011	4.387681e-011	1.124784e-008	1.125384e-008	1.590576e-013
7.961408756697256e-009	-1.224002e-011	4.875311e-011	1.232848e-008	1.233506e-008	1.742849e-013
7.970123042411538e-009	-1.381444e-011	5.405485e-011	1.343931e-008	1.344648e-008	1.908973e-013
7.978837328125818e-009	-1.550494e-011	5.978202e-011	1.458033e-008	1.458811e-008	2.088949e-013
7.987551613840099e-009	-1.731153e-011	6.593462e-011	1.575155e-008	1.575994e-008	2.282777e-013
7.991123042411527e-009	-1.808067e-011	6.857972e-011	1.623112e-008	1.623977e-008	2.366544e-013
7.994694470982953e-009	-1.886607e-011	7.129321e-011	1.671210e-008	1.672100e-008	2.452687e-013
7.998265899554380e-009	-1.966773e-011	7.407512e-011	1.719449e-008	1.720364e-008	2.541207e-013
8.001837328125806e-009	-2.048565e-011	7.692542e-011	1.767829e-008	1.768769e-008	2.632103e-013
8.005408756697233e-009	-2.131983e-011	7.984412e-011	1.816349e-008	1.817315e-008	2.725376e-013
8.008980185268659e-009	-2.217026e-011	8.283123e-011	1.865010e-008	1.866002e-008	2.821025e-013
8.012551613840086e-009	-2.303696e-011	8.588674e-011	1.913812e-008	1.914829e-008	2.919050e-013
8.013551613840086e-009	-2.328205e-011	8.675369e-011	1.927472e-008	1.928496e-008	2.946921e-013
8.014551613840085e-009	-2.352830e-011	8.762580e-011	1.941137e-008	1.942169e-008	2.974978e-013
8.016551613840084e-009	-2.402422e-011	8.938542e-011	1.968478e-008	1.969523e-008	3.031605e-013
8.017980185268654e-009	-2.438130e-011	9.065495e-011	1.988017e-008	1.989073e-008	3.072518e-013
8.019408756697226e-009	-2.474058e-011	9.193469e-011	2.007553e-008	2.008619e-008	3.113801e-013
8.020837328125796e-009	-2.510206e-011	9.322465e-011	2.027085e-008	2.028161e-008	3.155453e-013
8.022265899554367e-009	-2.546574e-011	9.452483e-011	2.046613e-008	2.047699e-008	3.197474e-013
8.023694470982937e-009	-2.583162e-011	9.583523e-011	2.066138e-008	2.067234e-008	3.239866e-013
8.025123042411509e-009	-2.619971e-011	9.715584e-011	2.085658e-008	2.086764e-008	3.282626e-013
8.026551613840079e-009	-2.657000e-011	9.848666e-011	2.105175e-008	2.106291e-008	3.325757e-013
8.027551613840079e-009	-2.683024e-011	9.942337e-011	2.118828e-008	2.119951e-008	3.356131e-013
8.027961081515119e-009	-2.693707e-011	9.980820e-011	2.124417e-008	2.125543e-008	3.368612e-013
8.027996380564761e-009	-2.694629e-011	9.984143e-011	2.124898e-008	2.126025e-008	3.369687e-013
8.028031679614403e-009	-2.695552e-011	9.987467e-011	2.125380e-008	2.126507e-008	3.370764e-013
8.028066978664045e-009	-2.696474e-011	9.990792e-011	2.125862e-008	2.126989e-008	3.371841e-013
8.028102277713685e-009	-2.697397e-011	9.994118e-011	2.126344e-008	2.127471e-008	3.372921e-013
8.028137576763327e-009	-2.698320e-011	9.997445e-011	2.126825e-008	2.127953e-008	3.374002e-013
8.028172875812969e-009	-2.699243e-011	1.000077e-010	2.127307e-008	2.128435e-008	3.375085e-013
8.028208174862611e-009	-2.700166e-011	1.000410e-010	2.127789e-008	2.128917e-008	3.376169e-013
8.028214996189908e-009	-2.700344e-011	1.000474e-010	2.127882e-008	2.129010e-008	3.376371e-013
8.030978011399209e-009	-2.773066e-011	1.026735e-010	2.165564e-008	2.166711e-008	3.461682e-013
8.033741026608512e-009	-2.846479e-011	1.053348e-010	2.203189e-008	2.204356e-008	3.548317e-013
8.036504041817813e-009	-2.920583e-011	1.080316e-010	2.240759e-008	2.241945e-008	3.636277e-013
8.039267057027116e-009	-2.995378e-011	1.107637e-010	2.278272e-008	2.279478e-008	3.725562e-013
8.042030072236417e-009	-3.070865e-011	1.135311e-010	2.315730e-008	2.316954e-008	3.816171e-013
8.044793087445720e-009	-3.147042e-011	1.163339e-010	2.353131e-008	2.354375e-008	3.908105e-013
8.047556102655021e-009	-3.223911e-011	1.191721e-010	2.390476e-008	2.391739e-008	4.001364e-013
8.052698959797875e-009	-3.368845e-011	1.245502e-010	2.459834e-008	2.461132e-008	4.178519e-013
8.057841816940729e-009	-3.515468e-011	1.300352e-010	2.528927e-008	2.530260e-008	4.359950e-013
8.062984674083584e-009	-3.663780e-011	1.356272e-010	2.597755e-008	2.599123e-008	4.545654e-013
8.068127531226440e-009	-3.813781e-011	1.413261e-010	2.666320e-008	2.667722e-008	4.735632e-013
8.073270388369294e-009	-3.965471e-011	1.471320e-010	2.734620e-008	2.736056e-008	4.929885e-013
8.078413245512148e-009	-4.118851e-011	1.530449e-010	2.802655e-008	2.804126e-008	5.128412e-013
8.083556102655002e-009	-4.273919e-011	1.590647e-010	2.870426e-008	2.871931e-008	5.331213e-013
8.089556102654999e-009	-4.456480e-011	1.662123e-010	2.949109e-008	2.950653e-008	5.573000e-013
8.095556102654996e-009	-4.640139e-011	1.734764e-010	3.027337e-008	3.028919e-008	5.819949e-013
8.101556102654993e-009	-4.824895e-011	1.808570e-010	3.105109e-008	3.106730e-008	6.072061e-013
8.107556102654990e-009	-5.010750e-011	1.883541e-010	3.182427e-008	3.184086e-008	6.329334e-013
8.113556102654987e-009	-5.197701e-011	1.959676e-010	3.259290e-008	3.260986e-008	6.591769e-013
8.119556102654983e-009	-5.385751e-011	2.036975e-010	3.335698e-008	3.337431e-008	6.859366e-013
8.125556102654980e-009	-5.574898e-011	2.115440e-010	3.411650e-008	3.413421e-008	7.132125e-013
8.130698959797835e-009	-5.737314e-011	2.183476e-010	3.476350e-008	3.478152e-008	7.369690e-013
8.135841816940689e-009	-5.899798e-011	2.252171e-010	3.540671e-008	3.542504e-008	7.610569e-013
8.140984674083543e-009	-6.062352e-011	2.321525e-010	3.604615e-008	3.606478e-008	7.854761e-013
8.146127531226399e-009	-6.224975e-011	2.391538e-010	3.668180e-008	3.670074e-008	8.102266e-013
8.151270388369253e-009	-6.387667e-011	2.462211e-010	3.731368e-008	3.733292e-008	8.353084e-013
8.156413245512107e-009	-6.550429e-011	2.533542e-010	3.794178e-008	3.796131e-008	8.607216e-013
8.161556102654962e-009	-6.713259e-011	2.605532e-010	3.856610e-008	3.858593e-008	8.864661e-013
8.162556102654961e-009	-6.744855e-011	2.619586e-010	3.868702e-008	3.870690e-008	8.915061e-013
8.163556102654961e-009	-6.776441e-011	2.633662e-010	3.880778e-008	3.882773e-008	8.965560e-013
8.164556102654960e-009	-6.808018e-011	2.647758e-010	3.892840e-008	3.894840e-008	9.016174e-013
8.166698959797816e-009	-6.875663e-011	2.678041e-010	3.918643e-008	3.920656e-008	9.125057e-013
8.168841816940672e-009	-6.943239e-011	2.708415e-010	3.944359e-008	3.946384e-008	9.234453e-013
8.170984674083527e-009	-7.010746e-011	2.738880e-010	3.969988e-008	3.972025e-008	9.344363e-013
8.173127531226385e-009	-7.078184e-011	2.769435e-010	3.995530e-008	3.997578e-008	9.454786e-013
8.175270388369241e-009	-7.145553e-011	2.800082e-010	4.020984e-008	4.023045e-008	9.565723e-013
8.177413245512096e-009	-7.212854e-011	2.830819e-010	4.046352e-008	4.048424e-008	9.677174e-013
8.179556102654952e-009	-7.280086e-011	2.861648e-010	4.071632e-008	4.073716e-008	9.789139e-013
8.182556102654951e-009	-7.374032e-011	2.904942e-010	4.106838e-008	4.108937e-008	9.946711e-013
8.183556102654950e-009	-7.405304e-011	2.919409e-010	4.118526e-008	4.120631e-008	9.999441e-013
8.184556102654950e-009	-7.436559e-011	2.933890e-010	4.130196e-008	4.132307e-008	1.005224e-012
8.184754844671791e-009	-7.442767e-011	2.936770e-010	4.132513e-008	4.134624e-008	1.006275e-012
8.184948597725724e-009	-7.448819e-011	2.939579e-010	4.134769e-008	4.136882e-008	1.007301e-012
8.184982810259958e-009	-7.449887e-011	2.940075e-010	4.135168e-008	4.137281e-008	1.007481e-012
8.184985546397938e-009	-7.449973e-011	2.940115e-010	4.135200e-008	4.137312e-008	1.007495e-012
8.184990169710681e-009	-7.450117e-011	2.940182e-010	4.135253e-008	4.137366e-008	1.007519e-012
8.184995968410082e-009	-7.450298e-011	2.940266e-010	4.135321e-008	4.137434e-008	1.007551e-012
8.185002963912978e-009	-7.450517e-011	2.940367e-010	4.135402e-008	4.137516e-008	1.007588e-012
8.185010610797856e-009	-7.450755e-011	2.940478e-010	4.135491e-008	4.137604e-008	1.007628e-012
8.185018551867991e-009	-7.451004e-011	2.940593e-010	4.135584e-008	4.137697e-008	1.007671e-012
8.185027925534390e-009	-7.451297e-011	2.940729e-010	4.135693e-008	4.137806e-008	1.007721e-012
8.185038553264769e-009	-7.451628e-011	2.940883e-010	4.135817e-008	4.137930e-008	1.007777e-012
8.185066874810721e-009	-7.452512e-011	2.941294e-010	4.136146e-008	4.138260e-008	1.007927e-012
8.185321741339660e-009	-7.460470e-011	2.944991e-010	4.139112e-008	4.141227e-008	1.009277e-012
8.185576607868597e-009	-7.468426e-011	2.948689e-010	4.142076e-008	4.144192e-008	1.010628e-012
8.185831474397536e-009	-7.476380e-011	2.952388e-010	4.145038e-008	4.147156e-008	1.011980e-012
8.186086340926475e-009	-7.484333e-011	2.956089e-010	4.147999e-008	4.150118e-008	1.013333e-012
8.186341207455415e-009	-7.492283e-011	2.959791e-010	4.150958e-008	4.153078e-008	1.014686e-012
8.186596073984352e-009	-7.500232e-011	2.963493e-010	4.153915e-008	4.156037e-008	1.016040e-012
8.186850940513291e-009	-7.508179e-011	2.967197e-010	4.156870e-008	4.158994e-008	1.017394e-012
8.201993797656140e-009	-7.980959e-011	3.190477e-010	4.329317e-008	4.331519e-008	1.099437e-012
8.217136654798989e-009	-8.441833e-011	3.415448e-010	4.496895e-008	4.499172e-008	1.183228e-012
8.232279511941838e-009	-8.890800e-011	3.642109e-010	4.659604e-008	4.661953e-008	1.268768e-012
8.247422369084689e-009	-9.327860e-011	3.870461e-010	4.817443e-008	4.819860e-008	1.356058e-012
8.262565226227538e-009	-9.753014e-011	4.100504e-010	4.970412e-008	4.972895e-008	1.445097e-012
8.277708083370387e-009	-1.016626e-010	4.332237e-010	5.118512e-008	5.121058e-008	1.535884e-012
8.292850940513236e-009	-1.056760e-010	4.565662e-010	5.261743e-008	5.264348e-008	1.628421e-012
8.293850940513235e-009	-1.059334e-010	4.580995e-010	5.271079e-008	5.273686e-008	1.634551e-012
8.321993797656078e-009	-1.128974e-010	5.015742e-010	5.524293e-008	5.527001e-008	1.810576e-012
8.350136654798920e-009	-1.192532e-010	5.444218e-010	5.765795e-008	5.768595e-008	1.988347e-012
8.378279511941762e-009	-1.250009e-010	5.866420e-010	5.995582e-008	5.998468e-008	2.167866e-012
8.406422369084606e-009	-1.301404e-010	6.282350e-010	6.213657e-008	6.216619e-008	2.349130e-012
8.434565226227448e-009	-1.346719e-010	6.692008e-010	6.420018e-008	6.423048e-008	2.532142e-012
8.462708083370291e-009	-1.385951e-010	7.095393e-010	6.614665e-008	6.617757e-008	2.716900e-012
8.490850940513133e-009	-1.419103e-010	7.492506e-010	6.797599e-008	6.800744e-008	2.903405e-012
8.505422369084555e-009	-1.433959e-010	7.692859e-010	6.889447e-008	6.892617e-008	2.999390e-012
8.519993797655975e-009	-1.447414e-010	7.890386e-010	6.979096e-008	6.982291e-008	3.095220e-012
8.534565226227396e-009	-1.459466e-010	8.085087e-010	7.066547e-008	7.069764e-008	3.190893e-012
8.549136654798816e-009	-1.470116e-010	8.276962e-010	7.151800e-008	7.155038e-008	3.286409e-012
8.563708083370238e-009	-1.479363e-010	8.466010e-010	7.234854e-008	7.238112e-008	3.381769e-012
8.578279511941658e-009	-1.487208e-010	8.652233e-010	7.315710e-008	7.318986e-008	3.476972e-012
8.592850940513080e-009	-1.493651e-010	8.835629e-010	7.394368e-008	7.397661e-008	3.572019e-012
8.593850940513079e-009	-1.494054e-010	8.848100e-010	7.399706e-008	7.403000e-008	3.578525e-012
8.625993797655919e-009	-1.502777e-010	9.241202e-010	7.565158e-008	7.568484e-008	3.787371e-012
8.658136654798760e-009	-1.506999e-010	9.620101e-010	7.723213e-008	7.726565e-008	3.993936e-012
8.690279511941600e-009	-1.506721e-010	9.984796e-010	7.873869e-008	7.877243e-008	4.198219e-012
8.722422369084442e-009	-1.501943e-010	1.033529e-009	8.017128e-008	8.020519e-008	4.400220e-012
8.754565226227282e-009	-1.492665e-010	1.067158e-009	8.152990e-008	8.156393e-008	4.599941e-012
8.786708083370122e-009	-1.478886e-010	1.099366e-009	8.281454e-008	8.284863e-008	4.797380e-012
8.818850940512962e-009	-1.460606e-010	1.130155e-009	8.402520e-008	8.405932e-008	4.992538e-012
8.819850940512962e-009	-1.460022e-010	1.131093e-009	8.406278e-008	8.409689e-008	4.998552e-012
8.820131614842014e-009	-1.459858e-010	1.131356e-009	8.407353e-008	8.410765e-008	5.000240e-012
8.820363814573864e-009	-1.459722e-010	1.131573e-009	8.408139e-008	8.411550e-008	5.001635e-012
8.820686403611660e-009	-1.459529e-010	1.131875e-009	8.408718e-008	8.412128e-008	5.003574e-012
8.821020647936682e-009	-1.459330e-010	1.132187e-009	8.409359e-008	8.412769e-008	5.005582e-012
8.821689136586724e-009	-1.458936e-010	1.132812e-009	8.412355e-008	8.415767e-008	5.009597e-012
8.822689136586724e-009	-1.458367e-010	1.133750e-009	8.421775e-008	8.425194e-008	5.015609e-012
8.823689136586723e-009	-1.457837e-010	1.134696e-009	8.438395e-008	8.441825e-008	5.021637e-012
8.824689136586723e-009	-1.457366e-010	1.135654e-009	8.463876e-008	8.467324e-008	5.027695e-012
8.825689136586722e-009	-1.456978e-010	1.136632e-009	8.499273e-008	8.502744e-008	5.033800e-012
8.826689136586722e-009	-1.456698e-010	1.137636e-009	8.545750e-008	8.549252e-008	5.039969e-012
8.827689136586721e-009	-1.456555e-010	1.138673e-009	8.604601e-008	8.608140e-008	5.046224e-012
8.828689136586721e-009	-1.456581e-010	1.139753e-009	8.677228e-008	8.680814e-008	5.052586e-012
8.829689136586720e-009	-1.456809e-010	1.140885e-009	8.765122e-008	8.768764e-008	5.059081e-012
8.830689136586720e-009	-1.457279e-010	1.142078e-009	8.869835e-008	8.873543e-008	5.065737e-012
8.832689136586719e-009	-1.459109e-010	1.144697e-009	9.136061e-008	9.139936e-008	5.079655e-012
8.834689136586718e-009	-1.462441e-010	1.147712e-009	9.488477e-008	9.492570e-008	5.094617e-012
8.836689136586717e-009	-1.467688e-010	1.151238e-009	9.938893e-008	9.943261e-008	5.110939e-012
8.838689136586715e-009	-1.475303e-010	1.155404e-009	1.049770e-007	1.050241e-007	5.128975e-012
8.840689136586714e-009	-1.485770e-010	1.160347e-009	1.117346e-007	1.117858e-007	5.149110e-012
8.842689136586713e-009	-1.499595e-010	1.166213e-009	1.197268e-007	1.197828e-007	5.171751e-012
8.844689136586712e-009	-1.517293e-010	1.173153e-009	1.289985e-007	1.290599e-007	5.197325e-012
8.846689136586711e-009	-1.539385e-010	1.181320e-009	1.395753e-007	1.396429e-007	5.226268e-012
8.848689136586710e-009	-1.566388e-010	1.190867e-009	1.514663e-007	1.515409e-007	5.259020e-012
8.850689136586709e-009	-1.598809e-010	1.201945e-009	1.646664e-007	1.647487e-007	5.296020e-012
8.851689136586709e-009	-1.617072e-010	1.208068e-009	1.717251e-007	1.718115e-007	5.316142e-012
8.852345635021851e-009	-1.629842e-010	1.212310e-009	1.765247e-007	1.766139e-007	5.329972e-012
8.852818116020501e-009	-1.639534e-010	1.215505e-009	1.800840e-007	1.801753e-007	5.340325e-012
8.853394923103045e-009	-1.651844e-010	1.219543e-009	1.845311e-007	1.846250e-007	5.353343e-012
8.853747597543623e-009	-1.659641e-010	1.222089e-009	1.873048e-007	1.874003e-007	5.361520e-012
8.854214903913928e-009	-1.670270e-010	1.225549e-009	1.910343e-007	1.911318e-007	5.372594e-012
8.854358384986954e-009	-1.673593e-010	1.226628e-009	1.921887e-007	1.922869e-007	5.376042e-012
8.854406596070470e-009	-1.674724e-010	1.226995e-009	1.925785e-007	1.926770e-007	5.377213e-012
8.854444609771482e-009	-1.675619e-010	1.227285e-009	1.928864e-007	1.929851e-007	5.378139e-012
8.854460056951440e-009	-1.675984e-010	1.227403e-009	1.930116e-007	1.931104e-007	5.378517e-012
8.854464837956695e-009	-1.676097e-010	1.227440e-009	1.930504e-007	1.931491e-007	5.378632e-012
8.854465784971242e-009	-1.676119e-010	1.227447e-009	1.930581e-007	1.931568e-007	5.378655e-012
8.854466118844747e-009	-1.676127e-010	1.227450e-009	1.930608e-007	1.931595e-007	5.378664e-012
8.854466620374847e-009	-1.676139e-010	1.227454e-009	1.930649e-007	1.931636e-007	5.378678e-012
8.854467115367766e-009	-1.676150e-010	1.227457e-009	1.930689e-007	1.931676e-007	5.378689e-012
8.854467637232183e-009	-1.676163e-010	1.227461e-009	1.930731e-007	1.931719e-007	5.378701e-012
8.854468211004357e-009	-1.676176e-010	1.227466e-009	1.930778e-007	1.931765e-007	5.378714e-012
8.854468760856723e-009	-1.676189e-010	1.227470e-009	1.930822e-007	1.931810e-007	5.378728e-012
8.854469319911434e-009	-1.676203e-010	1.227474e-009	1.930867e-007	1.931855e-007	5.378742e-012
8.854469862725224e-009	-1.676215e-010	1.227478e-009	1.930912e-007	1.931899e-007	5.378755e-012
8.854470518031787e-009	-1.676231e-010	1.227483e-009	1.930965e-007	1.931952e-007	5.378771e-012
8.854471236778405e-009	-1.676248e-010	1.227489e-009	1.931023e-007	1.932011e-007	5.378789e-012
8.854472112485655e-009	-1.676269e-010	1.227496e-009	1.931094e-007	1.932082e-007	5.378809e-012
8.854473101494664e-009	-1.676292e-010	1.227503e-009	1.931174e-007	1.932162e-007	5.378834e-012
8.854474346727451e-009	-1.676321e-010	1.227513e-009	1.931275e-007	1.932263e-007	5.378865e-012
8.854475856171220e-009	-1.676357e-010	1.227524e-009	1.931398e-007	1.932385e-007	5.378903e-012
8.854477907119035e-009	-1.676406e-010	1.227540e-009	1.931564e-007	1.932552e-007	5.378953e-012
8.854485206566264e-009	-1.676578e-010	1.227596e-009	1.932156e-007	1.933144e-007	5.379130e-012
8.854917912606626e-009	-1.687071e-010	1.230988e-009	1.967530e-007	1.968538e-007	5.389917e-012
8.855350618646987e-009	-1.697871e-010	1.234470e-009	2.003286e-007	2.004315e-007	5.400957e-012
8.855783324687348e-009	-1.708981e-010	1.238041e-009	2.039426e-007	2.040475e-007	5.412251e-012
8.856216030727711e-009	-1.720399e-010	1.241702e-009	2.075949e-007	2.077019e-007	5.423798e-012
8.856648736768072e-009	-1.732125e-010	1.245452e-009	2.112854e-007	2.113946e-007	5.435599e-012
8.857081442808434e-009	-1.744160e-010	1.249293e-009	2.150143e-007	2.151255e-007	5.447653e-012
8.857514148848795e-009	-1.756503e-010	1.253223e-009	2.187815e-007	2.188949e-007	5.459961e-012
8.858514148848795e-009	-1.786283e-010	1.262670e-009	2.276403e-007	2.277587e-007	5.489442e-012
8.860514148848793e-009	-1.851312e-010	1.283165e-009	2.460017e-007	2.461306e-007	5.552948e-012
8.863514148848792e-009	-1.963039e-010	1.318071e-009	2.751246e-007	2.752701e-007	5.660071e-012
8.865799863134505e-009	-2.059258e-010	1.347896e-009	2.986232e-007	2.987820e-007	5.750844e-012
8.868085577420219e-009	-2.167006e-010	1.381183e-009	3.231109e-007	3.232835e-007	5.851629e-012
8.870371291705931e-009	-2.286283e-010	1.417930e-009	3.485877e-007	3.487747e-007	5.962426e-012
8.872657005991644e-009	-2.417089e-010	1.458138e-009	3.750536e-007	3.752555e-007	6.083236e-012
8.874942720277357e-009	-2.559425e-010	1.501806e-009	4.025085e-007	4.027260e-007	6.214059e-012
8.877228434563071e-009	-2.713289e-010	1.548936e-009	4.309526e-007	4.311861e-007	6.354894e-012
8.879514148848784e-009	-2.878682e-010	1.599526e-009	4.603858e-007	4.606358e-007	6.505742e-012
8.881514148848783e-009	-3.034354e-010	1.647165e-009	4.868214e-007	4.870863e-007	6.647653e-012
8.882514148848782e-009	-3.115401e-010	1.671966e-009	5.002617e-007	5.005342e-007	6.721484e-012
8.882794823139271e-009	-3.138581e-010	1.679060e-009	5.040638e-007	5.043385e-007	6.742595e-012
8.883025407465074e-009	-3.157862e-010	1.684960e-009	5.072077e-007	5.074842e-007	6.760151e-012
8.883349302450473e-009	-3.185214e-010	1.693329e-009	5.116644e-007	5.119434e-007	6.785047e-012
8.883684336835338e-009	-3.213889e-010	1.702101e-009	5.163306e-007	5.166122e-007	6.811135e-012
8.884354405605068e-009	-3.272186e-010	1.719934e-009	5.257914e-007	5.260785e-007	6.864153e-012
8.885354405605067e-009	-3.361172e-010	1.747150e-009	5.401721e-007	5.404673e-007	6.945039e-012
8.886354405605067e-009	-3.452623e-010	1.775117e-009	5.548736e-007	5.551772e-007	7.028116e-012
8.887354405605066e-009	-3.546813e-010	1.803918e-009	5.699301e-007	5.702422e-007	7.113629e-012
8.888354405605066e-009	-3.643804e-010	1.833574e-009	5.853468e-007	5.856677e-007	7.201637e-012
8.889354405605065e-009	-3.743659e-010	1.864102e-009	6.011269e-007	6.014567e-007	7.292198e-012
8.890354405605065e-009	-3.846438e-010	1.895524e-009	6.172712e-007	6.176102e-007	7.385370e-012
8.891354405605064e-009	-3.952200e-010	1.927857e-009	6.337785e-007	6.341270e-007	7.481212e-012
8.892354405605064e-009	-4.061006e-010	1.961122e-009	6.506460e-007	6.510040e-007	7.579782e-012
8.893354405605063e-009	-4.172911e-010	1.995338e-009	6.678686e-007	6.682364e-007	7.681138e-012
8.894354405605062e-009	-4.287972e-010	2.030521e-009	6.854398e-007	6.858175e-007	7.785335e-012
8.895354405605062e-009	-4.406240e-010	2.066691e-009	7.033510e-007	7.037389e-007	7.892428e-012
8.896354405605061e-009	-4.527765e-010	2.103863e-009	7.215922e-007	7.219905e-007	8.002470e-012
8.897354405605061e-009	-4.652594e-010	2.142055e-009	7.401516e-007	7.405604e-007	8.115512e-012
8.898354405605060e-009	-4.780769e-010	2.181281e-009	7.590157e-007	7.594351e-007	8.231603e-012
8.899354405605060e-009	-4.912329e-010	2.221556e-009	7.781697e-007	7.785999e-007	8.350790e-012
8.900354405605059e-009	-5.047311e-010	2.262893e-009	7.975975e-007	7.980387e-007	8.473115e-012
8.901354405605059e-009	-5.185745e-010	2.305303e-009	8.172821e-007	8.177344e-007	8.598618e-012
8.902354405605058e-009	-5.327657e-010	2.348799e-009	8.372058e-007	8.376694e-007	8.727339e-012
8.903354405605058e-009	-5.473071e-010	2.393389e-009	8.573510e-007	8.578259e-007	8.859311e-012
8.904354405605057e-009	-5.622005e-010	2.439083e-009	8.776995e-007	8.781859e-007	8.994565e-012
8.907354405605056e-009	-6.090058e-010	2.582855e-009	9.397930e-007	9.403142e-007	9.420283e-012
8.910354405605054e-009	-6.590112e-010	2.736769e-009	1.003128e-006	1.003684e-006	9.876377e-012
8.913354405605053e-009	-7.122131e-010	2.900900e-009	1.067347e-006	1.067940e-006	1.036324e-011
8.916354405605051e-009	-7.685892e-010	3.075268e-009	1.132181e-006	1.132810e-006	1.088111e-011
8.919354405605049e-009	-8.281048e-010	3.259856e-009	1.197440e-006	1.198105e-006	1.143009e-011
8.922354405605048e-009	-8.907164e-010	3.454615e-009	1.262989e-006	1.263691e-006	1.201022e-011
8.925354405605046e-009	-9.563746e-010	3.659480e-009	1.328736e-006	1.329474e-006	1.262147e-011
8.927640119890759e-009	-1.008481e-009	3.822422e-009	1.378982e-006	1.379748e-006	1.310820e-011
8.929925834176473e-009	-1.062232e-009	3.991028e-009	1.429210e-006	1.430005e-006	1.361274e-011
8.932211548462186e-009	-1.117629e-009	4.165300e-009	1.479422e-006	1.480244e-006	1.413510e-011
8.934497262747898e-009	-1.174671e-009	4.345237e-009	1.529616e-006	1.530467e-006	1.467528e-011
8.936782977033611e-009	-1.233358e-009	4.530838e-009	1.579794e-006	1.580672e-006	1.523327e-011
8.939068691319325e-009	-1.293691e-009	4.722105e-009	1.629954e-006	1.630860e-006	1.580908e-011
8.941354405605038e-009	-1.355670e-009	4.919037e-009	1.680096e-006	1.681030e-006	1.640271e-011
8.945068691319322e-009	-1.459944e-009	5.251357e-009	1.761534e-006	1.762513e-006	1.740612e-011
8.948782977033605e-009	-1.567760e-009	5.597019e-009	1.842219e-006	1.843243e-006	1.845350e-011
8.952497262747889e-009	-1.679118e-009	5.956021e-009	1.922152e-006	1.923220e-006	1.954483e-011
8.956211548462173e-009	-1.794018e-009	6.328365e-009	2.001333e-006	2.002445e-006	2.068013e-011
8.959925834176458e-009	-1.912459e-009	6.714050e-009	2.079762e-006	2.080917e-006	2.185938e-011
8.963640119890740e-009	-2.034442e-009	7.113076e-009	2.157439e-006	2.158636e-006	2.308260e-011
8.967354405605024e-009	-2.159967e-009	7.525443e-009	2.234364e-006	2.235603e-006	2.434978e-011
8.976925834176449e-009	-2.503390e-009	8.660517e-009	2.427342e-006	2.428687e-006	2.784898e-011
8.986497262747871e-009	-2.855120e-009	9.846692e-009	2.609746e-006	2.611190e-006	3.154906e-011
8.996068691319296e-009	-3.215159e-009	1.108397e-008	2.781573e-006	2.783110e-006	3.545001e-011
9.005640119890718e-009	-3.583505e-009	1.237235e-008	2.942825e-006	2.944448e-006	3.955184e-011
9.015211548462143e-009	-3.960158e-009	1.371183e-008	3.093502e-006	3.095203e-006	4.385455e-011
9.024782977033565e-009	-4.345119e-009	1.510241e-008	3.233602e-006	3.235377e-006	4.835814e-011
9.034354405604990e-009	-4.738388e-009	1.654410e-008	3.363127e-006	3.364969e-006	5.306260e-011
9.042782977033556e-009	-5.079558e-009	1.782474e-008	3.467223e-006	3.469116e-006	5.729207e-011
9.051211548462124e-009	-5.414730e-009	1.910946e-008	3.564876e-006	3.566818e-006	6.158021e-011
9.059640119890690e-009	-5.743905e-009	2.039825e-008	3.656089e-006	3.658075e-006	6.592704e-011
9.068068691319258e-009	-6.067083e-009	2.169112e-008	3.740859e-006	3.742887e-006	7.033254e-011
9.076497262747825e-009	-6.384264e-009	2.298807e-008	3.819189e-006	3.821253e-006	7.479672e-011
9.084925834176393e-009	-6.695447e-009	2.428910e-008	3.891077e-006	3.893174e-006	7.931958e-011
9.093354405604959e-009	-7.000633e-009	2.559420e-008	3.956524e-006	3.958649e-006	8.390112e-011
9.095550834176386e-009	-7.078029e-009	2.593120e-008	3.973046e-006	3.975178e-006	8.509351e-011
9.097747262747814e-009	-7.154771e-009	2.626761e-008	3.989263e-006	3.991403e-006	8.628724e-011
9.099943691319241e-009	-7.230860e-009	2.660344e-008	4.005177e-006	4.007322e-006	8.748233e-011
9.102140119890669e-009	-7.306296e-009	2.693869e-008	4.020785e-006	4.022938e-006	8.867877e-011
9.104336548462096e-009	-7.381079e-009	2.727335e-008	4.036089e-006	4.038248e-006	8.987657e-011
9.106532977033524e-009	-7.455209e-009	2.760743e-008	4.051089e-006	4.053254e-006	9.107571e-011
9.108729405604952e-009	-7.528686e-009	2.794092e-008	4.065784e-006	4.067955e-006	9.227621e-011
9.109229405604952e-009	-7.545296e-009	2.801670e-008	4.069082e-006	4.071255e-006	9.254959e-011
9.110354405604952e-009	-7.582581e-009	2.818712e-008	4.076456e-006	4.078632e-006	9.316479e-011
9.110604405604952e-009	-7.590835e-009	2.822496e-008	4.078073e-006	4.080250e-006	9.330154e-011
9.111104405604953e-009	-7.607314e-009	2.830060e-008	4.081294e-006	4.083472e-006	9.357507e-011
9.111775394751774e-009	-7.629371e-009	2.840205e-008	4.085598e-006	4.087776e-006	9.394222e-011
9.115684681095967e-009	-7.756629e-009	2.899169e-008	4.110255e-006	4.112443e-006	9.608246e-011
9.116684681095967e-009	-7.788825e-009	2.914212e-008	4.116431e-006	4.118622e-006	9.663025e-011
9.118684681095966e-009	-7.852771e-009	2.944245e-008	4.128605e-006	4.130800e-006	9.772616e-011
9.121684681095964e-009	-7.947568e-009	2.989158e-008	4.146465e-006	4.148667e-006	9.937066e-011
9.124559681095964e-009	-8.037178e-009	3.032048e-008	4.163137e-006	4.165346e-006	1.009472e-010
9.124684681095964e-009	-8.041042e-009	3.033909e-008	4.163850e-006	4.166060e-006	1.010157e-010
9.124934681095965e-009	-8.048764e-009	3.037629e-008	4.165271e-006	4.167481e-006	1.011528e-010
9.125983420572097e-009	-8.081051e-009	3.053223e-008	4.171120e-006	4.173332e-006	1.017280e-010
9.126932236553246e-009	-8.110114e-009	3.067312e-008	4.176251e-006	4.178465e-006	1.022484e-010
9.127881052534397e-009	-8.139028e-009	3.081380e-008	4.181243e-006	4.183458e-006	1.027687e-010
9.128829868515546e-009	-8.167792e-009	3.095427e-008	4.186095e-006	4.188312e-006	1.032889e-010
9.129778684496697e-009	-8.196405e-009	3.109451e-008	4.190807e-006	4.193025e-006	1.038091e-010
9.130727500477846e-009	-8.224870e-009	3.123454e-008	4.195379e-006	4.197599e-006	1.043291e-010
9.131676316458996e-009	-8.253184e-009	3.137436e-008	4.199812e-006	4.202033e-006	1.048491e-010
9.132625132440145e-009	-8.281349e-009	3.151396e-008	4.204105e-006	4.206328e-006	1.053689e-010
9.133625132440145e-009	-8.310876e-009	3.166083e-008	4.208481e-006	4.210704e-006	1.059166e-010
9.134016666788213e-009	-8.322392e-009	3.171827e-008	4.210143e-006	4.212367e-006	1.061310e-010
9.134123905271171e-009	-8.325538e-009	3.173399e-008	4.210587e-006	4.212810e-006	1.061897e-010
9.134196598665057e-009	-8.327669e-009	3.174465e-008	4.210884e-006	4.213108e-006	1.062295e-010
9.134274940406344e-009	-8.329964e-009	3.175612e-008	4.211204e-006	4.213427e-006	1.062724e-010
9.134288252241384e-009	-8.330354e-009	3.175807e-008	4.211258e-006	4.213482e-006	1.062797e-010
9.134288525067538e-009	-8.330362e-009	3.175812e-008	4.211259e-006	4.213483e-006	1.062798e-010
9.135030583368565e-009	-8.352023e-009	3.186672e-008	4.214212e-006	4.216437e-006	1.066859e-010
9.135772641669589e-009	-8.373583e-009	3.197515e-008	4.217058e-006	4.219284e-006	1.070919e-010
9.136514699970615e-009	-8.395042e-009	3.208341e-008	4.219797e-006	4.222023e-006	1.074976e-010
9.137256758271642e-009	-8.416402e-009	3.219151e-008	4.222429e-006	4.224656e-006	1.079032e-010
9.137998816572668e-009	-8.437661e-009	3.229944e-008	4.224954e-006	4.227181e-006	1.083086e-010
9.138740874873693e-009	-8.458820e-009	3.240720e-008	4.227372e-006	4.229599e-006	1.087138e-010
9.139482933174719e-009	-8.479879e-009	3.251479e-008	4.229682e-006	4.231910e-006	1.091189e-010
9.139610736567992e-009	-8.483491e-009	3.253330e-008	4.230066e-006	4.232294e-006	1.091886e-010
9.140925362569346e-009	-8.520428e-009	3.272326e-008	4.233806e-006	4.236034e-006	1.099054e-010
9.142239988570700e-009	-8.556999e-009	3.291256e-008	4.237326e-006	4.239554e-006	1.106212e-010
9.143554614572055e-009	-8.593205e-009	3.310118e-008	4.240625e-006	4.242854e-006	1.113361e-010
9.144869240573411e-009	-8.629046e-009	3.328913e-008	4.243704e-006	4.245933e-006	1.120500e-010
9.146183866574765e-009	-8.664522e-009	3.347641e-008	4.246562e-006	4.248791e-006	1.127630e-010
9.147498492576119e-009	-8.699633e-009	3.366301e-008	4.249200e-006	4.251428e-006	1.134750e-010
9.148813118577474e-009	-8.734379e-009	3.384894e-008	4.251617e-006	4.253845e-006	1.141860e-010
9.149813118577473e-009	-8.760574e-009	3.398991e-008	4.253330e-006	4.255557e-006	1.147262e-010
9.150211539393961e-009	-8.770956e-009	3.404597e-008	4.253979e-006	4.256206e-006	1.149412e-010
9.150332887432001e-009	-8.774106e-009	3.406302e-008	4.254169e-006	4.256396e-006	1.150067e-010
9.150453379966943e-009	-8.777230e-009	3.407995e-008	4.254354e-006	4.256581e-006	1.150716e-010
9.150469526452310e-009	-8.777648e-009	3.408221e-008	4.254378e-006	4.256606e-006	1.150803e-010
9.150475549427053e-009	-8.777804e-009	3.408306e-008	4.254388e-006	4.256615e-006	1.150836e-010
9.150480277206172e-009	-8.777927e-009	3.408372e-008	4.254395e-006	4.256622e-006	1.150861e-010
9.150486573405001e-009	-8.778089e-009	3.408460e-008	4.254405e-006	4.256632e-006	1.150895e-010
9.150493804660074e-009	-8.778277e-009	3.408562e-008	4.254416e-006	4.256643e-006	1.150934e-010
9.150500936786891e-009	-8.778462e-009	3.408662e-008	4.254427e-006	4.256654e-006	1.150973e-010
9.150507844015201e-009	-8.778640e-009	3.408759e-008	4.254437e-006	4.256665e-006	1.151010e-010
9.150514668448621e-009	-8.778817e-009	3.408855e-008	4.254448e-006	4.256675e-006	1.151047e-010
9.150521544144029e-009	-8.778995e-009	3.408951e-008	4.254458e-006	4.256686e-006	1.151084e-010
9.150528435213673e-009	-8.779174e-009	3.409048e-008	4.254469e-006	4.256697e-006	1.151121e-010
9.150535337757544e-009	-8.779352e-009	3.409145e-008	4.254480e-006	4.256707e-006	1.151158e-010
9.150542224925225e-009	-8.779531e-009	3.409242e-008	4.254490e-006	4.256718e-006	1.151195e-010
9.150549732004699e-009	-8.779725e-009	3.409347e-008	4.254502e-006	4.256729e-006	1.151236e-010
9.150558454971183e-009	-8.779951e-009	3.409470e-008	4.254515e-006	4.256743e-006	1.151283e-010
9.150568497343151e-009	-8.780210e-009	3.409611e-008	4.254531e-006	4.256758e-006	1.151337e-010
9.150580331513026e-009	-8.780517e-009	3.409777e-008	4.254549e-006	4.256776e-006	1.151401e-010
9.150611921714034e-009	-8.781334e-009	3.410220e-008	4.254598e-006	4.256825e-006	1.151571e-010
9.153651648914648e-009	-8.858863e-009	3.452668e-008	4.259292e-006	4.261518e-006	1.167926e-010
9.156691376115261e-009	-8.934468e-009	3.494736e-008	4.263977e-006	4.266203e-006	1.184219e-010
9.159731103315874e-009	-9.008147e-009	3.536422e-008	4.268654e-006	4.270879e-006	1.200449e-010
9.162770830516487e-009	-9.079903e-009	3.577728e-008	4.273323e-006	4.275546e-006	1.216617e-010
9.165810557717100e-009	-9.149734e-009	3.618653e-008	4.277982e-006	4.280205e-006	1.232723e-010
9.168850284917713e-009	-9.217640e-009	3.659197e-008	4.282634e-006	4.284855e-006	1.248766e-010
9.171890012118326e-009	-9.283622e-009	3.699360e-008	4.287277e-006	4.289497e-006	1.264748e-010
9.189461440689746e-009	-9.619395e-009	3.922871e-008	4.313988e-006	4.316202e-006	1.355774e-010
9.207032869261164e-009	-9.911386e-009	4.136616e-008	4.340499e-006	4.342707e-006	1.445027e-010
9.224604297832584e-009	-1.015959e-008	4.340595e-008	4.366810e-006	4.369013e-006	1.532506e-010
9.242175726404003e-009	-1.036402e-008	4.534808e-008	4.392921e-006	4.395118e-006	1.618210e-010
9.259747154975423e-009	-1.052467e-008	4.719254e-008	4.418832e-006	4.421023e-006	1.702140e-010
9.277318583546842e-009	-1.064153e-008	4.893935e-008	4.444544e-006	4.446728e-006	1.784296e-010
9.294890012118262e-009	-1.071461e-008	5.058849e-008	4.470056e-006	4.472232e-006	1.864678e-010
9.305032869261113e-009	-1.074747e-008	5.151173e-008	4.484704e-006	4.486878e-006	1.910443e-010
9.315175726403965e-009	-1.077216e-008	5.241228e-008	4.499296e-006	4.501465e-006	1.955731e-010
9.325318583546817e-009	-1.078869e-008	5.329013e-008	4.513830e-006	4.515995e-006	2.000543e-010
9.335461440689670e-009	-1.079705e-008	5.414528e-008	4.528306e-006	4.530468e-006	2.044879e-010
9.345604297832522e-009	-1.079725e-008	5.497774e-008	4.542725e-006	4.544882e-006	2.088738e-010
9.355747154975373e-009	-1.078928e-008	5.578749e-008	4.557086e-006	4.559239e-006	2.132121e-010
9.365890012118225e-009	-1.077314e-008	5.657456e-008	4.571389e-006	4.573539e-006	2.175027e-010
9.366890012118224e-009	-1.077132e-008	5.665126e-008	4.572797e-006	4.574946e-006	2.179236e-010
9.400032869261064e-009	-1.065511e-008	5.904564e-008	4.619097e-006	4.621233e-006	2.315702e-010
9.433175726403904e-009	-1.050784e-008	6.129554e-008	4.664888e-006	4.667010e-006	2.448465e-010
9.466318583546743e-009	-1.032950e-008	6.340095e-008	4.710171e-006	4.712278e-006	2.577525e-010
9.499461440689585e-009	-1.012008e-008	6.536188e-008	4.754945e-006	4.757038e-006	2.702882e-010
9.532604297832424e-009	-9.879596e-009	6.717833e-008	4.799210e-006	4.801287e-006	2.824535e-010
9.565747154975264e-009	-9.608040e-009	6.885029e-008	4.842966e-006	4.845028e-006	2.942485e-010
9.598890012118104e-009	-9.305413e-009	7.037777e-008	4.886213e-006	4.888259e-006	3.056731e-010
9.608461440689528e-009	-9.221672e-009	7.081072e-008	4.898631e-006	4.900672e-006	3.089341e-010
9.618032869260950e-009	-9.137574e-009	7.123634e-008	4.911012e-006	4.913048e-006	3.121723e-010
9.627604297832375e-009	-9.053119e-009	7.165464e-008	4.923356e-006	4.925388e-006	3.153878e-010
9.637175726403797e-009	-8.968308e-009	7.206561e-008	4.935664e-006	4.937692e-006	3.185805e-010
9.646747154975222e-009	-8.883140e-009	7.246925e-008	4.947936e-006	4.949958e-006	3.217506e-010
9.656318583546644e-009	-8.797616e-009	7.286557e-008	4.960171e-006	4.962189e-006	3.248979e-010
9.665890012118069e-009	-8.711734e-009	7.325457e-008	4.972370e-006	4.974383e-006	3.280226e-010
9.666890012118068e-009	-8.702777e-009	7.329488e-008	4.973643e-006	4.975655e-006	3.283479e-010
9.703747154975192e-009	-8.367987e-009	7.471398e-008	5.020247e-006	5.022240e-006	3.401368e-010
9.740604297832316e-009	-8.040672e-009	7.606465e-008	5.066373e-006	5.068346e-006	3.516774e-010
9.777461440689440e-009	-7.720832e-009	7.734692e-008	5.112021e-006	5.113974e-006	3.629697e-010
9.814318583546562e-009	-7.408467e-009	7.856077e-008	5.157191e-006	5.159124e-006	3.740137e-010
9.851175726403686e-009	-7.103577e-009	7.970621e-008	5.201883e-006	5.203796e-006	3.848093e-010
9.888032869260810e-009	-6.806162e-009	8.078323e-008	5.246098e-006	5.247989e-006	3.953566e-010
9.924890012117934e-009	-6.516221e-009	8.179185e-008	5.289834e-006	5.291703e-006	4.056556e-010
9.966890012117912e-009	-6.203652e-009	8.290120e-008	5.339169e-006	5.341013e-006	4.171998e-010
1.000960429783218e-008	-5.902057e-009	8.396150e-008	5.388743e-006	5.390561e-006	4.286642e-010
1.005231858354644e-008	-5.615305e-009	8.497913e-008	5.437776e-006	5.439567e-006	4.399354e-010
1.009503286926070e-008	-5.343397e-009	8.595411e-008	5.486268e-006	5.488031e-006	4.510133e-010
1.013774715497497e-008	-5.086333e-009	8.688643e-008	5.534219e-006	5.535954e-006	4.618981e-010
1.018046144068923e-008	-4.844113e-009	8.777609e-008	5.581629e-006	5.583335e-006	4.725896e-010
1.022317572640349e-008	-4.616736e-009	8.862308e-008	5.628497e-006	5.630175e-006	4.830880e-010
1.026589001211776e-008	-4.404203e-009	8.942742e-008	5.674825e-006	5.676473e-006	4.933931e-010
1.026689001211776e-008	-4.399357e-009	8.944607e-008	5.675904e-006	5.677551e-006	4.936332e-010
1.030960429783202e-008	-4.200521e-009	9.022255e-008	5.721717e-006	5.723334e-006	5.037946e-010
1.035231858354628e-008	-4.012201e-009	9.097389e-008	5.767045e-006	5.768632e-006	5.138288e-010
1.039503286926055e-008	-3.834395e-009	9.170009e-008	5.811887e-006	5.813444e-006	5.237359e-010
1.043774715497481e-008	-3.667105e-009	9.240113e-008	5.856245e-006	5.857770e-006	5.335160e-010
1.048046144068907e-008	-3.510330e-009	9.307704e-008	5.900117e-006	5.901610e-006	5.431690e-010
1.052317572640334e-008	-3.364070e-009	9.372779e-008	5.943504e-006	5.944965e-006	5.526949e-010
1.056589001211760e-008	-3.228325e-009	9.435340e-008	5.986406e-006	5.987833e-006	5.620937e-010
1.056689001211760e-008	-3.225210e-009	9.436789e-008	5.987405e-006	5.988832e-006	5.623129e-010
1.060960429783186e-008	-3.097520e-009	9.497441e-008	6.029835e-006	6.031229e-006	5.716094e-010
1.065231858354613e-008	-2.976272e-009	9.556368e-008	6.071820e-006	6.073181e-006	5.808129e-010
1.069503286926039e-008	-2.861464e-009	9.613570e-008	6.113360e-006	6.114687e-006	5.899234e-010
1.073774715497465e-008	-2.753098e-009	9.669046e-008	6.154454e-006	6.155747e-006	5.989407e-010
1.078046144068892e-008	-2.651173e-009	9.722798e-008	6.195103e-006	6.196361e-006	6.078650e-010
1.082317572640318e-008	-2.555689e-009	9.774824e-008	6.235307e-006	6.236530e-006	6.166961e-010
1.086589001211744e-008	-2.466646e-009	9.825125e-008	6.275066e-006	6.276252e-006	6.254343e-010
1.086689001211744e-008	-2.464594e-009	9.826289e-008	6.275992e-006	6.277178e-006	6.256380e-010
1.100004399515305e-008	-2.213599e-009	9.974259e-008	6.397209e-006	6.398282e-006	6.523763e-010
1.100080397438041e-008	-2.212283e-009	9.975065e-008	6.397889e-006	6.398961e-006	6.525267e-010
1.100156395360777e-008	-2.210969e-009	9.975870e-008	6.398569e-006	6.399641e-006	6.526771e-010
1.100232393283513e-008	-2.209655e-009	9.976676e-008	6.399249e-006	6.400320e-006	6.528274e-010
1.100308391206249e-008	-2.208343e-009	9.977480e-008	6.399928e-006	6.400999e-006	6.529778e-010
1.100384389128985e-008	-2.207032e-009	9.978285e-008	6.400608e-006	6.401678e-006	6.531281e-010
1.100460387051721e-008	-2.205722e-009	9.979088e-008	6.401287e-006	6.402357e-006	6.532785e-010
1.100536384974457e-008	-2.204413e-009	9.979892e-008	6.401967e-006	6.403036e-006	6.534288e-010
1.116036384974449e-008	-1.960510e-009	1.013532e-007	6.537819e-006	6.538751e-006	6.835894e-010
1.120307813545875e-008	-1.900883e-009	1.017525e-007	6.574314e-006	6.575209e-006	6.917324e-010
1.124579242117301e-008	-1.843474e-009	1.021410e-007	6.610424e-006	6.611280e-006	6.998081e-010
1.128850670688728e-008	-1.788285e-009	1.025186e-007	6.646147e-006	6.646964e-006	7.078166e-010
1.133122099260154e-008	-1.735315e-009	1.028853e-007	6.681484e-006	6.682263e-006	7.157578e-010
1.137393527831581e-008	-1.684564e-009	1.032411e-007	6.716436e-006	6.717174e-006	7.236318e-010
1.141664956403007e-008	-1.636032e-009	1.035861e-007	6.751001e-006	6.751700e-006	7.314385e-010
1.145936384974433e-008	-1.589719e-009	1.039201e-007	6.785180e-006	6.785839e-006	7.391779e-010
1.146036384974433e-008	-1.588646e-009	1.039278e-007	6.785976e-006	6.786634e-006	7.393584e-010
1.150307813545860e-008	-1.543907e-009	1.042518e-007	6.819774e-006	6.820392e-006	7.470326e-010
1.154579242117286e-008	-1.500494e-009	1.045664e-007	6.853211e-006	6.853789e-006	7.546439e-010
1.158850670688712e-008	-1.458407e-009	1.048716e-007	6.886287e-006	6.886824e-006	7.621921e-010
1.163122099260139e-008	-1.417645e-009	1.051675e-007	6.919002e-006	6.919498e-006	7.696772e-010
1.167393527831565e-008	-1.378208e-009	1.054540e-007	6.951357e-006	6.951811e-006	7.770994e-010
1.171664956402991e-008	-1.340097e-009	1.057311e-007	6.983350e-006	6.983763e-006	7.844585e-010
1.175936384974418e-008	-1.303312e-009	1.059989e-007	7.014982e-006	7.015353e-006	7.917547e-010
1.176036384974418e-008	-1.302458e-009	1.060051e-007	7.015718e-006	7.016089e-006	7.919247e-010
1.189836384974410e-008	-1.189711e-009	1.068117e-007	7.115545e-006	7.115780e-006	8.150742e-010
1.189936384974410e-008	-1.188928e-009	1.068173e-007	7.116255e-006	7.116489e-006	8.152396e-010
1.190036384974410e-008	-1.188146e-009	1.068228e-007	7.116966e-006	7.117198e-006	8.154050e-010
1.190064452407315e-008	-1.187926e-009	1.068243e-007	7.117165e-006	7.117397e-006	8.154514e-010
1.190074767345860e-008	-1.187846e-009	1.068249e-007	7.117238e-006	7.117470e-006	8.154685e-010
1.190082296602645e-008	-1.187787e-009	1.068253e-007	7.117292e-006	7.117524e-006	8.154809e-010
1.190090333457283e-008	-1.187724e-009	1.068258e-007	7.117349e-006	7.117581e-006	8.154942e-010
1.190091749599940e-008	-1.187713e-009	1.068258e-007	7.117359e-006	7.117591e-006	8.154966e-010
1.190364029893496e-008	-1.185586e-009	1.068408e-007	7.119291e-006	7.119520e-006	8.159466e-010
1.190636310187051e-008	-1.183462e-009	1.068558e-007	7.121222e-006	7.121449e-006	8.163965e-010
1.190908590480607e-008	-1.181342e-009	1.068707e-007	7.123152e-006	7.123376e-006	8.168460e-010
1.191180870774162e-008	-1.179225e-009	1.068856e-007	7.125080e-006	7.125301e-006	8.172954e-010
1.191453151067718e-008	-1.177112e-009	1.069005e-007	7.127007e-006	7.127225e-006	8.177445e-010
1.191725431361273e-008	-1.175001e-009	1.069153e-007	7.128933e-006	7.129148e-006	8.181933e-010
1.191997711654829e-008	-1.172895e-009	1.069301e-007	7.130857e-006	7.131070e-006	8.186419e-010
1.203097711654823e-008	-1.089684e-009	1.075051e-007	7.208150e-006	7.208252e-006	8.367194e-010
1.207369140226250e-008	-1.059042e-009	1.077117e-007	7.237294e-006	7.237353e-006	8.435666e-010
1.211640568797676e-008	-1.028979e-009	1.079109e-007	7.266120e-006	7.266135e-006	8.503536e-010
1.215911997369102e-008	-9.994962e-010	1.081025e-007	7.294628e-006	7.294600e-006	8.570806e-010
1.220183425940529e-008	-9.705924e-010	1.082866e-007	7.322818e-006	7.322747e-006	8.637474e-010
1.224454854511955e-008	-9.422680e-010	1.084633e-007	7.350691e-006	7.350576e-006	8.703542e-010
1.228726283083381e-008	-9.145229e-010	1.086324e-007	7.378245e-006	7.378087e-006	8.769009e-010
1.232997711654808e-008	-8.873572e-010	1.087940e-007	7.405482e-006	7.405280e-006	8.833875e-010
1.233097711654808e-008	-8.867254e-010	1.087977e-007	7.406116e-006	7.405913e-006	8.835386e-010
1.263097711654792e-008	-7.054136e-010	1.097368e-007	7.588884e-006	7.588369e-006	9.274151e-010
1.276997711654785e-008	-5.922885e-010	1.100508e-007	7.668674e-006	7.668013e-006	9.468607e-010
1.278526283083355e-008	-5.766922e-010	1.100803e-007	7.677265e-006	7.676587e-006	9.489721e-010
1.280054854511926e-008	-5.606446e-010	1.101091e-007	7.685820e-006	7.685126e-006	9.510780e-010
1.281583425940497e-008	-5.441457e-010	1.101369e-007	7.694340e-006	7.693630e-006	9.531783e-010
1.283111997369067e-008	-5.271954e-010	1.101640e-007	7.702824e-006	7.702098e-006	9.552730e-010
1.284640568797638e-008	-5.097938e-010	1.101901e-007	7.711272e-006	7.710531e-006	9.573622e-010
1.286169140226209e-008	-4.919409e-010	1.102154e-007	7.719685e-006	7.718928e-006	9.594458e-010
1.287697711654779e-008	-4.736367e-010	1.102399e-007	7.728063e-006	7.727289e-006	9.615239e-010
1.293097711654776e-008	-4.068728e-010	1.103202e-007	7.757378e-006	7.756547e-006	9.688170e-010
1.296569140226203e-008	-3.618012e-010	1.103667e-007	7.775991e-006	7.775123e-006	9.734675e-010
1.300040568797630e-008	-3.167323e-010	1.104097e-007	7.794428e-006	7.793524e-006	9.780830e-010
1.303511997369057e-008	-2.716663e-010	1.104494e-007	7.812691e-006	7.811750e-006	9.826636e-010
1.306983425940484e-008	-2.266030e-010	1.104857e-007	7.830779e-006	7.829801e-006	9.872093e-010
1.310454854511910e-008	-1.815426e-010	1.105186e-007	7.848692e-006	7.847677e-006	9.917200e-010
1.313926283083337e-008	-1.364849e-010	1.105481e-007	7.866431e-006	7.865378e-006	9.961959e-010
1.317397711654764e-008	-9.143005e-011	1.105742e-007	7.883994e-006	7.882904e-006	1.000637e-009
1.323097711654761e-008	-1.976338e-011	1.106105e-007	7.912467e-006	7.911318e-006	1.007845e-009
1.353097711654745e-008	3.190107e-010	1.106621e-007	8.054969e-006	8.053498e-006	1.044069e-009
1.357369140226172e-008	1.519365e-011	1.107076e-007	8.074274e-006	8.072758e-006	1.047638e-009
1.361640568797598e-008	3.694573e-010	1.105754e-007	8.093347e-006	8.091786e-006	1.053331e-009
1.365911997369024e-008	1.381802e-009	1.102656e-007	8.112187e-006	8.110581e-006	1.061146e-009
1.370183425940451e-008	3.052227e-009	1.097783e-007	8.130795e-006	8.129144e-006	1.071084e-009
1.374454854511877e-008	5.380733e-009	1.091133e-007	8.149171e-006	8.147474e-006	1.083145e-009
1.378726283083303e-008	8.367319e-009	1.082708e-007	8.167314e-006	8.165572e-006	1.097329e-009
1.382997711654730e-008	1.201199e-008	1.072507e-007	8.185225e-006	8.183437e-006	1.113636e-009
1.383097711654730e-008	1.209324e-008	1.072308e-007	8.185641e-006	8.183853e-006	1.114022e-009
1.385204021047909e-008	1.384152e-008	1.068183e-007	8.194390e-006	8.192578e-006	1.122365e-009
1.387310330441089e-008	1.552370e-008	1.064448e-007	8.203084e-006	8.201250e-006	1.130633e-009
1.389416639834269e-008	1.713977e-008	1.061105e-007	8.211725e-006	8.209868e-006	1.138825e-009
1.391522949227448e-008	1.868973e-008	1.058152e-007	8.220312e-006	8.218432e-006	1.146941e-009
1.393629258620628e-008	2.017359e-008	1.055589e-007	8.228844e-006	8.226942e-006	1.154981e-009
1.395735568013808e-008	2.159133e-008	1.053418e-007	8.237323e-006	8.235399e-006	1.162945e-009
1.397841877406988e-008	2.294298e-008	1.051637e-007	8.245747e-006	8.243801e-006	1.170833e-009
1.399170448835558e-008	2.374783e-008	1.050687e-007	8.251034e-006	8.249074e-006	1.175694e-009
1.400499020264129e-008	2.452971e-008	1.049832e-007	8.256300e-006	8.254325e-006	1.180510e-009
1.401827591692700e-008	2.528862e-008	1.049070e-007	8.261544e-006	8.259556e-006	1.185279e-009
1.403156163121271e-008	2.602456e-008	1.048403e-007	8.266768e-006	8.264766e-006	1.190002e-009
1.404484734549841e-008	2.673753e-008	1.047830e-007	8.271972e-006	8.269955e-006	1.194680e-009
1.405813305978412e-008	2.742753e-008	1.047350e-007	8.277154e-006	8.275123e-006	1.199311e-009
1.407141877406983e-008	2.809455e-008	1.046965e-007	8.282315e-006	8.280271e-006	1.203897e-009
1.412641877406980e-008	3.066779e-008	1.045978e-007	8.303462e-006	8.301359e-006	1.222443e-009
1.442641877406964e-008	4.079874e-008	1.049340e-007	8.412728e-006	8.410310e-006	1.313032e-009
1.472641877406949e-008	4.733151e-008	1.052904e-007	8.512166e-006	8.509437e-006	1.390564e-009
1.502641877406954e-008	5.218726e-008	1.051509e-007	8.602363e-006	8.599327e-006	1.459414e-009
1.532641877406988e-008	5.612237e-008	1.045614e-007	8.683867e-006	8.680532e-006	1.522037e-009
1.562641877407022e-008	5.947369e-008	1.036387e-007	8.757197e-006	8.753568e-006	1.579773e-009
1.592641877407056e-008	6.240808e-008	1.024748e-007	8.822834e-006	8.818919e-006	1.633342e-009
1.599941877407064e-008	6.307025e-008	1.021625e-007	8.837696e-006	8.833711e-006	1.645796e-009
1.600141877407064e-008	6.308812e-008	1.021538e-007	8.838097e-006	8.834110e-006	1.646134e-009
1.601213305978494e-008	6.318368e-008	1.021071e-007	8.840240e-006	8.836244e-006	1.647943e-009
1.602284734549924e-008	6.327884e-008	1.020602e-007	8.842375e-006	8.838369e-006	1.649746e-009
1.603356163121354e-008	6.337362e-008	1.020131e-007	8.844501e-006	8.840485e-006	1.651545e-009
1.604427591692784e-008	6.346802e-008	1.019657e-007	8.846617e-006	8.842591e-006	1.653340e-009
1.605499020264214e-008	6.356203e-008	1.019182e-007	8.848725e-006	8.844689e-006	1.655129e-009
1.606570448835643e-008	6.365566e-008	1.018704e-007	8.850823e-006	8.846777e-006	1.656915e-009
1.607641877407073e-008	6.374890e-008	1.018225e-007	8.852912e-006	8.848857e-006	1.658695e-009
1.622641877407090e-008	6.501593e-008	1.011308e-007	8.881236e-006	8.877041e-006	1.683136e-009
1.650000000000000e-008	6.715485e-008	9.978218e-008	8.928547e-006	8.924107e-006	1.725437e-009
1.652350000000003e-008	6.732890e-008	9.966161e-008	8.932357e-006	8.927896e-006	1.728936e-009
1.682350000000037e-008	6.942619e-008	9.806458e-008	8.977601e-006	8.972879e-006	1.771768e-009
1.689950000000045e-008	6.992247e-008	9.764426e-008	8.988091e-006	8.983304e-006	1.782084e-009
1.690050000000045e-008	6.992891e-008	9.763869e-008	8.988227e-006	8.983438e-006	1.782218e-009
1.690250000000046e-008	6.994178e-008	9.762755e-008	8.988498e-006	8.983708e-006	1.782487e-009
1.712350000000071e-008	7.130786e-008	9.637235e-008	9.016813e-006	9.011838e-006	1.811251e-009
1.742350000000105e-008	7.299201e-008	9.459922e-008	9.050346e-006	9.045129e-006	1.847450e-009
1.772350000000139e-008	7.449441e-008	9.275642e-008	9.078536e-006	9.073088e-006	1.880429e-009
1.776950000000144e-008	7.470959e-008	9.246834e-008	9.082406e-006	9.076924e-006	1.885206e-009
1.778492857143003e-008	7.478087e-008	9.237141e-008	9.083678e-006	9.078184e-006	1.886791e-009
1.780035714285862e-008	7.485171e-008	9.227433e-008	9.084936e-006	9.079431e-006	1.888368e-009
1.781578571428720e-008	7.492211e-008	9.217710e-008	9.086182e-006	9.080665e-006	1.889937e-009
1.783121428571580e-008	7.499208e-008	9.207972e-008	9.087414e-006	9.081886e-006	1.891497e-009
1.784664285714438e-008	7.506160e-008	9.198219e-008	9.088634e-006	9.083094e-006	1.893049e-009
1.786207142857297e-008	7.513069e-008	9.188451e-008	9.089841e-006	9.084290e-006	1.894593e-009
1.787750000000156e-008	7.519933e-008	9.178668e-008	9.091034e-006	9.085472e-006	1.896128e-009
1.802350000000173e-008	7.582750e-008	9.085402e-008	9.101696e-006	9.096029e-006	1.910249e-009
1.804592857143032e-008	7.592059e-008	9.070965e-008	9.103234e-006	9.097551e-006	1.912353e-009
1.806835714285892e-008	7.601280e-008	9.056502e-008	9.104746e-006	9.099046e-006	1.914439e-009
1.809078571428752e-008	7.610412e-008	9.042011e-008	9.106231e-006	9.100516e-006	1.916508e-009
1.811321428571612e-008	7.619456e-008	9.027493e-008	9.107691e-006	9.101959e-006	1.918560e-009
1.813564285714471e-008	7.628412e-008	9.012949e-008	9.109124e-006	9.103377e-006	1.920595e-009
1.815807142857331e-008	7.637279e-008	8.998377e-008	9.110531e-006	9.104769e-006	1.922613e-009
1.818050000000190e-008	7.646058e-008	8.983778e-008	9.111913e-006	9.106136e-006	1.924613e-009
1.832350000000207e-008	7.700007e-008	8.890110e-008	9.120125e-006	9.114250e-006	1.936962e-009
1.833978571428780e-008	7.705899e-008	8.879389e-008	9.120997e-006	9.115109e-006	1.938324e-009
1.835607142857353e-008	7.711780e-008	8.868645e-008	9.121854e-006	9.115956e-006	1.939677e-009
1.837235714285927e-008	7.717650e-008	8.857877e-008	9.122698e-006	9.116789e-006	1.941023e-009
1.838864285714500e-008	7.723508e-008	8.847087e-008	9.123528e-006	9.117610e-006	1.942360e-009
1.840492857143073e-008	7.729356e-008	8.836273e-008	9.124345e-006	9.118418e-006	1.943690e-009
1.842121428571646e-008	7.735192e-008	8.825437e-008	9.125148e-006	9.119213e-006	1.945011e-009
1.843750000000220e-008	7.741017e-008	8.814577e-008	9.125937e-006	9.119995e-006	1.946325e-009
1.846392857143080e-008	7.750672e-008	8.796820e-008	9.127188e-006	9.121237e-006	1.948445e-009
1.849035714285940e-008	7.760480e-008	8.778971e-008	9.128404e-006	9.122445e-006	1.950552e-009
1.851678571428800e-008	7.770439e-008	8.761030e-008	9.129585e-006	9.123620e-006	1.952644e-009
1.854321428571660e-008	7.780549e-008	8.742997e-008	9.130732e-006	9.124762e-006	1.954723e-009
1.856964285714520e-008	7.790811e-008	8.724872e-008	9.131844e-006	9.125872e-006	1.956787e-009
1.859607142857381e-008	7.801226e-008	8.706655e-008	9.132921e-006	9.126948e-006	1.958837e-009
1.862250000000241e-008	7.811791e-008	8.688345e-008	9.133964e-006	9.127992e-006	1.960873e-009
1.862350000000241e-008	7.812189e-008	8.687653e-008	9.134003e-006	9.128031e-006	1.960949e-009
1.866421428571674e-008	7.828603e-008	8.659405e-008	9.135546e-006	9.129574e-006	1.964057e-009
1.870492857143107e-008	7.844541e-008	8.631230e-008	9.137013e-006	9.131041e-006	1.967109e-009
1.874564285714540e-008	7.860002e-008	8.603129e-008	9.138402e-006	9.132432e-006	1.970105e-009
1.878635714285974e-008	7.874987e-008	8.575100e-008	9.139715e-006	9.133746e-006	1.973045e-009
1.882707142857407e-008	7.889495e-008	8.547145e-008	9.140952e-006	9.134984e-006	1.975928e-009
1.886778571428840e-008	7.903527e-008	8.519263e-008	9.142111e-006	9.136146e-006	1.978755e-009
1.890850000000273e-008	7.917082e-008	8.491454e-008	9.143194e-006	9.137232e-006	1.981526e-009
1.892350000000275e-008	7.921864e-008	8.481232e-008	9.143577e-006	9.137616e-006	1.982529e-009
1.893678571428848e-008	7.926029e-008	8.472186e-008	9.143909e-006	9.137948e-006	1.983411e-009
1.895007142857421e-008	7.930132e-008	8.463146e-008	9.144233e-006	9.138274e-006	1.984285e-009
1.896335714285994e-008	7.934172e-008	8.454110e-008	9.144550e-006	9.138591e-006	1.985153e-009
1.897664285714566e-008	7.938150e-008	8.445079e-008	9.144859e-006	9.138902e-006	1.986014e-009
1.898992857143139e-008	7.942066e-008	8.436053e-008	9.145161e-006	9.139205e-006	1.986868e-009
1.900321428571712e-008	7.945920e-008	8.427032e-008	9.145456e-006	9.139500e-006	1.987716e-009
1.901650000000285e-008	7.949711e-008	8.418016e-008	9.145743e-006	9.139789e-006	1.988557e-009
1.922350000000309e-008	8.001791e-008	8.277551e-008	9.149237e-006	9.143308e-006	2.000814e-009
1.924982341747813e-008	8.007565e-008	8.259648e-008	9.149552e-006	9.143627e-006	2.002260e-009
1.927614683495317e-008	8.013195e-008	8.241721e-008	9.149838e-006	9.143917e-006	2.003682e-009
1.930247025242822e-008	8.018679e-008	8.223772e-008	9.150097e-006	9.144179e-006	2.005080e-009
1.932879366990326e-008	8.024019e-008	8.205800e-008	9.150327e-006	9.144414e-006	2.006453e-009
1.935511708737831e-008	8.029214e-008	8.187806e-008	9.150529e-006	9.144620e-006	2.007803e-009
1.938144050485335e-008	8.034264e-008	8.169789e-008	9.150703e-006	9.144799e-006	2.009129e-009
1.940776392232839e-008	8.039169e-008	8.151748e-008	9.150849e-006	9.144949e-006	2.010430e-009
1.949676392232849e-008	8.054918e-008	8.090550e-008	9.151141e-006	9.145258e-006	2.014660e-009
1.979163631843699e-008	8.098944e-008	7.885677e-008	9.149931e-006	9.144118e-006	2.026852e-009
2.009163631843733e-008	8.133510e-008	7.674532e-008	9.145428e-006	9.139702e-006	2.036542e-009
2.039163631843767e-008	8.159335e-008	7.461706e-008	9.137818e-006	9.132200e-006	2.043642e-009
2.069163631843801e-008	8.176995e-008	7.248074e-008	9.127293e-006	9.121797e-006	2.048264e-009
2.099163631843835e-008	8.186777e-008	7.034267e-008	9.114029e-006	9.108671e-006	2.050497e-009
2.129163631843869e-008	8.188937e-008	6.820742e-008	9.098196e-006	9.092989e-006	2.050427e-009
2.149863631843892e-008	8.186138e-008	6.673763e-008	9.085854e-006	9.080761e-006	2.049079e-009
2.149963631843892e-008	8.186116e-008	6.673054e-008	9.085792e-006	9.080699e-006	2.049070e-009
2.150063631843893e-008	8.186094e-008	6.672344e-008	9.085729e-006	9.080637e-006	2.049061e-009
2.150163631843893e-008	8.186073e-008	6.671635e-008	9.085667e-006	9.080575e-006	2.049052e-009
2.150463631843893e-008	8.186006e-008	6.669508e-008	9.085480e-006	9.080390e-006	2.049024e-009
2.150763631843893e-008	8.185939e-008	6.667381e-008	9.085293e-006	9.080204e-006	2.048997e-009
2.151063631843894e-008	8.185871e-008	6.665254e-008	9.085105e-006	9.080018e-006	2.048969e-009
2.151363631843894e-008	8.185802e-008	6.663127e-008	9.084917e-006	9.079832e-006	2.048941e-009
2.151663631843894e-008	8.185733e-008	6.661000e-008	9.084729e-006	9.079645e-006	2.048913e-009
2.151963631843895e-008	8.185663e-008	6.658873e-008	9.084540e-006	9.079458e-006	2.048884e-009
2.152263631843895e-008	8.185593e-008	6.656746e-008	9.084351e-006	9.079271e-006	2.048856e-009
2.159163631843903e-008	8.183774e-008	6.607856e-008	9.079955e-006	9.074914e-006	2.048137e-009
2.163435060415336e-008	8.182459e-008	6.577614e-008	9.077175e-006	9.072158e-006	2.047634e-009
2.167706488986770e-008	8.181006e-008	6.547396e-008	9.074352e-006	9.069360e-006	2.047090e-009
2.171977917558203e-008	8.179415e-008	6.517202e-008	9.071487e-006	9.066519e-006	2.046503e-009
2.176249346129637e-008	8.177686e-008	6.487032e-008	9.068578e-006	9.063636e-006	2.045873e-009
2.180520774701070e-008	8.175819e-008	6.456885e-008	9.065627e-006	9.060710e-006	2.045201e-009
2.184792203272503e-008	8.173813e-008	6.426762e-008	9.062633e-006	9.057741e-006	2.044487e-009
2.189063631843937e-008	8.171669e-008	6.396662e-008	9.059596e-006	9.054730e-006	2.043731e-009
2.189163631843937e-008	8.171617e-008	6.395958e-008	9.059524e-006	9.054659e-006	2.043713e-009
2.189292203272508e-008	8.171551e-008	6.395053e-008	9.059432e-006	9.054568e-006	2.043689e-009
2.189420774701080e-008	8.171484e-008	6.394147e-008	9.059340e-006	9.054477e-006	2.043666e-009
2.189549346129652e-008	8.171417e-008	6.393242e-008	9.059247e-006	9.054386e-006	2.043642e-009
2.189677917558223e-008	8.171350e-008	6.392337e-008	9.059155e-006	9.054294e-006	2.043619e-009
2.189806488986795e-008	8.171283e-008	6.391431e-008	9.059063e-006	9.054203e-006	2.043595e-009
2.189935060415366e-008	8.171216e-008	6.390526e-008	9.058971e-006	9.054111e-006	2.043571e-009
2.190063631843938e-008	8.171148e-008	6.389620e-008	9.058878e-006	9.054020e-006	2.043548e-009
2.190435060415367e-008	8.170953e-008	6.387005e-008	9.058612e-006	9.053755e-006	2.043479e-009
2.190806488986796e-008	8.170757e-008	6.384390e-008	9.058345e-006	9.053490e-006	2.043410e-009
2.191177917558225e-008	8.170560e-008	6.381775e-008	9.058077e-006	9.053225e-006	2.043341e-009
2.191549346129654e-008	8.170361e-008	6.379160e-008	9.057809e-006	9.052959e-006	2.043272e-009
2.191920774701083e-008	8.170162e-008	6.376546e-008	9.057541e-006	9.052693e-006	2.043202e-009
2.192292203272512e-008	8.169961e-008	6.373932e-008	9.057273e-006	9.052427e-006	2.043132e-009
2.192663631843941e-008	8.169760e-008	6.371317e-008	9.057004e-006	9.052161e-006	2.043061e-009
2.219163631843971e-008	8.153426e-008	6.185174e-008	9.037029e-006	9.032352e-006	2.037259e-009
2.240000000000000e-008	8.141789e-008	6.038465e-008	9.020248e-006	9.015708e-006	2.031776e-009
2.247561636865616e-008	8.137717e-008	5.985339e-008	9.013933e-006	9.009443e-006	2.029596e-009
2.277561636865650e-008	8.118116e-008	5.776560e-008	8.987740e-006	8.983457e-006	2.019863e-009
2.281633065437083e-008	8.114854e-008	5.748498e-008	8.984049e-006	8.979794e-006	2.018403e-009
2.285704494008516e-008	8.111436e-008	5.720491e-008	8.980327e-006	8.976100e-006	2.016911e-009
2.289775922579949e-008	8.107862e-008	5.692539e-008	8.976574e-006	8.972376e-006	2.015385e-009
2.293847351151383e-008	8.104133e-008	5.664643e-008	8.972790e-006	8.968621e-006	2.013826e-009
2.297918779722816e-008	8.100248e-008	5.636803e-008	8.968975e-006	8.964836e-006	2.012234e-009
2.301990208294249e-008	8.096207e-008	5.609018e-008	8.965129e-006	8.961019e-006	2.010609e-009
2.306061636865682e-008	8.092010e-008	5.581288e-008	8.961252e-006	8.957172e-006	2.008950e-009
2.307561636865684e-008	8.090430e-008	5.571081e-008	8.959816e-006	8.955748e-006	2.008331e-009
2.326661636865705e-008	8.385391e-008	5.345331e-008	8.941187e-006	8.937259e-006	2.009755e-009
2.326761636865706e-008	8.388859e-008	5.343670e-008	8.941088e-006	8.937161e-006	2.009826e-009
2.326789704298611e-008	8.389835e-008	5.343203e-008	8.941061e-006	8.937133e-006	2.009846e-009
2.326812923576266e-008	8.390643e-008	5.342817e-008	8.941037e-006	8.937111e-006	2.009862e-009
2.326878613621922e-008	8.392933e-008	5.341725e-008	8.940972e-006	8.937045e-006	2.009909e-009
2.327045467932138e-008	8.398766e-008	5.338951e-008	8.940806e-006	8.936881e-006	2.010030e-009
2.327245467932138e-008	8.405792e-008	5.335623e-008	8.940608e-006	8.936684e-006	2.010176e-009
2.327445467932138e-008	8.412852e-008	5.332296e-008	8.940409e-006	8.936487e-006	2.010323e-009
2.327645467932138e-008	8.419946e-008	5.328967e-008	8.940211e-006	8.936290e-006	2.010472e-009
2.327845467932138e-008	8.427072e-008	5.325640e-008	8.940013e-006	8.936094e-006	2.010623e-009
2.328045467932139e-008	8.434229e-008	5.322314e-008	8.939815e-006	8.935897e-006	2.010775e-009
2.328245467932139e-008	8.441413e-008	5.318990e-008	8.939617e-006	8.935701e-006	2.010929e-009
2.328445467932139e-008	8.448625e-008	5.315668e-008	8.939420e-006	8.935504e-006	2.011084e-009
2.328645467932139e-008	8.455862e-008	5.312349e-008	8.939222e-006	8.935309e-006	2.011240e-009
2.328845467932140e-008	8.463123e-008	5.309033e-008	8.939026e-006	8.935114e-006	2.011398e-009
2.329145467932140e-008	8.474055e-008	5.304066e-008	8.938732e-006	8.934822e-006	2.011637e-009
2.329445467932140e-008	8.485031e-008	5.299110e-008	8.938439e-006	8.934532e-006	2.011878e-009
2.329745467932141e-008	8.496048e-008	5.294167e-008	8.938147e-006	8.934243e-006	2.012122e-009
2.330045467932141e-008	8.507099e-008	5.289237e-008	8.937858e-006	8.933956e-006	2.012369e-009
2.330616896503570e-008	8.528293e-008	5.279872e-008	8.937309e-006	8.933410e-006	2.012847e-009
2.331188325074999e-008	8.549498e-008	5.270594e-008	8.936769e-006	8.932875e-006	2.013330e-009
2.331759753646429e-008	8.570711e-008	5.261404e-008	8.936240e-006	8.932350e-006	2.013818e-009
2.332331182217858e-008	8.591934e-008	5.252301e-008	8.935721e-006	8.931835e-006	2.014312e-009
2.332902610789287e-008	8.613166e-008	5.243287e-008	8.935212e-006	8.931330e-006	2.014812e-009
2.333474039360716e-008	8.634407e-008	5.234360e-008	8.934713e-006	8.930836e-006	2.015317e-009
2.334045467932145e-008	8.655658e-008	5.225520e-008	8.934225e-006	8.930352e-006	2.015827e-009
2.334474039360717e-008	8.671522e-008	5.218973e-008	8.933868e-006	8.929999e-006	2.016211e-009
2.334902610789289e-008	8.687320e-008	5.212496e-008	8.933521e-006	8.929655e-006	2.016596e-009
2.335331182217861e-008	8.703052e-008	5.206088e-008	8.933181e-006	8.929319e-006	2.016981e-009
2.335759753646433e-008	8.718719e-008	5.199751e-008	8.932851e-006	8.928992e-006	2.017368e-009
2.336188325075005e-008	8.734319e-008	5.193482e-008	8.932529e-006	8.928674e-006	2.017755e-009
2.336616896503577e-008	8.749854e-008	5.187284e-008	8.932216e-006	8.928364e-006	2.018143e-009
2.337045467932149e-008	8.765323e-008	5.181155e-008	8.931912e-006	8.928063e-006	2.018532e-009
2.337145467932149e-008	8.768916e-008	5.179736e-008	8.931843e-006	8.927994e-006	2.018623e-009
2.337345467932149e-008	8.776087e-008	5.176912e-008	8.931705e-006	8.927858e-006	2.018805e-009
2.337545467932149e-008	8.783239e-008	5.174104e-008	8.931570e-006	8.927725e-006	2.018986e-009
2.338345467932150e-008	8.811731e-008	5.163027e-008	8.931050e-006	8.927211e-006	2.019715e-009
2.339145467932151e-008	8.839580e-008	5.152306e-008	8.930566e-006	8.926732e-006	2.020434e-009
2.339945467932152e-008	8.866786e-008	5.141941e-008	8.930117e-006	8.926290e-006	2.021144e-009
2.340745467932153e-008	8.893349e-008	5.131931e-008	8.929704e-006	8.925883e-006	2.021843e-009
2.341545467932154e-008	8.919270e-008	5.122278e-008	8.929327e-006	8.925512e-006	2.022532e-009
2.342345467932155e-008	8.944548e-008	5.112979e-008	8.928986e-006	8.925177e-006	2.023211e-009
2.343145467932156e-008	8.969183e-008	5.104037e-008	8.928680e-006	8.924878e-006	2.023880e-009
2.344245467932157e-008	9.001893e-008	5.092328e-008	8.928326e-006	8.924532e-006	2.024778e-009
2.345345467932158e-008	9.033573e-008	5.081133e-008	8.928023e-006	8.924238e-006	2.025658e-009
2.346445467932160e-008	9.064222e-008	5.070449e-008	8.927771e-006	8.923995e-006	2.026519e-009
2.347545467932161e-008	9.093841e-008	5.060278e-008	8.927571e-006	8.923803e-006	2.027361e-009
2.348645467932162e-008	9.122429e-008	5.050620e-008	8.927421e-006	8.923663e-006	2.028185e-009
2.349745467932163e-008	9.149987e-008	5.041473e-008	8.927323e-006	8.923574e-006	2.028990e-009
2.350845467932165e-008	9.176514e-008	5.032840e-008	8.927276e-006	8.923536e-006	2.029776e-009
2.351931182217880e-008	9.201846e-008	5.024715e-008	8.927263e-006	8.923532e-006	2.030536e-009
2.353016896503596e-008	9.226419e-008	5.016925e-008	8.927267e-006	8.923545e-006	2.031280e-009
2.354102610789311e-008	9.250234e-008	5.009472e-008	8.927289e-006	8.923575e-006	2.032008e-009
2.355188325075026e-008	9.273289e-008	5.002354e-008	8.927328e-006	8.923624e-006	2.032722e-009
2.356274039360742e-008	9.295587e-008	4.995572e-008	8.927385e-006	8.923689e-006	2.033420e-009
2.357359753646458e-008	9.317125e-008	4.989125e-008	8.927460e-006	8.923773e-006	2.034102e-009
2.358445467932173e-008	9.337905e-008	4.983014e-008	8.927552e-006	8.923874e-006	2.034769e-009
2.359059753646460e-008	9.349399e-008	4.979657e-008	8.927602e-006	8.923929e-006	2.035141e-009
2.359674039360746e-008	9.360698e-008	4.976375e-008	8.927651e-006	8.923983e-006	2.035508e-009
2.360288325075032e-008	9.371801e-008	4.973169e-008	8.927700e-006	8.924037e-006	2.035870e-009
2.360902610789319e-008	9.382708e-008	4.970038e-008	8.927749e-006	8.924091e-006	2.036228e-009
2.361516896503605e-008	9.393421e-008	4.966984e-008	8.927797e-006	8.924144e-006	2.036582e-009
2.362131182217892e-008	9.403937e-008	4.964005e-008	8.927845e-006	8.924197e-006	2.036931e-009
2.362745467932178e-008	9.414259e-008	4.961102e-008	8.927892e-006	8.924249e-006	2.037276e-009
2.363159753646464e-008	9.421122e-008	4.959179e-008	8.927922e-006	8.924283e-006	2.037506e-009
2.363574039360750e-008	9.427906e-008	4.957283e-008	8.927952e-006	8.924316e-006	2.037735e-009
2.363988325075036e-008	9.434613e-008	4.955414e-008	8.927979e-006	8.924347e-006	2.037961e-009
2.364402610789323e-008	9.441242e-008	4.953572e-008	8.928006e-006	8.924377e-006	2.038186e-009
2.364816896503609e-008	9.447792e-008	4.951758e-008	8.928031e-006	8.924406e-006	2.038409e-009
2.365231182217895e-008	9.454265e-008	4.949971e-008	8.928056e-006	8.924434e-006	2.038630e-009
2.365645467932181e-008	9.460659e-008	4.948211e-008	8.928078e-006	8.924460e-006	2.038848e-009
2.365845467932182e-008	9.463721e-008	4.947370e-008	8.928089e-006	8.924472e-006	2.038953e-009
2.366045467932182e-008	9.466765e-008	4.946534e-008	8.928099e-006	8.924484e-006	2.039058e-009
2.366245467932182e-008	9.469793e-008	4.945704e-008	8.928108e-006	8.924495e-006	2.039162e-009
2.366445467932182e-008	9.472804e-008	4.944879e-008	8.928118e-006	8.924506e-006	2.039266e-009
2.366645467932182e-008	9.475798e-008	4.944059e-008	8.928126e-006	8.924516e-006	2.039369e-009
2.366845467932183e-008	9.478776e-008	4.943245e-008	8.928135e-006	8.924527e-006	2.039472e-009
2.367045467932183e-008	9.481736e-008	4.942437e-008	8.928143e-006	8.924537e-006	2.039575e-009
2.367145467932183e-008	9.483210e-008	4.942034e-008	8.928148e-006	8.924541e-006	2.039626e-009
2.367574039360755e-008	9.489479e-008	4.940326e-008	8.928163e-006	8.924561e-006	2.039844e-009
2.368002610789327e-008	9.495677e-008	4.938639e-008	8.928176e-006	8.924577e-006	2.040060e-009
2.368431182217899e-008	9.501803e-008	4.936973e-008	8.928187e-006	8.924592e-006	2.040274e-009
2.368859753646471e-008	9.507859e-008	4.935328e-008	8.928196e-006	8.924605e-006	2.040486e-009
2.369288325075042e-008	9.513843e-008	4.933704e-008	8.928203e-006	8.924615e-006	2.040696e-009
2.369716896503615e-008	9.519755e-008	4.932102e-008	8.928207e-006	8.924623e-006	2.040904e-009
2.370145467932186e-008	9.525597e-008	4.930521e-008	8.928209e-006	8.924629e-006	2.041111e-009
2.370245467932187e-008	9.526951e-008	4.930154e-008	8.928209e-006	8.924630e-006	2.041159e-009
2.370345467932187e-008	9.528301e-008	4.929788e-008	8.928209e-006	8.924630e-006	2.041206e-009
2.370545467932187e-008	9.530990e-008	4.929060e-008	8.928209e-006	8.924631e-006	2.041302e-009
2.370774039360758e-008	9.534045e-008	4.928233e-008	8.928209e-006	8.924632e-006	2.041410e-009
2.371002610789330e-008	9.537082e-008	4.927411e-008	8.928207e-006	8.924632e-006	2.041518e-009
2.371231182217902e-008	9.540100e-008	4.926593e-008	8.928204e-006	8.924631e-006	2.041626e-009
2.371459753646474e-008	9.543100e-008	4.925781e-008	8.928200e-006	8.924629e-006	2.041732e-009
2.371688325075045e-008	9.546082e-008	4.924973e-008	8.928195e-006	8.924626e-006	2.041839e-009
2.371916896503617e-008	9.549046e-008	4.924170e-008	8.928189e-006	8.924623e-006	2.041945e-009
2.372145467932189e-008	9.551991e-008	4.923372e-008	8.928182e-006	8.924618e-006	2.042050e-009
2.372216896503617e-008	9.552908e-008	4.923123e-008	8.928180e-006	8.924616e-006	2.042083e-009
2.372288325075046e-008	9.553823e-008	4.922875e-008	8.928178e-006	8.924614e-006	2.042116e-009
2.372359753646475e-008	9.554736e-008	4.922628e-008	8.928175e-006	8.924612e-006	2.042149e-009
2.372431182217903e-008	9.555647e-008	4.922380e-008	8.928173e-006	8.924609e-006	2.042181e-009
2.372502610789332e-008	9.556557e-008	4.922134e-008	8.928170e-006	8.924607e-006	2.042214e-009
2.372574039360761e-008	9.557465e-008	4.921887e-008	8.928167e-006	8.924605e-006	2.042246e-009
2.372645467932189e-008	9.558371e-008	4.921641e-008	8.928164e-006	8.924603e-006	2.042279e-009
2.372783839905873e-008	9.560122e-008	4.921165e-008	8.928158e-006	8.924598e-006	2.042342e-009
2.372795668129175e-008	9.560272e-008	4.921125e-008	8.928157e-006	8.924597e-006	2.042347e-009
2.372807391757793e-008	9.560420e-008	4.921085e-008	8.928156e-006	8.924597e-006	2.042353e-009
2.372808933494768e-008	9.560439e-008	4.921079e-008	8.928156e-006	8.924597e-006	2.042353e-009
2.372809538741202e-008	9.560447e-008	4.921077e-008	8.928156e-006	8.924597e-006	2.042353e-009
2.372810022541794e-008	9.560453e-008	4.921076e-008	8.928156e-006	8.924597e-006	2.042354e-009
2.372810659340990e-008	9.560461e-008	4.921074e-008	8.928156e-006	8.924597e-006	2.042354e-009
2.372811378854840e-008	9.560470e-008	4.921071e-008	8.928156e-006	8.924597e-006	2.042354e-009
2.372812092068719e-008	9.560479e-008	4.921069e-008	8.928156e-006	8.924597e-006	2.042355e-009
2.372812781144862e-008	9.560488e-008	4.921066e-008	8.928156e-006	8.924597e-006	2.042355e-009
2.372813465128393e-008	9.560496e-008	4.921064e-008	8.928156e-006	8.924597e-006	2.042355e-009
2.372814151844635e-008	9.560505e-008	4.921062e-008	8.928156e-006	8.924597e-006	2.042355e-009
2.372814841789441e-008	9.560514e-008	4.921059e-008	8.928156e-006	8.924597e-006	2.042356e-009
2.372815531268764e-008	9.560522e-008	4.921057e-008	8.928156e-006	8.924597e-006	2.042356e-009
2.372816220587700e-008	9.560531e-008	4.921054e-008	8.928156e-006	8.924597e-006	2.042357e-009
2.372816989420015e-008	9.560541e-008	4.921052e-008	8.928156e-006	8.924597e-006	2.042357e-009
2.372817873273678e-008	9.560552e-008	4.921049e-008	8.928156e-006	8.924597e-006	2.042357e-009
2.372818901987802e-008	9.560565e-008	4.921045e-008	8.928156e-006	8.924596e-006	2.042358e-009
2.372821555610000e-008	9.560598e-008	4.921036e-008	8.928156e-006	8.924596e-006	2.042359e-009
2.372826949936208e-008	9.560666e-008	4.921018e-008	8.928155e-006	8.924596e-006	2.042361e-009
2.372832344262417e-008	9.560734e-008	4.920999e-008	8.928155e-006	8.924596e-006	2.042364e-009
2.372837738588626e-008	9.560802e-008	4.920981e-008	8.928155e-006	8.924596e-006	2.042366e-009
2.372843132914835e-008	9.560870e-008	4.920962e-008	8.928155e-006	8.924596e-006	2.042369e-009
2.372848527241044e-008	9.560938e-008	4.920944e-008	8.928154e-006	8.924596e-006	2.042371e-009
2.372853921567253e-008	9.561006e-008	4.920926e-008	8.928154e-006	8.924595e-006	2.042373e-009
2.372859315893462e-008	9.561074e-008	4.920907e-008	8.928154e-006	8.924595e-006	2.042376e-009
2.373231055400277e-008	9.565735e-008	4.919641e-008	8.928134e-006	8.924578e-006	2.042544e-009
2.373602794907092e-008	9.570352e-008	4.918385e-008	8.928111e-006	8.924557e-006	2.042710e-009
2.373974534413907e-008	9.574924e-008	4.917138e-008	8.928084e-006	8.924533e-006	2.042875e-009
2.374346273920722e-008	9.579452e-008	4.915901e-008	8.928054e-006	8.924507e-006	2.043039e-009
2.374718013427537e-008	9.583937e-008	4.914674e-008	8.928021e-006	8.924477e-006	2.043201e-009
2.375089752934352e-008	9.588377e-008	4.913457e-008	8.927984e-006	8.924443e-006	2.043362e-009
2.375461492441167e-008	9.592772e-008	4.912249e-008	8.927944e-006	8.924407e-006	2.043522e-009
2.377104349584026e-008	9.611612e-008	4.907063e-008	8.927725e-006	8.924201e-006	2.044212e-009
2.378747206726885e-008	9.629771e-008	4.901954e-008	8.927452e-006	8.923941e-006	2.044878e-009
2.380390063869744e-008	9.647249e-008	4.896925e-008	8.927125e-006	8.923627e-006	2.045521e-009
2.382032921012603e-008	9.664046e-008	4.891975e-008	8.926743e-006	8.923259e-006	2.046140e-009
2.383675778155462e-008	9.680163e-008	4.887104e-008	8.926307e-006	8.922836e-006	2.046736e-009
2.385318635298322e-008	9.695598e-008	4.882312e-008	8.925816e-006	8.922360e-006	2.047308e-009
2.386961492441180e-008	9.710352e-008	4.877598e-008	8.925272e-006	8.921828e-006	2.047857e-009
2.388032921012610e-008	9.719711e-008	4.874507e-008	8.924894e-006	8.921459e-006	2.048204e-009
2.389104349584040e-008	9.728856e-008	4.871409e-008	8.924497e-006	8.921071e-006	2.048541e-009
2.390175778155470e-008	9.737788e-008	4.868304e-008	8.924082e-006	8.920664e-006	2.048870e-009
2.391247206726900e-008	9.746507e-008	4.865193e-008	8.923648e-006	8.920239e-006	2.049190e-009
2.392318635298329e-008	9.755012e-008	4.862074e-008	8.923196e-006	8.919796e-006	2.049501e-009
2.393390063869759e-008	9.763304e-008	4.858949e-008	8.922726e-006	8.919334e-006	2.049803e-009
2.394461492441189e-008	9.771383e-008	4.855817e-008	8.922237e-006	8.918854e-006	2.050096e-009
2.394561492441189e-008	9.772129e-008	4.855523e-008	8.922190e-006	8.918809e-006	2.050123e-009
2.397718635298336e-008	9.794583e-008	4.846230e-008	8.920632e-006	8.917276e-006	2.050930e-009
2.400875778155482e-008	9.815812e-008	4.836652e-008	8.918959e-006	8.915629e-006	2.051673e-009
2.404032921012628e-008	9.835818e-008	4.826789e-008	8.917172e-006	8.913867e-006	2.052351e-009
2.407190063869775e-008	9.854599e-008	4.816642e-008	8.915271e-006	8.911991e-006	2.052964e-009
2.410347206726921e-008	9.872155e-008	4.806210e-008	8.913255e-006	8.910001e-006	2.053512e-009
2.413504349584067e-008	9.888488e-008	4.795493e-008	8.911125e-006	8.907896e-006	2.053996e-009
2.416661492441214e-008	9.903596e-008	4.784492e-008	8.908881e-006	8.905678e-006	2.054415e-009
2.424561492441223e-008	9.938098e-008	4.755345e-008	8.902932e-006	8.899793e-006	2.055233e-009
2.429474534503297e-008	9.957048e-008	4.736157e-008	8.898986e-006	8.895888e-006	2.055574e-009
2.429487783582225e-008	9.957097e-008	4.736104e-008	8.898975e-006	8.895877e-006	2.055575e-009
2.429490858124013e-008	9.957107e-008	4.736092e-008	8.898974e-006	8.895875e-006	2.055575e-009
2.429492277347321e-008	9.957113e-008	4.736086e-008	8.898973e-006	8.895874e-006	2.055575e-009
2.429492776499830e-008	9.957115e-008	4.736084e-008	8.898973e-006	8.895874e-006	2.055575e-009
2.429493774804847e-008	9.957119e-008	4.736080e-008	8.898972e-006	8.895873e-006	2.055575e-009
2.429494006468536e-008	9.957120e-008	4.736079e-008	8.898972e-006	8.895873e-006	2.055575e-009
2.429494202721539e-008	9.957120e-008	4.736079e-008	8.898972e-006	8.895873e-006	2.055575e-009
2.429528921549841e-008	9.957248e-008	4.735940e-008	8.898932e-006	8.895834e-006	2.055577e-009
2.429563640378143e-008	9.957375e-008	4.735801e-008	8.898892e-006	8.895794e-006	2.055579e-009
2.429598359206445e-008	9.957503e-008	4.735663e-008	8.898850e-006	8.895752e-006	2.055581e-009
2.429633078034747e-008	9.957630e-008	4.735524e-008	8.898808e-006	8.895710e-006	2.055583e-009
2.429667796863049e-008	9.957758e-008	4.735385e-008	8.898764e-006	8.895667e-006	2.055585e-009
2.429702515691351e-008	9.957885e-008	4.735246e-008	8.898719e-006	8.895622e-006	2.055587e-009
2.429737234519652e-008	9.958012e-008	4.735107e-008	8.898674e-006	8.895577e-006	2.055589e-009
2.429837234519653e-008	9.958378e-008	4.734707e-008	8.898589e-006	8.895493e-006	2.055595e-009
2.429937234519653e-008	9.958742e-008	4.734306e-008	8.898554e-006	8.895459e-006	2.055600e-009
2.430037234519653e-008	9.959107e-008	4.733906e-008	8.898578e-006	8.895484e-006	2.055606e-009
2.430137234519653e-008	9.959469e-008	4.733507e-008	8.898673e-006	8.895579e-006	2.055611e-009
2.430237234519653e-008	9.959831e-008	4.733110e-008	8.898848e-006	8.895756e-006	2.055617e-009
2.430337234519653e-008	9.960190e-008	4.732715e-008	8.899120e-006	8.896029e-006	2.055622e-009
2.430437234519653e-008	9.960547e-008	4.732323e-008	8.899502e-006	8.896412e-006	2.055627e-009
2.430537234519653e-008	9.960903e-008	4.731934e-008	8.900010e-006	8.896921e-006	2.055633e-009
2.430637234519653e-008	9.961255e-008	4.731551e-008	8.900657e-006	8.897570e-006	2.055639e-009
2.430737234519654e-008	9.961605e-008	4.731173e-008	8.901461e-006	8.898375e-006	2.055644e-009
2.430837234519654e-008	9.961950e-008	4.730802e-008	8.902436e-006	8.899352e-006	2.055650e-009
2.431037234519654e-008	9.962629e-008	4.730087e-008	8.904957e-006	8.901877e-006	2.055663e-009
2.431237234519654e-008	9.963289e-008	4.729416e-008	8.908329e-006	8.905252e-006	2.055676e-009
2.431537234519654e-008	9.964231e-008	4.728519e-008	8.915174e-006	8.912105e-006	2.055699e-009
2.431837234519655e-008	9.965102e-008	4.727796e-008	8.924359e-006	8.921299e-006	2.055725e-009
2.432137234519655e-008	9.965887e-008	4.727294e-008	8.936013e-006	8.932963e-006	2.055758e-009
2.432337234519655e-008	9.966354e-008	4.727107e-008	8.945177e-006	8.942136e-006	2.055784e-009
2.432537234519656e-008	9.966769e-008	4.727053e-008	8.955454e-006	8.952421e-006	2.055813e-009
2.432637234519656e-008	9.966956e-008	4.727082e-008	8.961006e-006	8.957977e-006	2.055829e-009
2.432737234519656e-008	9.967129e-008	4.727148e-008	8.966829e-006	8.963804e-006	2.055846e-009
2.432837234519656e-008	9.967288e-008	4.727253e-008	8.972899e-006	8.969879e-006	2.055864e-009
2.432903526307517e-008	9.967385e-008	4.727343e-008	8.977063e-006	8.974046e-006	2.055876e-009
2.432952451294784e-008	9.967452e-008	4.727425e-008	8.980228e-006	8.977213e-006	2.055886e-009
2.433010731457266e-008	9.967527e-008	4.727536e-008	8.984086e-006	8.981075e-006	2.055898e-009
2.433046334430574e-008	9.967570e-008	4.727611e-008	8.986491e-006	8.983481e-006	2.055905e-009
2.433094400852163e-008	9.967624e-008	4.727721e-008	8.989786e-006	8.986779e-006	2.055916e-009
2.433108699207857e-008	9.967640e-008	4.727755e-008	8.990774e-006	8.987768e-006	2.055919e-009
2.433113612387711e-008	9.967645e-008	4.727767e-008	8.991115e-006	8.988109e-006	2.055920e-009
2.433117463772300e-008	9.967649e-008	4.727777e-008	8.991384e-006	8.988378e-006	2.055921e-009
2.433119049041280e-008	9.967651e-008	4.727781e-008	8.991495e-006	8.988489e-006	2.055921e-009
2.433119544826294e-008	9.967651e-008	4.727783e-008	8.991529e-006	8.988523e-006	2.055921e-009
2.433119634348263e-008	9.967651e-008	4.727783e-008	8.991535e-006	8.988529e-006	2.055921e-009
2.433119668378727e-008	9.967651e-008	4.727783e-008	8.991537e-006	8.988532e-006	2.055921e-009
2.433119720697911e-008	9.967651e-008	4.727783e-008	8.991541e-006	8.988535e-006	2.055921e-009
2.433119770089611e-008	9.967651e-008	4.727783e-008	8.991545e-006	8.988539e-006	2.055921e-009
2.433119821835146e-008	9.967651e-008	4.727783e-008	8.991548e-006	8.988543e-006	2.055921e-009
2.433119878993877e-008	9.967651e-008	4.727783e-008	8.991552e-006	8.988546e-006	2.055921e-009
2.433119934081574e-008	9.967651e-008	4.727783e-008	8.991556e-006	8.988551e-006	2.055921e-009
2.433119990015688e-008	9.967651e-008	4.727784e-008	8.991560e-006	8.988554e-006	2.055921e-009
2.433120044330622e-008	9.967652e-008	4.727784e-008	8.991564e-006	8.988558e-006	2.055921e-009
2.433120102868527e-008	9.967652e-008	4.727784e-008	8.991567e-006	8.988562e-006	2.055921e-009
2.433120170805117e-008	9.967652e-008	4.727784e-008	8.991573e-006	8.988567e-006	2.055921e-009
2.433120249019745e-008	9.967652e-008	4.727784e-008	8.991578e-006	8.988573e-006	2.055921e-009
2.433120340824614e-008	9.967652e-008	4.727784e-008	8.991585e-006	8.988579e-006	2.055921e-009
2.433120449581901e-008	9.967652e-008	4.727785e-008	8.991592e-006	8.988586e-006	2.055921e-009
2.433120583811223e-008	9.967652e-008	4.727785e-008	8.991601e-006	8.988595e-006	2.055921e-009
2.433120754653399e-008	9.967653e-008	4.727785e-008	8.991613e-006	8.988607e-006	2.055921e-009
2.433120986150471e-008	9.967653e-008	4.727786e-008	8.991629e-006	8.988623e-006	2.055921e-009
2.433170042469943e-008	9.967701e-008	4.727919e-008	8.995074e-006	8.992071e-006	2.055933e-009
2.433219098789416e-008	9.967745e-008	4.728064e-008	8.998557e-006	8.995557e-006	2.055944e-009
2.433268155108888e-008	9.967785e-008	4.728220e-008	9.002080e-006	8.999082e-006	2.055956e-009
2.433317211428361e-008	9.967822e-008	4.728386e-008	9.005641e-006	9.002646e-006	2.055968e-009
2.433366267747834e-008	9.967853e-008	4.728564e-008	9.009241e-006	9.006249e-006	2.055980e-009
2.433415324067307e-008	9.967881e-008	4.728754e-008	9.012881e-006	9.009890e-006	2.055993e-009
2.433464380386779e-008	9.967905e-008	4.728954e-008	9.016559e-006	9.013571e-006	2.056006e-009
2.433664380386779e-008	9.967958e-008	4.729895e-008	9.031984e-006	9.029007e-006	2.056062e-009
2.433964380386780e-008	9.967899e-008	4.731699e-008	9.056378e-006	9.053419e-006	2.056157e-009
2.434192951815351e-008	9.967746e-008	4.733377e-008	9.076009e-006	9.073065e-006	2.056238e-009
2.434421523243923e-008	9.967482e-008	4.735376e-008	9.096410e-006	9.093480e-006	2.056328e-009
2.434650094672495e-008	9.967107e-008	4.737694e-008	9.117579e-006	9.114665e-006	2.056427e-009
2.434878666101067e-008	9.966623e-008	4.740333e-008	9.139519e-006	9.136620e-006	2.056535e-009
2.435107237529638e-008	9.966028e-008	4.743292e-008	9.162227e-006	9.159344e-006	2.056652e-009
2.435335808958210e-008	9.965323e-008	4.746571e-008	9.185705e-006	9.182838e-006	2.056779e-009
2.435564380386782e-008	9.964507e-008	4.750170e-008	9.209953e-006	9.207102e-006	2.056914e-009
2.435692951815353e-008	9.963994e-008	4.752358e-008	9.223870e-006	9.221030e-006	2.056995e-009
2.435821523243925e-008	9.963441e-008	4.754661e-008	9.237988e-006	9.235158e-006	2.057079e-009
2.435950094672496e-008	9.962851e-008	4.757079e-008	9.252307e-006	9.249486e-006	2.057166e-009
2.436078666101068e-008	9.962222e-008	4.759613e-008	9.266825e-006	9.264015e-006	2.057257e-009
2.436207237529639e-008	9.961554e-008	4.762262e-008	9.281544e-006	9.278744e-006	2.057352e-009
2.436335808958211e-008	9.960847e-008	4.765027e-008	9.296464e-006	9.293673e-006	2.057449e-009
2.436464380386783e-008	9.960102e-008	4.767907e-008	9.311583e-006	9.308803e-006	2.057550e-009
2.436564380386783e-008	9.959500e-008	4.770218e-008	9.323442e-006	9.320670e-006	2.057631e-009
2.436592447835790e-008	9.959327e-008	4.770880e-008	9.326790e-006	9.324021e-006	2.057654e-009
2.436615539421053e-008	9.959182e-008	4.771432e-008	9.329560e-006	9.326793e-006	2.057673e-009
2.436647901769147e-008	9.958976e-008	4.772212e-008	9.333478e-006	9.330713e-006	2.057700e-009
2.436681388621020e-008	9.958759e-008	4.773031e-008	9.337582e-006	9.334819e-006	2.057728e-009
2.436748362324766e-008	9.958316e-008	4.774696e-008	9.345896e-006	9.343138e-006	2.057785e-009
2.436848362324767e-008	9.957635e-008	4.777240e-008	9.358527e-006	9.355778e-006	2.057873e-009
2.436948362324767e-008	9.956931e-008	4.779857e-008	9.371422e-006	9.368683e-006	2.057962e-009
2.437048362324767e-008	9.956200e-008	4.782553e-008	9.384611e-006	9.381881e-006	2.058054e-009
2.437148362324767e-008	9.955441e-008	4.785332e-008	9.398095e-006	9.395374e-006	2.058148e-009
2.437248362324767e-008	9.954655e-008	4.788194e-008	9.411875e-006	9.409163e-006	2.058245e-009
2.437348362324767e-008	9.953842e-008	4.791141e-008	9.425950e-006	9.423247e-006	2.058344e-009
2.437448362324767e-008	9.952998e-008	4.794175e-008	9.440317e-006	9.437625e-006	2.058445e-009
2.437548362324767e-008	9.952126e-008	4.797299e-008	9.454972e-006	9.452289e-006	2.058549e-009
2.437648362324767e-008	9.951224e-008	4.800512e-008	9.469908e-006	9.467236e-006	2.058656e-009
2.437748362324768e-008	9.950292e-008	4.803817e-008	9.485117e-006	9.482455e-006	2.058766e-009
2.437848362324768e-008	9.949329e-008	4.807216e-008	9.500589e-006	9.497938e-006	2.058878e-009
2.437948362324768e-008	9.948335e-008	4.810709e-008	9.516312e-006	9.513672e-006	2.058993e-009
2.438048362324768e-008	9.947310e-008	4.814299e-008	9.532275e-006	9.529645e-006	2.059111e-009
2.438148362324768e-008	9.946253e-008	4.817986e-008	9.548463e-006	9.545844e-006	2.059231e-009
2.438248362324768e-008	9.945164e-008	4.821771e-008	9.564861e-006	9.562253e-006	2.059355e-009
2.438348362324768e-008	9.944043e-008	4.825655e-008	9.581454e-006	9.578856e-006	2.059481e-009
2.438548362324768e-008	9.941704e-008	4.833725e-008	9.615162e-006	9.612588e-006	2.059743e-009
2.438748362324769e-008	9.939233e-008	4.842202e-008	9.649461e-006	9.646910e-006	2.060017e-009
2.439048362324769e-008	9.935281e-008	4.855686e-008	9.701762e-006	9.699245e-006	2.060451e-009
2.439148362324769e-008	9.933898e-008	4.860388e-008	9.719369e-006	9.716864e-006	2.060602e-009
2.439248362324769e-008	9.932482e-008	4.865193e-008	9.737044e-006	9.734551e-006	2.060756e-009
2.439348362324769e-008	9.931034e-008	4.870101e-008	9.754775e-006	9.752294e-006	2.060913e-009
2.439448362324770e-008	9.929554e-008	4.875113e-008	9.772556e-006	9.770087e-006	2.061073e-009
2.439648362324770e-008	9.926497e-008	4.885446e-008	9.808229e-006	9.805783e-006	2.061403e-009
2.439848362324770e-008	9.923310e-008	4.896192e-008	9.844009e-006	9.841586e-006	2.061745e-009
2.440048362324770e-008	9.919997e-008	4.907347e-008	9.879852e-006	9.877453e-006	2.062099e-009
2.440248362324770e-008	9.916559e-008	4.918910e-008	9.915728e-006	9.913352e-006	2.062466e-009
2.440448362324771e-008	9.912998e-008	4.930877e-008	9.951611e-006	9.949259e-006	2.062845e-009
2.440748362324771e-008	9.907428e-008	4.949582e-008	1.000542e-005	1.000310e-005	2.063437e-009
2.441048362324771e-008	9.901590e-008	4.969180e-008	1.005916e-005	1.005688e-005	2.064057e-009
2.441348362324772e-008	9.895490e-008	4.989660e-008	1.011281e-005	1.011056e-005	2.064705e-009
2.441591219467629e-008	9.890356e-008	5.006895e-008	1.015619e-005	1.015397e-005	2.065249e-009
2.441834076610487e-008	9.885066e-008	5.024677e-008	1.019944e-005	1.019724e-005	2.065811e-009
2.442076933753344e-008	9.879622e-008	5.043005e-008	1.024254e-005	1.024038e-005	2.066390e-009
2.442319790896201e-008	9.874022e-008	5.061880e-008	1.028550e-005	1.028337e-005	2.066987e-009
2.442562648039059e-008	9.868267e-008	5.081301e-008	1.032833e-005	1.032622e-005	2.067601e-009
2.442805505181916e-008	9.862356e-008	5.101269e-008	1.037101e-005	1.036893e-005	2.068232e-009
2.443048362324774e-008	9.856291e-008	5.121784e-008	1.041355e-005	1.041150e-005	2.068881e-009
2.443505505181917e-008	9.844436e-008	5.161932e-008	1.049327e-005	1.049127e-005	2.070152e-009
2.443962648039060e-008	9.832172e-008	5.203707e-008	1.057176e-005	1.056981e-005	2.071477e-009
2.444419790896204e-008	9.819500e-008	5.247108e-008	1.064901e-005	1.064711e-005	2.072858e-009
2.444876933753347e-008	9.806421e-008	5.292135e-008	1.072503e-005	1.072317e-005	2.074294e-009
2.445334076610491e-008	9.792932e-008	5.338789e-008	1.079981e-005	1.079800e-005	2.075784e-009
2.445791219467634e-008	9.779036e-008	5.387068e-008	1.087336e-005	1.087160e-005	2.077330e-009
2.446248362324777e-008	9.764732e-008	5.436974e-008	1.094567e-005	1.094396e-005	2.078931e-009
2.446591219467635e-008	9.753824e-008	5.475267e-008	1.099868e-005	1.099700e-005	2.080164e-009
2.446934076610492e-008	9.742788e-008	5.514224e-008	1.105069e-005	1.104904e-005	2.081421e-009
2.447276933753350e-008	9.731625e-008	5.553846e-008	1.110171e-005	1.110009e-005	2.082703e-009
2.447619790896207e-008	9.720334e-008	5.594133e-008	1.115173e-005	1.115014e-005	2.084011e-009
2.447962648039065e-008	9.708916e-008	5.635085e-008	1.120075e-005	1.119920e-005	2.085343e-009
2.448305505181923e-008	9.697370e-008	5.676702e-008	1.124878e-005	1.124725e-005	2.086700e-009
2.448648362324780e-008	9.685697e-008	5.718983e-008	1.129581e-005	1.129432e-005	2.088082e-009
2.448748362324780e-008	9.682284e-008	5.731397e-008	1.130932e-005	1.130783e-005	2.088489e-009
2.449748362324781e-008	9.647251e-008	5.859626e-008	1.143871e-005	1.143730e-005	2.092701e-009
2.450748362324782e-008	9.612418e-008	5.989982e-008	1.155994e-005	1.155861e-005	2.097032e-009
2.451748362324783e-008	9.577785e-008	6.122463e-008	1.167302e-005	1.167176e-005	2.101482e-009
2.452748362324785e-008	9.543352e-008	6.257071e-008	1.177795e-005	1.177675e-005	2.106051e-009
2.453748362324786e-008	9.509120e-008	6.393806e-008	1.187473e-005	1.187359e-005	2.110738e-009
2.454748362324787e-008	9.475088e-008	6.532666e-008	1.196336e-005	1.196227e-005	2.115544e-009
2.455748362324788e-008	9.441257e-008	6.673653e-008	1.204384e-005	1.204279e-005	2.120468e-009
2.456219790896217e-008	9.425817e-008	6.739553e-008	1.207983e-005	1.207880e-005	2.122794e-009
2.456691219467646e-008	9.410611e-008	6.805328e-008	1.211456e-005	1.211355e-005	2.125130e-009
2.457162648039075e-008	9.395638e-008	6.870981e-008	1.214803e-005	1.214704e-005	2.127474e-009
2.457634076610504e-008	9.380898e-008	6.936509e-008	1.218023e-005	1.217926e-005	2.129828e-009
2.458105505181934e-008	9.366391e-008	7.001914e-008	1.221117e-005	1.221021e-005	2.132190e-009
2.458576933753363e-008	9.352117e-008	7.067196e-008	1.224084e-005	1.223990e-005	2.134562e-009
2.459048362324792e-008	9.338076e-008	7.132354e-008	1.226925e-005	1.226833e-005	2.136943e-009
2.459148362324792e-008	9.335137e-008	7.146124e-008	1.227516e-005	1.227424e-005	2.137448e-009
2.459248362324792e-008	9.332211e-008	7.159883e-008	1.228101e-005	1.228010e-005	2.137953e-009
2.459348362324792e-008	9.329294e-008	7.173632e-008	1.228682e-005	1.228591e-005	2.138459e-009
2.459385862324792e-008	9.328204e-008	7.178783e-008	1.228897e-005	1.228806e-005	2.138648e-009
2.459435862324792e-008	9.326754e-008	7.185649e-008	1.229182e-005	1.229091e-005	2.138901e-009
2.459497069104834e-008	9.324984e-008	7.194049e-008	1.229530e-005	1.229439e-005	2.139211e-009
2.459577907989890e-008	9.322652e-008	7.205137e-008	1.229987e-005	1.229896e-005	2.139620e-009
2.459658746874945e-008	9.320328e-008	7.216216e-008	1.230441e-005	1.230351e-005	2.140029e-009
2.459739585760001e-008	9.318013e-008	7.227286e-008	1.230893e-005	1.230803e-005	2.140438e-009
2.459820424645056e-008	9.315705e-008	7.238347e-008	1.231342e-005	1.231252e-005	2.140847e-009
2.459901263530112e-008	9.313406e-008	7.249400e-008	1.231788e-005	1.231698e-005	2.141257e-009
2.459982102415168e-008	9.311115e-008	7.260444e-008	1.232231e-005	1.232141e-005	2.141666e-009
2.460062941300223e-008	9.308832e-008	7.271480e-008	1.232671e-005	1.232582e-005	2.142076e-009
2.460162941300224e-008	9.306019e-008	7.285117e-008	1.233212e-005	1.233123e-005	2.142583e-009
2.460362941300224e-008	9.300432e-008	7.312349e-008	1.234277e-005	1.234189e-005	2.143596e-009
2.460562941300224e-008	9.294897e-008	7.339519e-008	1.235325e-005	1.235237e-005	2.144611e-009
2.460862941300224e-008	9.286693e-008	7.380156e-008	1.236864e-005	1.236777e-005	2.146133e-009
2.460962941300225e-008	9.283983e-008	7.393669e-008	1.237368e-005	1.237281e-005	2.146640e-009
2.461062941300225e-008	9.281288e-008	7.407166e-008	1.237866e-005	1.237780e-005	2.147148e-009
2.461162941300225e-008	9.278606e-008	7.420645e-008	1.238357e-005	1.238270e-005	2.147655e-009
2.461262941300225e-008	9.275937e-008	7.434107e-008	1.238835e-005	1.238749e-005	2.148163e-009
2.461533253800225e-008	9.268793e-008	7.470400e-008	1.240057e-005	1.239972e-005	2.149535e-009
2.461541066300225e-008	9.268588e-008	7.471447e-008	1.240091e-005	1.240005e-005	2.149574e-009
2.461546251367919e-008	9.268452e-008	7.472142e-008	1.240113e-005	1.240027e-005	2.149601e-009
2.461551436435614e-008	9.268316e-008	7.472836e-008	1.240135e-005	1.240050e-005	2.149627e-009
2.461556621503309e-008	9.268181e-008	7.473531e-008	1.240157e-005	1.240072e-005	2.149653e-009
2.461561806571003e-008	9.268045e-008	7.474225e-008	1.240179e-005	1.240094e-005	2.149680e-009
2.461566991638698e-008	9.267909e-008	7.474919e-008	1.240201e-005	1.240116e-005	2.149706e-009
2.461572176706393e-008	9.267774e-008	7.475614e-008	1.240223e-005	1.240138e-005	2.149732e-009
2.461577361774087e-008	9.267638e-008	7.476308e-008	1.240246e-005	1.240160e-005	2.149758e-009
2.461587805451927e-008	9.267365e-008	7.477706e-008	1.240290e-005	1.240204e-005	2.149811e-009
2.461599741083744e-008	9.267053e-008	7.479303e-008	1.240341e-005	1.240255e-005	2.149872e-009
2.461647839307011e-008	9.265798e-008	7.485737e-008	1.240542e-005	1.240456e-005	2.150116e-009
2.461832382153507e-008	9.261022e-008	7.510367e-008	1.241278e-005	1.241193e-005	2.151052e-009
2.461932382153507e-008	9.258451e-008	7.523686e-008	1.241660e-005	1.241576e-005	2.151559e-009
2.461961310397096e-008	9.257710e-008	7.527535e-008	1.241768e-005	1.241684e-005	2.151705e-009
2.461963528519103e-008	9.257653e-008	7.527830e-008	1.241776e-005	1.241692e-005	2.151717e-009
2.461964304500809e-008	9.257634e-008	7.527933e-008	1.241779e-005	1.241695e-005	2.151721e-009
2.461964505040823e-008	9.257629e-008	7.527960e-008	1.241780e-005	1.241696e-005	2.151722e-009
2.461964603596149e-008	9.257626e-008	7.527973e-008	1.241780e-005	1.241696e-005	2.151722e-009
2.461964710018769e-008	9.257623e-008	7.527987e-008	1.241781e-005	1.241696e-005	2.151723e-009
2.461964824430579e-008	9.257620e-008	7.528002e-008	1.241781e-005	1.241697e-005	2.151723e-009
2.461965053254200e-008	9.257614e-008	7.528033e-008	1.241782e-005	1.241698e-005	2.151724e-009
2.461965816124536e-008	9.257595e-008	7.528134e-008	1.241785e-005	1.241700e-005	2.151728e-009
2.462006558478318e-008	9.256556e-008	7.533547e-008	1.241934e-005	1.241850e-005	2.151935e-009
2.462047300832101e-008	9.255520e-008	7.538956e-008	1.242082e-005	1.241997e-005	2.152141e-009
2.462088043185884e-008	9.254486e-008	7.544360e-008	1.242227e-005	1.242142e-005	2.152348e-009
2.462128785539666e-008	9.253456e-008	7.549760e-008	1.242369e-005	1.242285e-005	2.152554e-009
2.462169527893449e-008	9.252428e-008	7.555155e-008	1.242509e-005	1.242425e-005	2.152760e-009
2.462210270247232e-008	9.251402e-008	7.560547e-008	1.242647e-005	1.242563e-005	2.152966e-009
2.462251012601014e-008	9.250380e-008	7.565934e-008	1.242782e-005	1.242698e-005	2.153172e-009
2.462351012601014e-008	9.247881e-008	7.579136e-008	1.243098e-005	1.243014e-005	2.153678e-009
2.462451012601014e-008	9.245397e-008	7.592313e-008	1.243397e-005	1.243313e-005	2.154184e-009
2.462483373145312e-008	9.244597e-008	7.596572e-008	1.243489e-005	1.243405e-005	2.154347e-009
2.462495759801749e-008	9.244292e-008	7.598200e-008	1.243523e-005	1.243439e-005	2.154410e-009
2.462508146458187e-008	9.243986e-008	7.599828e-008	1.243557e-005	1.243473e-005	2.154472e-009
2.462520533114625e-008	9.243682e-008	7.601455e-008	1.243591e-005	1.243507e-005	2.154535e-009
2.462532919771063e-008	9.243377e-008	7.603081e-008	1.243625e-005	1.243541e-005	2.154598e-009
2.462545306427500e-008	9.243073e-008	7.604707e-008	1.243658e-005	1.243574e-005	2.154660e-009
2.462557693083938e-008	9.242770e-008	7.606332e-008	1.243690e-005	1.243607e-005	2.154723e-009
2.462570079740376e-008	9.242466e-008	7.607957e-008	1.243723e-005	1.243639e-005	2.154785e-009
2.462821475499429e-008	9.236368e-008	7.640824e-008	1.244342e-005	1.244258e-005	2.156053e-009
2.463121475499429e-008	9.229243e-008	7.679766e-008	1.244978e-005	1.244895e-005	2.157562e-009
2.463321475499429e-008	9.224591e-008	7.705545e-008	1.245339e-005	1.245255e-005	2.158565e-009
2.463521475499430e-008	9.220017e-008	7.731170e-008	1.245649e-005	1.245566e-005	2.159566e-009
2.463621475499430e-008	9.217758e-008	7.743930e-008	1.245787e-005	1.245704e-005	2.160065e-009
2.463658321787473e-008	9.216930e-008	7.748621e-008	1.245835e-005	1.245752e-005	2.160249e-009
2.463669803748441e-008	9.216673e-008	7.750081e-008	1.245849e-005	1.245766e-005	2.160306e-009
2.463681148732309e-008	9.216419e-008	7.751524e-008	1.245863e-005	1.245780e-005	2.160363e-009
2.463682608057043e-008	9.216387e-008	7.751709e-008	1.245865e-005	1.245782e-005	2.160370e-009
2.463683215521804e-008	9.216373e-008	7.751787e-008	1.245866e-005	1.245782e-005	2.160373e-009
2.463683712197138e-008	9.216362e-008	7.751849e-008	1.245866e-005	1.245783e-005	2.160376e-009
2.463684356816478e-008	9.216348e-008	7.751932e-008	1.245867e-005	1.245784e-005	2.160379e-009
2.463685072704829e-008	9.216332e-008	7.752023e-008	1.245868e-005	1.245785e-005	2.160383e-009
2.463685785564282e-008	9.216316e-008	7.752113e-008	1.245869e-005	1.245786e-005	2.160386e-009
2.463686473046793e-008	9.216301e-008	7.752200e-008	1.245870e-005	1.245786e-005	2.160390e-009
2.463687158538862e-008	9.216285e-008	7.752288e-008	1.245870e-005	1.245787e-005	2.160393e-009
2.463687844494184e-008	9.216270e-008	7.752374e-008	1.245871e-005	1.245788e-005	2.160397e-009
2.463688535220129e-008	9.216254e-008	7.752462e-008	1.245872e-005	1.245789e-005	2.160400e-009
2.463689223965792e-008	9.216239e-008	7.752550e-008	1.245873e-005	1.245790e-005	2.160403e-009
2.463689913845904e-008	9.216224e-008	7.752637e-008	1.245874e-005	1.245791e-005	2.160407e-009
2.463690716443454e-008	9.216206e-008	7.752740e-008	1.245875e-005	1.245792e-005	2.160411e-009
2.463691620663706e-008	9.216186e-008	7.752855e-008	1.245876e-005	1.245793e-005	2.160415e-009
2.463692695000712e-008	9.216161e-008	7.752991e-008	1.245877e-005	1.245794e-005	2.160421e-009
2.463695463151993e-008	9.216100e-008	7.753343e-008	1.245881e-005	1.245797e-005	2.160434e-009
2.463707248935844e-008	9.215837e-008	7.754839e-008	1.245895e-005	1.245812e-005	2.160493e-009
2.463719034719695e-008	9.215575e-008	7.756335e-008	1.245909e-005	1.245826e-005	2.160552e-009
2.463730820503547e-008	9.215312e-008	7.757831e-008	1.245924e-005	1.245841e-005	2.160611e-009
2.463742606287398e-008	9.215051e-008	7.759325e-008	1.245938e-005	1.245855e-005	2.160669e-009
2.463754392071249e-008	9.214789e-008	7.760819e-008	1.245953e-005	1.245870e-005	2.160728e-009
2.463766177855101e-008	9.214528e-008	7.762313e-008	1.245967e-005	1.245884e-005	2.160787e-009
2.463777963638952e-008	9.214268e-008	7.763806e-008	1.245982e-005	1.245899e-005	2.160846e-009
2.464589258149698e-008	9.197091e-008	7.865088e-008	1.246971e-005	1.246888e-005	2.164862e-009
2.465400552660444e-008	9.181054e-008	7.963979e-008	1.247956e-005	1.247874e-005	2.168835e-009
2.466211847171190e-008	9.166158e-008	8.060480e-008	1.248936e-005	1.248854e-005	2.172767e-009
2.467023141681935e-008	9.152402e-008	8.154590e-008	1.249912e-005	1.249830e-005	2.176656e-009
2.467834436192681e-008	9.139787e-008	8.246309e-008	1.250883e-005	1.250801e-005	2.180503e-009
2.468645730703427e-008	9.128312e-008	8.335638e-008	1.251849e-005	1.251768e-005	2.184307e-009
2.469457025214172e-008	9.117977e-008	8.422575e-008	1.252810e-005	1.252729e-005	2.188069e-009
2.469557025214172e-008	9.116756e-008	8.433163e-008	1.252929e-005	1.252848e-005	2.188530e-009
2.471814168071318e-008	9.094667e-008	8.661070e-008	1.255578e-005	1.255499e-005	2.198750e-009
2.474071310928463e-008	9.077365e-008	8.876508e-008	1.258199e-005	1.258120e-005	2.208709e-009
2.476328453785609e-008	9.064848e-008	9.079478e-008	1.260791e-005	1.260713e-005	2.218406e-009
2.478585596642754e-008	9.057117e-008	9.269979e-008	1.263354e-005	1.263277e-005	2.227844e-009
2.480842739499900e-008	9.054171e-008	9.448012e-008	1.265888e-005	1.265811e-005	2.237020e-009
2.483099882357045e-008	9.056011e-008	9.613577e-008	1.268392e-005	1.268317e-005	2.245936e-009
2.485357025214190e-008	9.062637e-008	9.766674e-008	1.270868e-005	1.270793e-005	2.254590e-009
2.487371310928478e-008	9.070127e-008	9.896563e-008	1.273056e-005	1.272982e-005	2.262138e-009
2.489385596642766e-008	9.078974e-008	1.002061e-007	1.275226e-005	1.275153e-005	2.269533e-009
2.491399882357054e-008	9.089178e-008	1.013882e-007	1.277377e-005	1.277304e-005	2.276774e-009
2.493414168071342e-008	9.100739e-008	1.025119e-007	1.279510e-005	1.279437e-005	2.283862e-009
2.495428453785630e-008	9.113657e-008	1.035772e-007	1.281623e-005	1.281552e-005	2.290796e-009
2.497442739499918e-008	9.127932e-008	1.045842e-007	1.283719e-005	1.283648e-005	2.297578e-009
2.499457025214206e-008	9.143564e-008	1.055327e-007	1.285795e-005	1.285725e-005	2.304206e-009
2.499557025214206e-008	9.144335e-008	1.055790e-007	1.285898e-005	1.285827e-005	2.304532e-009
2.502471310928495e-008	9.168131e-008	1.068654e-007	1.288870e-005	1.288800e-005	2.313867e-009
2.505385596642784e-008	9.192233e-008	1.080820e-007	1.291810e-005	1.291741e-005	2.322970e-009
2.508299882357073e-008	9.216640e-008	1.092289e-007	1.294717e-005	1.294649e-005	2.331842e-009
2.511214168071363e-008	9.241353e-008	1.103061e-007	1.297592e-005	1.297525e-005	2.340481e-009
2.514128453785652e-008	9.266372e-008	1.113135e-007	1.300436e-005	1.300369e-005	2.348889e-009
2.517042739499941e-008	9.291696e-008	1.122513e-007	1.303247e-005	1.303181e-005	2.357065e-009
2.519957025214230e-008	9.317326e-008	1.131193e-007	1.306025e-005	1.305961e-005	2.365009e-009
2.521314168071374e-008	9.328886e-008	1.135120e-007	1.307310e-005	1.307246e-005	2.368654e-009
2.522671310928518e-008	9.340323e-008	1.138950e-007	1.308589e-005	1.308525e-005	2.372260e-009
2.524028453785663e-008	9.351637e-008	1.142685e-007	1.309861e-005	1.309798e-005	2.375828e-009
2.525385596642807e-008	9.362827e-008	1.146323e-007	1.311128e-005	1.311065e-005	2.379357e-009
2.526742739499952e-008	9.373895e-008	1.149864e-007	1.312388e-005	1.312325e-005	2.382847e-009
2.528099882357096e-008	9.384840e-008	1.153310e-007	1.313642e-005	1.313580e-005	2.386299e-009
2.529457025214240e-008	9.395661e-008	1.156659e-007	1.314890e-005	1.314828e-005	2.389712e-009
2.529557025214240e-008	9.396452e-008	1.156903e-007	1.314982e-005	1.314920e-005	2.389962e-009
2.532385596642815e-008	9.418501e-008	1.163570e-007	1.317563e-005	1.317501e-005	2.396946e-009
2.535214168071390e-008	9.439774e-008	1.169953e-007	1.320119e-005	1.320058e-005	2.403798e-009
2.538042739499964e-008	9.460271e-008	1.176050e-007	1.322652e-005	1.322591e-005	2.410517e-009
2.540871310928539e-008	9.479991e-008	1.181864e-007	1.325160e-005	1.325100e-005	2.417103e-009
2.543699882357114e-008	9.498935e-008	1.187392e-007	1.327644e-005	1.327585e-005	2.423556e-009
2.546528453785688e-008	9.517103e-008	1.192636e-007	1.330104e-005	1.330045e-005	2.429877e-009
2.549357025214263e-008	9.534494e-008	1.197595e-007	1.332540e-005	1.332481e-005	2.436065e-009
2.550799882357122e-008	9.543029e-008	1.200059e-007	1.333774e-005	1.333716e-005	2.439182e-009
2.552242739499981e-008	9.551357e-008	1.202470e-007	1.335002e-005	1.334944e-005	2.442273e-009
2.553685596642839e-008	9.559476e-008	1.204829e-007	1.336225e-005	1.336167e-005	2.445335e-009
2.555128453785698e-008	9.567387e-008	1.207137e-007	1.337442e-005	1.337384e-005	2.448369e-009
2.556571310928557e-008	9.575091e-008	1.209392e-007	1.338653e-005	1.338596e-005	2.451376e-009
2.558014168071416e-008	9.582586e-008	1.211596e-007	1.339858e-005	1.339801e-005	2.454355e-009
2.559457025214274e-008	9.589874e-008	1.213748e-007	1.341057e-005	1.341001e-005	2.457307e-009
2.559557025214274e-008	9.590372e-008	1.213895e-007	1.341140e-005	1.341083e-005	2.457510e-009
2.563828453785708e-008	9.610568e-008	1.219938e-007	1.344655e-005	1.344599e-005	2.466072e-009
2.568099882357141e-008	9.629207e-008	1.225671e-007	1.348124e-005	1.348068e-005	2.474444e-009
2.572371310928575e-008	9.646289e-008	1.231096e-007	1.351545e-005	1.351490e-005	2.482625e-009
2.576642739500008e-008	9.661813e-008	1.236212e-007	1.354921e-005	1.354866e-005	2.490617e-009
2.580914168071442e-008	9.675780e-008	1.241018e-007	1.358249e-005	1.358195e-005	2.498419e-009
2.585185596642875e-008	9.688190e-008	1.245516e-007	1.361531e-005	1.361478e-005	2.506031e-009
2.589457025214308e-008	9.699042e-008	1.249705e-007	1.364767e-005	1.364713e-005	2.513453e-009
2.589557025214309e-008	9.699284e-008	1.249802e-007	1.364842e-005	1.364789e-005	2.513625e-009
2.593828453785742e-008	9.708810e-008	1.253774e-007	1.368033e-005	1.367980e-005	2.520891e-009
2.598099882357175e-008	9.717247e-008	1.257551e-007	1.371181e-005	1.371129e-005	2.528016e-009
2.602371310928609e-008	9.724595e-008	1.261134e-007	1.374288e-005	1.374235e-005	2.534998e-009
2.606642739500042e-008	9.730854e-008	1.264521e-007	1.377352e-005	1.377300e-005	2.541838e-009
2.610914168071476e-008	9.736025e-008	1.267714e-007	1.380374e-005	1.380322e-005	2.548536e-009
2.615185596642909e-008	9.740106e-008	1.270713e-007	1.383354e-005	1.383302e-005	2.555092e-009
2.619457025214342e-008	9.743099e-008	1.273516e-007	1.386292e-005	1.386240e-005	2.561506e-009
2.619557025214343e-008	9.743162e-008	1.273580e-007	1.386360e-005	1.386309e-005	2.561655e-009
2.623828453785776e-008	9.745286e-008	1.276229e-007	1.389257e-005	1.389206e-005	2.567944e-009
2.628099882357209e-008	9.746673e-008	1.278739e-007	1.392115e-005	1.392064e-005	2.574116e-009
2.632371310928643e-008	9.747322e-008	1.281109e-007	1.394934e-005	1.394883e-005	2.580172e-009
2.636642739500076e-008	9.747233e-008	1.283339e-007	1.397714e-005	1.397663e-005	2.586111e-009
2.640914168071510e-008	9.746406e-008	1.285430e-007	1.400455e-005	1.400405e-005	2.591933e-009
2.645185596642943e-008	9.744842e-008	1.287381e-007	1.403158e-005	1.403107e-005	2.597638e-009
2.649457025214376e-008	9.742541e-008	1.289193e-007	1.405822e-005	1.405771e-005	2.603226e-009
2.649557025214377e-008	9.742482e-008	1.289234e-007	1.405884e-005	1.405833e-005	2.603356e-009
2.649628453785805e-008	9.742440e-008	1.289263e-007	1.405928e-005	1.405877e-005	2.603449e-009
2.649699882357234e-008	9.742397e-008	1.289293e-007	1.405972e-005	1.405921e-005	2.603541e-009
2.649771310928662e-008	9.742355e-008	1.289322e-007	1.406016e-005	1.405965e-005	2.603634e-009
2.649842739500091e-008	9.742312e-008	1.289351e-007	1.406060e-005	1.406010e-005	2.603726e-009
2.649914168071520e-008	9.742269e-008	1.289381e-007	1.406105e-005	1.406054e-005	2.603819e-009
2.649985596642948e-008	9.742225e-008	1.289410e-007	1.406149e-005	1.406098e-005	2.603911e-009
2.650057025214377e-008	9.742182e-008	1.289439e-007	1.406193e-005	1.406142e-005	2.604003e-009
2.650257025214377e-008	9.742059e-008	1.289521e-007	1.406317e-005	1.406266e-005	2.604262e-009
2.654428453785811e-008	9.739150e-008	1.291155e-007	1.408875e-005	1.408824e-005	2.609598e-009
2.658599882357244e-008	9.735751e-008	1.292686e-007	1.411399e-005	1.411349e-005	2.614835e-009
2.662771310928677e-008	9.731863e-008	1.294113e-007	1.413889e-005	1.413838e-005	2.619974e-009
2.666942739500111e-008	9.727485e-008	1.295435e-007	1.416345e-005	1.416294e-005	2.625014e-009
2.671114168071544e-008	9.722617e-008	1.296654e-007	1.418766e-005	1.418715e-005	2.629956e-009
2.675285596642977e-008	9.717259e-008	1.297769e-007	1.421153e-005	1.421101e-005	2.634799e-009
2.679457025214410e-008	9.711412e-008	1.298779e-007	1.423505e-005	1.423454e-005	2.639544e-009
2.679557025214411e-008	9.711268e-008	1.298802e-007	1.423561e-005	1.423510e-005	2.639656e-009
2.683828453785844e-008	9.704853e-008	1.299739e-007	1.425935e-005	1.425883e-005	2.644416e-009
2.688099882357277e-008	9.698058e-008	1.300585e-007	1.428275e-005	1.428223e-005	2.649080e-009
2.692371310928711e-008	9.690883e-008	1.301340e-007	1.430582e-005	1.430529e-005	2.653647e-009
2.696642739500144e-008	9.683327e-008	1.302005e-007	1.432854e-005	1.432802e-005	2.658119e-009
2.700914168071578e-008	9.675391e-008	1.302578e-007	1.435094e-005	1.435040e-005	2.662494e-009
2.705185596643011e-008	9.667074e-008	1.303060e-007	1.437299e-005	1.437246e-005	2.666774e-009
2.709457025214444e-008	9.658378e-008	1.303451e-007	1.439471e-005	1.439417e-005	2.670958e-009
2.709557025214445e-008	9.658171e-008	1.303460e-007	1.439521e-005	1.439468e-005	2.671054e-009
2.739557025214479e-008	9.588462e-008	1.303956e-007	1.453878e-005	1.453822e-005	2.697828e-009
2.739857025214479e-008	9.587692e-008	1.303942e-007	1.454014e-005	1.453957e-005	2.698074e-009
2.739957025214479e-008	9.587436e-008	1.303937e-007	1.454059e-005	1.454003e-005	2.698155e-009
2.740057025214479e-008	9.587178e-008	1.303932e-007	1.454104e-005	1.454048e-005	2.698237e-009
2.740085092647384e-008	9.587107e-008	1.303931e-007	1.454117e-005	1.454060e-005	2.698259e-009
2.740095407585929e-008	9.587080e-008	1.303930e-007	1.454122e-005	1.454065e-005	2.698268e-009
2.740102936842713e-008	9.587060e-008	1.303930e-007	1.454125e-005	1.454068e-005	2.698274e-009
2.740110973697351e-008	9.587040e-008	1.303930e-007	1.454129e-005	1.454072e-005	2.698280e-009
2.740112389840009e-008	9.587036e-008	1.303930e-007	1.454129e-005	1.454073e-005	2.698282e-009
2.740441828825688e-008	9.586189e-008	1.303913e-007	1.454278e-005	1.454222e-005	2.698550e-009
2.740771267811367e-008	9.585339e-008	1.303897e-007	1.454427e-005	1.454370e-005	2.698817e-009
2.741100706797047e-008	9.584489e-008	1.303880e-007	1.454575e-005	1.454519e-005	2.699084e-009
2.741430145782726e-008	9.583636e-008	1.303862e-007	1.454724e-005	1.454667e-005	2.699351e-009
2.741759584768406e-008	9.582782e-008	1.303844e-007	1.454872e-005	1.454815e-005	2.699617e-009
2.742089023754085e-008	9.581927e-008	1.303826e-007	1.455020e-005	1.454963e-005	2.699882e-009
2.742418462739764e-008	9.581070e-008	1.303807e-007	1.455167e-005	1.455111e-005	2.700147e-009
2.766618462739792e-008	9.513936e-008	1.301282e-007	1.465543e-005	1.465483e-005	2.718150e-009
2.769461319882652e-008	9.505531e-008	1.300842e-007	1.466700e-005	1.466641e-005	2.720078e-009
2.772304177025512e-008	9.497027e-008	1.300375e-007	1.467846e-005	1.467786e-005	2.721967e-009
2.775147034168373e-008	9.488425e-008	1.299879e-007	1.468979e-005	1.468918e-005	2.723817e-009
2.777989891311233e-008	9.479723e-008	1.299355e-007	1.470099e-005	1.470039e-005	2.725628e-009
2.780832748454093e-008	9.470923e-008	1.298803e-007	1.471208e-005	1.471147e-005	2.727401e-009
2.783675605596954e-008	9.462024e-008	1.298223e-007	1.472304e-005	1.472242e-005	2.729134e-009
2.786518462739814e-008	9.453026e-008	1.297615e-007	1.473387e-005	1.473325e-005	2.730829e-009
2.787947034168387e-008	9.448466e-008	1.297299e-007	1.473927e-005	1.473865e-005	2.731666e-009
2.789375605596960e-008	9.443907e-008	1.296977e-007	1.474464e-005	1.474402e-005	2.732494e-009
2.790804177025533e-008	9.439350e-008	1.296646e-007	1.474998e-005	1.474936e-005	2.733313e-009
2.792232748454106e-008	9.434794e-008	1.296308e-007	1.475529e-005	1.475466e-005	2.734124e-009
2.793661319882679e-008	9.430240e-008	1.295963e-007	1.476056e-005	1.475994e-005	2.734925e-009
2.795089891311253e-008	9.425688e-008	1.295610e-007	1.476581e-005	1.476519e-005	2.735717e-009
2.796518462739826e-008	9.421137e-008	1.295249e-007	1.477103e-005	1.477041e-005	2.736501e-009
2.796618462739826e-008	9.420820e-008	1.295224e-007	1.477139e-005	1.477077e-005	2.736555e-009
2.800318462739830e-008	9.409182e-008	1.294248e-007	1.478475e-005	1.478413e-005	2.738544e-009
2.804018462739834e-008	9.397649e-008	1.293225e-007	1.479792e-005	1.479730e-005	2.740479e-009
2.807718462739838e-008	9.386219e-008	1.292156e-007	1.481088e-005	1.481028e-005	2.742358e-009
2.811418462739842e-008	9.374893e-008	1.291039e-007	1.482366e-005	1.482306e-005	2.744183e-009
2.815118462739847e-008	9.363672e-008	1.289875e-007	1.483623e-005	1.483564e-005	2.745953e-009
2.818818462739851e-008	9.352554e-008	1.288664e-007	1.484862e-005	1.484803e-005	2.747668e-009
2.822518462739855e-008	9.341540e-008	1.287406e-007	1.486080e-005	1.486022e-005	2.749328e-009
2.826618462739860e-008	9.329428e-008	1.285965e-007	1.487409e-005	1.487352e-005	2.751105e-009
2.826989891311289e-008	9.328335e-008	1.285832e-007	1.487528e-005	1.487471e-005	2.751263e-009
2.827361319882718e-008	9.327244e-008	1.285698e-007	1.487647e-005	1.487590e-005	2.751420e-009
2.827732748454147e-008	9.326153e-008	1.285564e-007	1.487766e-005	1.487709e-005	2.751577e-009
2.828104177025576e-008	9.325063e-008	1.285430e-007	1.487885e-005	1.487828e-005	2.751733e-009
2.828475605597005e-008	9.323974e-008	1.285295e-007	1.488003e-005	1.487946e-005	2.751889e-009
2.828847034168434e-008	9.322886e-008	1.285160e-007	1.488121e-005	1.488065e-005	2.752044e-009
2.829218462739863e-008	9.321798e-008	1.285024e-007	1.488240e-005	1.488183e-005	2.752198e-009
2.830432748454150e-008	9.318248e-008	1.284578e-007	1.488624e-005	1.488568e-005	2.752700e-009
2.831647034168437e-008	9.314702e-008	1.284128e-007	1.489007e-005	1.488951e-005	2.753195e-009
2.832861319882724e-008	9.311158e-008	1.283673e-007	1.489388e-005	1.489332e-005	2.753685e-009
2.834075605597011e-008	9.307616e-008	1.283215e-007	1.489767e-005	1.489711e-005	2.754169e-009
2.835289891311298e-008	9.304078e-008	1.282752e-007	1.490143e-005	1.490088e-005	2.754647e-009
2.836504177025585e-008	9.300542e-008	1.282285e-007	1.490518e-005	1.490463e-005	2.755119e-009
2.837718462739872e-008	9.297009e-008	1.281814e-007	1.490891e-005	1.490836e-005	2.755585e-009
2.840332748454161e-008	9.289422e-008	1.280785e-007	1.491687e-005	1.491632e-005	2.756569e-009
2.842947034168450e-008	9.281782e-008	1.279740e-007	1.492474e-005	1.492420e-005	2.757524e-009
2.845561319882738e-008	9.274088e-008	1.278678e-007	1.493252e-005	1.493198e-005	2.758450e-009
2.848175605597027e-008	9.266341e-008	1.277600e-007	1.494020e-005	1.493967e-005	2.759347e-009
2.850789891311316e-008	9.258541e-008	1.276505e-007	1.494780e-005	1.494728e-005	2.760214e-009
2.853404177025604e-008	9.250687e-008	1.275394e-007	1.495531e-005	1.495479e-005	2.761053e-009
2.856018462739893e-008	9.242780e-008	1.274266e-007	1.496273e-005	1.496222e-005	2.761863e-009
2.856618462739894e-008	9.240944e-008	1.274006e-007	1.496442e-005	1.496391e-005	2.762044e-009
2.858818462739896e-008	9.234175e-008	1.273043e-007	1.497058e-005	1.497007e-005	2.762696e-009
2.861018462739899e-008	9.227326e-008	1.272070e-007	1.497668e-005	1.497617e-005	2.763326e-009
2.863218462739901e-008	9.220397e-008	1.271087e-007	1.498272e-005	1.498221e-005	2.763933e-009
2.865418462739904e-008	9.213388e-008	1.270094e-007	1.498869e-005	1.498819e-005	2.764519e-009
2.867618462739906e-008	9.206299e-008	1.269090e-007	1.499461e-005	1.499411e-005	2.765083e-009
2.869818462739909e-008	9.199130e-008	1.268076e-007	1.500046e-005	1.499997e-005	2.765624e-009
2.872018462739911e-008	9.191881e-008	1.267051e-007	1.500625e-005	1.500576e-005	2.766144e-009
2.886618462739928e-008	9.141613e-008	1.259993e-007	1.504318e-005	1.504272e-005	2.769028e-009
2.916618462739962e-008	9.191793e-008	1.238658e-007	1.511109e-005	1.511068e-005	2.776672e-009
2.920089891311394e-008	9.374472e-008	1.230508e-007	1.511827e-005	1.511788e-005	2.782618e-009
2.923561319882827e-008	9.569442e-008	1.222515e-007	1.512533e-005	1.512494e-005	2.789245e-009
2.927032748454259e-008	9.776704e-008	1.214677e-007	1.513225e-005	1.513187e-005	2.796552e-009
2.930504177025692e-008	9.996256e-008	1.206995e-007	1.513904e-005	1.513866e-005	2.804539e-009
2.933975605597124e-008	1.022810e-007	1.199468e-007	1.514569e-005	1.514532e-005	2.813207e-009
2.937447034168557e-008	1.047223e-007	1.192097e-007	1.515222e-005	1.515185e-005	2.822554e-009
2.940918462739989e-008	1.072866e-007	1.184882e-007	1.515861e-005	1.515825e-005	2.832581e-009
2.946618462739996e-008	1.105736e-007	1.176812e-007	1.516882e-005	1.516848e-005	2.846906e-009
2.948147034168569e-008	1.113679e-007	1.175066e-007	1.517151e-005	1.517117e-005	2.850588e-009
2.949675605597142e-008	1.121342e-007	1.173431e-007	1.517416e-005	1.517383e-005	2.854211e-009
2.951204177025715e-008	1.128724e-007	1.171909e-007	1.517679e-005	1.517646e-005	2.857774e-009
2.952732748454288e-008	1.135826e-007	1.170499e-007	1.517940e-005	1.517907e-005	2.861277e-009
2.954261319882861e-008	1.142648e-007	1.169200e-007	1.518199e-005	1.518166e-005	2.864720e-009
2.955789891311435e-008	1.149190e-007	1.168014e-007	1.518454e-005	1.518422e-005	2.868103e-009
2.957318462740008e-008	1.155451e-007	1.166939e-007	1.518708e-005	1.518676e-005	2.871427e-009
2.965218462740017e-008	1.184518e-007	1.162363e-007	1.519980e-005	1.519949e-005	2.887762e-009
2.965318462740017e-008	1.184853e-007	1.162314e-007	1.520000e-005	1.519965e-005	2.887960e-009
2.965346530172922e-008	1.184946e-007	1.162301e-007	1.519998e-005	1.519969e-005	2.888016e-009
2.965369750167725e-008	1.185024e-007	1.162290e-007	1.519971e-005	1.519973e-005	2.888062e-009
2.965435441500248e-008	1.185243e-007	1.162258e-007	1.519774e-005	1.519983e-005	2.888191e-009
2.965502296798354e-008	1.185465e-007	1.162226e-007	1.519498e-005	1.520002e-005	2.888323e-009
2.965517682124672e-008	1.185516e-007	1.162218e-007	1.519424e-005	1.520009e-005	2.888354e-009
2.965530754580254e-008	1.185560e-007	1.162212e-007	1.519354e-005	1.520004e-005	2.888380e-009
2.965623324185285e-008	1.185879e-007	1.162110e-007	1.518732e-005	1.519727e-005	2.888542e-009
2.965715893790316e-008	1.186130e-007	1.162172e-007	1.517937e-005	1.519276e-005	2.888746e-009
2.965808463395347e-008	1.186314e-007	1.162399e-007	1.516969e-005	1.518652e-005	2.888989e-009
2.965901033000378e-008	1.186431e-007	1.162790e-007	1.515827e-005	1.517855e-005	2.889273e-009
2.965993602605409e-008	1.186480e-007	1.163345e-007	1.514511e-005	1.516884e-005	2.889598e-009
2.966086172210440e-008	1.186462e-007	1.164065e-007	1.513022e-005	1.515740e-005	2.889962e-009
2.966178741815472e-008	1.186376e-007	1.164949e-007	1.511359e-005	1.514423e-005	2.890367e-009
2.966278741815472e-008	1.186115e-007	1.166354e-007	1.509361e-005	1.512797e-005	2.890924e-009
2.966378741815472e-008	1.185703e-007	1.168161e-007	1.507158e-005	1.510965e-005	2.891586e-009
2.966478741815472e-008	1.185122e-007	1.170419e-007	1.504751e-005	1.508930e-005	2.892367e-009
2.966578741815472e-008	1.184356e-007	1.173176e-007	1.502141e-005	1.506690e-005	2.893282e-009
2.966678741815472e-008	1.183387e-007	1.176482e-007	1.499329e-005	1.504249e-005	2.894344e-009
2.966778741815472e-008	1.182200e-007	1.180386e-007	1.496317e-005	1.501605e-005	2.895568e-009
2.966878741815472e-008	1.180777e-007	1.184935e-007	1.493106e-005	1.498761e-005	2.896966e-009
2.967078741815473e-008	1.177160e-007	1.196166e-007	1.486090e-005	1.492476e-005	2.900344e-009
2.967278741815473e-008	1.172405e-007	1.210562e-007	1.478293e-005	1.485404e-005	2.904589e-009
2.967478741815473e-008	1.166381e-007	1.228509e-007	1.469727e-005	1.477555e-005	2.909812e-009
2.967678741815473e-008	1.158961e-007	1.250391e-007	1.460406e-005	1.468943e-005	2.916123e-009
2.967878741815473e-008	1.150017e-007	1.276592e-007	1.450345e-005	1.459581e-005	2.923636e-009
2.968078741815474e-008	1.139422e-007	1.307495e-007	1.439560e-005	1.449484e-005	2.932460e-009
2.968378741815474e-008	1.120160e-007	1.363496e-007	1.422061e-005	1.432997e-005	2.948398e-009
2.968678741815474e-008	1.096483e-007	1.432211e-007	1.403032e-005	1.414951e-005	2.967915e-009
2.968978741815475e-008	1.067978e-007	1.514916e-007	1.382541e-005	1.395410e-005	2.991386e-009
2.969278741815475e-008	1.034238e-007	1.612875e-007	1.360659e-005	1.374444e-005	3.019187e-009
2.969476063244047e-008	1.009247e-007	1.685426e-007	1.345480e-005	1.359849e-005	3.039769e-009
2.969673384672618e-008	9.814512e-008	1.766297e-007	1.329819e-005	1.344752e-005	3.062744e-009
2.969870706101190e-008	9.508498e-008	1.855490e-007	1.313674e-005	1.329153e-005	3.088112e-009
2.970068027529762e-008	9.174433e-008	1.953005e-007	1.297047e-005	1.313052e-005	3.115872e-009
2.970265348958333e-008	8.812314e-008	2.058840e-007	1.279937e-005	1.296449e-005	3.146025e-009
2.970462670386905e-008	8.422143e-008	2.172997e-007	1.262344e-005	1.279344e-005	3.178571e-009
2.970659991815476e-008	8.003920e-008	2.295475e-007	1.244269e-005	1.261737e-005	3.213510e-009
2.970809991815477e-008	7.660416e-008	2.396301e-007	1.230497e-005	1.248096e-005	3.242317e-009
2.970909991815477e-008	7.422166e-008	2.466298e-007	1.221304e-005	1.238940e-005	3.262330e-009
2.971395706101192e-008	6.166544e-008	2.834225e-007	1.176069e-005	1.193932e-005	3.367277e-009
2.971881420386906e-008	4.670299e-008	3.276888e-007	1.131003e-005	1.149051e-005	3.494450e-009
2.972367134672621e-008	2.933429e-008	3.794288e-007	1.086105e-005	1.104297e-005	3.643848e-009
2.972852848958336e-008	9.559345e-009	4.386424e-007	1.041377e-005	1.059670e-005	3.815472e-009
2.973338563244051e-008	-1.262184e-008	5.053298e-007	9.968177e-006	1.015171e-005	4.009321e-009
2.973824277529766e-008	-3.720926e-008	5.794907e-007	9.524275e-006	9.707996e-006	4.225396e-009
2.974309991815481e-008	-6.420293e-008	6.611254e-007	9.082062e-006	9.265552e-006	4.463697e-009
2.974424277529766e-008	-7.098309e-008	6.817394e-007	8.979868e-006	9.163191e-006	4.524112e-009
2.974538563244052e-008	-7.790859e-008	7.028245e-007	8.878133e-006	9.061257e-006	4.585972e-009
2.974652848958338e-008	-8.497944e-008	7.243807e-007	8.776857e-006	8.959750e-006	4.649277e-009
2.974767134672624e-008	-9.219563e-008	7.464079e-007	8.676041e-006	8.858670e-006	4.714026e-009
2.974881420386910e-008	-9.955717e-008	7.689062e-007	8.575683e-006	8.758017e-006	4.780221e-009
2.974995706101196e-008	-1.070641e-007	7.918755e-007	8.475785e-006	8.657791e-006	4.847860e-009
2.975109991815481e-008	-1.147163e-007	8.153159e-007	8.376346e-006	8.557992e-006	4.916944e-009
2.975209991815482e-008	-1.215305e-007	8.362172e-007	8.289803e-006	8.471106e-006	4.978606e-009
2.975809991815482e-008	-1.652548e-007	9.703465e-007	7.776178e-006	7.954761e-006	5.374220e-009
2.976409991815483e-008	-2.123812e-007	1.116490e-006	7.283250e-006	7.458335e-006	5.808925e-009
2.977009991815484e-008	-2.629099e-007	1.274647e-006	6.811019e-006	6.981828e-006	6.282720e-009
2.977609991815484e-008	-3.168408e-007	1.444818e-006	6.359487e-006	6.525241e-006	6.795606e-009
2.978209991815485e-008	-3.741738e-007	1.627003e-006	5.928652e-006	6.088572e-006	7.347583e-009
2.978809991815486e-008	-4.349091e-007	1.821202e-006	5.518514e-006	5.671822e-006	7.938650e-009
2.979409991815486e-008	-4.990466e-007	2.027414e-006	5.129074e-006	5.274992e-006	8.568808e-009
2.980109991815487e-008	-5.774998e-007	2.282115e-006	4.709763e-006	4.846321e-006	9.352663e-009
2.980809991815488e-008	-6.574016e-007	2.545123e-006	4.318694e-006	4.445655e-006	1.017043e-008
2.981509991815488e-008	-7.387518e-007	2.816439e-006	3.955868e-006	4.072992e-006	1.102210e-008
2.982209991815489e-008	-8.215504e-007	3.096064e-006	3.621285e-006	3.728333e-006	1.190769e-008
2.982909991815490e-008	-9.057975e-007	3.383996e-006	3.314944e-006	3.411678e-006	1.282718e-008
2.983609991815491e-008	-9.914931e-007	3.680237e-006	3.036847e-006	3.123027e-006	1.378059e-008
2.984309991815492e-008	-1.078637e-006	3.984785e-006	2.786991e-006	2.862380e-006	1.476791e-008
2.984952848958350e-008	-1.157911e-006	4.266340e-006	2.577592e-006	2.643331e-006	1.569052e-008
2.985595706101207e-008	-1.236094e-006	4.548254e-006	2.382997e-006	2.439279e-006	1.662351e-008
2.986238563244065e-008	-1.313186e-006	4.830527e-006	2.203207e-006	2.250226e-006	1.756689e-008
2.986881420386923e-008	-1.389186e-006	5.113160e-006	2.038221e-006	2.076170e-006	1.852065e-008
2.987524277529781e-008	-1.464096e-006	5.396151e-006	1.888039e-006	1.917112e-006	1.948479e-008
2.988167134672639e-008	-1.537915e-006	5.679502e-006	1.752661e-006	1.773052e-006	2.045931e-008
2.988809991815497e-008	-1.610643e-006	5.963212e-006	1.632087e-006	1.643990e-006	2.144422e-008
2.989238563244069e-008	-1.657897e-006	6.150606e-006	1.556424e-006	1.562837e-006	2.210090e-008
2.989667134672640e-008	-1.704269e-006	6.336834e-006	1.484655e-006	1.485689e-006	2.275812e-008
2.990095706101212e-008	-1.749762e-006	6.521896e-006	1.416782e-006	1.412544e-006	2.341586e-008
2.990524277529785e-008	-1.794374e-006	6.705791e-006	1.352804e-006	1.343404e-006	2.407412e-008
2.990952848958356e-008	-1.838106e-006	6.888520e-006	1.292722e-006	1.278268e-006	2.473292e-008
2.991381420386928e-008	-1.880958e-006	7.070083e-006	1.236535e-006	1.217136e-006	2.539223e-008
2.991809991815500e-008	-1.922930e-006	7.250479e-006	1.184243e-006	1.160008e-006	2.605208e-008
2.991909991815500e-008	-1.932572e-006	7.292304e-006	1.172350e-006	1.147008e-006	2.620578e-008
2.992009991815500e-008	-1.942162e-006	7.334048e-006	1.160593e-006	1.134182e-006	2.635944e-008
2.992209991815501e-008	-1.961185e-006	7.417287e-006	1.137414e-006	1.109035e-006	2.666665e-008
2.992281420386929e-008	-1.967928e-006	7.446935e-006	1.129241e-006	1.100218e-006	2.677633e-008
2.992352848958358e-008	-1.974644e-006	7.476539e-006	1.121128e-006	1.091482e-006	2.688599e-008
2.992424277529787e-008	-1.981333e-006	7.506099e-006	1.113073e-006	1.082827e-006	2.699561e-008
2.992495706101215e-008	-1.987995e-006	7.535615e-006	1.105077e-006	1.074253e-006	2.710521e-008
2.992567134672644e-008	-1.994630e-006	7.565087e-006	1.097141e-006	1.065761e-006	2.721479e-008
2.992638563244072e-008	-2.001237e-006	7.594515e-006	1.089263e-006	1.057349e-006	2.732434e-008
2.992709991815501e-008	-2.007817e-006	7.623899e-006	1.081445e-006	1.049020e-006	2.743386e-008
2.992809991815501e-008	-2.016984e-006	7.664961e-006	1.070771e-006	1.037486e-006	2.758714e-008
2.992909991815501e-008	-2.026097e-006	7.705933e-006	1.060498e-006	1.026095e-006	2.774035e-008
2.993009991815501e-008	-2.035156e-006	7.746816e-006	1.050634e-006	1.014822e-006	2.789350e-008
2.993309991815502e-008	-2.062002e-006	7.868900e-006	1.023297e-006	9.815781e-007	2.835248e-008
2.993509991815502e-008	-2.079616e-006	7.949801e-006	1.006880e-006	9.598904e-007	2.865802e-008
2.993609991815502e-008	-2.088347e-006	7.990117e-006	9.991346e-007	9.491689e-007	2.881065e-008
2.993640507295364e-008	-2.091001e-006	8.002400e-006	9.968023e-007	9.459142e-007	2.885721e-008
2.993653656859347e-008	-2.092141e-006	8.007688e-006	9.957857e-007	9.445162e-007	2.887726e-008
2.993688289969933e-008	-2.095139e-006	8.021603e-006	9.932812e-007	9.408352e-007	2.893007e-008
2.993722923080518e-008	-2.098128e-006	8.035504e-006	9.908225e-007	9.371977e-007	2.898287e-008
2.993757556191104e-008	-2.101110e-006	8.049391e-006	9.884097e-007	9.336038e-007	2.903565e-008
2.993792189301690e-008	-2.104084e-006	8.063264e-006	9.860427e-007	9.300534e-007	2.908841e-008
2.993826822412276e-008	-2.107051e-006	8.077124e-006	9.837216e-007	9.265465e-007	2.914116e-008
2.993861455522862e-008	-2.110010e-006	8.090969e-006	9.814464e-007	9.230832e-007	2.919389e-008
2.993896088633448e-008	-2.112962e-006	8.104801e-006	9.792170e-007	9.196634e-007	2.924661e-008
2.993996088633448e-008	-2.121454e-006	8.144687e-006	9.729935e-007	9.100767e-007	2.939877e-008
2.994096088633448e-008	-2.129882e-006	8.184450e-006	9.671361e-007	9.008401e-007	2.955076e-008
2.994196088633448e-008	-2.138245e-006	8.224088e-006	9.616447e-007	8.919536e-007	2.970258e-008
2.994296088633448e-008	-2.146544e-006	8.263603e-006	9.565195e-007	8.834172e-007	2.985422e-008
2.994396088633448e-008	-2.154778e-006	8.302994e-006	9.517603e-007	8.752308e-007	3.000570e-008
2.994496088633448e-008	-2.162947e-006	8.342261e-006	9.473673e-007	8.673945e-007	3.015700e-008
2.994596088633449e-008	-2.171052e-006	8.381404e-006	9.433403e-007	8.599083e-007	3.030813e-008
2.994696088633449e-008	-2.179098e-006	8.420428e-006	9.396203e-007	8.526820e-007	3.045907e-008
2.994730022621163e-008	-2.181814e-006	8.433643e-006	9.385566e-007	8.502867e-007	3.051024e-008
2.994741746314093e-008	-2.182749e-006	8.438202e-006	9.383032e-007	8.494651e-007	3.052791e-008
2.994745852300882e-008	-2.183076e-006	8.439798e-006	9.381808e-007	8.491841e-007	3.053410e-008
2.994746209755930e-008	-2.183105e-006	8.439937e-006	9.381593e-007	8.491608e-007	3.053464e-008
2.994746481090972e-008	-2.183127e-006	8.440043e-006	9.381403e-007	8.491434e-007	3.053505e-008
2.994746870834468e-008	-2.183157e-006	8.440194e-006	9.381183e-007	8.491178e-007	3.053563e-008
2.994747650321459e-008	-2.183220e-006	8.440496e-006	9.380819e-007	8.490659e-007	3.053681e-008
2.994748353084465e-008	-2.183275e-006	8.440770e-006	9.380538e-007	8.490187e-007	3.053787e-008
2.994748995258686e-008	-2.183327e-006	8.441019e-006	9.380306e-007	8.489753e-007	3.053884e-008
2.994749690993121e-008	-2.183382e-006	8.441290e-006	9.380065e-007	8.489282e-007	3.053988e-008
2.994750371649012e-008	-2.183436e-006	8.441554e-006	9.379834e-007	8.488821e-007	3.054091e-008
2.994751074983165e-008	-2.183492e-006	8.441828e-006	9.379596e-007	8.488344e-007	3.054197e-008
2.994751755223799e-008	-2.183546e-006	8.442092e-006	9.379366e-007	8.487884e-007	3.054300e-008
2.994752451141600e-008	-2.183602e-006	8.442362e-006	9.379131e-007	8.487413e-007	3.054404e-008
2.994753133479002e-008	-2.183656e-006	8.442627e-006	9.378899e-007	8.486951e-007	3.054507e-008
2.994753906898800e-008	-2.183718e-006	8.442928e-006	9.378637e-007	8.486427e-007	3.054624e-008
2.994754782235048e-008	-2.183788e-006	8.443268e-006	9.378340e-007	8.485836e-007	3.054755e-008
2.994755814793810e-008	-2.183870e-006	8.443669e-006	9.377989e-007	8.485138e-007	3.054911e-008
2.994758460433027e-008	-2.184080e-006	8.444697e-006	9.377089e-007	8.483353e-007	3.055310e-008
2.994763788564729e-008	-2.184504e-006	8.446767e-006	9.375275e-007	8.479765e-007	3.056112e-008
2.994769116696431e-008	-2.184928e-006	8.448836e-006	9.373463e-007	8.476190e-007	3.056915e-008
2.994774444828133e-008	-2.185351e-006	8.450905e-006	9.371650e-007	8.472627e-007	3.057718e-008
2.994779772959836e-008	-2.185774e-006	8.452973e-006	9.369838e-007	8.469078e-007	3.058520e-008
2.994785101091538e-008	-2.186197e-006	8.455041e-006	9.368026e-007	8.465542e-007	3.059323e-008
2.994790429223240e-008	-2.186620e-006	8.457108e-006	9.366215e-007	8.462018e-007	3.060125e-008
2.994795757354942e-008	-2.187043e-006	8.459175e-006	9.364404e-007	8.458508e-007	3.060927e-008
2.994924415843757e-008	-2.197185e-006	8.508966e-006	9.320788e-007	8.377028e-007	3.080282e-008
2.995053074332572e-008	-2.207215e-006	8.558524e-006	9.277404e-007	8.301368e-007	3.099598e-008
2.995181732821387e-008	-2.217131e-006	8.607849e-006	9.234251e-007	8.231529e-007	3.118874e-008
2.995310391310201e-008	-2.226933e-006	8.656940e-006	9.191330e-007	8.167510e-007	3.138111e-008
2.995439049799016e-008	-2.236622e-006	8.705798e-006	9.148641e-007	8.109311e-007	3.157309e-008
2.995567708287830e-008	-2.246198e-006	8.754422e-006	9.106183e-007	8.056932e-007	3.176467e-008
2.995696366776645e-008	-2.255660e-006	8.802813e-006	9.063956e-007	8.010373e-007	3.195587e-008
2.995796366776645e-008	-2.262941e-006	8.840268e-006	9.031275e-007	7.977811e-007	3.210419e-008
2.995842026464311e-008	-2.266244e-006	8.857326e-006	9.016394e-007	7.964460e-007	3.217184e-008
2.995855153394890e-008	-2.267190e-006	8.862221e-006	9.012123e-007	7.960860e-007	3.219127e-008
2.995868212387267e-008	-2.268129e-006	8.867088e-006	9.007878e-007	7.956829e-007	3.221059e-008
2.995870070051781e-008	-2.268263e-006	8.867780e-006	9.007275e-007	7.956202e-007	3.221334e-008
2.995870653180221e-008	-2.268304e-006	8.867997e-006	9.007085e-007	7.956037e-007	3.221421e-008
2.995871090746897e-008	-2.268336e-006	8.868160e-006	9.006943e-007	7.955932e-007	3.221485e-008
2.995871694894956e-008	-2.268379e-006	8.868386e-006	9.006747e-007	7.955776e-007	3.221575e-008
2.995872433278669e-008	-2.268432e-006	8.868660e-006	9.006507e-007	7.955575e-007	3.221684e-008
2.995873144356428e-008	-2.268483e-006	8.868925e-006	9.006276e-007	7.955375e-007	3.221789e-008
2.995873842196038e-008	-2.268533e-006	8.869185e-006	9.006049e-007	7.955172e-007	3.221892e-008
2.995874518050668e-008	-2.268582e-006	8.869437e-006	9.005830e-007	7.954972e-007	3.221993e-008
2.995875209741300e-008	-2.268632e-006	8.869694e-006	9.005605e-007	7.954765e-007	3.222095e-008
2.995875895042712e-008	-2.268681e-006	8.869950e-006	9.005382e-007	7.954558e-007	3.222196e-008
2.995876588772966e-008	-2.268731e-006	8.870208e-006	9.005157e-007	7.954347e-007	3.222299e-008
2.995877274744271e-008	-2.268780e-006	8.870464e-006	9.004934e-007	7.954138e-007	3.222400e-008
2.995877997110009e-008	-2.268832e-006	8.870732e-006	9.004700e-007	7.953918e-007	3.222507e-008
2.995878848192103e-008	-2.268893e-006	8.871049e-006	9.004423e-007	7.953657e-007	3.222633e-008
2.995879813805683e-008	-2.268962e-006	8.871409e-006	9.004110e-007	7.953362e-007	3.222776e-008
2.995880961658878e-008	-2.269044e-006	8.871836e-006	9.003737e-007	7.953010e-007	3.222946e-008
2.995883977095964e-008	-2.269261e-006	8.872959e-006	9.002757e-007	7.952085e-007	3.223392e-008
2.996057187733683e-008	-2.281571e-006	8.937201e-006	8.946738e-007	7.899130e-007	3.248971e-008
2.996230398371404e-008	-2.293679e-006	9.001011e-006	8.891117e-007	7.846558e-007	3.274472e-008
2.996403609009123e-008	-2.305586e-006	9.064391e-006	8.835893e-007	7.794370e-007	3.299895e-008
2.996576819646843e-008	-2.317291e-006	9.127340e-006	8.781067e-007	7.742565e-007	3.325240e-008
2.996750030284563e-008	-2.328796e-006	9.189858e-006	8.726638e-007	7.691144e-007	3.350507e-008
2.996923240922283e-008	-2.340099e-006	9.251946e-006	8.672607e-007	7.640107e-007	3.375696e-008
2.997096451560003e-008	-2.351200e-006	9.313603e-006	8.618973e-007	7.589454e-007	3.400808e-008
2.997196451560003e-008	-2.357521e-006	9.349007e-006	8.588185e-007	7.560379e-007	3.415270e-008
2.999353594417148e-008	-2.471987e-006	1.006859e-005	7.965233e-007	6.972830e-007	3.719857e-008
3.001510737274294e-008	-2.566504e-006	1.073924e-005	7.386454e-007	6.427542e-007	4.014198e-008
3.003667880131439e-008	-2.641074e-006	1.136094e-005	6.851848e-007	5.924515e-007	4.298293e-008
3.005825022988584e-008	-2.695695e-006	1.193369e-005	6.361415e-007	5.463750e-007	4.572143e-008
3.007982165845729e-008	-2.730369e-006	1.245751e-005	5.915154e-007	5.045247e-007	4.835748e-008
3.010139308702875e-008	-2.745094e-006	1.293238e-005	5.513066e-007	4.669006e-007	5.089107e-008
3.012296451560020e-008	-2.739871e-006	1.335831e-005	5.155151e-007	4.335026e-007	5.332220e-008
3.014410737274308e-008	-2.725762e-006	1.374498e-005	4.830908e-007	4.032880e-007	5.562360e-008
3.016525022988596e-008	-2.704401e-006	1.410532e-005	4.529125e-007	3.752042e-007	5.785306e-008
3.018639308702884e-008	-2.675789e-006	1.443935e-005	4.249801e-007	3.492513e-007	6.001057e-008
3.020753594417172e-008	-2.639925e-006	1.474705e-005	3.992938e-007	3.254293e-007	6.209614e-008
3.022867880131460e-008	-2.596810e-006	1.502843e-005	3.758535e-007	3.037381e-007	6.410977e-008
3.024982165845748e-008	-2.546444e-006	1.528350e-005	3.546592e-007	2.841778e-007	6.605145e-008
3.027096451560037e-008	-2.488826e-006	1.551224e-005	3.357109e-007	2.667485e-007	6.792119e-008
3.027196451560037e-008	-2.486124e-006	1.552280e-005	3.348332e-007	2.659413e-007	6.800844e-008
3.030267880131469e-008	-2.395849e-006	1.581809e-005	3.103252e-007	2.434664e-007	7.060604e-008
3.033339308702901e-008	-2.303123e-006	1.608494e-005	2.880232e-007	2.230623e-007	7.309847e-008
3.036410737274333e-008	-2.207945e-006	1.632336e-005	2.679272e-007	2.047287e-007	7.548574e-008
3.039482165845765e-008	-2.110316e-006	1.653334e-005	2.500372e-007	1.884659e-007	7.776784e-008
3.042553594417197e-008	-2.010235e-006	1.671487e-005	2.343532e-007	1.742737e-007	7.994477e-008
3.045625022988629e-008	-1.907703e-006	1.686797e-005	2.208752e-007	1.621522e-007	8.201653e-008
3.048696451560061e-008	-1.802720e-006	1.699263e-005	2.096032e-007	1.521013e-007	8.398313e-008
3.048796451560061e-008	-1.799286e-006	1.699673e-005	2.092380e-007	1.517753e-007	8.404660e-008
3.048824518992967e-008	-1.798417e-006	1.699778e-005	2.091358e-007	1.516841e-007	8.406462e-008
3.048847738896325e-008	-1.798433e-006	1.699791e-005	2.090514e-007	1.516087e-007	8.407881e-008
3.048913426124344e-008	-1.810370e-006	1.698639e-005	2.088130e-007	1.513960e-007	8.411638e-008
3.048980278489194e-008	-1.837438e-006	1.695976e-005	2.085712e-007	1.511800e-007	8.418161e-008
3.049080278489194e-008	-1.897670e-006	1.690019e-005	2.082105e-007	1.508579e-007	8.434182e-008
3.049180278489194e-008	-1.980842e-006	1.681769e-005	2.078511e-007	1.505368e-007	8.459039e-008
3.049280278489194e-008	-2.088057e-006	1.671119e-005	2.074931e-007	1.502167e-007	8.494563e-008
3.049380278489194e-008	-2.218339e-006	1.658165e-005	2.071366e-007	1.498977e-007	8.541823e-008
3.049480278489194e-008	-2.370600e-006	1.643018e-005	2.067815e-007	1.495795e-007	8.601980e-008
3.049580278489194e-008	-2.543588e-006	1.625804e-005	2.064278e-007	1.492623e-007	8.676323e-008
3.049680278489195e-008	-2.735905e-006	1.606663e-005	2.060754e-007	1.489459e-007	8.766258e-008
3.049880278489195e-008	-3.172340e-006	1.563222e-005	2.053750e-007	1.483155e-007	8.998961e-008
3.050080278489195e-008	-3.666724e-006	1.514018e-005	2.046800e-007	1.476880e-007	9.312745e-008
3.050280278489195e-008	-4.205185e-006	1.460441e-005	2.039906e-007	1.470632e-007	9.720493e-008
3.050480278489195e-008	-4.774025e-006	1.403862e-005	2.033066e-007	1.464410e-007	1.023446e-007
3.050680278489196e-008	-5.360454e-006	1.345562e-005	2.026280e-007	1.458212e-007	1.086560e-007
3.050880278489196e-008	-5.953144e-006	1.286674e-005	2.019547e-007	1.452038e-007	1.162306e-007
3.051080278489196e-008	-6.542588e-006	1.228148e-005	2.012867e-007	1.445888e-007	1.251397e-007
3.051280278489196e-008	-7.121248e-006	1.170736e-005	2.006240e-007	1.439763e-007	1.354338e-007
3.051480278489197e-008	-7.683552e-006	1.114994e-005	1.999665e-007	1.433662e-007	1.471437e-007
3.051680278489197e-008	-8.225768e-006	1.061292e-005	1.993141e-007	1.427586e-007	1.602825e-007
3.051780278489197e-008	-8.488633e-006	1.035278e-005	1.989899e-007	1.424559e-007	1.673877e-007
3.051880278489197e-008	-8.745803e-006	1.009840e-005	1.986669e-007	1.421538e-007	1.748484e-007
3.051980278489197e-008	-8.997784e-006	9.849274e-006	1.983450e-007	1.418522e-007	1.826228e-007
3.052034141092168e-008	-9.130574e-006	9.718050e-006	1.981722e-007	1.416901e-007	1.869651e-007
3.052099539142684e-008	-9.288567e-006	9.561986e-006	1.979629e-007	1.414936e-007	1.923897e-007
3.052134316043176e-008	-9.371690e-006	9.479900e-006	1.978518e-007	1.413892e-007	1.953342e-007
3.052179902685395e-008	-9.480549e-006	9.372412e-006	1.977065e-007	1.412525e-007	1.992506e-007
3.052196374189077e-008	-9.520136e-006	9.333325e-006	1.976540e-007	1.412031e-007	2.006762e-007
3.052201158715029e-008	-9.531731e-006	9.321874e-006	1.976387e-007	1.411888e-007	2.010921e-007
3.052204699095298e-008	-9.540355e-006	9.313359e-006	1.976275e-007	1.411782e-007	2.014001e-007
3.052206117741788e-008	-9.543813e-006	9.309943e-006	1.976230e-007	1.411740e-007	2.015236e-007
3.052206535297700e-008	-9.544832e-006	9.308937e-006	1.976216e-007	1.411727e-007	2.015600e-007
3.052206606329885e-008	-9.545005e-006	9.308766e-006	1.976214e-007	1.411725e-007	2.015662e-007
3.052206636823316e-008	-9.545080e-006	9.308692e-006	1.976213e-007	1.411724e-007	2.015689e-007
3.052206681998915e-008	-9.545190e-006	9.308584e-006	1.976212e-007	1.411723e-007	2.015728e-007
3.052206737868105e-008	-9.545326e-006	9.308449e-006	1.976210e-007	1.411721e-007	2.015776e-007
3.052206797175583e-008	-9.545471e-006	9.308305e-006	1.976208e-007	1.411719e-007	2.015828e-007
3.052206852310385e-008	-9.545605e-006	9.308173e-006	1.976206e-007	1.411718e-007	2.015876e-007
3.052206915163442e-008	-9.545759e-006	9.308022e-006	1.976204e-007	1.411716e-007	2.015931e-007
3.052206985551701e-008	-9.545931e-006	9.307852e-006	1.976202e-007	1.411714e-007	2.015992e-007
3.052207070221648e-008	-9.546137e-006	9.307648e-006	1.976199e-007	1.411711e-007	2.016066e-007
3.052207167111993e-008	-9.546374e-006	9.307414e-006	1.976196e-007	1.411708e-007	2.016150e-007
3.052207286693154e-008	-9.546666e-006	9.307126e-006	1.976192e-007	1.411705e-007	2.016255e-007
3.052207432440590e-008	-9.547021e-006	9.306775e-006	1.976188e-007	1.411700e-007	2.016382e-007
3.052207626461276e-008	-9.547495e-006	9.306307e-006	1.976182e-007	1.411694e-007	2.016551e-007
3.052208302477540e-008	-9.549145e-006	9.304677e-006	1.976160e-007	1.411674e-007	2.017140e-007
3.052348911017116e-008	-9.902173e-006	8.956004e-006	1.971700e-007	1.407471e-007	2.142339e-007
3.052489519556692e-008	-1.026513e-005	8.597557e-006	1.967264e-007	1.403279e-007	2.272222e-007
3.052630128096267e-008	-1.063801e-005	8.229337e-006	1.962851e-007	1.399099e-007	2.406788e-007
3.052770736635843e-008	-1.102082e-005	7.851344e-006	1.958463e-007	1.394930e-007	2.546039e-007
3.052911345175418e-008	-1.141356e-005	7.463578e-006	1.954099e-007	1.390774e-007	2.689973e-007
3.053051953714995e-008	-1.181622e-005	7.066039e-006	1.949758e-007	1.386628e-007	2.838591e-007
3.053192562254570e-008	-1.222882e-005	6.658726e-006	1.945442e-007	1.382494e-007	2.991893e-007
3.053292562254570e-008	-1.252693e-005	6.364481e-006	1.942387e-007	1.379561e-007	3.103738e-007
3.053392562254570e-008	-1.282833e-005	6.067036e-006	1.939343e-007	1.376632e-007	3.217834e-007
3.053492562254571e-008	-1.313302e-005	5.766391e-006	1.936312e-007	1.373708e-007	3.334179e-007
3.053592562254571e-008	-1.344099e-005	5.462547e-006	1.933292e-007	1.370790e-007	3.452775e-007
3.053692562254571e-008	-1.375226e-005	5.155503e-006	1.930284e-007	1.367876e-007	3.573621e-007
3.053792562254571e-008	-1.406681e-005	4.845260e-006	1.927288e-007	1.364967e-007	3.696717e-007
3.053892562254571e-008	-1.438466e-005	4.531817e-006	1.924304e-007	1.362064e-007	3.822064e-007
3.053992562254571e-008	-1.470427e-005	4.216691e-006	1.921331e-007	1.359164e-007	3.949542e-007
3.054592562254572e-008	-1.665515e-005	2.294700e-006	1.903738e-007	1.341865e-007	4.759123e-007
3.054692562254572e-008	-1.698277e-005	1.972191e-006	1.900844e-007	1.338997e-007	4.900962e-007
3.054720629699242e-008	-1.707463e-005	1.881784e-006	1.900033e-007	1.338193e-007	4.941136e-007
3.054743666675954e-008	-1.714937e-005	1.808243e-006	1.899369e-007	1.337533e-007	4.974349e-007
3.054776073878617e-008	-1.725142e-005	1.707891e-006	1.898436e-007	1.336605e-007	5.021510e-007
3.054809588181236e-008	-1.735268e-005	1.608393e-006	1.897473e-007	1.335647e-007	5.070894e-007
3.054876616786472e-008	-1.754560e-005	1.419028e-006	1.895550e-007	1.333733e-007	5.171089e-007
3.054976616786472e-008	-1.781375e-005	1.156222e-006	1.892691e-007	1.330881e-007	5.323488e-007
3.055076616786472e-008	-1.805728e-005	9.180745e-007	1.889842e-007	1.328036e-007	5.479488e-007
3.055176616786472e-008	-1.827292e-005	7.078640e-007	1.887003e-007	1.325198e-007	5.639480e-007
3.055276616786473e-008	-1.845955e-005	5.266908e-007	1.884176e-007	1.322367e-007	5.803536e-007
3.055376616786473e-008	-1.861639e-005	3.753226e-007	1.881360e-007	1.319546e-007	5.971702e-007
3.055476616786473e-008	-1.874301e-005	2.541724e-007	1.878555e-007	1.316733e-007	6.144002e-007
3.055576616786473e-008	-1.883932e-005	1.633240e-007	1.875760e-007	1.313930e-007	6.320433e-007
3.055676616786473e-008	-1.890552e-005	1.025599e-007	1.872977e-007	1.311138e-007	6.500978e-007
3.055776616786473e-008	-1.894210e-005	7.138717e-008	1.870204e-007	1.308357e-007	6.685598e-007
3.055876616786473e-008	-1.894980e-005	6.905669e-008	1.867442e-007	1.305587e-007	6.874236e-007
3.055976616786473e-008	-1.892959e-005	9.457322e-008	1.864691e-007	1.302830e-007	7.066820e-007
3.056076616786473e-008	-1.888271e-005	1.466991e-007	1.861951e-007	1.300085e-007	7.263262e-007
3.056176616786474e-008	-1.881062e-005	2.239563e-007	1.859221e-007	1.297354e-007	7.463453e-007
3.056276616786474e-008	-1.871504e-005	3.246326e-007	1.856502e-007	1.294637e-007	7.667268e-007
3.056376616786474e-008	-1.859787e-005	4.467977e-007	1.853793e-007	1.291934e-007	7.874563e-007
3.056476616786474e-008	-1.846123e-005	5.883322e-007	1.851094e-007	1.289245e-007	8.085179e-007
3.056576616786474e-008	-1.830740e-005	7.469672e-007	1.848407e-007	1.286571e-007	8.298944e-007
3.056676616786474e-008	-1.813871e-005	9.203353e-007	1.845729e-007	1.283913e-007	8.515673e-007
3.056776616786474e-008	-1.795760e-005	1.106025e-006	1.843062e-007	1.281269e-007	8.735175e-007
3.056976616786475e-008	-1.756761e-005	1.504826e-006	1.837759e-007	1.276029e-007	9.181717e-007
3.057276616786475e-008	-1.694643e-005	2.138319e-006	1.829881e-007	1.268284e-007	9.867522e-007
3.057576616786475e-008	-1.632648e-005	2.769545e-006	1.822094e-007	1.260678e-007	1.056836e-006
3.057876616786476e-008	-1.574364e-005	3.362652e-006	1.814397e-007	1.253205e-007	1.128037e-006
3.058176616786476e-008	-1.521858e-005	3.897057e-006	1.806788e-007	1.245861e-007	1.200064e-006
3.058476616786476e-008	-1.475961e-005	4.364550e-006	1.799267e-007	1.238639e-007	1.272709e-006
3.058776616786477e-008	-1.436637e-005	4.765569e-006	1.791832e-007	1.231533e-007	1.345823e-006
3.059076616786477e-008	-1.403331e-005	5.105754e-006	1.784483e-007	1.224538e-007	1.419298e-006
3.059305188215048e-008	-1.382325e-005	5.320804e-006	1.778942e-007	1.219283e-007	1.475554e-006
3.059533759643620e-008	-1.363095e-005	5.517833e-006	1.773447e-007	1.214083e-007	1.531848e-006
3.059762331072192e-008	-1.345642e-005	5.696841e-006	1.768000e-007	1.208939e-007	1.588179e-006
3.059990902500764e-008	-1.329964e-005	5.857828e-006	1.762601e-007	1.203849e-007	1.644546e-006
3.060219473929336e-008	-1.316063e-005	6.000795e-006	1.757248e-007	1.198815e-007	1.700951e-006
3.060448045357907e-008	-1.303937e-005	6.125740e-006	1.751943e-007	1.193837e-007	1.757392e-006
3.060676616786479e-008	-1.293588e-005	6.232664e-006	1.746685e-007	1.188913e-007	1.813870e-006
3.061076616786479e-008	-1.276989e-005	6.404170e-006	1.737598e-007	1.180422e-007	1.912809e-006
3.061476616786480e-008	-1.261375e-005	6.565293e-006	1.728642e-007	1.172073e-007	2.010720e-006
3.061876616786480e-008	-1.246746e-005	6.716033e-006	1.719818e-007	1.163868e-007	2.107604e-006
3.062276616786481e-008	-1.233102e-005	6.856391e-006	1.711126e-007	1.155806e-007	2.203460e-006
3.062676616786481e-008	-1.220444e-005	6.986365e-006	1.702567e-007	1.147886e-007	2.298290e-006
3.063076616786481e-008	-1.208770e-005	7.105956e-006	1.694139e-007	1.140110e-007	2.392092e-006
3.063476616786482e-008	-1.198082e-005	7.215165e-006	1.685844e-007	1.132476e-007	2.484866e-006
3.064405188215054e-008	-1.173995e-005	7.459441e-006	1.667108e-007	1.115315e-007	2.693490e-006
3.065333759643627e-008	-1.151625e-005	7.684641e-006	1.648957e-007	1.098761e-007	2.890247e-006
3.066262331072199e-008	-1.130973e-005	7.890763e-006	1.631393e-007	1.082814e-007	3.075137e-006
3.067190902500772e-008	-1.112038e-005	8.077808e-006	1.614413e-007	1.067476e-007	3.248161e-006
3.068119473929344e-008	-1.094820e-005	8.245776e-006	1.598020e-007	1.052744e-007	3.409319e-006
3.069048045357917e-008	-1.079319e-005	8.394667e-006	1.582212e-007	1.038621e-007	3.558609e-006
3.069976616786489e-008	-1.065535e-005	8.524480e-006	1.566989e-007	1.025105e-007	3.696034e-006
3.070776616786490e-008	-1.054677e-005	8.625157e-006	1.554264e-007	1.013849e-007	3.804021e-006
3.071576616786491e-008	-1.044594e-005	8.717235e-006	1.541876e-007	1.002927e-007	3.905325e-006
3.072376616786492e-008	-1.035287e-005	8.800716e-006	1.529824e-007	9.923398e-008	3.999946e-006
3.073176616786493e-008	-1.026756e-005	8.875598e-006	1.518109e-007	9.820870e-008	4.087884e-006
3.073976616786494e-008	-1.018999e-005	8.941883e-006	1.506730e-007	9.721687e-008	4.169138e-006
3.074776616786495e-008	-1.012019e-005	8.999569e-006	1.495689e-007	9.625849e-008	4.243710e-006
3.075576616786496e-008	-1.005814e-005	9.048657e-006	1.484983e-007	9.533355e-008	4.311598e-006
3.075805188215067e-008	-1.004102e-005	9.061986e-006	1.481973e-007	9.507384e-008	4.330385e-006
3.076033759643639e-008	-1.002441e-005	9.074755e-006	1.478986e-007	9.481643e-008	4.348799e-006
3.076262331072210e-008	-1.000831e-005	9.086965e-006	1.476022e-007	9.456131e-008	4.366838e-006
3.076490902500783e-008	-9.992722e-006	9.098615e-006	1.473082e-007	9.430848e-008	4.384502e-006
3.076719473929354e-008	-9.977639e-006	9.109707e-006	1.470166e-007	9.405795e-008	4.401793e-006
3.076948045357926e-008	-9.963066e-006	9.120239e-006	1.467273e-007	9.380971e-008	4.418710e-006
3.077176616786497e-008	-9.949001e-006	9.130212e-006	1.464404e-007	9.356376e-008	4.435252e-006
3.077276616786498e-008	-9.943573e-006	9.133837e-006	1.463156e-007	9.345683e-008	4.442387e-006
3.077376616786498e-008	-9.939195e-006	9.136405e-006	1.461911e-007	9.335022e-008	4.449464e-006
3.077414116786497e-008	-9.938934e-006	9.135986e-006	1.461445e-007	9.331038e-008	4.452085e-006
3.077464116786497e-008	-9.939415e-006	9.134596e-006	1.460826e-007	9.325736e-008	4.455555e-006
3.077533813518692e-008	-9.939609e-006	9.133131e-006	1.459965e-007	9.318363e-008	4.460370e-006
3.077729619129522e-008	-9.937118e-006	9.132036e-006	1.457555e-007	9.297749e-008	4.473768e-006
3.078029619129522e-008	-9.934211e-006	9.129399e-006	1.453894e-007	9.266460e-008	4.493828e-006
3.078127833415237e-008	-9.933229e-006	9.128553e-006	1.452704e-007	9.256295e-008	4.500275e-006
3.078226047700951e-008	-9.932252e-006	9.127695e-006	1.451518e-007	9.246167e-008	4.506665e-006
3.078324261986666e-008	-9.931282e-006	9.126824e-006	1.450335e-007	9.236076e-008	4.512998e-006
3.078422476272379e-008	-9.930318e-006	9.125942e-006	1.449157e-007	9.226022e-008	4.519274e-006
3.078520690558094e-008	-9.929360e-006	9.125047e-006	1.447983e-007	9.216005e-008	4.525493e-006
3.078618904843808e-008	-9.928408e-006	9.124139e-006	1.446812e-007	9.206025e-008	4.531656e-006
3.078717119129523e-008	-9.927462e-006	9.123220e-006	1.445646e-007	9.196082e-008	4.537761e-006
3.078729619129522e-008	-9.927253e-006	9.123190e-006	1.445498e-007	9.194820e-008	4.538533e-006
3.078754619129522e-008	-9.926505e-006	9.123462e-006	1.445202e-007	9.192298e-008	4.540069e-006
3.078865637391084e-008	-9.923317e-006	9.124528e-006	1.443890e-007	9.181127e-008	4.546765e-006
3.078947054559642e-008	-9.921520e-006	9.124764e-006	1.442932e-007	9.172964e-008	4.551539e-006
3.079028471728201e-008	-9.919851e-006	9.124869e-006	1.441976e-007	9.164826e-008	4.556207e-006
3.079109888896759e-008	-9.918308e-006	9.124841e-006	1.441023e-007	9.156713e-008	4.560769e-006
3.079191306065317e-008	-9.916893e-006	9.124682e-006	1.440072e-007	9.148624e-008	4.565225e-006
3.079272723233875e-008	-9.915606e-006	9.124392e-006	1.439124e-007	9.140560e-008	4.569575e-006
3.079354140402433e-008	-9.914445e-006	9.123969e-006	1.438178e-007	9.132520e-008	4.573820e-006
3.079435557570991e-008	-9.913412e-006	9.123415e-006	1.437235e-007	9.124506e-008	4.577959e-006
3.079535557570991e-008	-9.912552e-006	9.122322e-006	1.436081e-007	9.114696e-008	4.582886e-006
3.079635557570992e-008	-9.912388e-006	9.120526e-006	1.434930e-007	9.104923e-008	4.587618e-006
3.079735557570992e-008	-9.913086e-006	9.117864e-006	1.433783e-007	9.095180e-008	4.592160e-006
3.079766661832916e-008	-9.913573e-006	9.116763e-006	1.433427e-007	9.092156e-008	4.593524e-006
3.079774578617781e-008	-9.913759e-006	9.116423e-006	1.433336e-007	9.091388e-008	4.593864e-006
3.079778888775929e-008	-9.913854e-006	9.116242e-006	1.433287e-007	9.090969e-008	4.594047e-006
3.079781258391048e-008	-9.913892e-006	9.116157e-006	1.433260e-007	9.090740e-008	4.594148e-006
3.079782089270505e-008	-9.913904e-006	9.116129e-006	1.433251e-007	9.090659e-008	4.594183e-006
3.079782271829060e-008	-9.913906e-006	9.116124e-006	1.433248e-007	9.090641e-008	4.594191e-006
3.079782313195803e-008	-9.913906e-006	9.116123e-006	1.433248e-007	9.090638e-008	4.594193e-006
3.079782356808259e-008	-9.913907e-006	9.116121e-006	1.433248e-007	9.090633e-008	4.594195e-006
3.079782411094250e-008	-9.913907e-006	9.116120e-006	1.433247e-007	9.090628e-008	4.594197e-006
3.079782508352071e-008	-9.913909e-006	9.116116e-006	1.433246e-007	9.090618e-008	4.594201e-006
3.079782596937517e-008	-9.913910e-006	9.116114e-006	1.433245e-007	9.090610e-008	4.594205e-006
3.079782723849116e-008	-9.913911e-006	9.116110e-006	1.433243e-007	9.090597e-008	4.594210e-006
3.079782852563729e-008	-9.913912e-006	9.116106e-006	1.433242e-007	9.090585e-008	4.594216e-006
3.079783053854741e-008	-9.913914e-006	9.116100e-006	1.433240e-007	9.090565e-008	4.594224e-006
3.079783290223868e-008	-9.913917e-006	9.116093e-006	1.433237e-007	9.090542e-008	4.594234e-006
3.079848858097329e-008	-9.911296e-006	9.117419e-006	1.432489e-007	9.084194e-008	4.596962e-006
3.079914425970790e-008	-9.906413e-006	9.121002e-006	1.431742e-007	9.077861e-008	4.599604e-006
3.079979993844250e-008	-9.899268e-006	9.126841e-006	1.430998e-007	9.071545e-008	4.602162e-006
3.080045561717712e-008	-9.889862e-006	9.134937e-006	1.430254e-007	9.065245e-008	4.604635e-006
3.080111129591173e-008	-9.878193e-006	9.145290e-006	1.429512e-007	9.058962e-008	4.607024e-006
3.080176697464633e-008	-9.864263e-006	9.157899e-006	1.428772e-007	9.052694e-008	4.609327e-006
3.080242265338094e-008	-9.848070e-006	9.172764e-006	1.428033e-007	9.046443e-008	4.611546e-006
3.080285449710699e-008	-9.836366e-006	9.183591e-006	1.427548e-007	9.042335e-008	4.612967e-006
3.080298188557802e-008	-9.832486e-006	9.187211e-006	1.427404e-007	9.041126e-008	4.613374e-006
3.080428970811730e-008	-9.796329e-006	9.220678e-006	1.425940e-007	9.028756e-008	4.617350e-006
3.080559753065657e-008	-9.761848e-006	9.252445e-006	1.424482e-007	9.016453e-008	4.621105e-006
3.080690535319585e-008	-9.729045e-006	9.282511e-006	1.423030e-007	9.004218e-008	4.624640e-006
3.080821317573513e-008	-9.697918e-006	9.310877e-006	1.421584e-007	8.992051e-008	4.627954e-006
3.080952099827441e-008	-9.668468e-006	9.337543e-006	1.420145e-007	8.979952e-008	4.631048e-006
3.081082882081368e-008	-9.640694e-006	9.362508e-006	1.418712e-007	8.967919e-008	4.633921e-006
3.081213664335296e-008	-9.614598e-006	9.385773e-006	1.417285e-007	8.955955e-008	4.636574e-006
3.081313664335296e-008	-9.595138e-006	9.403055e-006	1.416198e-007	8.946845e-008	4.638474e-006
3.081355928893989e-008	-9.587176e-006	9.410094e-006	1.415739e-007	8.943005e-008	4.639240e-006
3.081368508002147e-008	-9.584876e-006	9.412119e-006	1.415603e-007	8.941863e-008	4.639460e-006
3.081381014406570e-008	-9.582614e-006	9.414108e-006	1.415468e-007	8.940730e-008	4.639674e-006
3.081382736320473e-008	-9.582298e-006	9.414385e-006	1.415449e-007	8.940575e-008	4.639704e-006
3.081383332644562e-008	-9.582188e-006	9.414482e-006	1.415443e-007	8.940521e-008	4.639714e-006
3.081383789773932e-008	-9.582103e-006	9.414556e-006	1.415438e-007	8.940479e-008	4.639722e-006
3.081384408363450e-008	-9.581990e-006	9.414656e-006	1.415431e-007	8.940422e-008	4.639733e-006
3.081385137517236e-008	-9.581855e-006	9.414775e-006	1.415423e-007	8.940356e-008	4.639745e-006
3.081385850191491e-008	-9.581724e-006	9.414891e-006	1.415415e-007	8.940292e-008	4.639758e-006
3.081386543754319e-008	-9.581596e-006	9.415004e-006	1.415408e-007	8.940229e-008	4.639769e-006
3.081387223576337e-008	-9.581470e-006	9.415114e-006	1.415401e-007	8.940167e-008	4.639781e-006
3.081387912715101e-008	-9.581343e-006	9.415226e-006	1.415393e-007	8.940106e-008	4.639793e-006
3.081388600335520e-008	-9.581217e-006	9.415337e-006	1.415386e-007	8.940043e-008	4.639805e-006
3.081389291950325e-008	-9.581088e-006	9.415450e-006	1.415378e-007	8.939980e-008	4.639817e-006
3.081389979598210e-008	-9.580962e-006	9.415562e-006	1.415371e-007	8.939918e-008	4.639829e-006
3.081390712269091e-008	-9.580826e-006	9.415682e-006	1.415363e-007	8.939852e-008	4.639841e-006
3.081391572205101e-008	-9.580667e-006	9.415822e-006	1.415354e-007	8.939774e-008	4.639856e-006
3.081392552024782e-008	-9.580485e-006	9.415982e-006	1.415343e-007	8.939685e-008	4.639873e-006
3.081393714271547e-008	-9.580270e-006	9.416172e-006	1.415330e-007	8.939580e-008	4.639893e-006
3.081396784731025e-008	-9.579700e-006	9.416675e-006	1.415297e-007	8.939302e-008	4.639946e-006
3.081699378472877e-008	-9.522101e-006	9.467572e-006	1.412042e-007	8.912093e-008	4.645166e-006
3.082001972214729e-008	-9.464863e-006	9.518004e-006	1.408819e-007	8.885216e-008	4.650379e-006
3.082304565956580e-008	-9.407985e-006	9.567972e-006	1.405628e-007	8.858670e-008	4.655584e-006
3.082607159698432e-008	-9.351467e-006	9.617475e-006	1.402469e-007	8.832455e-008	4.660781e-006
3.082909753440284e-008	-9.295309e-006	9.666515e-006	1.399342e-007	8.806571e-008	4.665969e-006
3.083212347182136e-008	-9.239511e-006	9.715090e-006	1.396246e-007	8.781018e-008	4.671150e-006
3.083514940923988e-008	-9.184073e-006	9.763200e-006	1.393183e-007	8.755796e-008	4.676323e-006
3.085500655209704e-008	-8.831449e-006	1.006444e-005	1.374031e-007	8.600246e-008	4.710125e-006
3.087486369495421e-008	-8.493068e-006	1.034880e-005	1.355873e-007	8.454656e-008	4.743690e-006
3.089472083781137e-008	-8.168930e-006	1.061630e-005	1.338710e-007	8.319026e-008	4.777017e-006
3.091457798066854e-008	-7.859036e-006	1.086692e-005	1.322542e-007	8.193355e-008	4.810107e-006
3.093443512352570e-008	-7.563385e-006	1.110068e-005	1.307368e-007	8.077644e-008	4.842960e-006
3.095429226638287e-008	-7.281978e-006	1.131757e-005	1.293189e-007	7.971892e-008	4.875576e-006
3.097414940924003e-008	-7.014813e-006	1.151758e-005	1.280005e-007	7.876100e-008	4.907955e-006
3.098500655209719e-008	-6.873324e-006	1.162214e-005	1.273027e-007	7.825814e-008	4.925572e-006
3.099586369495434e-008	-6.735185e-006	1.172304e-005	1.266237e-007	7.777315e-008	4.943126e-006
3.100672083781150e-008	-6.600395e-006	1.182028e-005	1.259637e-007	7.730604e-008	4.960617e-006
3.101757798066866e-008	-6.468955e-006	1.191387e-005	1.253226e-007	7.685680e-008	4.978046e-006
3.102843512352581e-008	-6.340865e-006	1.200380e-005	1.247004e-007	7.642545e-008	4.995412e-006
3.103929226638297e-008	-6.216124e-006	1.209008e-005	1.240972e-007	7.601198e-008	5.012716e-006
3.105014940924012e-008	-6.094733e-006	1.217270e-005	1.235128e-007	7.561638e-008	5.029957e-006
3.105114940924012e-008	-6.083689e-006	1.218017e-005	1.234597e-007	7.558050e-008	5.031542e-006
3.109157798066874e-008	-5.665970e-006	1.245057e-005	1.214739e-007	7.428610e-008	5.095139e-006
3.113200655209735e-008	-5.278951e-006	1.269076e-005	1.196175e-007	7.310070e-008	5.158007e-006
3.117243512352597e-008	-4.922632e-006	1.290073e-005	1.178906e-007	7.202431e-008	5.220144e-006
3.121286369495459e-008	-4.597014e-006	1.308048e-005	1.162931e-007	7.105694e-008	5.281551e-006
3.125329226638321e-008	-4.302095e-006	1.323003e-005	1.148250e-007	7.019857e-008	5.342228e-006
3.129372083781182e-008	-4.037877e-006	1.334936e-005	1.134864e-007	6.944921e-008	5.402175e-006
3.133414940924044e-008	-3.804359e-006	1.343848e-005	1.122772e-007	6.880887e-008	5.461392e-006
3.135114940924046e-008	-3.709760e-006	1.347349e-005	1.117705e-007	6.853556e-008	5.486123e-006
3.137229226638334e-008	-3.597830e-006	1.351178e-005	1.111597e-007	6.820997e-008	5.516717e-006
3.139343512352622e-008	-3.490648e-006	1.354593e-005	1.105628e-007	6.789359e-008	5.547143e-006
3.141457798066911e-008	-3.388213e-006	1.357592e-005	1.099800e-007	6.758641e-008	5.577402e-006
3.143572083781198e-008	-3.290526e-006	1.360176e-005	1.094111e-007	6.728843e-008	5.607494e-006
3.145686369495487e-008	-3.197587e-006	1.362346e-005	1.088563e-007	6.699965e-008	5.637419e-006
3.147800655209774e-008	-3.109395e-006	1.364100e-005	1.083154e-007	6.672008e-008	5.667176e-006
3.149914940924063e-008	-3.025951e-006	1.365439e-005	1.077885e-007	6.644970e-008	5.696766e-006
3.150114940924063e-008	-3.018209e-006	1.365554e-005	1.077390e-007	6.642424e-008	5.699558e-006
3.150729226638350e-008	-2.994661e-006	1.365887e-005	1.075875e-007	6.634642e-008	5.708122e-006
3.151343512352636e-008	-2.971427e-006	1.366194e-005	1.074368e-007	6.626907e-008	5.716673e-006
3.151957798066922e-008	-2.948509e-006	1.366475e-005	1.072869e-007	6.619219e-008	5.725210e-006
3.152572083781208e-008	-2.925906e-006	1.366729e-005	1.071379e-007	6.611578e-008	5.733735e-006
3.153186369495495e-008	-2.903618e-006	1.366957e-005	1.069897e-007	6.603984e-008	5.742246e-006
3.153800655209781e-008	-2.881644e-006	1.367159e-005	1.068423e-007	6.596437e-008	5.750743e-006
3.154414940924068e-008	-2.859986e-006	1.367334e-005	1.066958e-007	6.588937e-008	5.759227e-006
3.155929226638356e-008	-2.807984e-006	1.367650e-005	1.063381e-007	6.570656e-008	5.780085e-006
3.157443512352643e-008	-2.757579e-006	1.367837e-005	1.059843e-007	6.552572e-008	5.800865e-006
3.158957798066930e-008	-2.708771e-006	1.367894e-005	1.056344e-007	6.534685e-008	5.821566e-006
3.160472083781217e-008	-2.661562e-006	1.367822e-005	1.052884e-007	6.516994e-008	5.842191e-006
3.161986369495505e-008	-2.615949e-006	1.367621e-005	1.049463e-007	6.499501e-008	5.862737e-006
3.163500655209792e-008	-2.571934e-006	1.367290e-005	1.046080e-007	6.482204e-008	5.883206e-006
3.165014940924080e-008	-2.529517e-006	1.366830e-005	1.042737e-007	6.465103e-008	5.903597e-006
3.165114940924080e-008	-2.526756e-006	1.366797e-005	1.042517e-007	6.463977e-008	5.904941e-006
3.169386369495514e-008	-2.416454e-006	1.364747e-005	1.033301e-007	6.416763e-008	5.962018e-006
3.173657798066947e-008	-2.313972e-006	1.362121e-005	1.024255e-007	6.370155e-008	6.018531e-006
3.177929226638381e-008	-2.219310e-006	1.358920e-005	1.015380e-007	6.324153e-008	6.074480e-006
3.182200655209813e-008	-2.132469e-006	1.355141e-005	1.006676e-007	6.278757e-008	6.129866e-006
3.186472083781247e-008	-2.053447e-006	1.350787e-005	9.981423e-008	6.233967e-008	6.184687e-006
3.190743512352680e-008	-1.982245e-006	1.345857e-005	9.897792e-008	6.189782e-008	6.238945e-006
3.195014940924114e-008	-1.918863e-006	1.340351e-005	9.815868e-008	6.146204e-008	6.292640e-006
3.195114940924114e-008	-1.917400e-006	1.340221e-005	9.813954e-008	6.145181e-008	6.293891e-006
3.199386369495548e-008	-1.858592e-006	1.334434e-005	9.732938e-008	6.101706e-008	6.347048e-006
3.203657798066981e-008	-1.803564e-006	1.328421e-005	9.652828e-008	6.058452e-008	6.399699e-006
3.207929226638415e-008	-1.752315e-006	1.322183e-005	9.573626e-008	6.015420e-008	6.451845e-006
3.212200655209847e-008	-1.704845e-006	1.315720e-005	9.495330e-008	5.972609e-008	6.503486e-006
3.216472083781281e-008	-1.661155e-006	1.309031e-005	9.417941e-008	5.930019e-008	6.554621e-006
3.220743512352714e-008	-1.621244e-006	1.302116e-005	9.341458e-008	5.887651e-008	6.605251e-006
3.225014940924148e-008	-1.585113e-006	1.294976e-005	9.265883e-008	5.845504e-008	6.655375e-006
3.225114940924148e-008	-1.584278e-006	1.294809e-005	9.264119e-008	5.844518e-008	6.656544e-006
3.239914940924165e-008	-1.474719e-006	1.269453e-005	9.007397e-008	5.699853e-008	6.826544e-006
3.240014940924165e-008	-1.474063e-006	1.269279e-005	9.005690e-008	5.698884e-008	6.827674e-006
3.240214940924165e-008	-1.472755e-006	1.268929e-005	9.002277e-008	5.696945e-008	6.829932e-006
3.241457798067024e-008	-1.464720e-006	1.266751e-005	8.981101e-008	5.684904e-008	6.843942e-006
3.242700655209882e-008	-1.456825e-006	1.264570e-005	8.959980e-008	5.672881e-008	6.857914e-006
3.243943512352741e-008	-1.449069e-006	1.262383e-005	8.938911e-008	5.660874e-008	6.871847e-006
3.245186369495599e-008	-1.441452e-006	1.260193e-005	8.917897e-008	5.648884e-008	6.885741e-006
3.246429226638458e-008	-1.433975e-006	1.257998e-005	8.896935e-008	5.636910e-008	6.899597e-006
3.247672083781316e-008	-1.426638e-006	1.255798e-005	8.876027e-008	5.624953e-008	6.913414e-006
3.248914940924175e-008	-1.419439e-006	1.253594e-005	8.855173e-008	5.613013e-008	6.927192e-006
3.255114940924182e-008	-1.385290e-006	1.242559e-005	8.751906e-008	5.553706e-008	6.995358e-006
3.259386369495616e-008	-1.363612e-006	1.234905e-005	8.681517e-008	5.513091e-008	7.041763e-006
3.263657798067049e-008	-1.342703e-006	1.227251e-005	8.611685e-008	5.472693e-008	7.087740e-006
3.267929226638483e-008	-1.322564e-006	1.219596e-005	8.542411e-008	5.432514e-008	7.133289e-006
3.272200655209915e-008	-1.303194e-006	1.211940e-005	8.473695e-008	5.392553e-008	7.178411e-006
3.276472083781349e-008	-1.284593e-006	1.204283e-005	8.405535e-008	5.352810e-008	7.223105e-006
3.280743512352782e-008	-1.266761e-006	1.196626e-005	8.337934e-008	5.313284e-008	7.267371e-006
3.285014940924216e-008	-1.249699e-006	1.188968e-005	8.270889e-008	5.273977e-008	7.311209e-006
3.285114940924216e-008	-1.249305e-006	1.188789e-005	8.269325e-008	5.273060e-008	7.312230e-006
3.315114940924250e-008	-1.146644e-006	1.136025e-005	7.812944e-008	5.003659e-008	7.608720e-006
3.326914940924264e-008	-1.112554e-006	1.115802e-005	7.640161e-008	4.900924e-008	7.720053e-006
3.328457798067123e-008	-1.108289e-006	1.113183e-005	7.617842e-008	4.887628e-008	7.734396e-006
3.330000655209981e-008	-1.104061e-006	1.110570e-005	7.595584e-008	4.874362e-008	7.748690e-006
3.331543512352840e-008	-1.099871e-006	1.107963e-005	7.573387e-008	4.861128e-008	7.762936e-006
3.333086369495699e-008	-1.095717e-006	1.105362e-005	7.551251e-008	4.847925e-008	7.777133e-006
3.334629226638558e-008	-1.091601e-006	1.102767e-005	7.529177e-008	4.834753e-008	7.791283e-006
3.336172083781417e-008	-1.087521e-006	1.100178e-005	7.507164e-008	4.821612e-008	7.805384e-006
3.337714940924276e-008	-1.083479e-006	1.097595e-005	7.485213e-008	4.808503e-008	7.819436e-006
3.338757798067134e-008	-1.080764e-006	1.095853e-005	7.470410e-008	4.799660e-008	7.828907e-006
3.339800655209992e-008	-1.078064e-006	1.094114e-005	7.455635e-008	4.790831e-008	7.838357e-006
3.340843512352851e-008	-1.075378e-006	1.092377e-005	7.440887e-008	4.782017e-008	7.847785e-006
3.341886369495709e-008	-1.072706e-006	1.090643e-005	7.426168e-008	4.773217e-008	7.857191e-006
3.342929226638568e-008	-1.070049e-006	1.088913e-005	7.411476e-008	4.764432e-008	7.866576e-006
3.343972083781426e-008	-1.067406e-006	1.087185e-005	7.396812e-008	4.755661e-008	7.875939e-006
3.345014940924284e-008	-1.064778e-006	1.085459e-005	7.382175e-008	4.746905e-008	7.885281e-006
3.345114940924284e-008	-1.064526e-006	1.085294e-005	7.380773e-008	4.746066e-008	7.886175e-006
3.348914940924288e-008	-1.055085e-006	1.079033e-005	7.327690e-008	4.714289e-008	7.920018e-006
3.352714940924293e-008	-1.045788e-006	1.072811e-005	7.274962e-008	4.682702e-008	7.953585e-006
3.356514940924297e-008	-1.036637e-006	1.066629e-005	7.222590e-008	4.651305e-008	7.986873e-006
3.360314940924301e-008	-1.027631e-006	1.060485e-005	7.170574e-008	4.620097e-008	8.019884e-006
3.364114940924306e-008	-1.018771e-006	1.054381e-005	7.118913e-008	4.589080e-008	8.052618e-006
3.367914940924310e-008	-1.010056e-006	1.048316e-005	7.067607e-008	4.558252e-008	8.085074e-006
3.371714940924314e-008	-1.001487e-006	1.042290e-005	7.016658e-008	4.527614e-008	8.117252e-006
3.375114940924318e-008	-9.939040e-007	1.036932e-005	6.971358e-008	4.500358e-008	8.145819e-006
3.405114940924352e-008	-9.305476e-007	9.910285e-006	6.579671e-008	4.266264e-008	8.388765e-006
3.435114940924386e-008	-8.723198e-007	9.475458e-006	6.205572e-008	4.042592e-008	8.616038e-006
3.436229226638673e-008	-8.713792e-007	9.460106e-006	6.191988e-008	4.034343e-008	8.624187e-006
3.437343512352960e-008	-8.696935e-007	9.444559e-006	6.178477e-008	4.026151e-008	8.632318e-006
3.438457798067247e-008	-8.672630e-007	9.428816e-006	6.165040e-008	4.018018e-008	8.640431e-006
3.439572083781534e-008	-8.640876e-007	9.412877e-006	6.151676e-008	4.009943e-008	8.648526e-006
3.440686369495821e-008	-8.601672e-007	9.396743e-006	6.138385e-008	4.001926e-008	8.656602e-006
3.441800655210108e-008	-8.555019e-007	9.380413e-006	6.125168e-008	3.993968e-008	8.664661e-006
3.442914940924395e-008	-8.500917e-007	9.363888e-006	6.112024e-008	3.986068e-008	8.672701e-006
3.443672083781539e-008	-8.423732e-007	9.351400e-006	6.103114e-008	3.980713e-008	8.678165e-006
3.444429226638683e-008	-8.271261e-007	9.336912e-006	6.094206e-008	3.975354e-008	8.683641e-006
3.445186369495826e-008	-8.043506e-007	9.320424e-006	6.085301e-008	3.969992e-008	8.689130e-006
3.445943512352970e-008	-7.740465e-007	9.301937e-006	6.076399e-008	3.964627e-008	8.694633e-006
3.446700655210113e-008	-7.362141e-007	9.281449e-006	6.067499e-008	3.959258e-008	8.700149e-006
3.447457798067258e-008	-6.908531e-007	9.258962e-006	6.058601e-008	3.953886e-008	8.705677e-006
3.448214940924401e-008	-6.379636e-007	9.234474e-006	6.049706e-008	3.948512e-008	8.711219e-006
3.449029226638688e-008	-5.663853e-007	9.204255e-006	6.040121e-008	3.942708e-008	8.717213e-006
3.449843512352974e-008	-4.822454e-007	9.171128e-006	6.030497e-008	3.936863e-008	8.723236e-006
3.450657798067261e-008	-3.855440e-007	9.135094e-006	6.020834e-008	3.930975e-008	8.729289e-006
3.451472083781547e-008	-2.762810e-007	9.096152e-006	6.011131e-008	3.925046e-008	8.735371e-006
3.452286369495834e-008	-1.544565e-007	9.054302e-006	6.001389e-008	3.919074e-008	8.741482e-006
3.453100655210121e-008	-2.007043e-008	9.009545e-006	5.991608e-008	3.913060e-008	8.747623e-006
3.453914940924408e-008	1.268772e-007	8.961881e-006	5.981786e-008	3.907004e-008	8.753793e-006
3.454572083781551e-008	2.537473e-007	8.921837e-006	5.973811e-008	3.902068e-008	8.758793e-006
3.455229226638695e-008	3.851640e-007	8.881165e-006	5.965799e-008	3.897096e-008	8.763803e-006
3.455886369495838e-008	5.211272e-007	8.839863e-006	5.957750e-008	3.892088e-008	8.768823e-006
3.456543512352982e-008	6.616368e-007	8.797932e-006	5.949664e-008	3.887043e-008	8.773854e-006
3.457200655210125e-008	8.066929e-007	8.755372e-006	5.941541e-008	3.881962e-008	8.778895e-006
3.457857798067269e-008	9.562956e-007	8.712183e-006	5.933382e-008	3.876844e-008	8.783946e-006
3.458514940924413e-008	1.110445e-006	8.668365e-006	5.925185e-008	3.871690e-008	8.789008e-006
3.459443512352985e-008	1.332857e-006	8.606440e-006	5.913548e-008	3.864355e-008	8.796170e-006
3.460372083781558e-008	1.555627e-006	8.545719e-006	5.901862e-008	3.856973e-008	8.803327e-006
3.461300655210130e-008	1.778755e-006	8.486201e-006	5.890126e-008	3.849544e-008	8.810481e-006
3.462229226638703e-008	2.002242e-006	8.427887e-006	5.878341e-008	3.842067e-008	8.817631e-006
3.463157798067275e-008	2.226087e-006	8.370777e-006	5.866507e-008	3.834543e-008	8.824777e-006
3.464086369495848e-008	2.450290e-006	8.314871e-006	5.854624e-008	3.826972e-008	8.831919e-006
3.465014940924420e-008	2.674852e-006	8.260169e-006	5.842691e-008	3.819353e-008	8.839057e-006
3.465114940924420e-008	2.698623e-006	8.254455e-006	5.841398e-008	3.818525e-008	8.839825e-006
3.468129226638710e-008	3.392291e-006	8.099703e-006	5.801906e-008	3.793101e-008	8.862876e-006
3.471143512352998e-008	4.032679e-006	7.965017e-006	5.762771e-008	3.767977e-008	8.885680e-006
3.474157798067288e-008	4.619786e-006	7.850396e-006	5.723993e-008	3.743152e-008	8.908238e-006
3.477172083781577e-008	5.153612e-006	7.755841e-006	5.685572e-008	3.718626e-008	8.930550e-006
3.480186369495866e-008	5.634157e-006	7.681352e-006	5.647509e-008	3.694400e-008	8.952615e-006
3.483200655210155e-008	6.061421e-006	7.626928e-006	5.609802e-008	3.670473e-008	8.974433e-006
3.486214940924444e-008	6.435404e-006	7.592570e-006	5.572453e-008	3.646845e-008	8.996006e-006
3.487472083781588e-008	6.584227e-006	7.578593e-006	5.557200e-008	3.637257e-008	9.004939e-006
3.488729226638733e-008	6.727513e-006	7.565959e-006	5.542065e-008	3.627765e-008	9.013835e-006
3.489986369495877e-008	6.865263e-006	7.554670e-006	5.527048e-008	3.618368e-008	9.022694e-006
3.491243512353021e-008	6.997476e-006	7.544725e-006	5.512150e-008	3.609067e-008	9.031514e-006
3.492500655210165e-008	7.124152e-006	7.536124e-006	5.497370e-008	3.599862e-008	9.040298e-006
3.493757798067310e-008	7.245292e-006	7.528867e-006	5.482709e-008	3.590752e-008	9.049044e-006
3.495014940924454e-008	7.360895e-006	7.522954e-006	5.468166e-008	3.581738e-008	9.057752e-006
3.495114940924454e-008	7.369933e-006	7.522503e-006	5.467014e-008	3.581025e-008	9.058444e-006
3.498714940924458e-008	7.676227e-006	7.509962e-006	5.426034e-008	3.555737e-008	9.083179e-006
3.498814940924458e-008	7.684361e-006	7.509832e-006	5.424909e-008	3.555045e-008	9.083863e-006
3.498843008357364e-008	7.686560e-006	7.509717e-006	5.424593e-008	3.554851e-008	9.084055e-006
3.498866228002845e-008	7.687676e-006	7.508922e-006	5.424333e-008	3.554690e-008	9.084208e-006
3.498928019508103e-008	7.678986e-006	7.495161e-006	5.423638e-008	3.554260e-008	9.084517e-006
3.498989811013361e-008	7.662637e-006	7.473765e-006	5.422944e-008	3.553824e-008	9.084765e-006
3.499051602518620e-008	7.638630e-006	7.444732e-006	5.422249e-008	3.553381e-008	9.084950e-006
3.499113394023878e-008	7.606964e-006	7.408065e-006	5.421556e-008	3.552931e-008	9.085074e-006
3.499175185529137e-008	7.567640e-006	7.363761e-006	5.420862e-008	3.552475e-008	9.085135e-006
3.499236977034395e-008	7.520658e-006	7.311822e-006	5.420169e-008	3.552011e-008	9.085134e-006
3.499298768539654e-008	7.466017e-006	7.252248e-006	5.419476e-008	3.551541e-008	9.085071e-006
3.499498768539654e-008	7.245675e-006	7.016160e-006	5.417235e-008	3.549934e-008	9.084510e-006
3.499698768539654e-008	6.962300e-006	6.717393e-006	5.414997e-008	3.548189e-008	9.083433e-006
3.499898768539654e-008	6.627198e-006	6.367289e-006	5.412761e-008	3.546281e-008	9.081933e-006
3.500198768539655e-008	6.054830e-006	5.773209e-006	5.409414e-008	3.543080e-008	9.079119e-006
3.500498768539655e-008	5.436279e-006	5.133931e-006	5.406072e-008	3.539443e-008	9.075937e-006
3.500798768539655e-008	4.809537e-006	4.487455e-006	5.402736e-008	3.535365e-008	9.072696e-006
3.501098768539656e-008	4.204865e-006	3.864004e-006	5.399407e-008	3.530865e-008	9.069646e-006
3.501398768539656e-008	3.643490e-006	3.284744e-006	5.396084e-008	3.525978e-008	9.066954e-006
3.501698768539656e-008	3.138067e-006	2.762254e-006	5.392767e-008	3.520749e-008	9.064720e-006
3.501998768539657e-008	2.694150e-006	2.302001e-006	5.389456e-008	3.515227e-008	9.062986e-006
3.502198768539657e-008	2.432677e-006	2.030003e-006	5.387252e-008	3.511406e-008	9.062107e-006
3.502398768539657e-008	2.197891e-006	1.784957e-006	5.385051e-008	3.507490e-008	9.061444e-006
3.502598768539657e-008	1.988461e-006	1.565508e-006	5.382853e-008	3.503494e-008	9.060984e-006
3.502798768539658e-008	1.802738e-006	1.369987e-006	5.380657e-008	3.499428e-008	9.060714e-006
3.502998768539658e-008	1.638891e-006	1.196544e-006	5.378464e-008	3.495304e-008	9.060618e-006
3.503198768539658e-008	1.494956e-006	1.043196e-006	5.376273e-008	3.491133e-008	9.060681e-006
3.503398768539658e-008	1.368845e-006	9.078404e-007	5.374086e-008	3.486923e-008	9.060886e-006
3.503598768539658e-008	1.259069e-006	7.889722e-007	5.371900e-008	3.482683e-008	9.061222e-006
3.503798768539659e-008	1.163851e-006	6.848026e-007	5.369718e-008	3.478420e-008	9.061673e-006
3.503998768539659e-008	1.081539e-006	5.936682e-007	5.367538e-008	3.474141e-008	9.062226e-006
3.504198768539659e-008	1.010620e-006	5.140442e-007	5.365360e-008	3.469851e-008	9.062869e-006
3.504398768539659e-008	9.497186e-007	4.445486e-007	5.363186e-008	3.465556e-008	9.063592e-006
3.504598768539660e-008	8.976036e-007	3.839403e-007	5.361014e-008	3.461260e-008	9.064384e-006
3.504898768539660e-008	8.335369e-007	3.073090e-007	5.357760e-008	3.454821e-008	9.065683e-006
3.505198768539660e-008	7.836181e-007	2.450182e-007	5.354513e-008	3.448400e-008	9.067094e-006
3.505498768539661e-008	7.452526e-007	1.944566e-007	5.351271e-008	3.442004e-008	9.068595e-006
3.505798768539661e-008	7.163907e-007	1.535601e-007	5.348035e-008	3.435639e-008	9.070171e-006
3.505849661396804e-008	7.123226e-007	1.474658e-007	5.347486e-008	3.434563e-008	9.070445e-006
3.505900554253947e-008	7.084694e-007	1.415903e-007	5.346938e-008	3.433488e-008	9.070721e-006
3.505951447111089e-008	7.048311e-007	1.359336e-007	5.346390e-008	3.432415e-008	9.070998e-006
3.506002339968233e-008	7.014077e-007	1.304958e-007	5.345842e-008	3.431342e-008	9.071277e-006
3.506053232825375e-008	6.981991e-007	1.252768e-007	5.345294e-008	3.430270e-008	9.071557e-006
3.506104125682518e-008	6.952055e-007	1.202766e-007	5.344747e-008	3.429200e-008	9.071839e-006
3.506155018539661e-008	6.924268e-007	1.154953e-007	5.344199e-008	3.428130e-008	9.072122e-006
3.506180018539661e-008	6.912435e-007	1.133305e-007	5.343930e-008	3.427606e-008	9.072264e-006
3.506230018539661e-008	6.896422e-007	1.097684e-007	5.343393e-008	3.426558e-008	9.072552e-006
3.506277346849216e-008	6.895361e-007	1.078085e-007	5.342884e-008	3.425567e-008	9.072834e-006
3.506348251506105e-008	6.922448e-007	1.077438e-007	5.342122e-008	3.424086e-008	9.073282e-006
3.506377094948913e-008	6.945148e-007	1.088869e-007	5.341812e-008	3.423485e-008	9.073473e-006
3.506410627900626e-008	6.975350e-007	1.105980e-007	5.341452e-008	3.422788e-008	9.073698e-006
3.506443484461140e-008	7.005422e-007	1.123235e-007	5.341099e-008	3.422105e-008	9.073919e-006
3.506589619413781e-008	7.116274e-007	1.177236e-007	5.339531e-008	3.419079e-008	9.074882e-006
3.506889619413782e-008	7.327994e-007	1.272918e-007	5.336315e-008	3.412914e-008	9.076849e-006
3.507189619413782e-008	7.532251e-007	1.362070e-007	5.333105e-008	3.406819e-008	9.078811e-006
3.507489619413782e-008	7.727712e-007	1.443355e-007	5.329901e-008	3.400786e-008	9.080766e-006
3.507789619413783e-008	7.914378e-007	1.516772e-007	5.326701e-008	3.394814e-008	9.082713e-006
3.508089619413783e-008	8.092249e-007	1.582322e-007	5.323508e-008	3.388905e-008	9.084653e-006
3.508389619413783e-008	8.261324e-007	1.640005e-007	5.320320e-008	3.383057e-008	9.086585e-006
3.508689619413784e-008	8.421604e-007	1.689820e-007	5.317137e-008	3.377271e-008	9.088510e-006
3.508989619413784e-008	8.573089e-007	1.731767e-007	5.313959e-008	3.371547e-008	9.090427e-006
3.509718190842356e-008	8.897131e-007	1.793794e-007	5.306266e-008	3.357906e-008	9.095044e-006
3.510446762270928e-008	9.190041e-007	1.829891e-007	5.298602e-008	3.344551e-008	9.099632e-006
3.511175333699500e-008	9.451818e-007	1.840057e-007	5.290967e-008	3.331480e-008	9.104190e-006
3.511903905128073e-008	9.682463e-007	1.824292e-007	5.283363e-008	3.318695e-008	9.108718e-006
3.512632476556645e-008	9.881976e-007	1.782597e-007	5.275787e-008	3.306194e-008	9.113217e-006
3.513361047985218e-008	1.005036e-006	1.714971e-007	5.268242e-008	3.293977e-008	9.117687e-006
3.514089619413790e-008	1.018761e-006	1.621414e-007	5.260726e-008	3.282046e-008	9.122126e-006
3.515161047985220e-008	1.036153e-006	1.465396e-007	5.249725e-008	3.264948e-008	9.128624e-006
3.516232476556649e-008	1.052267e-006	1.305798e-007	5.238779e-008	3.248293e-008	9.135099e-006
3.517303905128079e-008	1.067102e-006	1.142622e-007	5.227887e-008	3.232081e-008	9.141553e-006
3.518375333699509e-008	1.080658e-006	9.758670e-008	5.217051e-008	3.216313e-008	9.147984e-006
3.519446762270938e-008	1.092935e-006	8.055332e-008	5.206268e-008	3.200988e-008	9.154393e-006
3.520518190842368e-008	1.103933e-006	6.316207e-008	5.195541e-008	3.186107e-008	9.160780e-006
3.521589619413798e-008	1.113652e-006	4.541293e-008	5.184868e-008	3.171669e-008	9.167145e-006
3.523589619413801e-008	1.133383e-006	1.576671e-008	5.165069e-008	3.145631e-008	9.179005e-006
3.523932476556658e-008	1.136746e-006	1.092634e-008	5.161868e-008	3.141294e-008	9.181034e-006
3.524275333699515e-008	1.140109e-006	6.155979e-009	5.158386e-008	3.136992e-008	9.183061e-006
3.524618190842373e-008	1.143472e-006	1.455620e-009	5.154625e-008	3.132725e-008	9.185087e-006
3.524961047985231e-008	1.146835e-006	-3.174735e-009	5.150583e-008	3.128492e-008	9.187111e-006
3.525303905128088e-008	1.150197e-006	-7.735087e-009	5.146262e-008	3.124293e-008	9.189135e-006
3.525646762270946e-008	1.153560e-006	-1.222544e-008	5.141661e-008	3.120130e-008	9.191157e-006
3.525989619413803e-008	1.156923e-006	-1.664578e-008	5.136781e-008	3.116000e-008	9.193178e-006
3.526575333699518e-008	1.162678e-006	-2.402743e-008	5.127465e-008	3.109025e-008	9.196627e-006
3.527161047985233e-008	1.168421e-006	-3.124263e-008	5.117168e-008	3.102140e-008	9.200072e-006
3.527746762270948e-008	1.174154e-006	-3.829139e-008	5.105890e-008	3.095343e-008	9.203513e-006
3.528332476556663e-008	1.179875e-006	-4.517370e-008	5.093631e-008	3.088637e-008	9.206951e-006
3.528918190842378e-008	1.185586e-006	-5.188957e-008	5.080390e-008	3.082020e-008	9.210384e-006
3.529503905128093e-008	1.191285e-006	-5.843899e-008	5.066169e-008	3.075492e-008	9.213814e-006
3.530089619413808e-008	1.196974e-006	-6.482198e-008	5.050966e-008	3.069054e-008	9.217239e-006
3.530418190842380e-008	1.200150e-006	-6.835038e-008	5.041908e-008	3.065477e-008	9.219159e-006
3.530746762270951e-008	1.203317e-006	-7.184028e-008	5.033044e-008	3.061925e-008	9.221078e-006
3.531075333699523e-008	1.206473e-006	-7.529167e-008	5.024375e-008	3.058398e-008	9.222995e-006
3.531403905128095e-008	1.209619e-006	-7.870455e-008	5.015900e-008	3.054895e-008	9.224911e-006
3.531732476556667e-008	1.212756e-006	-8.207892e-008	5.007619e-008	3.051418e-008	9.226826e-006
3.532061047985239e-008	1.215882e-006	-8.541478e-008	4.999532e-008	3.047966e-008	9.228739e-006
3.532389619413810e-008	1.218997e-006	-8.871213e-008	4.991639e-008	3.044538e-008	9.230651e-006
3.533075333699525e-008	1.225464e-006	-9.547119e-008	4.976944e-008	3.037467e-008	9.234637e-006
3.533761047985241e-008	1.231866e-006	-1.021126e-007	4.962858e-008	3.030491e-008	9.238617e-006
3.534446762270955e-008	1.238203e-006	-1.086364e-007	4.949381e-008	3.023610e-008	9.242591e-006
3.535132476556671e-008	1.244475e-006	-1.150426e-007	4.936512e-008	3.016824e-008	9.246559e-006
3.535818190842386e-008	1.250682e-006	-1.213312e-007	4.924253e-008	3.010133e-008	9.250522e-006
3.536503905128101e-008	1.256824e-006	-1.275021e-007	4.912602e-008	3.003537e-008	9.254478e-006
3.537189619413816e-008	1.262900e-006	-1.335554e-007	4.901559e-008	2.997036e-008	9.258428e-006
3.539518190842390e-008	1.282852e-006	-1.532989e-007	4.866230e-008	2.975744e-008	9.271797e-006
3.541846762270964e-008	1.302097e-006	-1.723597e-007	4.832608e-008	2.955190e-008	9.285096e-006
3.544175333699538e-008	1.320636e-006	-1.907377e-007	4.800693e-008	2.935372e-008	9.298326e-006
3.546503905128112e-008	1.338467e-006	-2.084330e-007	4.770485e-008	2.916292e-008	9.311486e-006
3.548832476556686e-008	1.355592e-006	-2.254456e-007	4.741985e-008	2.897949e-008	9.324577e-006
3.551161047985260e-008	1.372010e-006	-2.417754e-007	4.715191e-008	2.880344e-008	9.337598e-006
3.553489619413834e-008	1.387721e-006	-2.574224e-007	4.690105e-008	2.863475e-008	9.350550e-006
3.553589619413835e-008	1.388390e-006	-2.580900e-007	4.689002e-008	2.862756e-008	9.351104e-006
3.555632476556694e-008	1.401797e-006	-2.714795e-007	4.667000e-008	2.848344e-008	9.362408e-006
3.557675333699553e-008	1.414907e-006	-2.845723e-007	4.645883e-008	2.834248e-008	9.373660e-006
3.559718190842413e-008	1.427718e-006	-2.973684e-007	4.625651e-008	2.820471e-008	9.384860e-006
3.561761047985272e-008	1.440231e-006	-3.098678e-007	4.606304e-008	2.807010e-008	9.396008e-006
3.563803905128132e-008	1.452447e-006	-3.220706e-007	4.587842e-008	2.793867e-008	9.407104e-006
3.565846762270991e-008	1.464364e-006	-3.339766e-007	4.570266e-008	2.781041e-008	9.418148e-006
3.567889619413851e-008	1.475983e-006	-3.455860e-007	4.553574e-008	2.768533e-008	9.429141e-006
3.583589619413869e-008	1.559056e-006	-4.285375e-007	4.437205e-008	2.678958e-008	9.511934e-006
3.587861047985302e-008	1.579927e-006	-4.493727e-007	4.408286e-008	2.656392e-008	9.533944e-006
3.592132476556736e-008	1.600370e-006	-4.697794e-007	4.379436e-008	2.634233e-008	9.555744e-006
3.596403905128169e-008	1.620384e-006	-4.897577e-007	4.350655e-008	2.612482e-008	9.577334e-006
3.600675333699602e-008	1.639970e-006	-5.093075e-007	4.321944e-008	2.591140e-008	9.598713e-006
3.604946762271035e-008	1.659127e-006	-5.284289e-007	4.293303e-008	2.570205e-008	9.619881e-006
3.609218190842469e-008	1.677856e-006	-5.471219e-007	4.264731e-008	2.549678e-008	9.640839e-006
3.613489619413902e-008	1.696157e-006	-5.653864e-007	4.236228e-008	2.529559e-008	9.661587e-006
3.613589619413903e-008	1.696584e-006	-5.658123e-007	4.235553e-008	2.529089e-008	9.662070e-006
3.643589619413937e-008	1.817751e-006	-6.867310e-007	4.028065e-008	2.393660e-008	9.802119e-006
3.647861047985370e-008	1.834009e-006	-7.029544e-007	3.997764e-008	2.375150e-008	9.821269e-006
3.652132476556804e-008	1.850061e-006	-7.189726e-007	3.967394e-008	2.356786e-008	9.840232e-006
3.656403905128237e-008	1.865908e-006	-7.347856e-007	3.936955e-008	2.338569e-008	9.859007e-006
3.660675333699670e-008	1.881550e-006	-7.503936e-007	3.906446e-008	2.320497e-008	9.877594e-006
3.664946762271103e-008	1.896986e-006	-7.657965e-007	3.875867e-008	2.302572e-008	9.895995e-006
3.669218190842537e-008	1.912217e-006	-7.809942e-007	3.845220e-008	2.284793e-008	9.914208e-006
3.673489619413970e-008	1.927242e-006	-7.959868e-007	3.814502e-008	2.267159e-008	9.932233e-006
3.673589619413971e-008	1.927592e-006	-7.963358e-007	3.813784e-008	2.266748e-008	9.932653e-006
3.703589619414005e-008	2.027964e-006	-8.964843e-007	3.599383e-008	2.146439e-008	1.005420e-005
3.733589619414039e-008	2.119835e-006	-9.881453e-007	3.389821e-008	2.032003e-008	1.016728e-005
3.739989619414046e-008	2.138404e-006	-1.006670e-006	3.345978e-008	2.008311e-008	1.019035e-005
3.740289619414046e-008	2.139265e-006	-1.007530e-006	3.343927e-008	2.007206e-008	1.019142e-005
3.763589619414073e-008	2.203922e-006	-1.072032e-006	3.186430e-008	1.923063e-008	1.027234e-005
3.793589619414107e-008	2.280835e-006	-1.148758e-006	2.992140e-008	1.819345e-008	1.036984e-005
3.823589619414141e-008	2.351066e-006	-1.218814e-006	2.807498e-008	1.720607e-008	1.046019e-005
3.825775333699857e-008	2.355934e-006	-1.223669e-006	2.794405e-008	1.713602e-008	1.046650e-005
3.827961047985574e-008	2.360769e-006	-1.228492e-006	2.781358e-008	1.706622e-008	1.047278e-005
3.830146762271291e-008	2.365572e-006	-1.233283e-006	2.768359e-008	1.699667e-008	1.047902e-005
3.832332476557008e-008	2.370343e-006	-1.238041e-006	2.755407e-008	1.692737e-008	1.048523e-005
3.834518190842724e-008	2.375081e-006	-1.242767e-006	2.742503e-008	1.685832e-008	1.049140e-005
3.836703905128442e-008	2.379787e-006	-1.247461e-006	2.729646e-008	1.678952e-008	1.049754e-005
3.838889619414158e-008	2.384460e-006	-1.252122e-006	2.716837e-008	1.672097e-008	1.050364e-005
3.853589619414175e-008	2.415079e-006	-1.282661e-006	2.631896e-008	1.626630e-008	1.054378e-005
3.883589619414209e-008	2.477320e-006	-1.344531e-006	2.464920e-008	1.537141e-008	1.062098e-005
3.913589619414243e-008	2.534060e-006	-1.401325e-006	2.306197e-008	1.451843e-008	1.069214e-005
3.914032476557101e-008	2.534833e-006	-1.402096e-006	2.303976e-008	1.450616e-008	1.069315e-005
3.914475333699958e-008	2.535605e-006	-1.402865e-006	2.301713e-008	1.449390e-008	1.069416e-005
3.914918190842816e-008	2.536374e-006	-1.403633e-006	2.299410e-008	1.448165e-008	1.069516e-005
3.915361047985673e-008	2.537143e-006	-1.404399e-006	2.297067e-008	1.446941e-008	1.069616e-005
3.915803905128531e-008	2.537909e-006	-1.405163e-006	2.294683e-008	1.445717e-008	1.069716e-005
3.916246762271388e-008	2.538675e-006	-1.405927e-006	2.292258e-008	1.444495e-008	1.069817e-005
3.916689619414246e-008	2.539438e-006	-1.406688e-006	2.289793e-008	1.443274e-008	1.069916e-005
3.917761047985676e-008	2.541258e-006	-1.408510e-006	2.284849e-008	1.440322e-008	1.070158e-005
3.918832476557106e-008	2.543100e-006	-1.410341e-006	2.274526e-008	1.437376e-008	1.070398e-005
3.919903905128536e-008	2.544966e-006	-1.412181e-006	2.258824e-008	1.434436e-008	1.070638e-005
3.920975333699965e-008	2.546855e-006	-1.414029e-006	2.237743e-008	1.431501e-008	1.070877e-005
3.922046762271395e-008	2.548767e-006	-1.415885e-006	2.211283e-008	1.428571e-008	1.071116e-005
3.923118190842825e-008	2.550702e-006	-1.417750e-006	2.179444e-008	1.425646e-008	1.071353e-005
3.924189619414255e-008	2.552659e-006	-1.419624e-006	2.142226e-008	1.422727e-008	1.071590e-005
3.924918190842827e-008	2.554039e-006	-1.420924e-006	2.110445e-008	1.420745e-008	1.071751e-005
3.925646762271399e-008	2.555457e-006	-1.422253e-006	2.075199e-008	1.418765e-008	1.071912e-005
3.926375333699971e-008	2.556913e-006	-1.423612e-006	2.036485e-008	1.416788e-008	1.072072e-005
3.927103905128544e-008	2.558408e-006	-1.424999e-006	1.994306e-008	1.414812e-008	1.072232e-005
3.927832476557116e-008	2.559942e-006	-1.426416e-006	1.948660e-008	1.412839e-008	1.072391e-005
3.928561047985688e-008	2.561514e-006	-1.427862e-006	1.899548e-008	1.410868e-008	1.072550e-005
3.929289619414261e-008	2.563125e-006	-1.429337e-006	1.846970e-008	1.408899e-008	1.072709e-005
3.930403905128548e-008	2.565695e-006	-1.431680e-006	1.759564e-008	1.405892e-008	1.072951e-005
3.931518190842834e-008	2.568350e-006	-1.434124e-006	1.669957e-008	1.402888e-008	1.073193e-005
3.932632476557122e-008	2.571090e-006	-1.436669e-006	1.578151e-008	1.399889e-008	1.073433e-005
3.933746762271408e-008	2.573916e-006	-1.439316e-006	1.484144e-008	1.396893e-008	1.073673e-005
3.934861047985696e-008	2.576826e-006	-1.442064e-006	1.387937e-008	1.393902e-008	1.073913e-005
3.935975333699982e-008	2.579822e-006	-1.444914e-006	1.289529e-008	1.390914e-008	1.074151e-005
3.937089619414269e-008	2.582904e-006	-1.447865e-006	1.188921e-008	1.387930e-008	1.074389e-005
3.937989619414270e-008	2.585429e-006	-1.450323e-006	1.109788e-008	1.385521e-008	1.074580e-005
3.938889619414271e-008	2.587975e-006	-1.452822e-006	1.032072e-008	1.383115e-008	1.074771e-005
3.939789619414272e-008	2.590541e-006	-1.455362e-006	9.557721e-009	1.380710e-008	1.074961e-005
3.940689619414273e-008	2.593128e-006	-1.457941e-006	8.808886e-009	1.378307e-008	1.075151e-005
3.941589619414274e-008	2.595734e-006	-1.460561e-006	8.074215e-009	1.375906e-008	1.075341e-005
3.942489619414276e-008	2.598362e-006	-1.463221e-006	7.353709e-009	1.373506e-008	1.075530e-005
3.943389619414277e-008	2.601009e-006	-1.465922e-006	6.647368e-009	1.371109e-008	1.075718e-005
3.943589619414277e-008	2.601596e-006	-1.466522e-006	6.494504e-009	1.370576e-008	1.075760e-005
3.944218190842849e-008	2.603446e-006	-1.468418e-006	6.022476e-009	1.368903e-008	1.075891e-005
3.944846762271421e-008	2.605292e-006	-1.470317e-006	5.562599e-009	1.367231e-008	1.076022e-005
3.945475333699993e-008	2.607136e-006	-1.472217e-006	5.114871e-009	1.365559e-008	1.076153e-005
3.946103905128566e-008	2.608977e-006	-1.474120e-006	4.679294e-009	1.363889e-008	1.076283e-005
3.946732476557138e-008	2.610815e-006	-1.476025e-006	4.255867e-009	1.362219e-008	1.076413e-005
3.947361047985710e-008	2.612651e-006	-1.477932e-006	3.844589e-009	1.360550e-008	1.076544e-005
3.947989619414282e-008	2.614483e-006	-1.479841e-006	3.445462e-009	1.358882e-008	1.076673e-005
3.950689619414285e-008	2.622238e-006	-1.487946e-006	1.849880e-009	1.351729e-008	1.077228e-005
3.950789619414285e-008	2.622522e-006	-1.488243e-006	1.793890e-009	1.351465e-008	1.077249e-005
3.950817686847190e-008	2.622602e-006	-1.488326e-006	1.782988e-009	1.351390e-008	1.077254e-005
3.950828001785734e-008	2.622631e-006	-1.488357e-006	1.781230e-009	1.351363e-008	1.077256e-005
3.950835531042519e-008	2.622652e-006	-1.488379e-006	1.777561e-009	1.351343e-008	1.077258e-005
3.950843567897157e-008	2.622675e-006	-1.488403e-006	1.773879e-009	1.351322e-008	1.077260e-005
3.950844984039814e-008	2.622679e-006	-1.488407e-006	1.772943e-009	1.351318e-008	1.077260e-005
3.953688725762393e-008	2.630673e-006	-1.496771e-006	4.168440e-010	1.343782e-008	1.077839e-005
3.956532467484973e-008	2.638286e-006	-1.504706e-006	-9.331931e-010	1.336290e-008	1.078414e-005
3.959376209207551e-008	2.645518e-006	-1.512212e-006	-2.277168e-009	1.328844e-008	1.078984e-005
3.962219950930131e-008	2.652370e-006	-1.519288e-006	-3.615081e-009	1.321442e-008	1.079549e-005
3.965063692652709e-008	2.658840e-006	-1.525935e-006	-4.946932e-009	1.314085e-008	1.080110e-005
3.967907434375289e-008	2.664929e-006	-1.532153e-006	-6.272721e-009	1.306773e-008	1.080666e-005
3.970751176097868e-008	2.670638e-006	-1.537942e-006	-7.592448e-009	1.299505e-008	1.081217e-005
3.970851176097868e-008	2.670829e-006	-1.538137e-006	-7.638866e-009	1.299253e-008	1.081236e-005
3.974051176097871e-008	2.676702e-006	-1.544096e-006	-9.122806e-009	1.291224e-008	1.081851e-005
3.974308318955014e-008	2.677152e-006	-1.544552e-006	-9.242196e-009	1.290578e-008	1.081900e-005
3.974565461812158e-008	2.677599e-006	-1.545005e-006	-9.363048e-009	1.289931e-008	1.081949e-005
3.974822604669301e-008	2.678043e-006	-1.545455e-006	-9.485360e-009	1.289284e-008	1.081998e-005
3.975079747526444e-008	2.678484e-006	-1.545901e-006	-9.609133e-009	1.288636e-008	1.082047e-005
3.975336890383587e-008	2.678921e-006	-1.546345e-006	-9.734366e-009	1.287988e-008	1.082096e-005
3.975594033240730e-008	2.679356e-006	-1.546784e-006	-9.861060e-009	1.287340e-008	1.082145e-005
3.975851176097873e-008	2.679787e-006	-1.547221e-006	-9.989215e-009	1.286690e-008	1.082194e-005
3.976351176097874e-008	2.680617e-006	-1.548060e-006	-1.024574e-008	1.285426e-008	1.082289e-005
3.976851176097874e-008	2.681435e-006	-1.548888e-006	-1.050537e-008	1.284160e-008	1.082384e-005
3.977351176097875e-008	2.682242e-006	-1.549704e-006	-1.076813e-008	1.282893e-008	1.082479e-005
3.977851176097876e-008	2.683038e-006	-1.550509e-006	-1.103399e-008	1.281624e-008	1.082573e-005
3.978351176097876e-008	2.683823e-006	-1.551301e-006	-1.130298e-008	1.280354e-008	1.082668e-005
3.978851176097877e-008	2.684596e-006	-1.552082e-006	-1.157507e-008	1.279082e-008	1.082762e-005
3.979351176097877e-008	2.685358e-006	-1.552852e-006	-1.185029e-008	1.277809e-008	1.082856e-005
3.980022604669307e-008	2.686364e-006	-1.553866e-006	-1.221965e-008	1.276099e-008	1.082982e-005
3.980694033240736e-008	2.687351e-006	-1.554862e-006	-1.258925e-008	1.274390e-008	1.083108e-005
3.981365461812166e-008	2.688320e-006	-1.555839e-006	-1.295911e-008	1.272684e-008	1.083234e-005
3.982036890383594e-008	2.689270e-006	-1.556796e-006	-1.332921e-008	1.270980e-008	1.083360e-005
3.982708318955024e-008	2.690202e-006	-1.557735e-006	-1.369957e-008	1.269278e-008	1.083485e-005
3.983379747526453e-008	2.691115e-006	-1.558654e-006	-1.407017e-008	1.267579e-008	1.083610e-005
3.984051176097883e-008	2.692010e-006	-1.559554e-006	-1.444102e-008	1.265881e-008	1.083734e-005
3.986436890383599e-008	2.694310e-006	-1.562300e-006	-1.575699e-008	1.259890e-008	1.084175e-005
3.988822604669317e-008	2.696890e-006	-1.565050e-006	-1.707543e-008	1.253943e-008	1.084613e-005
3.991208318955033e-008	2.699751e-006	-1.567803e-006	-1.839634e-008	1.248040e-008	1.085048e-005
3.993594033240751e-008	2.702892e-006	-1.570561e-006	-1.971973e-008	1.242182e-008	1.085480e-005
3.995979747526467e-008	2.706314e-006	-1.573322e-006	-2.104559e-008	1.236369e-008	1.085909e-005
3.998365461812185e-008	2.710017e-006	-1.576087e-006	-2.237393e-008	1.230599e-008	1.086335e-005
4.000751176097902e-008	2.714001e-006	-1.578857e-006	-2.370474e-008	1.224875e-008	1.086757e-005
4.000851176097902e-008	2.714671e-006	-1.579176e-006	-2.376060e-008	1.224635e-008	1.086775e-005
4.001879747526474e-008	2.726701e-006	-1.584154e-006	-2.433546e-008	1.222180e-008	1.086959e-005
4.002908318955047e-008	2.739489e-006	-1.590779e-006	-2.491084e-008	1.219708e-008	1.087142e-005
4.003936890383619e-008	2.753038e-006	-1.599051e-006	-2.548674e-008	1.217219e-008	1.087324e-005
4.004965461812192e-008	2.767345e-006	-1.608970e-006	-2.606316e-008	1.214713e-008	1.087506e-005
4.005994033240765e-008	2.782413e-006	-1.620535e-006	-2.664010e-008	1.212190e-008	1.087686e-005
4.007022604669337e-008	2.798239e-006	-1.633748e-006	-2.721756e-008	1.209650e-008	1.087865e-005
4.008051176097910e-008	2.814825e-006	-1.648607e-006	-2.779553e-008	1.207093e-008	1.088044e-005
4.009908318955055e-008	2.824448e-006	-1.670219e-006	-2.884041e-008	1.202379e-008	1.088358e-005
4.011765461812200e-008	2.833309e-006	-1.689151e-006	-2.988695e-008	1.197660e-008	1.088672e-005
4.013622604669345e-008	2.841410e-006	-1.705405e-006	-3.093517e-008	1.192937e-008	1.088984e-005
4.015479747526490e-008	2.848751e-006	-1.718979e-006	-3.198505e-008	1.188208e-008	1.089295e-005
4.017336890383634e-008	2.855331e-006	-1.729875e-006	-3.303661e-008	1.183474e-008	1.089606e-005
4.019194033240780e-008	2.861150e-006	-1.738091e-006	-3.408984e-008	1.178735e-008	1.089915e-005
4.021051176097925e-008	2.866209e-006	-1.743628e-006	-3.514473e-008	1.173991e-008	1.090223e-005
4.022436890383640e-008	2.870799e-006	-1.746954e-006	-3.593293e-008	1.170497e-008	1.090453e-005
4.023822604669356e-008	2.875141e-006	-1.750019e-006	-3.672205e-008	1.167023e-008	1.090681e-005
4.025208318955072e-008	2.879237e-006	-1.752824e-006	-3.751208e-008	1.163571e-008	1.090909e-005
4.026594033240788e-008	2.883085e-006	-1.755367e-006	-3.830303e-008	1.160140e-008	1.091135e-005
4.027979747526504e-008	2.886687e-006	-1.757649e-006	-3.909490e-008	1.156730e-008	1.091361e-005
4.029365461812220e-008	2.890041e-006	-1.759671e-006	-3.988769e-008	1.153341e-008	1.091585e-005
4.030751176097936e-008	2.893148e-006	-1.761431e-006	-4.068139e-008	1.149972e-008	1.091809e-005
4.030851176097936e-008	2.893337e-006	-1.761567e-006	-4.073870e-008	1.149730e-008	1.091825e-005
4.035122604669369e-008	2.896479e-006	-1.765325e-006	-4.319144e-008	1.139484e-008	1.092506e-005
4.039394033240803e-008	2.898131e-006	-1.767413e-006	-4.565243e-008	1.129426e-008	1.093178e-005
4.043665461812236e-008	2.898294e-006	-1.767833e-006	-4.812168e-008	1.119556e-008	1.093840e-005
4.047936890383669e-008	2.896967e-006	-1.766583e-006	-5.059918e-008	1.109875e-008	1.094494e-005
4.052208318955103e-008	2.894151e-006	-1.763665e-006	-5.308494e-008	1.100382e-008	1.095138e-005
4.056479747526536e-008	2.889846e-006	-1.759077e-006	-5.557895e-008	1.091078e-008	1.095773e-005
4.060751176097970e-008	2.884051e-006	-1.752821e-006	-5.808122e-008	1.081962e-008	1.096399e-005
4.060851176097970e-008	2.883938e-006	-1.752702e-006	-5.813989e-008	1.081750e-008	1.096413e-005
4.090851176098004e-008	2.852291e-006	-1.719922e-006	-7.592639e-008	1.021092e-008	1.100570e-005
4.095122604669437e-008	2.848993e-006	-1.716515e-006	-7.848786e-008	1.012824e-008	1.101128e-005
4.099394033240871e-008	2.846043e-006	-1.713463e-006	-8.105572e-008	1.004611e-008	1.101677e-005
4.103665461812304e-008	2.843441e-006	-1.710766e-006	-8.362996e-008	9.964508e-009	1.102218e-005
4.107936890383737e-008	2.841188e-006	-1.708424e-006	-8.621060e-008	9.883447e-009	1.102751e-005
4.112208318955171e-008	2.839283e-006	-1.706436e-006	-8.879764e-008	9.802924e-009	1.103275e-005
4.116479747526604e-008	2.837726e-006	-1.704804e-006	-9.139106e-008	9.722940e-009	1.103792e-005
4.120751176098038e-008	2.836518e-006	-1.703526e-006	-9.399088e-008	9.643493e-009	1.104301e-005
4.120851176098038e-008	2.836492e-006	-1.703499e-006	-9.405181e-008	9.641637e-009	1.104312e-005
4.125122604669471e-008	2.835588e-006	-1.702532e-006	-9.665767e-008	9.562572e-009	1.104813e-005
4.129394033240905e-008	2.834897e-006	-1.701783e-006	-9.926899e-008	9.483925e-009	1.105305e-005
4.133665461812338e-008	2.834420e-006	-1.701251e-006	-1.018858e-007	9.405696e-009	1.105790e-005
4.137936890383771e-008	2.834156e-006	-1.700936e-006	-1.045080e-007	9.327886e-009	1.106268e-005
4.142208318955205e-008	2.834105e-006	-1.700838e-006	-1.071357e-007	9.250493e-009	1.106737e-005
4.146479747526638e-008	2.834267e-006	-1.700957e-006	-1.097688e-007	9.173519e-009	1.107199e-005
4.150751176098072e-008	2.834643e-006	-1.701293e-006	-1.124074e-007	9.096963e-009	1.107653e-005
4.150851176098072e-008	2.834653e-006	-1.701301e-006	-1.124692e-007	9.095176e-009	1.107664e-005
4.155122604669505e-008	2.835164e-006	-1.701775e-006	-1.151129e-007	9.019031e-009	1.108110e-005
4.159394033240939e-008	2.835771e-006	-1.702347e-006	-1.177612e-007	8.943315e-009	1.108549e-005
4.163665461812372e-008	2.836475e-006	-1.703017e-006	-1.204140e-007	8.868029e-009	1.108981e-005
4.167936890383805e-008	2.837276e-006	-1.703787e-006	-1.230714e-007	8.793172e-009	1.109406e-005
4.172208318955239e-008	2.838174e-006	-1.704654e-006	-1.257333e-007	8.718745e-009	1.109823e-005
4.176479747526672e-008	2.839168e-006	-1.705621e-006	-1.283998e-007	8.644747e-009	1.110233e-005
4.180751176098106e-008	2.840259e-006	-1.706685e-006	-1.310709e-007	8.571178e-009	1.110635e-005
4.180851176098106e-008	2.840284e-006	-1.706710e-006	-1.311335e-007	8.569462e-009	1.110645e-005
4.185122604669539e-008	2.841418e-006	-1.707820e-006	-1.338087e-007	8.496350e-009	1.111040e-005
4.189394033240973e-008	2.842582e-006	-1.708960e-006	-1.364877e-007	8.423695e-009	1.111429e-005
4.193665461812406e-008	2.843774e-006	-1.710129e-006	-1.391704e-007	8.351495e-009	1.111810e-005
4.197936890383839e-008	2.844996e-006	-1.711328e-006	-1.418568e-007	8.279753e-009	1.112185e-005
4.202208318955273e-008	2.846246e-006	-1.712557e-006	-1.445469e-007	8.208466e-009	1.112553e-005
4.206479747526706e-008	2.847525e-006	-1.713815e-006	-1.472407e-007	8.137636e-009	1.112913e-005
4.210751176098140e-008	2.848833e-006	-1.715103e-006	-1.499383e-007	8.067262e-009	1.113267e-005
4.210851176098140e-008	2.848864e-006	-1.715133e-006	-1.500015e-007	8.065620e-009	1.113275e-005
4.240851176098174e-008	2.859108e-006	-1.725255e-006	-1.690326e-007	7.584390e-009	1.115574e-005
4.270851176098208e-008	2.867980e-006	-1.734034e-006	-1.881889e-007	7.126074e-009	1.117558e-005
4.300851176098242e-008	2.875056e-006	-1.741019e-006	-2.074339e-007	6.690894e-009	1.119245e-005
4.305122604669675e-008	2.875933e-006	-1.741883e-006	-2.101795e-007	6.630779e-009	1.119462e-005
4.309394033241109e-008	2.876778e-006	-1.742716e-006	-2.129258e-007	6.571108e-009	1.119673e-005
4.313665461812542e-008	2.877591e-006	-1.743517e-006	-2.156728e-007	6.511880e-009	1.119878e-005
4.317936890383975e-008	2.878373e-006	-1.744287e-006	-2.184207e-007	6.453097e-009	1.120078e-005
4.322208318955409e-008	2.879123e-006	-1.745025e-006	-2.211693e-007	6.394757e-009	1.120273e-005
4.326479747526842e-008	2.879842e-006	-1.745732e-006	-2.239187e-007	6.336861e-009	1.120462e-005
4.330751176098276e-008	2.880528e-006	-1.746407e-006	-2.266688e-007	6.279409e-009	1.120645e-005
4.330851176098276e-008	2.880544e-006	-1.746423e-006	-2.267332e-007	6.278069e-009	1.120649e-005
4.335122604669709e-008	2.881198e-006	-1.747065e-006	-2.294842e-007	6.221061e-009	1.120827e-005
4.339394033241143e-008	2.881824e-006	-1.747678e-006	-2.322370e-007	6.164477e-009	1.121000e-005
4.343665461812576e-008	2.882420e-006	-1.748262e-006	-2.349917e-007	6.108318e-009	1.121167e-005
4.347936890384009e-008	2.882987e-006	-1.748818e-006	-2.377483e-007	6.052583e-009	1.121329e-005
4.352208318955443e-008	2.883525e-006	-1.749344e-006	-2.405067e-007	5.997272e-009	1.121486e-005
4.356479747526876e-008	2.884034e-006	-1.749842e-006	-2.432669e-007	5.942385e-009	1.121637e-005
4.360751176098310e-008	2.884514e-006	-1.750310e-006	-2.460290e-007	5.887923e-009	1.121783e-005
4.360851176098310e-008	2.884525e-006	-1.750321e-006	-2.460936e-007	5.886652e-009	1.121787e-005
4.390851176098344e-008	2.887076e-006	-1.752779e-006	-2.654794e-007	5.515683e-009	1.122671e-005
4.392008318955488e-008	2.884917e-006	-1.750799e-006	-2.662265e-007	5.501978e-009	1.122700e-005
4.393165461812633e-008	2.888915e-006	-1.752278e-006	-2.669736e-007	5.488085e-009	1.122730e-005
4.394322604669777e-008	2.899070e-006	-1.757215e-006	-2.677208e-007	5.474007e-009	1.122760e-005
4.395479747526920e-008	2.915383e-006	-1.765611e-006	-2.684682e-007	5.459741e-009	1.122792e-005
4.396636890384064e-008	2.937852e-006	-1.777466e-006	-2.692156e-007	5.445289e-009	1.122824e-005
4.397794033241209e-008	2.966479e-006	-1.792779e-006	-2.699632e-007	5.430651e-009	1.122857e-005
4.398951176098353e-008	3.001263e-006	-1.811552e-006	-2.707108e-007	5.415826e-009	1.122891e-005
4.400194033241212e-008	3.055228e-006	-1.842803e-006	-2.715142e-007	5.399405e-009	1.122929e-005
4.401436890384070e-008	3.114805e-006	-1.882572e-006	-2.723185e-007	5.381475e-009	1.122966e-005
4.402679747526929e-008	3.179992e-006	-1.930858e-006	-2.731237e-007	5.362035e-009	1.123001e-005
4.403922604669787e-008	3.250791e-006	-1.987662e-006	-2.739297e-007	5.341086e-009	1.123035e-005
4.405165461812646e-008	3.327200e-006	-2.052983e-006	-2.747365e-007	5.318627e-009	1.123067e-005
4.406408318955504e-008	3.409221e-006	-2.126822e-006	-2.755442e-007	5.294659e-009	1.123097e-005
4.407651176098363e-008	3.496853e-006	-2.209179e-006	-2.763527e-007	5.269181e-009	1.123126e-005
4.409079747526936e-008	3.593399e-006	-2.313090e-006	-2.772838e-007	5.236488e-009	1.123153e-005
4.410508318955509e-008	3.687225e-006	-2.416459e-006	-2.782161e-007	5.201428e-009	1.123179e-005
4.411936890384082e-008	3.778332e-006	-2.519284e-006	-2.791497e-007	5.164002e-009	1.123203e-005
4.413365461812655e-008	3.866720e-006	-2.621566e-006	-2.800846e-007	5.124208e-009	1.123226e-005
4.414794033241228e-008	3.952389e-006	-2.723306e-006	-2.810207e-007	5.082048e-009	1.123247e-005
4.416222604669801e-008	4.035339e-006	-2.824502e-006	-2.819581e-007	5.037521e-009	1.123266e-005
4.417651176098374e-008	4.115569e-006	-2.925156e-006	-2.828967e-007	4.990627e-009	1.123285e-005
4.420851176098378e-008	4.278959e-006	-3.121233e-006	-2.850022e-007	4.881657e-009	1.123329e-005
4.422594033241237e-008	4.357513e-006	-3.212589e-006	-2.861509e-007	4.819429e-009	1.123354e-005
4.424336890384096e-008	4.431179e-006	-3.296479e-006	-2.873000e-007	4.757432e-009	1.123379e-005
4.426079747526955e-008	4.499958e-006	-3.372901e-006	-2.884493e-007	4.695668e-009	1.123405e-005
4.427822604669814e-008	4.563849e-006	-3.441856e-006	-2.895990e-007	4.634136e-009	1.123431e-005
4.429565461812674e-008	4.622852e-006	-3.503344e-006	-2.907491e-007	4.572836e-009	1.123457e-005
4.431308318955532e-008	4.676968e-006	-3.557365e-006	-2.918994e-007	4.511768e-009	1.123484e-005
4.433051176098392e-008	4.726196e-006	-3.603919e-006	-2.930501e-007	4.450933e-009	1.123510e-005
4.435579747526966e-008	4.788057e-006	-3.663602e-006	-2.947191e-007	4.365458e-009	1.123547e-005
4.438108318955540e-008	4.843562e-006	-3.717193e-006	-2.963868e-007	4.283040e-009	1.123583e-005
4.440636890384114e-008	4.892711e-006	-3.764692e-006	-2.980531e-007	4.203680e-009	1.123616e-005
4.443165461812689e-008	4.935504e-006	-3.806097e-006	-2.997182e-007	4.127378e-009	1.123648e-005
4.445694033241263e-008	4.971941e-006	-3.841410e-006	-3.013819e-007	4.054133e-009	1.123678e-005
4.448222604669838e-008	5.002021e-006	-3.870631e-006	-3.030443e-007	3.983945e-009	1.123707e-005
4.450751176098412e-008	5.025746e-006	-3.893759e-006	-3.047053e-007	3.916815e-009	1.123734e-005
4.450851176098412e-008	5.027049e-006	-3.894815e-006	-3.047709e-007	3.914229e-009	1.123735e-005
4.452865461812700e-008	5.057147e-006	-3.919368e-006	-3.060925e-007	3.863142e-009	1.123758e-005
4.454879747526988e-008	5.084070e-006	-3.942540e-006	-3.074127e-007	3.813455e-009	1.123778e-005
4.456894033241276e-008	5.107820e-006	-3.964331e-006	-3.087315e-007	3.765169e-009	1.123797e-005
4.458908318955564e-008	5.128396e-006	-3.984742e-006	-3.100491e-007	3.718283e-009	1.123815e-005
4.460922604669852e-008	5.145798e-006	-4.003771e-006	-3.113654e-007	3.672797e-009	1.123830e-005
4.462936890384140e-008	5.160025e-006	-4.021419e-006	-3.126803e-007	3.628711e-009	1.123844e-005
4.464951176098428e-008	5.171079e-006	-4.037686e-006	-3.139939e-007	3.586025e-009	1.123857e-005
4.474151176098438e-008	5.207658e-006	-4.078561e-006	-3.199760e-007	3.408674e-009	1.123909e-005
4.474494033241296e-008	5.208520e-006	-4.079384e-006	-3.201989e-007	3.402623e-009	1.123910e-005
4.474836890384153e-008	5.209347e-006	-4.080168e-006	-3.204238e-007	3.396610e-009	1.123912e-005
4.475179747527011e-008	5.210141e-006	-4.080916e-006	-3.206507e-007	3.390635e-009	1.123914e-005
4.475522604669869e-008	5.210901e-006	-4.081626e-006	-3.208795e-007	3.384699e-009	1.123915e-005
4.475865461812726e-008	5.211628e-006	-4.082299e-006	-3.211103e-007	3.378800e-009	1.123917e-005
4.476208318955583e-008	5.212320e-006	-4.082934e-006	-3.213431e-007	3.372941e-009	1.123918e-005
4.476551176098441e-008	5.212979e-006	-4.083532e-006	-3.215778e-007	3.367119e-009	1.123920e-005
4.477065461812728e-008	5.213903e-006	-4.084362e-006	-3.219332e-007	3.358459e-009	1.123922e-005
4.477579747527014e-008	5.214757e-006	-4.085123e-006	-3.222934e-007	3.349881e-009	1.123924e-005
4.478094033241300e-008	5.215540e-006	-4.085814e-006	-3.226585e-007	3.341384e-009	1.123926e-005
4.478608318955586e-008	5.216251e-006	-4.086437e-006	-3.230284e-007	3.332970e-009	1.123928e-005
4.479122604669873e-008	5.216892e-006	-4.086990e-006	-3.234032e-007	3.324638e-009	1.123930e-005
4.479636890384159e-008	5.217462e-006	-4.087473e-006	-3.237828e-007	3.316388e-009	1.123932e-005
4.480151176098445e-008	5.217961e-006	-4.087888e-006	-3.241673e-007	3.308221e-009	1.123934e-005
4.480851176098446e-008	5.218537e-006	-4.088359e-006	-3.246952e-007	3.297228e-009	1.123936e-005
4.481194033241304e-008	5.218774e-006	-4.088548e-006	-3.249542e-007	3.291898e-009	1.123937e-005
4.481536890384161e-008	5.218983e-006	-4.088712e-006	-3.252119e-007	3.286601e-009	1.123938e-005
4.481879747527018e-008	5.219165e-006	-4.088851e-006	-3.254680e-007	3.281339e-009	1.123939e-005
4.482222604669876e-008	5.219318e-006	-4.088965e-006	-3.257228e-007	3.276110e-009	1.123940e-005
4.482565461812734e-008	5.219445e-006	-4.089053e-006	-3.259762e-007	3.270915e-009	1.123941e-005
4.482908318955591e-008	5.219543e-006	-4.089117e-006	-3.262281e-007	3.265754e-009	1.123942e-005
4.483251176098449e-008	5.219614e-006	-4.089155e-006	-3.264786e-007	3.260627e-009	1.123943e-005
4.484008318955592e-008	5.219670e-006	-4.089150e-006	-3.270261e-007	3.249427e-009	1.123945e-005
4.484765461812736e-008	5.219613e-006	-4.089042e-006	-3.275716e-007	3.238380e-009	1.123947e-005
4.485522604669880e-008	5.219443e-006	-4.088830e-006	-3.281150e-007	3.227484e-009	1.123949e-005
4.486279747527023e-008	5.219161e-006	-4.088515e-006	-3.286565e-007	3.216741e-009	1.123951e-005
4.487036890384167e-008	5.218766e-006	-4.088097e-006	-3.291959e-007	3.206149e-009	1.123952e-005
4.487794033241311e-008	5.218257e-006	-4.087575e-006	-3.297334e-007	3.195710e-009	1.123954e-005
4.488551176098455e-008	5.217636e-006	-4.086949e-006	-3.302688e-007	3.185424e-009	1.123955e-005
4.491036890384172e-008	5.214735e-006	-4.084083e-006	-3.320183e-007	3.152823e-009	1.123958e-005
4.493522604669889e-008	5.211137e-006	-4.080514e-006	-3.337614e-007	3.121479e-009	1.123960e-005
4.496008318955606e-008	5.206841e-006	-4.076240e-006	-3.354982e-007	3.091391e-009	1.123960e-005
4.498494033241323e-008	5.201849e-006	-4.071262e-006	-3.372287e-007	3.062561e-009	1.123959e-005
4.500979747527040e-008	5.196159e-006	-4.065580e-006	-3.389528e-007	3.034986e-009	1.123957e-005
4.503465461812758e-008	5.189773e-006	-4.059194e-006	-3.406706e-007	3.008669e-009	1.123953e-005
4.505951176098474e-008	5.182689e-006	-4.052104e-006	-3.423821e-007	2.983608e-009	1.123948e-005
4.510851176098480e-008	5.167817e-006	-4.037197e-006	-3.457369e-007	2.936678e-009	1.123934e-005
4.515122604669913e-008	5.153369e-006	-4.022719e-006	-3.486309e-007	2.899107e-009	1.123918e-005
4.519394033241347e-008	5.138383e-006	-4.007703e-006	-3.515068e-007	2.863243e-009	1.123898e-005
4.523665461812781e-008	5.122857e-006	-3.992147e-006	-3.543645e-007	2.829088e-009	1.123874e-005
4.527936890384213e-008	5.106791e-006	-3.976053e-006	-3.572041e-007	2.796640e-009	1.123846e-005
4.532208318955647e-008	5.090187e-006	-3.959420e-006	-3.600255e-007	2.765901e-009	1.123815e-005
4.536479747527080e-008	5.073043e-006	-3.942249e-006	-3.628288e-007	2.736870e-009	1.123779e-005
4.540751176098514e-008	5.055360e-006	-3.924539e-006	-3.656139e-007	2.709547e-009	1.123740e-005
4.540851176098514e-008	5.054950e-006	-3.924128e-006	-3.656790e-007	2.708909e-009	1.123739e-005
4.570851176098548e-008	4.928582e-006	-3.797555e-006	-3.849300e-007	2.538149e-009	1.123362e-005
4.600851176098582e-008	4.801306e-006	-3.670077e-006	-4.037453e-007	2.392391e-009	1.122811e-005
4.630851176098616e-008	4.676354e-006	-3.544929e-006	-4.222360e-007	2.259682e-009	1.122096e-005
4.660851176098650e-008	4.554520e-006	-3.422906e-006	-4.404473e-007	2.135726e-009	1.121227e-005
4.690851176098684e-008	4.435959e-006	-3.304163e-006	-4.583947e-007	2.018903e-009	1.120210e-005
4.720851176098718e-008	4.320671e-006	-3.188700e-006	-4.760933e-007	1.908494e-009	1.119055e-005
4.750851176098752e-008	4.208598e-006	-3.076458e-006	-4.935266e-007	1.804071e-009	1.117767e-005
4.770651176098775e-008	4.136344e-006	-3.004097e-006	-5.048822e-007	1.738276e-009	1.116849e-005
4.770751176098775e-008	4.135982e-006	-3.003735e-006	-5.049393e-007	1.737524e-009	1.116845e-005
4.770779243531679e-008	4.135881e-006	-3.003633e-006	-5.049553e-007	1.741386e-009	1.116843e-005
4.770789558470224e-008	4.135843e-006	-3.003596e-006	-5.049612e-007	1.745373e-009	1.116843e-005
4.770797087727009e-008	4.135816e-006	-3.003569e-006	-5.049655e-007	1.746374e-009	1.116842e-005
4.770805124581647e-008	4.135787e-006	-3.003540e-006	-5.049700e-007	1.746795e-009	1.116842e-005
4.770806540724304e-008	4.135782e-006	-3.003535e-006	-5.049709e-007	1.746789e-009	1.116842e-005
4.778111626405853e-008	4.109465e-006	-2.977179e-006	-5.091295e-007	2.254412e-009	1.116490e-005
4.808111626405887e-008	4.003268e-006	-2.870820e-006	-5.260321e-007	4.252271e-009	1.114971e-005
4.838111626405921e-008	3.902355e-006	-2.769736e-006	-5.426470e-007	6.116388e-009	1.113340e-005
4.842125912120212e-008	3.889064e-006	-2.756441e-006	-5.448480e-007	6.355946e-009	1.113114e-005
4.846140197834502e-008	3.875789e-006	-2.743159e-006	-5.470437e-007	6.593312e-009	1.112886e-005
4.850154483548792e-008	3.862530e-006	-2.729889e-006	-5.492342e-007	6.828486e-009	1.112655e-005
4.854168769263082e-008	3.849288e-006	-2.716632e-006	-5.514194e-007	7.061469e-009	1.112424e-005
4.858183054977373e-008	3.836063e-006	-2.703386e-006	-5.535994e-007	7.292261e-009	1.112190e-005
4.862197340691663e-008	3.822854e-006	-2.690153e-006	-5.557741e-007	7.520861e-009	1.111954e-005
4.866211626405953e-008	3.809662e-006	-2.676932e-006	-5.579436e-007	7.747269e-009	1.111717e-005
4.866468769263096e-008	3.808818e-006	-2.676088e-006	-5.580829e-007	7.761704e-009	1.111701e-005
4.866725912120240e-008	3.807975e-006	-2.675244e-006	-5.582229e-007	7.776129e-009	1.111686e-005
4.866983054977383e-008	3.807132e-006	-2.674399e-006	-5.583635e-007	7.790546e-009	1.111671e-005
4.867240197834526e-008	3.806289e-006	-2.673555e-006	-5.585048e-007	7.804954e-009	1.111656e-005
4.867497340691669e-008	3.805447e-006	-2.672712e-006	-5.586468e-007	7.819353e-009	1.111640e-005
4.867754483548812e-008	3.804605e-006	-2.671868e-006	-5.587894e-007	7.833744e-009	1.111625e-005
4.868011626405955e-008	3.803763e-006	-2.671025e-006	-5.589327e-007	7.848127e-009	1.111610e-005
4.868111626405955e-008	3.803436e-006	-2.670697e-006	-5.589887e-007	7.853718e-009	1.111604e-005
4.869154483548814e-008	3.800015e-006	-2.667272e-006	-5.595692e-007	7.911942e-009	1.111541e-005
4.870197340691672e-008	3.796617e-006	-2.663861e-006	-5.601887e-007	7.970025e-009	1.111479e-005
4.871240197834530e-008	3.793244e-006	-2.660463e-006	-5.608472e-007	8.027966e-009	1.111417e-005
4.872283054977389e-008	3.789895e-006	-2.657080e-006	-5.615448e-007	8.085766e-009	1.111354e-005
4.873325912120247e-008	3.786570e-006	-2.653711e-006	-5.622814e-007	8.143424e-009	1.111292e-005
4.874368769263105e-008	3.783269e-006	-2.650356e-006	-5.630571e-007	8.200941e-009	1.111229e-005
4.875411626405963e-008	3.779992e-006	-2.647014e-006	-5.638718e-007	8.258316e-009	1.111166e-005
4.876483054977393e-008	3.776681e-006	-2.643611e-006	-5.647863e-007	8.317117e-009	1.111101e-005
4.877554483548823e-008	3.773422e-006	-2.640254e-006	-5.657492e-007	8.375765e-009	1.111036e-005
4.878625912120253e-008	3.770214e-006	-2.636944e-006	-5.667607e-007	8.434262e-009	1.110971e-005
4.879697340691682e-008	3.767058e-006	-2.633679e-006	-5.678206e-007	8.492606e-009	1.110906e-005
4.880768769263112e-008	3.763953e-006	-2.630460e-006	-5.689291e-007	8.550798e-009	1.110841e-005
4.881840197834542e-008	3.760899e-006	-2.627288e-006	-5.700860e-007	8.608838e-009	1.110776e-005
4.882911626405972e-008	3.757896e-006	-2.624161e-006	-5.712915e-007	8.666726e-009	1.110710e-005
4.884854483548832e-008	3.752617e-006	-2.618706e-006	-5.735821e-007	8.771305e-009	1.110591e-005
4.886797340691690e-008	3.747401e-006	-2.613371e-006	-5.759032e-007	8.875355e-009	1.110472e-005
4.888740197834550e-008	3.742248e-006	-2.608157e-006	-5.782549e-007	8.978874e-009	1.110352e-005
4.890683054977409e-008	3.737159e-006	-2.603064e-006	-5.806372e-007	9.081864e-009	1.110231e-005
4.892625912120269e-008	3.732133e-006	-2.598090e-006	-5.830501e-007	9.184323e-009	1.110111e-005
4.894568769263128e-008	3.727170e-006	-2.593238e-006	-5.854935e-007	9.286253e-009	1.109989e-005
4.896511626405987e-008	3.722270e-006	-2.588505e-006	-5.879675e-007	9.387653e-009	1.109868e-005
4.898111626405989e-008	3.718190e-006	-2.584559e-006	-5.899583e-007	9.470750e-009	1.109767e-005
4.901883054977422e-008	3.708612e-006	-2.575262e-006	-5.946047e-007	9.665075e-009	1.109530e-005
4.905654483548855e-008	3.698782e-006	-2.565660e-006	-5.992064e-007	9.857543e-009	1.109290e-005
4.909425912120288e-008	3.688698e-006	-2.555754e-006	-6.037632e-007	1.004816e-008	1.109050e-005
4.913197340691720e-008	3.678362e-006	-2.545545e-006	-6.082752e-007	1.023692e-008	1.108807e-005
4.916968769263153e-008	3.667773e-006	-2.535031e-006	-6.127424e-007	1.042382e-008	1.108564e-005
4.920740197834586e-008	3.656931e-006	-2.524213e-006	-6.171647e-007	1.060887e-008	1.108319e-005
4.924511626406019e-008	3.645836e-006	-2.513092e-006	-6.215423e-007	1.079206e-008	1.108072e-005
4.925011626406020e-008	3.644337e-006	-2.511596e-006	-6.221246e-007	1.081624e-008	1.108040e-005
4.925511626406020e-008	3.642834e-006	-2.510096e-006	-6.227092e-007	1.084038e-008	1.108007e-005
4.926011626406021e-008	3.641325e-006	-2.508592e-006	-6.232961e-007	1.086450e-008	1.107974e-005
4.926511626406021e-008	3.639813e-006	-2.507083e-006	-6.238853e-007	1.088859e-008	1.107941e-005
4.927011626406022e-008	3.638296e-006	-2.505570e-006	-6.244767e-007	1.091265e-008	1.107908e-005
4.927511626406023e-008	3.636775e-006	-2.504052e-006	-6.250704e-007	1.093667e-008	1.107875e-005
4.928011626406023e-008	3.635249e-006	-2.502529e-006	-6.256664e-007	1.096067e-008	1.107842e-005
4.928111626406023e-008	3.634943e-006	-2.502224e-006	-6.257854e-007	1.096547e-008	1.107836e-005
4.930983054977455e-008	3.626066e-006	-2.493360e-006	-6.292074e-007	1.110267e-008	1.107646e-005
4.933854483548887e-008	3.617100e-006	-2.484401e-006	-6.326110e-007	1.123898e-008	1.107456e-005
4.936725912120319e-008	3.608044e-006	-2.475348e-006	-6.359962e-007	1.137438e-008	1.107264e-005
4.939597340691750e-008	3.598900e-006	-2.466199e-006	-6.393631e-007	1.150889e-008	1.107072e-005
4.942468769263182e-008	3.589666e-006	-2.456956e-006	-6.427116e-007	1.164250e-008	1.106880e-005
4.945340197834614e-008	3.580343e-006	-2.447618e-006	-6.460417e-007	1.177522e-008	1.106686e-005
4.948211626406046e-008	3.570931e-006	-2.438185e-006	-6.493535e-007	1.190703e-008	1.106492e-005
4.949611626406048e-008	3.568270e-006	-2.433490e-006	-6.509622e-007	1.197116e-008	1.106397e-005
4.951011626406049e-008	3.567377e-006	-2.430277e-006	-6.525668e-007	1.203492e-008	1.106303e-005
4.952411626406051e-008	3.568252e-006	-2.428548e-006	-6.541673e-007	1.209830e-008	1.106209e-005
4.953811626406052e-008	3.570894e-006	-2.428303e-006	-6.557637e-007	1.216132e-008	1.106114e-005
4.955211626406054e-008	3.575305e-006	-2.429541e-006	-6.573561e-007	1.222397e-008	1.106020e-005
4.956611626406056e-008	3.581484e-006	-2.432263e-006	-6.589444e-007	1.228625e-008	1.105925e-005
4.958011626406057e-008	3.589430e-006	-2.436469e-006	-6.605287e-007	1.234817e-008	1.105831e-005
4.958111626406057e-008	3.589515e-006	-2.436690e-006	-6.606417e-007	1.235256e-008	1.105824e-005
4.959940197834631e-008	3.586593e-006	-2.441032e-006	-6.627044e-007	1.243231e-008	1.105695e-005
4.961768769263204e-008	3.583345e-006	-2.444054e-006	-6.647604e-007	1.251141e-008	1.105566e-005
4.963597340691777e-008	3.579773e-006	-2.445755e-006	-6.668097e-007	1.258988e-008	1.105437e-005
4.965425912120352e-008	3.575876e-006	-2.446136e-006	-6.688522e-007	1.266771e-008	1.105309e-005
4.967254483548925e-008	3.571654e-006	-2.445197e-006	-6.708881e-007	1.274491e-008	1.105180e-005
4.969083054977498e-008	3.567107e-006	-2.442937e-006	-6.729172e-007	1.282146e-008	1.105052e-005
4.970911626406072e-008	3.562235e-006	-2.439356e-006	-6.749396e-007	1.289738e-008	1.104923e-005
4.973325912120361e-008	3.558495e-006	-2.431987e-006	-6.775996e-007	1.299724e-008	1.104755e-005
4.975740197834649e-008	3.553986e-006	-2.424535e-006	-6.802483e-007	1.309655e-008	1.104587e-005
4.978154483548937e-008	3.548709e-006	-2.417000e-006	-6.828856e-007	1.319533e-008	1.104418e-005
4.980568769263225e-008	3.542664e-006	-2.409383e-006	-6.855116e-007	1.329356e-008	1.104247e-005
4.982983054977514e-008	3.535850e-006	-2.401683e-006	-6.881263e-007	1.339125e-008	1.104077e-005
4.985397340691802e-008	3.528268e-006	-2.393901e-006	-6.907297e-007	1.348840e-008	1.103905e-005
4.987811626406091e-008	3.519918e-006	-2.386036e-006	-6.933217e-007	1.358500e-008	1.103732e-005
4.988111626406091e-008	3.518790e-006	-2.385072e-006	-6.936430e-007	1.359697e-008	1.103711e-005
4.992383054977525e-008	3.502313e-006	-2.369652e-006	-6.981988e-007	1.376629e-008	1.103404e-005
4.996654483548958e-008	3.485726e-006	-2.353822e-006	-7.027205e-007	1.393439e-008	1.103096e-005
5.000925912120392e-008	3.469029e-006	-2.337580e-006	-7.072080e-007	1.410129e-008	1.102786e-005
5.005197340691825e-008	3.452223e-006	-2.320927e-006	-7.116615e-007	1.426697e-008	1.102475e-005
5.009468769263258e-008	3.435306e-006	-2.303863e-006	-7.160808e-007	1.443144e-008	1.102163e-005
5.013740197834692e-008	3.418280e-006	-2.286388e-006	-7.204660e-007	1.459470e-008	1.101849e-005
5.018011626406125e-008	3.401144e-006	-2.268502e-006	-7.248170e-007	1.475675e-008	1.101533e-005
5.018111626406125e-008	3.400743e-006	-2.268105e-006	-7.249185e-007	1.476054e-008	1.101526e-005
5.022383054977559e-008	3.383748e-006	-2.251096e-006	-7.292354e-007	1.492153e-008	1.101208e-005
5.026654483548992e-008	3.367029e-006	-2.234347e-006	-7.335195e-007	1.508135e-008	1.100890e-005
5.030925912120426e-008	3.350586e-006	-2.217859e-006	-7.377708e-007	1.524000e-008	1.100569e-005
5.035197340691859e-008	3.334418e-006	-2.201632e-006	-7.419893e-007	1.539749e-008	1.100248e-005
5.039468769263292e-008	3.318526e-006	-2.185665e-006	-7.461750e-007	1.555380e-008	1.099925e-005
5.043740197834726e-008	3.302909e-006	-2.169958e-006	-7.503278e-007	1.570894e-008	1.099600e-005
5.048011626406159e-008	3.287567e-006	-2.154512e-006	-7.544479e-007	1.586290e-008	1.099274e-005
5.048111626406159e-008	3.287211e-006	-2.154156e-006	-7.545440e-007	1.586649e-008	1.099266e-005
5.052383054977593e-008	3.272186e-006	-2.139077e-006	-7.586311e-007	1.601920e-008	1.098939e-005
5.056654483549026e-008	3.257405e-006	-2.124247e-006	-7.626865e-007	1.617064e-008	1.098609e-005
5.060925912120460e-008	3.242870e-006	-2.109664e-006	-7.667103e-007	1.632081e-008	1.098279e-005
5.065197340691893e-008	3.228581e-006	-2.095329e-006	-7.707024e-007	1.646972e-008	1.097947e-005
5.069468769263326e-008	3.214536e-006	-2.081242e-006	-7.746628e-007	1.661737e-008	1.097614e-005
5.073740197834760e-008	3.200737e-006	-2.067403e-006	-7.785916e-007	1.676374e-008	1.097279e-005
5.078011626406193e-008	3.187183e-006	-2.053811e-006	-7.824887e-007	1.690886e-008	1.096943e-005
5.078111626406193e-008	3.186868e-006	-2.053495e-006	-7.825795e-007	1.691224e-008	1.096936e-005
5.082383054977627e-008	3.173518e-006	-2.040111e-006	-7.864448e-007	1.705601e-008	1.096598e-005
5.086654483549060e-008	3.160333e-006	-2.026893e-006	-7.902795e-007	1.719847e-008	1.096259e-005
5.090925912120494e-008	3.147312e-006	-2.013841e-006	-7.940837e-007	1.733963e-008	1.095919e-005
5.095197340691927e-008	3.134456e-006	-2.000955e-006	-7.978573e-007	1.747949e-008	1.095578e-005
5.099468769263360e-008	3.121764e-006	-1.988235e-006	-8.016003e-007	1.761804e-008	1.095235e-005
5.103740197834794e-008	3.109237e-006	-1.975681e-006	-8.053127e-007	1.775529e-008	1.094891e-005
5.108011626406227e-008	3.096874e-006	-1.963293e-006	-8.089946e-007	1.789124e-008	1.094546e-005
5.108111626406227e-008	3.096585e-006	-1.963004e-006	-8.090805e-007	1.789440e-008	1.094538e-005
5.112383054977661e-008	3.084348e-006	-1.950743e-006	-8.127316e-007	1.802900e-008	1.094192e-005
5.116654483549094e-008	3.072218e-006	-1.938590e-006	-8.163532e-007	1.816232e-008	1.093844e-005
5.120925912120528e-008	3.060196e-006	-1.926546e-006	-8.199454e-007	1.829434e-008	1.093495e-005
5.125197340691961e-008	3.048282e-006	-1.914610e-006	-8.235079e-007	1.842508e-008	1.093144e-005
5.129468769263394e-008	3.036475e-006	-1.902782e-006	-8.270410e-007	1.855454e-008	1.092793e-005
5.133740197834828e-008	3.024775e-006	-1.891062e-006	-8.305446e-007	1.868270e-008	1.092440e-005
5.138011626406261e-008	3.013183e-006	-1.879451e-006	-8.340186e-007	1.880959e-008	1.092086e-005
5.138111626406261e-008	3.012912e-006	-1.879180e-006	-8.340996e-007	1.881254e-008	1.092078e-005
5.168111626406295e-008	2.933755e-006	-1.799865e-006	-8.576886e-007	1.966835e-008	1.089558e-005
5.198111626406329e-008	2.858388e-006	-1.724437e-006	-8.798977e-007	2.046434e-008	1.086982e-005
5.228111626406363e-008	2.785171e-006	-1.651114e-006	-9.007757e-007	2.120379e-008	1.084354e-005
5.258111626406397e-008	2.714047e-006	-1.579898e-006	-9.203702e-007	2.189041e-008	1.081676e-005
5.288111626406431e-008	2.644956e-006	-1.510720e-006	-9.387276e-007	2.252763e-008	1.078952e-005
5.318111626406465e-008	2.577813e-006	-1.443494e-006	-9.559209e-007	2.311870e-008	1.076184e-005
5.321897340692184e-008	2.568210e-006	-1.434647e-006	-9.580087e-007	2.319016e-008	1.075831e-005
5.325683054977903e-008	2.559436e-006	-1.426144e-006	-9.600785e-007	2.326095e-008	1.075478e-005
5.329468769263621e-008	2.551491e-006	-1.417984e-006	-9.621303e-007	2.333107e-008	1.075125e-005
5.333254483549340e-008	2.544374e-006	-1.410166e-006	-9.641641e-007	2.340051e-008	1.074771e-005
5.337040197835058e-008	2.538086e-006	-1.402691e-006	-9.661798e-007	2.346928e-008	1.074417e-005
5.340825912120777e-008	2.532627e-006	-1.395560e-006	-9.681775e-007	2.353737e-008	1.074062e-005
5.344611626406496e-008	2.527996e-006	-1.388771e-006	-9.701572e-007	2.360479e-008	1.073707e-005
5.345097340692210e-008	2.529763e-006	-1.388838e-006	-9.704100e-007	2.361336e-008	1.073662e-005
5.345583054977925e-008	2.532230e-006	-1.389284e-006	-9.706625e-007	2.362189e-008	1.073617e-005
5.346068769263640e-008	2.535398e-006	-1.390111e-006	-9.709148e-007	2.363039e-008	1.073572e-005
5.346554483549355e-008	2.539267e-006	-1.391318e-006	-9.711667e-007	2.363884e-008	1.073528e-005
5.347040197835070e-008	2.543836e-006	-1.392904e-006	-9.714184e-007	2.364725e-008	1.073483e-005
5.347525912120785e-008	2.549106e-006	-1.394871e-006	-9.716698e-007	2.365562e-008	1.073439e-005
5.348011626406499e-008	2.555077e-006	-1.397217e-006	-9.719209e-007	2.366395e-008	1.073394e-005
5.348111626406499e-008	2.556420e-006	-1.397781e-006	-9.719727e-007	2.366565e-008	1.073385e-005
5.349340197835072e-008	2.577662e-006	-1.406283e-006	-9.726066e-007	2.368672e-008	1.073275e-005
5.350568769263645e-008	2.602028e-006	-1.419038e-006	-9.732391e-007	2.370692e-008	1.073164e-005
5.351797340692218e-008	2.629518e-006	-1.436047e-006	-9.738702e-007	2.372627e-008	1.073052e-005
5.353025912120791e-008	2.660133e-006	-1.457309e-006	-9.744999e-007	2.374475e-008	1.072941e-005
5.354254483549364e-008	2.693872e-006	-1.482825e-006	-9.751282e-007	2.376237e-008	1.072828e-005
5.355483054977937e-008	2.730735e-006	-1.512593e-006	-9.757551e-007	2.377914e-008	1.072715e-005
5.356711626406509e-008	2.770723e-006	-1.546615e-006	-9.763806e-007	2.379504e-008	1.072602e-005
5.357768769263653e-008	2.803321e-006	-1.579815e-006	-9.769181e-007	2.380744e-008	1.072501e-005
5.358825912120798e-008	2.834932e-006	-1.613939e-006	-9.774545e-007	2.381869e-008	1.072400e-005
5.359883054977942e-008	2.865556e-006	-1.648989e-006	-9.779901e-007	2.382881e-008	1.072298e-005
5.360940197835085e-008	2.895194e-006	-1.684964e-006	-9.785247e-007	2.383779e-008	1.072196e-005
5.361997340692229e-008	2.923844e-006	-1.721864e-006	-9.790584e-007	2.384564e-008	1.072092e-005
5.363054483549374e-008	2.951508e-006	-1.759690e-006	-9.795911e-007	2.385234e-008	1.071988e-005
5.364111626406518e-008	2.978185e-006	-1.798440e-006	-9.801229e-007	2.385791e-008	1.071882e-005
5.365468769263662e-008	3.011092e-006	-1.846472e-006	-9.808043e-007	2.386303e-008	1.071747e-005
5.366825912120807e-008	3.042636e-006	-1.891320e-006	-9.814840e-007	2.386660e-008	1.071613e-005
5.368183054977951e-008	3.072819e-006	-1.932983e-006	-9.821619e-007	2.386863e-008	1.071479e-005
5.369540197835095e-008	3.101640e-006	-1.971462e-006	-9.828380e-007	2.386910e-008	1.071346e-005
5.370897340692239e-008	3.129098e-006	-2.006757e-006	-9.835125e-007	2.386802e-008	1.071213e-005
5.372254483549384e-008	3.155194e-006	-2.038867e-006	-9.841851e-007	2.386539e-008	1.071081e-005
5.373611626406528e-008	3.179928e-006	-2.067793e-006	-9.848560e-007	2.386121e-008	1.070950e-005
5.378111626406534e-008	3.254355e-006	-2.139521e-006	-9.870660e-007	2.384120e-008	1.070521e-005
5.379883054977964e-008	3.280057e-006	-2.159171e-006	-9.879299e-007	2.383064e-008	1.070355e-005
5.381654483549395e-008	3.303053e-006	-2.177051e-006	-9.887901e-007	2.381922e-008	1.070187e-005
5.383425912120826e-008	3.323342e-006	-2.193161e-006	-9.896465e-007	2.380694e-008	1.070020e-005
5.385197340692256e-008	3.340925e-006	-2.207502e-006	-9.904992e-007	2.379380e-008	1.069851e-005
5.386968769263686e-008	3.355801e-006	-2.220073e-006	-9.913481e-007	2.377980e-008	1.069682e-005
5.388740197835117e-008	3.367971e-006	-2.230874e-006	-9.921932e-007	2.376494e-008	1.069513e-005
5.390511626406548e-008	3.377434e-006	-2.239906e-006	-9.930346e-007	2.374921e-008	1.069343e-005
5.392368769263692e-008	3.383124e-006	-2.248354e-006	-9.939125e-007	2.373210e-008	1.069164e-005
5.394225912120838e-008	3.388628e-006	-2.255828e-006	-9.947860e-007	2.371454e-008	1.068985e-005
5.396083054977983e-008	3.393946e-006	-2.262328e-006	-9.956551e-007	2.369651e-008	1.068805e-005
5.397940197835127e-008	3.399078e-006	-2.267853e-006	-9.965199e-007	2.367803e-008	1.068626e-005
5.399797340692272e-008	3.404024e-006	-2.272404e-006	-9.973803e-007	2.365910e-008	1.068448e-005
5.401654483549418e-008	3.408784e-006	-2.275981e-006	-9.982364e-007	2.363971e-008	1.068269e-005
5.403511626406562e-008	3.413359e-006	-2.278583e-006	-9.990881e-007	2.361986e-008	1.068091e-005
5.408111626406568e-008	3.426951e-006	-2.287309e-006	-1.001179e-006	2.356934e-008	1.067649e-005
5.410454483549428e-008	3.428158e-006	-2.291256e-006	-1.002233e-006	2.354256e-008	1.067421e-005
5.412797340692287e-008	3.428363e-006	-2.293786e-006	-1.003281e-006	2.351550e-008	1.067193e-005
5.415140197835147e-008	3.427565e-006	-2.294900e-006	-1.004321e-006	2.348816e-008	1.066965e-005
5.417483054978007e-008	3.425766e-006	-2.294596e-006	-1.005355e-006	2.346056e-008	1.066737e-005
5.419825912120867e-008	3.422964e-006	-2.292877e-006	-1.006382e-006	2.343268e-008	1.066509e-005
5.422168769263726e-008	3.419160e-006	-2.289740e-006	-1.007402e-006	2.340453e-008	1.066282e-005
5.424511626406586e-008	3.414354e-006	-2.285187e-006	-1.008415e-006	2.337610e-008	1.066054e-005
5.425383054978016e-008	3.412727e-006	-2.283158e-006	-1.008795e-006	2.336562e-008	1.065969e-005
5.426254483549445e-008	3.411007e-006	-2.281034e-006	-1.009182e-006	2.335515e-008	1.065884e-005
5.427125912120875e-008	3.409195e-006	-2.278815e-006	-1.009575e-006	2.334470e-008	1.065800e-005
5.427997340692304e-008	3.407291e-006	-2.276501e-006	-1.009974e-006	2.333426e-008	1.065715e-005
5.428868769263734e-008	3.405293e-006	-2.274091e-006	-1.010380e-006	2.332384e-008	1.065630e-005
5.429740197835163e-008	3.403204e-006	-2.271586e-006	-1.010792e-006	2.331344e-008	1.065546e-005
5.430611626406593e-008	3.401021e-006	-2.268986e-006	-1.011210e-006	2.330305e-008	1.065461e-005
5.431211626406594e-008	3.399448e-006	-2.267180e-006	-1.011499e-006	2.329591e-008	1.065402e-005
5.431811626406594e-008	3.397827e-006	-2.265353e-006	-1.011786e-006	2.328878e-008	1.065344e-005
5.432411626406595e-008	3.396158e-006	-2.263506e-006	-1.012070e-006	2.328167e-008	1.065285e-005
5.433011626406596e-008	3.394439e-006	-2.261639e-006	-1.012351e-006	2.327457e-008	1.065227e-005
5.433611626406596e-008	3.392673e-006	-2.259751e-006	-1.012630e-006	2.326748e-008	1.065168e-005
5.434211626406597e-008	3.390857e-006	-2.257842e-006	-1.012906e-006	2.326040e-008	1.065110e-005
5.434811626406598e-008	3.388994e-006	-2.255913e-006	-1.013180e-006	2.325333e-008	1.065051e-005
5.438111626406602e-008	3.378002e-006	-2.245009e-006	-1.014672e-006	2.321470e-008	1.064729e-005
5.468111626406636e-008	3.253852e-006	-2.121569e-006	-1.027330e-006	2.289007e-008	1.061780e-005
5.498111626406670e-008	3.115943e-006	-1.983556e-006	-1.038579e-006	2.262703e-008	1.058803e-005
5.528111626406704e-008	2.979289e-006	-1.846710e-006	-1.048669e-006	2.242874e-008	1.055798e-005
5.558111626406738e-008	2.847326e-006	-1.714558e-006	-1.057760e-006	2.229180e-008	1.052768e-005
5.588111626406772e-008	2.720662e-006	-1.587714e-006	-1.065942e-006	2.221153e-008	1.049714e-005
5.618111626406806e-008	2.599234e-006	-1.466115e-006	-1.073273e-006	2.218323e-008	1.046638e-005
5.648111626406840e-008	2.482828e-006	-1.349548e-006	-1.079798e-006	2.220243e-008	1.043543e-005
5.672811626406868e-008	2.390596e-006	-1.257189e-006	-1.084596e-006	2.225094e-008	1.040980e-005
5.672911626406868e-008	2.390229e-006	-1.256821e-006	-1.084619e-006	2.225120e-008	1.040969e-005
5.672939693839773e-008	2.390126e-006	-1.256718e-006	-1.084618e-006	2.225127e-008	1.040966e-005
5.672962913785849e-008	2.390041e-006	-1.256633e-006	-1.084591e-006	2.225133e-008	1.040964e-005
5.673153278026409e-008	2.389342e-006	-1.255934e-006	-1.083804e-006	2.225181e-008	1.040944e-005
5.673343642266970e-008	2.388643e-006	-1.255235e-006	-1.082354e-006	2.225229e-008	1.040924e-005
5.673534006507529e-008	2.387945e-006	-1.254537e-006	-1.080243e-006	2.225278e-008	1.040904e-005
5.673724370748089e-008	2.387246e-006	-1.253839e-006	-1.077470e-006	2.225327e-008	1.040885e-005
5.673914734988649e-008	2.386548e-006	-1.253140e-006	-1.074034e-006	2.225375e-008	1.040865e-005
5.674105099229209e-008	2.385850e-006	-1.252442e-006	-1.069937e-006	2.225424e-008	1.040845e-005
5.674295463469769e-008	2.385152e-006	-1.251745e-006	-1.065178e-006	2.225473e-008	1.040825e-005
5.674766892041198e-008	2.383425e-006	-1.250017e-006	-1.050372e-006	2.225594e-008	1.040776e-005
5.675238320612627e-008	2.381699e-006	-1.248291e-006	-1.031741e-006	2.225715e-008	1.040727e-005
5.675709749184056e-008	2.379975e-006	-1.246566e-006	-1.009283e-006	2.225835e-008	1.040678e-005
5.676181177755485e-008	2.378251e-006	-1.244842e-006	-9.830001e-007	2.225954e-008	1.040629e-005
5.676652606326914e-008	2.376529e-006	-1.243118e-006	-9.528911e-007	2.226072e-008	1.040580e-005
5.677124034898343e-008	2.374808e-006	-1.241396e-006	-9.189563e-007	2.226189e-008	1.040531e-005
5.677595463469773e-008	2.373088e-006	-1.239675e-006	-8.811957e-007	2.226305e-008	1.040482e-005
5.677695463469773e-008	2.372723e-006	-1.239310e-006	-8.727797e-007	2.226329e-008	1.040471e-005
5.678209749184059e-008	2.370849e-006	-1.237434e-006	-8.264975e-007	2.226453e-008	1.040418e-005
5.678724034898345e-008	2.368976e-006	-1.235559e-006	-7.768434e-007	2.226574e-008	1.040364e-005
5.679238320612632e-008	2.367105e-006	-1.233685e-006	-7.238175e-007	2.226693e-008	1.040311e-005
5.679752606326918e-008	2.365235e-006	-1.231812e-006	-6.674198e-007	2.226808e-008	1.040257e-005
5.680266892041204e-008	2.363367e-006	-1.229940e-006	-6.076502e-007	2.226920e-008	1.040204e-005
5.680781177755490e-008	2.361500e-006	-1.228070e-006	-5.445088e-007	2.227029e-008	1.040150e-005
5.681295463469777e-008	2.359634e-006	-1.226201e-006	-4.779956e-007	2.227136e-008	1.040097e-005
5.681395463469777e-008	2.359272e-006	-1.225838e-006	-4.648887e-007	2.227156e-008	1.040086e-005
5.681495463469777e-008	2.358909e-006	-1.225474e-006	-4.516914e-007	2.227176e-008	1.040076e-005
5.681695463469777e-008	2.358184e-006	-1.224748e-006	-4.250346e-007	2.227216e-008	1.040055e-005
5.681895463469777e-008	2.357460e-006	-1.224022e-006	-3.980428e-007	2.227255e-008	1.040034e-005
5.682195463469778e-008	2.356373e-006	-1.222933e-006	-3.569672e-007	2.227313e-008	1.040003e-005
5.682709749184064e-008	2.354512e-006	-1.221067e-006	-2.842648e-007	2.227409e-008	1.039949e-005
5.683224034898350e-008	2.352651e-006	-1.219203e-006	-2.107846e-007	2.227501e-008	1.039896e-005
5.683738320612637e-008	2.350793e-006	-1.217340e-006	-1.365266e-007	2.227590e-008	1.039842e-005
5.684252606326923e-008	2.348935e-006	-1.215478e-006	-6.149080e-008	2.227674e-008	1.039788e-005
5.684766892041209e-008	2.347079e-006	-1.213617e-006	1.432276e-008	2.227756e-008	1.039735e-005
5.685281177755495e-008	2.345224e-006	-1.211758e-006	9.091412e-008	2.227833e-008	1.039681e-005
5.685795463469782e-008	2.343371e-006	-1.209900e-006	1.682833e-007	2.227907e-008	1.039628e-005
5.686038320612640e-008	2.342496e-006	-1.209024e-006	2.044178e-007	2.227940e-008	1.039602e-005
5.686281177755496e-008	2.341622e-006	-1.208147e-006	2.403817e-007	2.227973e-008	1.039577e-005
5.686524034898354e-008	2.340747e-006	-1.207271e-006	2.761748e-007	2.228005e-008	1.039552e-005
5.686766892041212e-008	2.339873e-006	-1.206395e-006	3.117971e-007	2.228037e-008	1.039526e-005
5.687009749184069e-008	2.339000e-006	-1.205519e-006	3.472486e-007	2.228068e-008	1.039501e-005
5.687252606326926e-008	2.338126e-006	-1.204644e-006	3.825294e-007	2.228098e-008	1.039476e-005
5.687495463469784e-008	2.337253e-006	-1.203769e-006	4.176395e-007	2.228127e-008	1.039450e-005
5.687924034898356e-008	2.335713e-006	-1.202225e-006	4.790647e-007	2.228177e-008	1.039406e-005
5.688352606326927e-008	2.334174e-006	-1.200683e-006	5.393077e-007	2.228225e-008	1.039361e-005
5.688781177755499e-008	2.332636e-006	-1.199141e-006	5.983686e-007	2.228272e-008	1.039316e-005
5.689209749184072e-008	2.331098e-006	-1.197601e-006	6.562472e-007	2.228316e-008	1.039272e-005
5.689638320612644e-008	2.329562e-006	-1.196061e-006	7.129437e-007	2.228360e-008	1.039227e-005
5.690066892041215e-008	2.328026e-006	-1.194523e-006	7.684579e-007	2.228401e-008	1.039182e-005
5.690495463469787e-008	2.326491e-006	-1.192985e-006	8.227900e-007	2.228441e-008	1.039137e-005
5.691309749184074e-008	2.323579e-006	-1.190065e-006	9.217213e-007	2.228512e-008	1.039052e-005
5.692124034898360e-008	2.320669e-006	-1.187148e-006	1.015079e-006	2.228582e-008	1.038967e-005
5.692938320612647e-008	2.317763e-006	-1.184235e-006	1.102862e-006	2.228651e-008	1.038882e-005
5.693752606326934e-008	2.314859e-006	-1.181326e-006	1.185072e-006	2.228719e-008	1.038797e-005
5.694566892041221e-008	2.311959e-006	-1.178419e-006	1.261707e-006	2.228785e-008	1.038712e-005
5.695381177755507e-008	2.309062e-006	-1.175517e-006	1.332769e-006	2.228851e-008	1.038627e-005
5.696195463469794e-008	2.306167e-006	-1.172618e-006	1.398256e-006	2.228915e-008	1.038542e-005
5.697181177755509e-008	2.302667e-006	-1.169114e-006	1.469620e-006	2.228996e-008	1.038439e-005
5.698166892041225e-008	2.299170e-006	-1.165615e-006	1.535098e-006	2.229083e-008	1.038336e-005
5.699152606326940e-008	2.295678e-006	-1.162122e-006	1.594693e-006	2.229176e-008	1.038233e-005
5.700138320612656e-008	2.292191e-006	-1.158633e-006	1.648403e-006	2.229275e-008	1.038130e-005
5.701124034898371e-008	2.288708e-006	-1.155150e-006	1.696229e-006	2.229381e-008	1.038027e-005
5.702109749184086e-008	2.285229e-006	-1.151671e-006	1.738171e-006	2.229493e-008	1.037924e-005
5.703095463469802e-008	2.281755e-006	-1.148198e-006	1.774229e-006	2.229611e-008	1.037821e-005
5.703738320612660e-008	2.279492e-006	-1.145935e-006	1.795978e-006	2.229694e-008	1.037754e-005
5.704381177755517e-008	2.277231e-006	-1.143674e-006	1.816312e-006	2.229781e-008	1.037687e-005
5.705024034898375e-008	2.274973e-006	-1.141415e-006	1.835231e-006	2.229872e-008	1.037619e-005
5.705666892041233e-008	2.272716e-006	-1.139157e-006	1.852734e-006	2.229968e-008	1.037552e-005
5.706309749184091e-008	2.270462e-006	-1.136902e-006	1.868822e-006	2.230067e-008	1.037485e-005
5.706952606326949e-008	2.268209e-006	-1.134648e-006	1.883494e-006	2.230171e-008	1.037418e-005
5.707595463469807e-008	2.265959e-006	-1.132396e-006	1.896751e-006	2.230279e-008	1.037350e-005
5.707695463469807e-008	2.265609e-006	-1.132046e-006	1.898752e-006	2.230296e-008	1.037340e-005
5.708181177755521e-008	2.263911e-006	-1.130346e-006	1.908033e-006	2.230382e-008	1.037289e-005
5.708666892041237e-008	2.262214e-006	-1.128647e-006	1.916804e-006	2.230469e-008	1.037238e-005
5.709152606326951e-008	2.260518e-006	-1.126949e-006	1.925066e-006	2.230560e-008	1.037187e-005
5.709638320612666e-008	2.258823e-006	-1.125252e-006	1.932819e-006	2.230653e-008	1.037137e-005
5.710124034898381e-008	2.257130e-006	-1.123556e-006	1.940063e-006	2.230748e-008	1.037086e-005
5.710609749184096e-008	2.255437e-006	-1.121861e-006	1.946797e-006	2.230846e-008	1.037035e-005
5.711095463469811e-008	2.253746e-006	-1.120167e-006	1.953022e-006	2.230947e-008	1.036984e-005
5.711195463469811e-008	2.253398e-006	-1.119819e-006	1.954250e-006	2.230968e-008	1.036973e-005
5.711295463469811e-008	2.253050e-006	-1.119470e-006	1.955428e-006	2.230989e-008	1.036963e-005
5.711495463469811e-008	2.252354e-006	-1.118774e-006	1.957589e-006	2.231032e-008	1.036942e-005
5.711738320612669e-008	2.251508e-006	-1.117929e-006	1.959882e-006	2.231085e-008	1.036917e-005
5.711981177755526e-008	2.250664e-006	-1.117084e-006	1.961876e-006	2.231138e-008	1.036891e-005
5.712224034898383e-008	2.249819e-006	-1.116239e-006	1.963572e-006	2.231192e-008	1.036866e-005
5.712466892041241e-008	2.248975e-006	-1.115394e-006	1.964969e-006	2.231246e-008	1.036840e-005
5.712709749184098e-008	2.248131e-006	-1.114549e-006	1.966069e-006	2.231301e-008	1.036815e-005
5.712952606326955e-008	2.247287e-006	-1.113705e-006	1.966869e-006	2.231357e-008	1.036789e-005
5.713195463469813e-008	2.246444e-006	-1.112861e-006	1.967371e-006	2.231414e-008	1.036764e-005
5.713309749184099e-008	2.246047e-006	-1.112464e-006	1.967520e-006	2.231441e-008	1.036752e-005
5.713424034898385e-008	2.245651e-006	-1.112067e-006	1.967609e-006	2.231468e-008	1.036740e-005
5.713538320612671e-008	2.245254e-006	-1.111670e-006	1.967637e-006	2.231495e-008	1.036728e-005
5.713652606326956e-008	2.244857e-006	-1.111273e-006	1.967605e-006	2.231523e-008	1.036716e-005
5.713766892041242e-008	2.244461e-006	-1.110876e-006	1.967513e-006	2.231550e-008	1.036704e-005
5.713881177755528e-008	2.244064e-006	-1.110480e-006	1.967360e-006	2.231578e-008	1.036692e-005
5.713995463469814e-008	2.243668e-006	-1.110083e-006	1.967147e-006	2.231606e-008	1.036680e-005
5.714095463469814e-008	2.243321e-006	-1.109736e-006	1.966918e-006	2.231630e-008	1.036670e-005
5.714134656117011e-008	2.243186e-006	-1.109600e-006	1.966808e-006	2.231640e-008	1.036666e-005
5.714146662404270e-008	2.243144e-006	-1.109558e-006	1.966772e-006	2.231643e-008	1.036664e-005
5.714158577239903e-008	2.243103e-006	-1.109517e-006	1.966745e-006	2.231646e-008	1.036663e-005
5.714160161271008e-008	2.243097e-006	-1.109511e-006	1.966743e-006	2.231646e-008	1.036663e-005
5.714160764935715e-008	2.243095e-006	-1.109509e-006	1.966742e-006	2.231647e-008	1.036663e-005
5.714161242292457e-008	2.243093e-006	-1.109507e-006	1.966740e-006	2.231647e-008	1.036663e-005
5.714161874963896e-008	2.243091e-006	-1.109505e-006	1.966738e-006	2.231647e-008	1.036663e-005
5.714162596517811e-008	2.243089e-006	-1.109503e-006	1.966736e-006	2.231647e-008	1.036663e-005
5.714163309773665e-008	2.243086e-006	-1.109500e-006	1.966734e-006	2.231647e-008	1.036663e-005
5.714163999772578e-008	2.243084e-006	-1.109498e-006	1.966732e-006	2.231647e-008	1.036663e-005
5.714164682890676e-008	2.243082e-006	-1.109495e-006	1.966731e-006	2.231647e-008	1.036663e-005
5.714165370077345e-008	2.243079e-006	-1.109493e-006	1.966729e-006	2.231648e-008	1.036662e-005
5.714166059556137e-008	2.243077e-006	-1.109491e-006	1.966727e-006	2.231648e-008	1.036662e-005
5.714166749467866e-008	2.243074e-006	-1.109488e-006	1.966726e-006	2.231648e-008	1.036662e-005
5.714167438451894e-008	2.243072e-006	-1.109486e-006	1.966724e-006	2.231648e-008	1.036662e-005
5.714168134145202e-008	2.243070e-006	-1.109483e-006	1.966723e-006	2.231648e-008	1.036662e-005
5.714168974323487e-008	2.243067e-006	-1.109481e-006	1.966721e-006	2.231648e-008	1.036662e-005
5.714169905253127e-008	2.243063e-006	-1.109477e-006	1.966719e-006	2.231649e-008	1.036662e-005
5.714171031703892e-008	2.243059e-006	-1.109473e-006	1.966716e-006	2.231649e-008	1.036662e-005
5.714173940629927e-008	2.243049e-006	-1.109463e-006	1.966710e-006	2.231650e-008	1.036662e-005
5.714230175452457e-008	2.242855e-006	-1.109268e-006	1.966584e-006	2.231664e-008	1.036656e-005
5.714286410274988e-008	2.242660e-006	-1.109073e-006	1.966458e-006	2.231678e-008	1.036650e-005
5.714342645097517e-008	2.242465e-006	-1.108877e-006	1.966333e-006	2.231692e-008	1.036644e-005
5.714398879920047e-008	2.242270e-006	-1.108682e-006	1.966208e-006	2.231706e-008	1.036638e-005
5.714455114742577e-008	2.242076e-006	-1.108487e-006	1.966082e-006	2.231720e-008	1.036632e-005
5.714511349565107e-008	2.241881e-006	-1.108292e-006	1.965957e-006	2.231734e-008	1.036626e-005
5.714567584387637e-008	2.241686e-006	-1.108096e-006	1.965832e-006	2.231748e-008	1.036620e-005
5.717481870101926e-008	2.231619e-006	-1.097999e-006	1.959372e-006	2.232550e-008	1.036315e-005
5.720396155816215e-008	2.221590e-006	-1.087944e-006	1.952935e-006	2.233435e-008	1.036009e-005
5.723310441530504e-008	2.211597e-006	-1.077931e-006	1.946521e-006	2.234403e-008	1.035704e-005
5.726224727244793e-008	2.201641e-006	-1.067960e-006	1.940130e-006	2.235455e-008	1.035398e-005
5.729139012959082e-008	2.191723e-006	-1.058032e-006	1.933762e-006	2.236591e-008	1.035092e-005
5.732053298673371e-008	2.181841e-006	-1.048146e-006	1.927417e-006	2.237809e-008	1.034786e-005
5.734967584387660e-008	2.171997e-006	-1.038303e-006	1.921095e-006	2.239112e-008	1.034479e-005
5.735067584387660e-008	2.171660e-006	-1.037965e-006	1.920879e-006	2.239157e-008	1.034469e-005
5.739339012959093e-008	2.157301e-006	-1.023590e-006	1.911655e-006	2.241189e-008	1.034020e-005
5.743610441530527e-008	2.143034e-006	-1.009303e-006	1.902477e-006	2.243326e-008	1.033570e-005
5.747881870101960e-008	2.128859e-006	-9.951037e-007	1.893344e-006	2.245568e-008	1.033121e-005
5.752153298673393e-008	2.114776e-006	-9.809927e-007	1.884258e-006	2.247915e-008	1.032671e-005
5.756424727244827e-008	2.100786e-006	-9.669698e-007	1.875217e-006	2.250367e-008	1.032220e-005
5.760696155816260e-008	2.086888e-006	-9.530350e-007	1.866222e-006	2.252924e-008	1.031770e-005
5.764967584387694e-008	2.073082e-006	-9.391883e-007	1.857273e-006	2.255586e-008	1.031319e-005
5.765067584387694e-008	2.072761e-006	-9.388662e-007	1.857064e-006	2.255649e-008	1.031308e-005
5.769339012959127e-008	2.059180e-006	-9.252585e-007	1.848159e-006	2.258381e-008	1.030857e-005
5.773610441530561e-008	2.045673e-006	-9.117311e-007	1.839298e-006	2.261178e-008	1.030406e-005
5.777881870101994e-008	2.032239e-006	-8.982838e-007	1.830479e-006	2.264037e-008	1.029954e-005
5.782153298673427e-008	2.018880e-006	-8.849168e-007	1.821703e-006	2.266961e-008	1.029502e-005
5.786424727244861e-008	2.005594e-006	-8.716299e-007	1.812970e-006	2.269948e-008	1.029050e-005
5.790696155816294e-008	1.992382e-006	-8.584233e-007	1.804280e-006	2.272999e-008	1.028598e-005
5.794967584387728e-008	1.979244e-006	-8.452969e-007	1.795633e-006	2.276113e-008	1.028145e-005
5.795067584387728e-008	1.978937e-006	-8.449886e-007	1.795431e-006	2.276186e-008	1.028134e-005
5.798239012959160e-008	1.969198e-006	-8.352254e-007	1.789038e-006	2.278531e-008	1.027798e-005
5.801410441530592e-008	1.959490e-006	-8.254961e-007	1.782667e-006	2.280903e-008	1.027462e-005
5.804581870102025e-008	1.949811e-006	-8.158007e-007	1.776319e-006	2.283303e-008	1.027125e-005
5.807753298673456e-008	1.940162e-006	-8.061393e-007	1.769993e-006	2.285731e-008	1.026788e-005
5.810924727244889e-008	1.930544e-006	-7.965118e-007	1.763689e-006	2.288187e-008	1.026452e-005
5.814096155816321e-008	1.920955e-006	-7.869182e-007	1.757407e-006	2.290671e-008	1.026115e-005
5.817267584387753e-008	1.911396e-006	-7.773587e-007	1.751147e-006	2.293182e-008	1.025778e-005
5.818367584387754e-008	1.908087e-006	-7.740463e-007	1.748981e-006	2.294059e-008	1.025661e-005
5.819467584387756e-008	1.904792e-006	-7.707428e-007	1.746800e-006	2.294939e-008	1.025544e-005
5.820567584387757e-008	1.901513e-006	-7.674484e-007	1.744604e-006	2.295822e-008	1.025427e-005
5.821667584387758e-008	1.898249e-006	-7.641629e-007	1.742394e-006	2.296708e-008	1.025310e-005
5.822767584387759e-008	1.895000e-006	-7.608863e-007	1.740169e-006	2.297597e-008	1.025193e-005
5.823867584387761e-008	1.891766e-006	-7.576187e-007	1.737930e-006	2.298489e-008	1.025076e-005
5.824967584387762e-008	1.888547e-006	-7.543601e-007	1.735677e-006	2.299384e-008	1.024959e-005
5.825067584387762e-008	1.888256e-006	-7.540651e-007	1.735470e-006	2.299465e-008	1.024948e-005
5.828010441530623e-008	1.879905e-006	-7.454525e-007	1.729215e-006	2.301879e-008	1.024635e-005
5.830953298673483e-008	1.871684e-006	-7.370399e-007	1.722903e-006	2.304308e-008	1.024322e-005
5.833896155816343e-008	1.863593e-006	-7.288273e-007	1.716536e-006	2.306752e-008	1.024009e-005
5.836839012959204e-008	1.855632e-006	-7.208149e-007	1.710112e-006	2.309212e-008	1.023695e-005
5.839781870102065e-008	1.847802e-006	-7.130025e-007	1.703631e-006	2.311688e-008	1.023382e-005
5.842724727244925e-008	1.840101e-006	-7.053903e-007	1.697095e-006	2.314179e-008	1.023068e-005
5.845667584387785e-008	1.832531e-006	-6.979781e-007	1.690502e-006	2.316686e-008	1.022754e-005
5.855067584387796e-008	1.808158e-006	-6.740696e-007	1.669942e-006	2.324757e-008	1.021751e-005
5.857939012959228e-008	1.800728e-006	-6.665848e-007	1.663735e-006	2.327246e-008	1.021445e-005
5.860810441530660e-008	1.793221e-006	-6.590402e-007	1.657557e-006	2.329749e-008	1.021138e-005
5.863681870102092e-008	1.785636e-006	-6.514357e-007	1.651409e-006	2.332266e-008	1.020831e-005
5.866553298673523e-008	1.777976e-006	-6.437715e-007	1.645290e-006	2.334798e-008	1.020524e-005
5.869424727244955e-008	1.770238e-006	-6.360475e-007	1.639200e-006	2.337343e-008	1.020217e-005
5.872296155816387e-008	1.762423e-006	-6.282636e-007	1.633140e-006	2.339903e-008	1.019910e-005
5.875167584387819e-008	1.754531e-006	-6.204199e-007	1.627109e-006	2.342478e-008	1.019603e-005
5.876567584387820e-008	1.750661e-006	-6.165768e-007	1.624159e-006	2.343739e-008	1.019454e-005
5.877967584387822e-008	1.746783e-006	-6.127194e-007	1.621213e-006	2.345005e-008	1.019304e-005
5.879367584387824e-008	1.742899e-006	-6.088476e-007	1.618272e-006	2.346274e-008	1.019154e-005
5.880767584387825e-008	1.739007e-006	-6.049614e-007	1.615335e-006	2.347547e-008	1.019004e-005
5.882167584387827e-008	1.735109e-006	-6.010608e-007	1.612402e-006	2.348825e-008	1.018854e-005
5.883567584387828e-008	1.731204e-006	-5.971459e-007	1.609474e-006	2.350107e-008	1.018705e-005
5.884967584387830e-008	1.727292e-006	-5.932166e-007	1.606550e-006	2.351392e-008	1.018555e-005
5.885067584387830e-008	1.727012e-006	-5.929357e-007	1.606341e-006	2.351484e-008	1.018544e-005
5.887496155816404e-008	1.719615e-006	-5.858668e-007	1.601290e-006	2.353726e-008	1.018284e-005
5.889924727244978e-008	1.712584e-006	-5.789340e-007	1.596256e-006	2.355980e-008	1.018024e-005
5.892353298673552e-008	1.705920e-006	-5.721372e-007	1.591241e-006	2.358247e-008	1.017764e-005
5.894781870102127e-008	1.699622e-006	-5.654764e-007	1.586244e-006	2.360526e-008	1.017504e-005
5.897210441530701e-008	1.693690e-006	-5.589516e-007	1.581265e-006	2.362819e-008	1.017244e-005
5.899639012959275e-008	1.688124e-006	-5.525629e-007	1.576303e-006	2.365124e-008	1.016984e-005
5.902067584387849e-008	1.682925e-006	-5.463101e-007	1.571360e-006	2.367442e-008	1.016724e-005
5.903039012959279e-008	1.684187e-006	-5.449387e-007	1.569388e-006	2.368370e-008	1.016621e-005
5.904010441530709e-008	1.685276e-006	-5.437953e-007	1.567418e-006	2.369295e-008	1.016518e-005
5.904981870102139e-008	1.686190e-006	-5.428798e-007	1.565451e-006	2.370216e-008	1.016414e-005
5.905953298673568e-008	1.686930e-006	-5.421921e-007	1.563487e-006	2.371133e-008	1.016311e-005
5.906924727244997e-008	1.687496e-006	-5.417324e-007	1.561526e-006	2.372047e-008	1.016207e-005
5.907896155816427e-008	1.687888e-006	-5.415006e-007	1.559567e-006	2.372958e-008	1.016103e-005
5.908867584387857e-008	1.688105e-006	-5.414967e-007	1.557612e-006	2.373864e-008	1.015999e-005
5.909739012959287e-008	1.686418e-006	-5.414065e-007	1.555860e-006	2.374673e-008	1.015905e-005
5.910610441530716e-008	1.684512e-006	-5.412947e-007	1.554110e-006	2.375478e-008	1.015811e-005
5.911481870102146e-008	1.682390e-006	-5.411614e-007	1.552362e-006	2.376279e-008	1.015716e-005
5.912353298673575e-008	1.680049e-006	-5.410066e-007	1.550617e-006	2.377077e-008	1.015622e-005
5.913224727245005e-008	1.677491e-006	-5.408303e-007	1.548873e-006	2.377871e-008	1.015527e-005
5.914096155816434e-008	1.674716e-006	-5.406324e-007	1.547132e-006	2.378661e-008	1.015433e-005
5.914967584387864e-008	1.671722e-006	-5.404131e-007	1.545394e-006	2.379447e-008	1.015338e-005
5.915067584387864e-008	1.671400e-006	-5.403650e-007	1.545194e-006	2.379537e-008	1.015327e-005
5.916024727245008e-008	1.668270e-006	-5.398166e-007	1.543287e-006	2.380396e-008	1.015223e-005
5.916981870102152e-008	1.665323e-006	-5.389539e-007	1.541383e-006	2.381253e-008	1.015120e-005
5.917939012959296e-008	1.662559e-006	-5.377769e-007	1.539481e-006	2.382109e-008	1.015016e-005
5.918896155816440e-008	1.659977e-006	-5.362856e-007	1.537582e-006	2.382965e-008	1.014913e-005
5.919853298673583e-008	1.657579e-006	-5.344800e-007	1.535685e-006	2.383820e-008	1.014810e-005
5.920810441530728e-008	1.655363e-006	-5.323601e-007	1.533791e-006	2.384674e-008	1.014707e-005
5.921767584387872e-008	1.653330e-006	-5.299260e-007	1.531900e-006	2.385527e-008	1.014604e-005
5.923339012959302e-008	1.650993e-006	-5.247712e-007	1.528800e-006	2.386934e-008	1.014437e-005
5.924910441530733e-008	1.648549e-006	-5.195882e-007	1.525707e-006	2.388352e-008	1.014269e-005
5.926481870102163e-008	1.645998e-006	-5.143770e-007	1.522622e-006	2.389780e-008	1.014101e-005
5.928053298673593e-008	1.643340e-006	-5.091376e-007	1.519543e-006	2.391218e-008	1.013934e-005
5.929624727245023e-008	1.640576e-006	-5.038701e-007	1.516471e-006	2.392667e-008	1.013766e-005
5.931196155816454e-008	1.637705e-006	-4.985743e-007	1.513406e-006	2.394125e-008	1.013598e-005
5.932767584387884e-008	1.634727e-006	-4.932503e-007	1.510348e-006	2.395594e-008	1.013430e-005
5.933910441530743e-008	1.631619e-006	-4.901113e-007	1.508128e-006	2.396667e-008	1.013307e-005
5.935053298673601e-008	1.628288e-006	-4.871092e-007	1.505912e-006	2.397742e-008	1.013184e-005
5.936196155816459e-008	1.624735e-006	-4.842441e-007	1.503699e-006	2.398818e-008	1.013061e-005
5.937339012959318e-008	1.620960e-006	-4.815160e-007	1.501490e-006	2.399896e-008	1.012938e-005
5.938481870102177e-008	1.616962e-006	-4.789249e-007	1.499285e-006	2.400975e-008	1.012815e-005
5.939624727245035e-008	1.612741e-006	-4.764708e-007	1.497083e-006	2.402056e-008	1.012691e-005
5.940767584387893e-008	1.608298e-006	-4.741537e-007	1.494885e-006	2.403138e-008	1.012567e-005
5.941367584387894e-008	1.606026e-006	-4.728601e-007	1.493732e-006	2.403706e-008	1.012502e-005
5.941967584387895e-008	1.603784e-006	-4.715226e-007	1.492581e-006	2.404274e-008	1.012437e-005
5.942567584387895e-008	1.601574e-006	-4.701412e-007	1.491430e-006	2.404843e-008	1.012372e-005
5.943167584387896e-008	1.599394e-006	-4.687160e-007	1.490280e-006	2.405413e-008	1.012307e-005
5.943767584387897e-008	1.597245e-006	-4.672468e-007	1.489132e-006	2.405982e-008	1.012243e-005
5.944367584387897e-008	1.595126e-006	-4.657339e-007	1.487984e-006	2.406553e-008	1.012178e-005
5.944967584387898e-008	1.593039e-006	-4.641770e-007	1.486837e-006	2.407123e-008	1.012113e-005
5.945067584387898e-008	1.592698e-006	-4.639094e-007	1.486646e-006	2.407218e-008	1.012102e-005
5.946239012959328e-008	1.588878e-006	-4.605758e-007	1.484410e-006	2.408334e-008	1.011976e-005
5.947410441530758e-008	1.585217e-006	-4.570643e-007	1.482178e-006	2.409455e-008	1.011850e-005
5.948581870102188e-008	1.581715e-006	-4.533752e-007	1.479950e-006	2.410581e-008	1.011724e-005
5.949753298673617e-008	1.578374e-006	-4.495082e-007	1.477725e-006	2.411713e-008	1.011598e-005
5.950924727245047e-008	1.575193e-006	-4.454635e-007	1.475504e-006	2.412849e-008	1.011472e-005
5.952096155816477e-008	1.572171e-006	-4.412410e-007	1.473287e-006	2.413992e-008	1.011347e-005
5.953267584387907e-008	1.569310e-006	-4.368407e-007	1.471073e-006	2.415139e-008	1.011221e-005
5.954510441530766e-008	1.566284e-006	-4.321648e-007	1.468728e-006	2.416366e-008	1.011088e-005
5.955753298673624e-008	1.563124e-006	-4.276303e-007	1.466388e-006	2.417600e-008	1.010955e-005
5.956996155816483e-008	1.559828e-006	-4.232370e-007	1.464052e-006	2.418840e-008	1.010822e-005
5.958239012959341e-008	1.556397e-006	-4.189850e-007	1.461719e-006	2.420086e-008	1.010688e-005
5.959481870102200e-008	1.552832e-006	-4.148742e-007	1.459391e-006	2.421339e-008	1.010555e-005
5.960724727245058e-008	1.549132e-006	-4.109048e-007	1.457067e-006	2.422598e-008	1.010421e-005
5.961967584387917e-008	1.545296e-006	-4.070767e-007	1.454747e-006	2.423864e-008	1.010287e-005
5.963767584387919e-008	1.539093e-006	-4.022000e-007	1.451394e-006	2.425702e-008	1.010093e-005
5.965567584387921e-008	1.532963e-006	-3.972924e-007	1.448049e-006	2.427548e-008	1.009898e-005
5.967367584387923e-008	1.526907e-006	-3.923540e-007	1.444713e-006	2.429401e-008	1.009704e-005
5.969167584387925e-008	1.520925e-006	-3.873848e-007	1.441386e-006	2.431260e-008	1.009510e-005
5.970967584387927e-008	1.515017e-006	-3.823847e-007	1.438067e-006	2.433127e-008	1.009315e-005
5.972767584387929e-008	1.509182e-006	-3.773537e-007	1.434756e-006	2.435001e-008	1.009121e-005
5.974567584387931e-008	1.503422e-006	-3.722919e-007	1.431454e-006	2.436882e-008	1.008926e-005
5.975067584387931e-008	1.501946e-006	-3.707747e-007	1.430538e-006	2.437407e-008	1.008873e-005
5.976981870102219e-008	1.496755e-006	-3.645501e-007	1.427038e-006	2.439423e-008	1.008667e-005
5.978896155816508e-008	1.491561e-006	-3.584035e-007	1.423547e-006	2.441451e-008	1.008461e-005
5.980810441530795e-008	1.486364e-006	-3.523348e-007	1.420065e-006	2.443492e-008	1.008255e-005
5.982724727245083e-008	1.481164e-006	-3.463441e-007	1.416593e-006	2.445546e-008	1.008049e-005
5.984639012959370e-008	1.475961e-006	-3.404314e-007	1.413130e-006	2.447612e-008	1.007842e-005
5.986553298673659e-008	1.470755e-006	-3.345966e-007	1.409676e-006	2.449691e-008	1.007636e-005
5.988467584387947e-008	1.465545e-006	-3.288397e-007	1.406232e-006	2.451783e-008	1.007430e-005
5.990481870102234e-008	1.459417e-006	-3.235070e-007	1.402617e-006	2.453992e-008	1.007212e-005
5.992496155816523e-008	1.453367e-006	-3.181726e-007	1.399013e-006	2.456209e-008	1.006995e-005
5.994510441530811e-008	1.447395e-006	-3.128366e-007	1.395419e-006	2.458434e-008	1.006777e-005
5.996524727245098e-008	1.441502e-006	-3.074988e-007	1.391835e-006	2.460667e-008	1.006559e-005
5.998539012959386e-008	1.435687e-006	-3.021595e-007	1.388261e-006	2.462907e-008	1.006342e-005
6.000553298673675e-008	1.429950e-006	-2.968184e-007	1.384697e-006	2.465155e-008	1.006124e-005
6.002567584387963e-008	1.424292e-006	-2.914757e-007	1.381143e-006	2.467412e-008	1.005907e-005
6.005067584387965e-008	1.417782e-006	-2.844401e-007	1.376747e-006	2.470226e-008	1.005637e-005
6.006781870102253e-008	1.413538e-006	-2.794673e-007	1.373740e-006	2.472167e-008	1.005452e-005
6.008496155816541e-008	1.409257e-006	-2.745841e-007	1.370742e-006	2.474114e-008	1.005267e-005
6.010210441530829e-008	1.404938e-006	-2.697907e-007	1.367750e-006	2.476067e-008	1.005082e-005
6.011924727245116e-008	1.400581e-006	-2.650870e-007	1.364765e-006	2.478028e-008	1.004897e-005
6.013639012959403e-008	1.396186e-006	-2.604731e-007	1.361788e-006	2.479996e-008	1.004712e-005
6.015353298673692e-008	1.391754e-006	-2.559489e-007	1.358817e-006	2.481970e-008	1.004527e-005
6.017067584387979e-008	1.387284e-006	-2.515144e-007	1.355854e-006	2.483952e-008	1.004342e-005
6.019010441530839e-008	1.381982e-006	-2.467789e-007	1.352504e-006	2.486201e-008	1.004132e-005
6.020953298673698e-008	1.376755e-006	-2.420244e-007	1.349163e-006	2.488457e-008	1.003921e-005
6.022896155816558e-008	1.371603e-006	-2.372507e-007	1.345831e-006	2.490718e-008	1.003711e-005
6.024839012959416e-008	1.366526e-006	-2.324579e-007	1.342509e-006	2.492986e-008	1.003501e-005
6.026781870102275e-008	1.361524e-006	-2.276460e-007	1.339195e-006	2.495259e-008	1.003291e-005
6.028724727245135e-008	1.356596e-006	-2.228150e-007	1.335890e-006	2.497537e-008	1.003081e-005
6.030667584387994e-008	1.351744e-006	-2.179648e-007	1.332594e-006	2.499822e-008	1.002871e-005
6.035067584387999e-008	1.341260e-006	-2.066697e-007	1.325163e-006	2.505022e-008	1.002396e-005
6.036839012959429e-008	1.337112e-006	-2.021282e-007	1.322183e-006	2.507127e-008	1.002204e-005
6.038610441530861e-008	1.332927e-006	-1.976619e-007	1.319212e-006	2.509236e-008	1.002013e-005
6.040381870102291e-008	1.328706e-006	-1.932709e-007	1.316247e-006	2.511350e-008	1.001821e-005
6.042153298673722e-008	1.324448e-006	-1.889550e-007	1.313290e-006	2.513469e-008	1.001630e-005
6.043924727245152e-008	1.320154e-006	-1.847144e-007	1.310340e-006	2.515592e-008	1.001438e-005
6.045696155816584e-008	1.315823e-006	-1.805489e-007	1.307397e-006	2.517720e-008	1.001246e-005
6.047467584388014e-008	1.311455e-006	-1.764586e-007	1.304462e-006	2.519853e-008	1.001055e-005
6.049324727245158e-008	1.306869e-006	-1.722129e-007	1.301392e-006	2.522092e-008	1.000853e-005
6.051181870102303e-008	1.302347e-006	-1.679399e-007	1.298330e-006	2.524335e-008	1.000652e-005
6.053039012959448e-008	1.297889e-006	-1.636396e-007	1.295276e-006	2.526582e-008	1.000451e-005
6.054896155816594e-008	1.293496e-006	-1.593120e-007	1.292230e-006	2.528834e-008	1.000250e-005
6.056753298673739e-008	1.289166e-006	-1.549571e-007	1.289192e-006	2.531090e-008	1.000049e-005
6.058610441530883e-008	1.284900e-006	-1.505749e-007	1.286161e-006	2.533350e-008	9.998483e-006
6.060467584388028e-008	1.280698e-006	-1.461653e-007	1.283138e-006	2.535614e-008	9.996474e-006
6.065067584388033e-008	1.270391e-006	-1.352898e-007	1.275685e-006	2.541244e-008	9.991496e-006
6.067453298673751e-008	1.264968e-006	-1.298122e-007	1.271838e-006	2.544175e-008	9.988913e-006
6.069839012959467e-008	1.259545e-006	-1.243830e-007	1.268003e-006	2.547113e-008	9.986330e-006
6.072224727245184e-008	1.254123e-006	-1.190020e-007	1.264181e-006	2.550056e-008	9.983747e-006
6.074610441530902e-008	1.248702e-006	-1.136694e-007	1.260372e-006	2.553004e-008	9.981163e-006
6.076996155816619e-008	1.243282e-006	-1.083851e-007	1.256575e-006	2.555959e-008	9.978578e-006
6.079381870102335e-008	1.237862e-006	-1.031490e-007	1.252791e-006	2.558918e-008	9.975993e-006
6.081767584388052e-008	1.232444e-006	-9.796131e-008	1.249019e-006	2.561884e-008	9.973407e-006
6.083653298673769e-008	1.228307e-006	-9.374585e-008	1.246047e-006	2.564231e-008	9.971364e-006
6.085539012959485e-008	1.224189e-006	-8.954018e-008	1.243082e-006	2.566582e-008	9.969322e-006
6.087424727245201e-008	1.220088e-006	-8.534430e-008	1.240125e-006	2.568937e-008	9.967279e-006
6.089310441530918e-008	1.216006e-006	-8.115821e-008	1.237175e-006	2.571296e-008	9.965236e-006
6.091196155816635e-008	1.211942e-006	-7.698190e-008	1.234233e-006	2.573658e-008	9.963193e-006
6.093081870102351e-008	1.207895e-006	-7.281539e-008	1.231299e-006	2.576023e-008	9.961150e-006
6.094967584388067e-008	1.203867e-006	-6.865866e-008	1.228372e-006	2.578393e-008	9.959107e-006
6.095067584388067e-008	1.203651e-006	-6.844105e-008	1.228217e-006	2.578519e-008	9.958999e-006
6.097610441530928e-008	1.198094e-006	-6.300243e-008	1.224284e-006	2.581719e-008	9.956242e-006
6.100153298673788e-008	1.192569e-006	-5.757663e-008	1.220364e-006	2.584924e-008	9.953486e-006
6.102696155816648e-008	1.187076e-006	-5.216365e-008	1.216457e-006	2.588134e-008	9.950729e-006
6.105239012959507e-008	1.181615e-006	-4.676350e-008	1.212564e-006	2.591349e-008	9.947972e-006
6.107781870102367e-008	1.176186e-006	-4.137616e-008	1.208685e-006	2.594569e-008	9.945216e-006
6.110324727245227e-008	1.170789e-006	-3.600165e-008	1.204819e-006	2.597794e-008	9.942458e-006
6.112867584388088e-008	1.165424e-006	-3.063995e-008	1.200967e-006	2.601024e-008	9.939701e-006
6.114596155816662e-008	1.161853e-006	-2.695143e-008	1.198356e-006	2.603222e-008	9.937827e-006
6.116324727245234e-008	1.158285e-006	-2.328451e-008	1.195751e-006	2.605423e-008	9.935953e-006
6.118053298673808e-008	1.154720e-006	-1.963919e-008	1.193153e-006	2.607626e-008	9.934079e-006
6.119781870102381e-008	1.151157e-006	-1.601547e-008	1.190560e-006	2.609832e-008	9.932205e-006
6.121510441530955e-008	1.147597e-006	-1.241336e-008	1.187974e-006	2.612039e-008	9.930330e-006
6.123239012959527e-008	1.144040e-006	-8.832849e-009	1.185394e-006	2.614249e-008	9.928456e-006
6.124967584388101e-008	1.140485e-006	-5.273942e-009	1.182820e-006	2.616461e-008	9.926581e-006
6.125067584388102e-008	1.140279e-006	-5.069413e-009	1.182671e-006	2.616589e-008	9.926473e-006
6.127139012959532e-008	1.135978e-006	-8.731367e-010	1.179595e-006	2.619242e-008	9.924225e-006
6.129210441530964e-008	1.131699e-006	3.321005e-009	1.176527e-006	2.621897e-008	9.921978e-006
6.131281870102394e-008	1.127441e-006	7.513012e-009	1.173468e-006	2.624555e-008	9.919731e-006
6.133353298673826e-008	1.123205e-006	1.170289e-008	1.170418e-006	2.627215e-008	9.917484e-006
6.135424727245256e-008	1.118989e-006	1.589062e-008	1.167377e-006	2.629878e-008	9.915236e-006
6.137496155816688e-008	1.114795e-006	2.007623e-008	1.164344e-006	2.632543e-008	9.912989e-006
6.139567584388118e-008	1.110622e-006	2.425969e-008	1.161320e-006	2.635210e-008	9.910742e-006
6.140681870102405e-008	1.108399e-006	2.652448e-008	1.159696e-006	2.636646e-008	9.909533e-006
6.141796155816692e-008	1.106178e-006	2.878610e-008	1.158075e-006	2.638082e-008	9.908324e-006
6.142910441530979e-008	1.103960e-006	3.104456e-008	1.156457e-006	2.639520e-008	9.907115e-006
6.144024727245266e-008	1.101745e-006	3.329986e-008	1.154841e-006	2.640958e-008	9.905907e-006
6.145139012959552e-008	1.099532e-006	3.555199e-008	1.153228e-006	2.642397e-008	9.904698e-006
6.146253298673840e-008	1.097322e-006	3.780097e-008	1.151617e-006	2.643836e-008	9.903489e-006
6.147367584388127e-008	1.095115e-006	4.004678e-008	1.150008e-006	2.645277e-008	9.902280e-006
6.147467584388127e-008	1.094915e-006	4.024606e-008	1.149864e-006	2.645406e-008	9.902171e-006
6.147495668462490e-008	1.094865e-006	4.030873e-008	1.149823e-006	2.645442e-008	9.902141e-006
6.147505984453157e-008	1.094858e-006	4.034311e-008	1.149809e-006	2.645456e-008	9.902130e-006
6.147513514333044e-008	1.094859e-006	4.037399e-008	1.149798e-006	2.645465e-008	9.902122e-006
6.147521552613818e-008	1.094859e-006	4.040574e-008	1.149786e-006	2.645476e-008	9.902113e-006
6.147522969288146e-008	1.094859e-006	4.041115e-008	1.149784e-006	2.645478e-008	9.902112e-006
6.148339639958725e-008	1.092595e-006	4.343985e-008	1.148607e-006	2.646539e-008	9.901228e-006
6.149156310629305e-008	1.092219e-006	4.578040e-008	1.147431e-006	2.647599e-008	9.900350e-006
6.149972981299884e-008	1.093730e-006	4.743280e-008	1.146257e-006	2.648658e-008	9.899478e-006
6.150789651970465e-008	1.097127e-006	4.839704e-008	1.145083e-006	2.649716e-008	9.898610e-006
6.151606322641045e-008	1.102411e-006	4.867313e-008	1.143912e-006	2.650773e-008	9.897747e-006
6.152422993311624e-008	1.109582e-006	4.826107e-008	1.142741e-006	2.651830e-008	9.896890e-006
6.153239663982204e-008	1.118641e-006	4.716086e-008	1.141572e-006	2.652885e-008	9.896038e-006
6.153339663982204e-008	1.120213e-006	4.687842e-008	1.141429e-006	2.653013e-008	9.895934e-006
6.154411092553633e-008	1.137721e-006	4.339068e-008	1.139897e-006	2.654403e-008	9.894832e-006
6.155482521125064e-008	1.167533e-006	3.618340e-008	1.138367e-006	2.655746e-008	9.893766e-006
6.156553949696493e-008	1.209647e-006	2.525656e-008	1.136840e-006	2.657040e-008	9.892737e-006
6.157625378267924e-008	1.264065e-006	1.061016e-008	1.135315e-006	2.658286e-008	9.891745e-006
6.158696806839353e-008	1.330786e-006	-7.755780e-009	1.133792e-006	2.659485e-008	9.890791e-006
6.159768235410783e-008	1.409810e-006	-2.984128e-008	1.132271e-006	2.660636e-008	9.889873e-006
6.160839663982213e-008	1.501137e-006	-5.564633e-008	1.130753e-006	2.661739e-008	9.888992e-006
6.161996806839356e-008	1.623592e-006	-9.059470e-008	1.129115e-006	2.662834e-008	9.888114e-006
6.163153949696500e-008	1.764067e-006	-1.299580e-007	1.127481e-006	2.663771e-008	9.887297e-006
6.164311092553644e-008	1.922564e-006	-1.737361e-007	1.125848e-006	2.664550e-008	9.886541e-006
6.165468235410790e-008	2.099080e-006	-2.219292e-007	1.124219e-006	2.665170e-008	9.885846e-006
6.166625378267934e-008	2.293618e-006	-2.745372e-007	1.122591e-006	2.665632e-008	9.885212e-006
6.167782521125078e-008	2.506176e-006	-3.315601e-007	1.120967e-006	2.665935e-008	9.884639e-006
6.168939663982222e-008	2.736754e-006	-3.929978e-007	1.119345e-006	2.666080e-008	9.884127e-006
6.170196806839366e-008	3.004433e-006	-4.627304e-007	1.117586e-006	2.665976e-008	9.883638e-006
6.171453949696510e-008	3.277872e-006	-5.318947e-007	1.115829e-006	2.665635e-008	9.883182e-006
6.172711092553654e-008	3.557069e-006	-6.004909e-007	1.114076e-006	2.665057e-008	9.882760e-006
6.173968235410799e-008	3.842025e-006	-6.685190e-007	1.112326e-006	2.664242e-008	9.882371e-006
6.175225378267943e-008	4.132739e-006	-7.359789e-007	1.110579e-006	2.663189e-008	9.882015e-006
6.176482521125088e-008	4.429213e-006	-8.028707e-007	1.108834e-006	2.661900e-008	9.881693e-006
6.177739663982232e-008	4.731445e-006	-8.691943e-007	1.107093e-006	2.660373e-008	9.881404e-006
6.178525378267947e-008	4.916773e-006	-9.082726e-007	1.106006e-006	2.659307e-008	9.881222e-006
6.179311092553661e-008	5.100474e-006	-9.460180e-007	1.104921e-006	2.658166e-008	9.881042e-006
6.180096806839377e-008	5.282546e-006	-9.824303e-007	1.103836e-006	2.656951e-008	9.880863e-006
6.180882521125093e-008	5.462990e-006	-1.017510e-006	1.102753e-006	2.655660e-008	9.880686e-006
6.181668235410808e-008	5.641806e-006	-1.051256e-006	1.101671e-006	2.654295e-008	9.880510e-006
6.182453949696522e-008	5.818995e-006	-1.083670e-006	1.100590e-006	2.652855e-008	9.880335e-006
6.183239663982238e-008	5.994555e-006	-1.114750e-006	1.099510e-006	2.651340e-008	9.880162e-006
6.183339663982238e-008	6.016657e-006	-1.118585e-006	1.099372e-006	2.651143e-008	9.880139e-006
6.185868235410813e-008	6.563877e-006	-1.205345e-006	1.095906e-006	2.645576e-008	9.879585e-006
6.188396806839386e-008	7.075226e-006	-1.277199e-006	1.092451e-006	2.639737e-008	9.878961e-006
6.190925378267961e-008	7.550702e-006	-1.334147e-006	1.089008e-006	2.633627e-008	9.878268e-006
6.193453949696535e-008	7.990307e-006	-1.376189e-006	1.085576e-006	2.627245e-008	9.877506e-006
6.195982521125110e-008	8.394039e-006	-1.403325e-006	1.082157e-006	2.620592e-008	9.876673e-006
6.198511092553683e-008	8.761900e-006	-1.415556e-006	1.078749e-006	2.613668e-008	9.875772e-006
6.201039663982258e-008	9.093888e-006	-1.412880e-006	1.075353e-006	2.606473e-008	9.874801e-006
6.202782521125117e-008	9.307664e-006	-1.407633e-006	1.073019e-006	2.601664e-008	9.874087e-006
6.204525378267977e-008	9.510724e-006	-1.399564e-006	1.070690e-006	2.596925e-008	9.873346e-006
6.206268235410836e-008	9.703071e-006	-1.388674e-006	1.068367e-006	2.592257e-008	9.872577e-006
6.208011092553694e-008	9.884703e-006	-1.374963e-006	1.066050e-006	2.587658e-008	9.871780e-006
6.209753949696553e-008	1.005562e-005	-1.358430e-006	1.063738e-006	2.583130e-008	9.870955e-006
6.211496806839413e-008	1.021582e-005	-1.339076e-006	1.061431e-006	2.578671e-008	9.870101e-006
6.213239663982272e-008	1.036531e-005	-1.316900e-006	1.059130e-006	2.574283e-008	9.869220e-006
6.213339663982272e-008	1.037371e-005	-1.315622e-006	1.058998e-006	2.574036e-008	9.869169e-006
6.217196806839419e-008	1.066785e-005	-1.258812e-006	1.053926e-006	2.564746e-008	9.867113e-006
6.221053949696566e-008	1.093447e-005	-1.200095e-006	1.048879e-006	2.556123e-008	9.864961e-006
6.224911092553713e-008	1.117358e-005	-1.139471e-006	1.043859e-006	2.548167e-008	9.862713e-006
6.228768235410862e-008	1.138517e-005	-1.076940e-006	1.038865e-006	2.540878e-008	9.860367e-006
6.232625378268009e-008	1.156924e-005	-1.012503e-006	1.033897e-006	2.534256e-008	9.857925e-006
6.236482521125156e-008	1.172580e-005	-9.461579e-007	1.028954e-006	2.528301e-008	9.855386e-006
6.240339663982303e-008	1.185484e-005	-8.779064e-007	1.024038e-006	2.523012e-008	9.852751e-006
6.243339663982306e-008	1.194916e-005	-8.281133e-007	1.020231e-006	2.519376e-008	9.850662e-006
6.247611092553739e-008	1.206266e-005	-7.587391e-007	1.014837e-006	2.514972e-008	9.847601e-006
6.251882521125173e-008	1.216323e-005	-6.925357e-007	1.009474e-006	2.511229e-008	9.844473e-006
6.256153949696606e-008	1.225085e-005	-6.295032e-007	1.004141e-006	2.508146e-008	9.841278e-006
6.260425378268040e-008	1.232554e-005	-5.696417e-007	9.988380e-007	2.505724e-008	9.838015e-006
6.264696806839473e-008	1.238728e-005	-5.129510e-007	9.935657e-007	2.503962e-008	9.834686e-006
6.268968235410907e-008	1.243608e-005	-4.594312e-007	9.883239e-007	2.502861e-008	9.831289e-006
6.273239663982340e-008	1.247194e-005	-4.090824e-007	9.831124e-007	2.502421e-008	9.827825e-006
6.273339663982340e-008	1.247277e-005	-4.079478e-007	9.829907e-007	2.502415e-008	9.827743e-006
6.276596806839486e-008	1.249481e-005	-3.715691e-007	9.790374e-007	2.502401e-008	9.825068e-006
6.279853949696633e-008	1.251422e-005	-3.372433e-007	9.751012e-007	2.502625e-008	9.822371e-006
6.283111092553779e-008	1.253100e-005	-3.049702e-007	9.711820e-007	2.503088e-008	9.819652e-006
6.286368235410927e-008	1.254515e-005	-2.747500e-007	9.672799e-007	2.503790e-008	9.816911e-006
6.289625378268073e-008	1.255666e-005	-2.465826e-007	9.633949e-007	2.504729e-008	9.814149e-006
6.292882521125220e-008	1.256555e-005	-2.204679e-007	9.595270e-007	2.505908e-008	9.811364e-006
6.296139663982366e-008	1.257181e-005	-1.964061e-007	9.556761e-007	2.507324e-008	9.808557e-006
6.297153949696652e-008	1.257793e-005	-1.907608e-007	9.544803e-007	2.507786e-008	9.807693e-006
6.298168235410940e-008	1.258597e-005	-1.859102e-007	9.532860e-007	2.508254e-008	9.806835e-006
6.299182521125227e-008	1.259593e-005	-1.818544e-007	9.520933e-007	2.508728e-008	9.805981e-006
6.300196806839513e-008	1.260782e-005	-1.785933e-007	9.509020e-007	2.509206e-008	9.805133e-006
6.301211092553800e-008	1.262164e-005	-1.761270e-007	9.497123e-007	2.509690e-008	9.804289e-006
6.302225378268087e-008	1.263738e-005	-1.744555e-007	9.485241e-007	2.510180e-008	9.803451e-006
6.303239663982374e-008	1.265504e-005	-1.735787e-007	9.473374e-007	2.510675e-008	9.802618e-006
6.303339663982374e-008	1.265687e-005	-1.735200e-007	9.472205e-007	2.510724e-008	9.802537e-006
6.305282521125234e-008	1.269900e-005	-1.747601e-007	9.449518e-007	2.511656e-008	9.800967e-006
6.307225378268093e-008	1.274126e-005	-1.759715e-007	9.426883e-007	2.512569e-008	9.799398e-006
6.309168235410953e-008	1.278366e-005	-1.771544e-007	9.404301e-007	2.513462e-008	9.797830e-006
6.311111092553811e-008	1.282619e-005	-1.783085e-007	9.381771e-007	2.514334e-008	9.796264e-006
6.313053949696670e-008	1.286886e-005	-1.794341e-007	9.359294e-007	2.515186e-008	9.794699e-006
6.314996806839530e-008	1.291166e-005	-1.805310e-007	9.336870e-007	2.516018e-008	9.793135e-006
6.316939663982390e-008	1.295460e-005	-1.815993e-007	9.314498e-007	2.516829e-008	9.791572e-006
6.319268235410964e-008	1.299727e-005	-1.795832e-007	9.287755e-007	2.517773e-008	9.789675e-006
6.321596806839537e-008	1.303490e-005	-1.762106e-007	9.261091e-007	2.518740e-008	9.787761e-006
6.323925378268112e-008	1.306750e-005	-1.714815e-007	9.234507e-007	2.519730e-008	9.785831e-006
6.326253949696685e-008	1.309507e-005	-1.653960e-007	9.208003e-007	2.520743e-008	9.783883e-006
6.328582521125260e-008	1.311759e-005	-1.579539e-007	9.181579e-007	2.521779e-008	9.781918e-006
6.330911092553833e-008	1.313509e-005	-1.491555e-007	9.155235e-007	2.522839e-008	9.779936e-006
6.333239663982408e-008	1.314754e-005	-1.390005e-007	9.128971e-007	2.523922e-008	9.777938e-006
6.333339663982408e-008	1.314804e-005	-1.385748e-007	9.127845e-007	2.523970e-008	9.777852e-006
6.352939663982430e-008	1.314915e-005	-4.741169e-008	8.910083e-007	2.535257e-008	9.760539e-006
6.363339663982442e-008	1.311236e-005	-6.117269e-009	8.796901e-007	2.542593e-008	9.751110e-006
6.365025378268159e-008	1.310322e-005	5.099548e-010	8.778712e-007	2.543858e-008	9.749564e-006
6.366711092553874e-008	1.309346e-005	7.043550e-009	8.760562e-007	2.545141e-008	9.748014e-006
6.368396806839591e-008	1.308307e-005	1.348352e-008	8.742454e-007	2.546444e-008	9.746459e-006
6.370082521125307e-008	1.307207e-005	1.982986e-008	8.724385e-007	2.547766e-008	9.744901e-006
6.371768235411024e-008	1.306044e-005	2.608257e-008	8.706357e-007	2.549107e-008	9.743338e-006
6.373453949696739e-008	1.304818e-005	3.224165e-008	8.688369e-007	2.550467e-008	9.741770e-006
6.375139663982456e-008	1.303531e-005	3.830711e-008	8.670422e-007	2.551846e-008	9.740199e-006
6.376025378268171e-008	1.302837e-005	4.143841e-008	8.660962e-007	2.552577e-008	9.739372e-006
6.376911092553886e-008	1.302131e-005	4.453548e-008	8.651485e-007	2.553312e-008	9.738544e-006
6.377796806839601e-008	1.301413e-005	4.759831e-008	8.641988e-007	2.554052e-008	9.737714e-006
6.378682521125317e-008	1.300682e-005	5.062690e-008	8.632473e-007	2.554797e-008	9.736884e-006
6.379568235411033e-008	1.299938e-005	5.362125e-008	8.622939e-007	2.555546e-008	9.736053e-006
6.380453949696747e-008	1.299181e-005	5.658137e-008	8.613387e-007	2.556299e-008	9.735221e-006
6.381339663982463e-008	1.298413e-005	5.950724e-008	8.603816e-007	2.557057e-008	9.734387e-006
6.383039663982464e-008	1.296902e-005	6.502218e-008	8.585591e-007	2.558525e-008	9.732785e-006
6.384739663982466e-008	1.295357e-005	7.040184e-008	8.567430e-007	2.560005e-008	9.731179e-006
6.386439663982468e-008	1.293779e-005	7.564623e-008	8.549334e-007	2.561499e-008	9.729570e-006
6.388139663982470e-008	1.292166e-005	8.075534e-008	8.531301e-007	2.563006e-008	9.727958e-006
6.389839663982472e-008	1.290519e-005	8.572918e-008	8.513333e-007	2.564526e-008	9.726343e-006
6.391539663982474e-008	1.288838e-005	9.056774e-008	8.495428e-007	2.566058e-008	9.724724e-006
6.393239663982476e-008	1.287123e-005	9.527103e-008	8.477588e-007	2.567604e-008	9.723101e-006
6.393339663982476e-008	1.287022e-005	9.554346e-008	8.476540e-007	2.567696e-008	9.723006e-006
6.397611092553909e-008	1.282560e-005	1.066619e-007	8.431887e-007	2.571646e-008	9.718914e-006
6.401882521125343e-008	1.277993e-005	1.170359e-007	8.387526e-007	2.575632e-008	9.714807e-006
6.406153949696776e-008	1.273318e-005	1.266654e-007	8.343457e-007	2.579654e-008	9.710684e-006
6.410425378268210e-008	1.268538e-005	1.355505e-007	8.299678e-007	2.583711e-008	9.706544e-006
6.414696806839643e-008	1.263651e-005	1.436910e-007	8.256191e-007	2.587804e-008	9.702389e-006
6.418968235411077e-008	1.258658e-005	1.510871e-007	8.212995e-007	2.591932e-008	9.698217e-006
6.423239663982510e-008	1.253559e-005	1.577387e-007	8.170090e-007	2.596095e-008	9.694029e-006
6.423339663982510e-008	1.253440e-005	1.578891e-007	8.169089e-007	2.596193e-008	9.693931e-006
6.427611092553943e-008	1.248299e-005	1.639209e-007	8.126478e-007	2.600356e-008	9.689730e-006
6.431882521125377e-008	1.243127e-005	1.694773e-007	8.084128e-007	2.604507e-008	9.685518e-006
6.436153949696810e-008	1.237923e-005	1.745584e-007	8.042039e-007	2.608644e-008	9.681294e-006
6.440425378268244e-008	1.232687e-005	1.791642e-007	8.000211e-007	2.612768e-008	9.677059e-006
6.444696806839677e-008	1.227419e-005	1.832947e-007	7.958644e-007	2.616878e-008	9.672812e-006
6.448968235411111e-008	1.222119e-005	1.869499e-007	7.917338e-007	2.620975e-008	9.668554e-006
6.453239663982544e-008	1.216787e-005	1.901297e-007	7.876293e-007	2.625059e-008	9.664283e-006
6.453339663982544e-008	1.216662e-005	1.902018e-007	7.875335e-007	2.625154e-008	9.664183e-006
6.457611092553977e-008	1.211326e-005	1.930417e-007	7.834540e-007	2.629202e-008	9.659903e-006
6.461882521125411e-008	1.205990e-005	1.956114e-007	7.793983e-007	2.633209e-008	9.655614e-006
6.466153949696844e-008	1.200655e-005	1.979108e-007	7.753663e-007	2.637176e-008	9.651316e-006
6.470425378268278e-008	1.195321e-005	1.999399e-007	7.713580e-007	2.641102e-008	9.647009e-006
6.474696806839711e-008	1.189988e-005	2.016987e-007	7.673735e-007	2.644987e-008	9.642694e-006
6.478968235411145e-008	1.184655e-005	2.031873e-007	7.634127e-007	2.648831e-008	9.638369e-006
6.483239663982578e-008	1.179323e-005	2.044055e-007	7.594757e-007	2.652635e-008	9.634035e-006
6.483339663982578e-008	1.179199e-005	2.044329e-007	7.593838e-007	2.652724e-008	9.633934e-006
6.513339663982612e-008	1.142185e-005	2.086211e-007	7.323662e-007	2.677920e-008	9.603288e-006
6.543339663982646e-008	1.106159e-005	2.074534e-007	7.064152e-007	2.700299e-008	9.572317e-006
6.573339663982680e-008	1.071365e-005	2.035270e-007	6.814783e-007	2.719715e-008	9.541071e-006
6.603339663982714e-008	1.037902e-005	1.982487e-007	6.575088e-007	2.736182e-008	9.509586e-006
6.606268235411290e-008	1.034708e-005	1.976918e-007	6.552192e-007	2.737634e-008	9.506501e-006
6.609196806839864e-008	1.031526e-005	1.971309e-007	6.529382e-007	2.739060e-008	9.503414e-006
6.612125378268439e-008	1.028358e-005	1.965661e-007	6.506659e-007	2.740458e-008	9.500325e-006
6.615053949697013e-008	1.025202e-005	1.959973e-007	6.484021e-007	2.741830e-008	9.497234e-006
6.617982521125588e-008	1.022060e-005	1.954246e-007	6.461471e-007	2.743175e-008	9.494142e-006
6.620911092554162e-008	1.018930e-005	1.948479e-007	6.439006e-007	2.744493e-008	9.491047e-006
6.623839663982738e-008	1.015813e-005	1.942672e-007	6.416628e-007	2.745784e-008	9.487951e-006
6.625182521125596e-008	1.014388e-005	1.940004e-007	6.406640e-007	2.746368e-008	9.486531e-006
6.626525378268455e-008	1.012965e-005	1.937331e-007	6.396139e-007	2.746946e-008	9.485110e-006
6.627868235411314e-008	1.011546e-005	1.934654e-007	6.385126e-007	2.747518e-008	9.483689e-006
6.629211092554172e-008	1.010129e-005	1.931972e-007	6.373600e-007	2.748085e-008	9.482268e-006
6.630553949697030e-008	1.008715e-005	1.929285e-007	6.361562e-007	2.748646e-008	9.480846e-006
6.631896806839889e-008	1.007303e-005	1.926594e-007	6.349011e-007	2.749202e-008	9.479423e-006
6.633239663982748e-008	1.005894e-005	1.923898e-007	6.335947e-007	2.749753e-008	9.478001e-006
6.633339663982748e-008	1.005789e-005	1.923697e-007	6.334910e-007	2.749794e-008	9.477895e-006
6.634182521125607e-008	1.004906e-005	1.922003e-007	6.325990e-007	2.750136e-008	9.477002e-006
6.635025378268465e-008	1.004025e-005	1.920308e-007	6.316576e-007	2.750477e-008	9.476109e-006
6.635868235411323e-008	1.003144e-005	1.918611e-007	6.306668e-007	2.750815e-008	9.475215e-006
6.636711092554180e-008	1.002264e-005	1.916913e-007	6.296265e-007	2.751151e-008	9.474322e-006
6.637553949697038e-008	1.001386e-005	1.915214e-007	6.285368e-007	2.751485e-008	9.473428e-006
6.638396806839897e-008	1.000508e-005	1.913514e-007	6.273976e-007	2.751817e-008	9.472534e-006
6.639239663982755e-008	9.996315e-006	1.911813e-007	6.262089e-007	2.752147e-008	9.471641e-006
6.639939663982756e-008	9.989044e-006	1.910399e-007	6.251754e-007	2.752420e-008	9.470898e-006
6.640639663982757e-008	9.981779e-006	1.908984e-007	6.241073e-007	2.752691e-008	9.470155e-006
6.641339663982757e-008	9.974522e-006	1.907569e-007	6.230045e-007	2.752961e-008	9.469413e-006
6.642039663982758e-008	9.967272e-006	1.906153e-007	6.218671e-007	2.753229e-008	9.468670e-006
6.642739663982759e-008	9.960029e-006	1.904737e-007	6.206950e-007	2.753496e-008	9.467927e-006
6.643439663982760e-008	9.952793e-006	1.903320e-007	6.194883e-007	2.753761e-008	9.467184e-006
6.644139663982761e-008	9.945565e-006	1.901902e-007	6.182470e-007	2.754025e-008	9.466441e-006
6.644868235411333e-008	9.938049e-006	1.900426e-007	6.169210e-007	2.754298e-008	9.465668e-006
6.645596806839905e-008	9.930541e-006	1.898950e-007	6.155685e-007	2.754570e-008	9.464894e-006
6.646325378268478e-008	9.923041e-006	1.897473e-007	6.141896e-007	2.754841e-008	9.464120e-006
6.647053949697049e-008	9.915549e-006	1.895995e-007	6.127841e-007	2.755110e-008	9.463347e-006
6.647782521125622e-008	9.908064e-006	1.894517e-007	6.113522e-007	2.755377e-008	9.462573e-006
6.648511092554193e-008	9.900586e-006	1.893039e-007	6.098938e-007	2.755643e-008	9.461799e-006
6.649239663982766e-008	9.893117e-006	1.891560e-007	6.084089e-007	2.755907e-008	9.461025e-006
6.649539663982767e-008	9.890044e-006	1.890951e-007	6.077934e-007	2.756016e-008	9.460706e-006
6.650082521125625e-008	9.884486e-006	1.889849e-007	6.066698e-007	2.756211e-008	9.460129e-006
6.650625378268483e-008	9.878932e-006	1.888747e-007	6.055376e-007	2.756406e-008	9.459552e-006
6.651168235411341e-008	9.873383e-006	1.887644e-007	6.043967e-007	2.756600e-008	9.458975e-006
6.651711092554197e-008	9.867838e-006	1.886541e-007	6.032473e-007	2.756793e-008	9.458398e-006
6.652253949697055e-008	9.862297e-006	1.885438e-007	6.020892e-007	2.756985e-008	9.457821e-006
6.652796806839913e-008	9.856760e-006	1.884335e-007	6.009225e-007	2.757177e-008	9.457244e-006
6.653339663982771e-008	9.851228e-006	1.883232e-007	5.997472e-007	2.757367e-008	9.456667e-006
6.654196806839915e-008	9.842502e-006	1.881490e-007	5.978767e-007	2.757666e-008	9.455755e-006
6.655053949697058e-008	9.833787e-006	1.879748e-007	5.959955e-007	2.757964e-008	9.454844e-006
6.655911092554202e-008	9.825081e-006	1.878005e-007	5.941034e-007	2.758259e-008	9.453932e-006
6.656768235411347e-008	9.816387e-006	1.876262e-007	5.922006e-007	2.758552e-008	9.453020e-006
6.657625378268490e-008	9.807703e-006	1.874520e-007	5.902870e-007	2.758843e-008	9.452108e-006
6.658482521125634e-008	9.799030e-006	1.872777e-007	5.883626e-007	2.759133e-008	9.451196e-006
6.659339663982778e-008	9.790367e-006	1.871034e-007	5.864274e-007	2.759420e-008	9.450284e-006
6.659896806839921e-008	9.784742e-006	1.869900e-007	5.851672e-007	2.759605e-008	9.449691e-006
6.660453949697064e-008	9.779121e-006	1.868767e-007	5.839056e-007	2.759790e-008	9.449098e-006
6.661011092554208e-008	9.773505e-006	1.867634e-007	5.826426e-007	2.759974e-008	9.448505e-006
6.661568235411352e-008	9.767894e-006	1.866501e-007	5.813781e-007	2.760157e-008	9.447912e-006
6.662125378268496e-008	9.762286e-006	1.865368e-007	5.801122e-007	2.760339e-008	9.447318e-006
6.662682521125639e-008	9.756684e-006	1.864236e-007	5.788449e-007	2.760520e-008	9.446725e-006
6.663239663982782e-008	9.751086e-006	1.863103e-007	5.775761e-007	2.760700e-008	9.446131e-006
6.663339663982782e-008	9.750082e-006	1.862899e-007	5.773488e-007	2.760733e-008	9.446025e-006
6.664253949697069e-008	9.740906e-006	1.861040e-007	5.752713e-007	2.761027e-008	9.445051e-006
6.665168235411356e-008	9.731742e-006	1.859182e-007	5.731979e-007	2.761318e-008	9.444077e-006
6.666082521125643e-008	9.722591e-006	1.857323e-007	5.711288e-007	2.761608e-008	9.443103e-006
6.666996806839929e-008	9.713451e-006	1.855465e-007	5.690637e-007	2.761895e-008	9.442129e-006
6.667911092554215e-008	9.704323e-006	1.853607e-007	5.670029e-007	2.762179e-008	9.441154e-006
6.668825378268503e-008	9.695206e-006	1.851749e-007	5.649462e-007	2.762462e-008	9.440180e-006
6.669739663982790e-008	9.686102e-006	1.849892e-007	5.628936e-007	2.762742e-008	9.439205e-006
6.673096806839936e-008	9.652777e-006	1.843073e-007	5.553961e-007	2.763750e-008	9.435625e-006
6.676453949697083e-008	9.619610e-006	1.836264e-007	5.479448e-007	2.764728e-008	9.432043e-006
6.679811092554229e-008	9.586601e-006	1.829466e-007	5.405397e-007	2.765675e-008	9.428460e-006
6.683168235411377e-008	9.553751e-006	1.822678e-007	5.331807e-007	2.766592e-008	9.424874e-006
6.686525378268523e-008	9.521058e-006	1.815901e-007	5.258680e-007	2.767478e-008	9.421287e-006
6.689882521125670e-008	9.488524e-006	1.809133e-007	5.186015e-007	2.768333e-008	9.417697e-006
6.693239663982816e-008	9.456147e-006	1.802376e-007	5.113812e-007	2.769157e-008	9.414106e-006
6.693339663982816e-008	9.455185e-006	1.802175e-007	5.111666e-007	2.769182e-008	9.414000e-006
6.697611092554249e-008	9.414195e-006	1.793686e-007	5.020378e-007	2.770185e-008	9.409428e-006
6.701882521125683e-008	9.373475e-006	1.785154e-007	4.929682e-007	2.771141e-008	9.404854e-006
6.706153949697116e-008	9.333026e-006	1.776577e-007	4.839579e-007	2.772049e-008	9.400278e-006
6.710425378268550e-008	9.292849e-006	1.767956e-007	4.750068e-007	2.772910e-008	9.395699e-006
6.714696806839983e-008	9.252942e-006	1.759292e-007	4.661149e-007	2.773722e-008	9.391118e-006
6.718968235411417e-008	9.213307e-006	1.750583e-007	4.572823e-007	2.774487e-008	9.386534e-006
6.723239663982850e-008	9.173942e-006	1.741831e-007	4.485090e-007	2.775204e-008	9.381948e-006
6.723339663982850e-008	9.173024e-006	1.741624e-007	4.483041e-007	2.775220e-008	9.381841e-006
6.753339663982884e-008	8.903435e-006	1.682040e-007	3.881313e-007	2.778961e-008	9.349570e-006
6.755253949697172e-008	8.886596e-006	1.678425e-007	3.843750e-007	2.779125e-008	9.347507e-006
6.757168235411461e-008	8.869800e-006	1.674824e-007	3.806281e-007	2.779280e-008	9.345444e-006
6.759082521125748e-008	8.853049e-006	1.671235e-007	3.768906e-007	2.779428e-008	9.343381e-006
6.760996806840036e-008	8.836341e-006	1.667659e-007	3.731625e-007	2.779566e-008	9.341317e-006
6.762911092554323e-008	8.819677e-006	1.664096e-007	3.694438e-007	2.779696e-008	9.339253e-006
6.764825378268612e-008	8.803057e-006	1.660546e-007	3.657345e-007	2.779817e-008	9.337188e-006
6.766739663982900e-008	8.786480e-006	1.657009e-007	3.620345e-007	2.779930e-008	9.335124e-006
6.768053949697186e-008	8.775118e-006	1.654606e-007	3.595026e-007	2.780003e-008	9.333705e-006
6.769368235411475e-008	8.763785e-006	1.652179e-007	3.569618e-007	2.780072e-008	9.332287e-006
6.770682521125761e-008	8.752481e-006	1.649726e-007	3.544121e-007	2.780136e-008	9.330869e-006
6.771996806840048e-008	8.741207e-006	1.647248e-007	3.518535e-007	2.780197e-008	9.329450e-006
6.773311092554335e-008	8.729963e-006	1.644745e-007	3.492860e-007	2.780254e-008	9.328032e-006
6.774625378268623e-008	8.718747e-006	1.642217e-007	3.467096e-007	2.780307e-008	9.326613e-006
6.775939663982910e-008	8.707561e-006	1.639664e-007	3.441243e-007	2.780356e-008	9.325195e-006
6.776982521125769e-008	8.698720e-006	1.637576e-007	3.420556e-007	2.780392e-008	9.324069e-006
6.778025378268627e-008	8.689908e-006	1.635443e-007	3.399799e-007	2.780426e-008	9.322943e-006
6.779068235411486e-008	8.681125e-006	1.633264e-007	3.378972e-007	2.780457e-008	9.321817e-006
6.780111092554343e-008	8.672371e-006	1.631040e-007	3.358076e-007	2.780485e-008	9.320691e-006
6.781153949697201e-008	8.663647e-006	1.628770e-007	3.337110e-007	2.780512e-008	9.319565e-006
6.782196806840060e-008	8.654952e-006	1.626455e-007	3.316074e-007	2.780535e-008	9.318439e-006
6.783239663982918e-008	8.646286e-006	1.624094e-007	3.294968e-007	2.780556e-008	9.317313e-006
6.783339663982918e-008	8.645457e-006	1.623866e-007	3.292945e-007	2.780558e-008	9.317205e-006
6.785411092554349e-008	8.628365e-006	1.618953e-007	3.250863e-007	2.780592e-008	9.314968e-006
6.787482521125780e-008	8.611355e-006	1.614016e-007	3.208856e-007	2.780616e-008	9.312731e-006
6.789553949697211e-008	8.594428e-006	1.609055e-007	3.166921e-007	2.780630e-008	9.310494e-006
6.791625378268642e-008	8.577584e-006	1.604069e-007	3.125061e-007	2.780634e-008	9.308256e-006
6.793696806840073e-008	8.560822e-006	1.599059e-007	3.083274e-007	2.780628e-008	9.306018e-006
6.795768235411504e-008	8.544143e-006	1.594025e-007	3.041561e-007	2.780611e-008	9.303780e-006
6.797839663982935e-008	8.527546e-006	1.588966e-007	2.999921e-007	2.780585e-008	9.301541e-006
6.813339663982952e-008	8.404054e-006	1.556291e-007	2.694261e-007	2.780088e-008	9.284782e-006
6.814996806840097e-008	8.390900e-006	1.553333e-007	2.662092e-007	2.780005e-008	9.282989e-006
6.816653949697241e-008	8.377753e-006	1.550457e-007	2.630012e-007	2.779916e-008	9.281195e-006
6.818311092554386e-008	8.364612e-006	1.547663e-007	2.598021e-007	2.779821e-008	9.279402e-006
6.819968235411532e-008	8.351478e-006	1.544951e-007	2.566119e-007	2.779721e-008	9.277608e-006
6.821625378268676e-008	8.338350e-006	1.542321e-007	2.534306e-007	2.779615e-008	9.275814e-006
6.823282521125821e-008	8.325229e-006	1.539773e-007	2.502582e-007	2.779504e-008	9.274019e-006
6.824939663982966e-008	8.312114e-006	1.537307e-007	2.470948e-007	2.779388e-008	9.272225e-006
6.826411092554395e-008	8.300475e-006	1.535168e-007	2.442832e-007	2.779280e-008	9.270631e-006
6.827882521125826e-008	8.288844e-006	1.533067e-007	2.414770e-007	2.779168e-008	9.269037e-006
6.829353949697256e-008	8.277222e-006	1.531002e-007	2.386763e-007	2.779052e-008	9.267443e-006
6.830825378268687e-008	8.265608e-006	1.528974e-007	2.358810e-007	2.778932e-008	9.265849e-006
6.832296806840117e-008	8.254002e-006	1.526984e-007	2.330911e-007	2.778808e-008	9.264254e-006
6.833768235411548e-008	8.242405e-006	1.525030e-007	2.303067e-007	2.778680e-008	9.262659e-006
6.835239663982977e-008	8.230816e-006	1.523113e-007	2.275277e-007	2.778547e-008	9.261064e-006
6.843339663982986e-008	8.167227e-006	1.512879e-007	2.123579e-007	2.777749e-008	9.252281e-006
6.846639663982990e-008	8.142918e-006	1.502486e-007	2.062342e-007	2.777397e-008	9.248706e-006
6.849939663982994e-008	8.119362e-006	1.491046e-007	2.001416e-007	2.777016e-008	9.245132e-006
6.853239663982998e-008	8.096558e-006	1.478559e-007	1.940801e-007	2.776604e-008	9.241560e-006
6.856539663983001e-008	8.074507e-006	1.465027e-007	1.880496e-007	2.776161e-008	9.237990e-006
6.859839663983005e-008	8.053209e-006	1.450448e-007	1.820502e-007	2.775687e-008	9.234422e-006
6.863139663983009e-008	8.032663e-006	1.434822e-007	1.760819e-007	2.775183e-008	9.230856e-006
6.866439663983013e-008	8.012870e-006	1.418151e-007	1.701447e-007	2.774649e-008	9.227292e-006
6.873339663983020e-008	7.964094e-006	1.409752e-007	1.578260e-007	2.773476e-008	9.219816e-006
6.903339663983054e-008	7.741012e-006	1.410823e-007	1.057495e-007	2.767616e-008	9.187235e-006
6.933339663983088e-008	7.517824e-006	1.401499e-007	5.598475e-008	2.760660e-008	9.154582e-006
6.963339663983122e-008	7.306037e-006	1.364530e-007	8.416984e-009	2.752481e-008	9.121910e-006
6.993339663983157e-008	7.106230e-006	1.315658e-007	-3.705497e-008	2.743005e-008	9.089244e-006
7.023339663983191e-008	6.916991e-006	1.265208e-007	-8.052432e-008	2.732266e-008	9.056594e-006
7.034339663983203e-008	6.849975e-006	1.247221e-007	-9.597876e-008	2.728028e-008	9.044628e-006
7.034439663983203e-008	6.849371e-006	1.247060e-007	-9.611809e-008	2.727989e-008	9.044519e-006
