time	I(L21)	I(L22)	I(R2)	I(R10)	I(R30)
0.000000000000000e+000	-3.297555e-021	-5.882238e-022	-6.776264e-021	-7.300207e-021	-2.596169e-020
2.823107199787331e-010	-3.945408e-018	2.797012e-018	1.419963e-018	1.365447e-018	1.506986e-018
5.823107199787321e-010	-2.664152e-018	5.731670e-018	1.653461e-018	1.548807e-018	1.719443e-018
8.823107199787310e-010	-1.926389e-018	6.614246e-018	1.897828e-018	1.758209e-018	1.903501e-018
1.000000000000000e-009	-2.947647e-018	5.549007e-018	1.955574e-018	1.868699e-018	1.804873e-018
1.179500000000018e-009	-1.063165e-018	7.296068e-018	2.113274e-018	1.847429e-018	2.074491e-018
1.479500000000048e-009	-1.588681e-018	6.490342e-018	2.171747e-018	1.975712e-018	2.280333e-018
1.779500000000078e-009	-5.257985e-019	7.332850e-018	2.408015e-018	2.150943e-018	2.510399e-018
2.079500000000063e-009	-5.051419e-019	7.106697e-018	2.518406e-018	2.318065e-018	2.674668e-018
2.379500000000031e-009	-6.469202e-019	6.667163e-018	2.669518e-018	2.449098e-018	2.815187e-018
2.679499999999999e-009	-4.496128e-019	6.640958e-018	2.775738e-018	2.499326e-018	2.995846e-018
2.979499999999967e-009	3.463725e-019	7.244745e-018	2.965307e-018	2.612453e-018	3.069206e-018
3.279499999999935e-009	2.960569e-019	7.023214e-018	3.011787e-018	2.719258e-018	3.269065e-018
3.579499999999903e-009	5.273682e-019	7.065096e-018	3.019024e-018	2.789375e-018	3.407803e-018
3.879499999999935e-009	-3.538203e-019	6.026945e-018	3.159267e-018	2.920664e-018	3.528629e-018
3.892071428571376e-009	-3.687607e-019	6.006567e-018	3.173183e-018	2.904418e-018	3.526654e-018
3.904642857142817e-009	-3.583959e-019	6.011656e-018	3.178638e-018	2.891274e-018	3.525383e-018
3.917214285714258e-009	-3.227258e-019	6.042211e-018	3.175633e-018	2.881234e-018	3.524818e-018
3.929785714285698e-009	-2.617504e-019	6.098233e-018	3.164168e-018	2.874298e-018	3.524957e-018
3.942357142857139e-009	-1.754699e-019	6.179721e-018	3.144243e-018	2.870464e-018	3.525800e-018
3.954928571428580e-009	-6.388404e-020	6.286676e-018	3.115858e-018	2.869734e-018	3.527348e-018
3.967500000000021e-009	7.300703e-020	6.419098e-018	3.079013e-018	2.872108e-018	3.529601e-018
3.982071428571436e-009	-1.401185e-019	6.201070e-018	3.122021e-018	2.886600e-018	3.537065e-018
3.996642857142852e-009	-3.011112e-019	6.034743e-018	3.156220e-018	2.899616e-018	3.541744e-018
4.011214285714267e-009	-4.099712e-019	5.920116e-018	3.181608e-018	2.911156e-018	3.543640e-018
4.025785714285682e-009	-4.666985e-019	5.857191e-018	3.198187e-018	2.921220e-018	3.542751e-018
4.040357142857098e-009	-4.712931e-019	5.845966e-018	3.205955e-018	2.929807e-018	3.539078e-018
4.054928571428513e-009	-4.237549e-019	5.886442e-018	3.204914e-018	2.936919e-018	3.532621e-018
4.069499999999929e-009	-3.240840e-019	5.978619e-018	3.195062e-018	2.942554e-018	3.523380e-018
4.173499999999961e-009	-1.900043e-019	6.036159e-018	3.156438e-018	2.853161e-018	3.600790e-018
4.473500000000053e-009	-4.326876e-019	5.549800e-018	3.326680e-018	3.027146e-018	3.763398e-018
4.773500000000145e-009	-6.459169e-021	5.786999e-018	3.384695e-018	3.008807e-018	3.908463e-018
5.073500000000237e-009	-3.094251e-018	3.117207e-018	4.551599e-018	4.312488e-018	5.553980e-018
5.373500000000329e-009	-1.680666e-018	6.992072e-018	5.300332e-018	5.075734e-018	6.356802e-018
5.673500000000421e-009	1.149373e-018	9.989379e-018	5.090272e-018	4.814675e-018	6.082544e-018
5.973500000000513e-009	9.492889e-019	9.472963e-018	6.009068e-018	5.732233e-018	7.205600e-018
5.998500000000521e-009	2.704781e-019	8.787495e-018	5.909837e-018	5.604154e-018	7.055508e-018
5.999500000000521e-009	3.122031e-018	1.159387e-017	6.851038e-017	6.830185e-017	5.388366e-018
6.000500000000522e-009	8.567417e-018	1.698869e-017	4.792723e-016	4.796164e-016	3.690408e-018
6.001500000000522e-009	9.827566e-018	1.838177e-017	1.716806e-015	1.718460e-015	4.479047e-018
6.003928571429094e-009	7.631316e-018	1.375127e-017	9.660649e-015	9.668566e-015	5.127370e-018
6.006357142857667e-009	4.025244e-018	1.475576e-017	2.589471e-014	2.591352e-014	5.703863e-018
6.008785714286239e-009	-9.906518e-019	2.139523e-017	5.041898e-014	5.045333e-014	6.208524e-018
6.011214285714811e-009	-7.416370e-018	3.366968e-017	8.323347e-014	8.328799e-014	6.641355e-018
6.013642857143383e-009	-1.525191e-017	5.157911e-017	1.243382e-013	1.244175e-013	7.002356e-018
6.016071428571955e-009	-2.449728e-017	7.512351e-017	1.737331e-013	1.738419e-013	7.291525e-018
6.018500000000527e-009	-3.515246e-017	1.043029e-016	2.314182e-013	2.315611e-013	7.508864e-018
6.054785714286253e-009	1.569275e-016	-2.420657e-015	2.328464e-012	2.329834e-012	-4.031354e-018
6.091071428571978e-009	-2.599187e-015	5.692754e-015	5.835736e-012	5.839056e-012	1.882410e-017
6.127357142857704e-009	-8.303497e-015	2.444454e-014	1.075323e-011	1.075923e-011	7.607522e-017
6.163642857143429e-009	-1.695600e-014	5.383469e-014	1.708096e-011	1.709034e-011	1.677220e-016
6.199928571429154e-009	-2.855670e-014	9.386321e-014	2.481891e-011	2.483241e-011	2.937645e-016
6.236214285714880e-009	-4.310560e-014	1.445301e-013	3.396709e-011	3.398543e-011	4.542026e-016
6.272500000000605e-009	-6.060269e-014	2.058354e-013	4.452549e-011	4.454939e-011	6.490364e-016
6.273500000000605e-009	-6.114660e-014	2.078279e-013	4.482510e-011	4.484915e-011	6.563741e-016
6.316214285714904e-009	-8.764121e-014	3.038174e-013	5.859384e-011	5.862503e-011	9.658651e-016
6.358928571429203e-009	-1.171835e-013	4.201405e-013	7.350636e-011	7.354513e-011	1.359171e-015
6.401642857143502e-009	-1.497733e-013	5.567971e-013	8.956265e-011	8.960943e-011	1.836291e-015
6.444357142857801e-009	-1.854109e-013	7.137874e-013	1.067627e-010	1.068179e-010	2.397225e-015
6.487071428572100e-009	-2.240960e-013	8.911113e-013	1.251065e-010	1.251707e-010	3.041974e-015
6.529785714286398e-009	-2.658288e-013	1.088769e-012	1.445941e-010	1.446676e-010	3.770538e-015
6.572500000000697e-009	-3.106093e-013	1.306760e-012	1.652255e-010	1.653088e-010	4.582916e-015
6.573500000000697e-009	-3.116497e-013	1.312072e-012	1.657145e-010	1.657980e-010	4.602940e-015
6.873500000000789e-009	-6.414276e-013	3.327283e-012	3.314266e-010	3.315833e-010	1.281895e-014
6.900000418282007e-009	-6.704973e-013	3.541415e-012	3.476407e-010	3.478040e-010	1.374615e-014
7.144713296168485e-009	-9.240505e-013	5.742368e-012	5.071109e-010	5.073366e-010	2.378843e-014
7.444713296168577e-009	-1.185629e-012	8.886813e-012	7.231080e-010	7.234086e-010	3.947114e-014
7.744713296168425e-009	-1.391926e-012	1.239633e-011	9.580619e-010	9.584324e-010	5.851333e-014
7.766713296168414e-009	-1.405139e-012	1.266543e-011	9.759710e-010	9.763467e-010	6.003494e-014
7.767713296168413e-009	-1.405734e-012	1.267769e-011	9.767871e-010	9.771630e-010	6.010374e-014
7.767993970497466e-009	-1.405901e-012	1.268114e-011	9.770162e-010	9.773922e-010	6.012293e-014
7.768226161086782e-009	-1.406038e-012	1.268399e-011	9.772058e-010	9.775818e-010	6.013881e-014
7.768883066583345e-009	-1.406426e-012	1.269205e-011	9.777438e-010	9.781199e-010	6.018368e-014
7.770551613840212e-009	-1.407422e-012	1.271253e-011	9.791475e-010	9.795241e-010	6.030182e-014
7.771551613840212e-009	-1.408019e-012	1.272481e-011	9.800289e-010	9.804058e-010	6.037074e-014
7.772551613840211e-009	-1.408616e-012	1.273711e-011	9.809573e-010	9.813345e-010	6.043951e-014
7.773551613840211e-009	-1.409219e-012	1.274942e-011	9.819460e-010	9.823236e-010	6.050996e-014
7.775551613840210e-009	-1.410449e-012	1.277410e-011	9.841585e-010	9.845369e-010	6.064986e-014
7.777551613840209e-009	-1.411717e-012	1.279891e-011	9.867756e-010	9.871551e-010	6.078977e-014
7.779551613840208e-009	-1.413054e-012	1.282389e-011	9.899064e-010	9.902873e-010	6.093065e-014
7.781551613840207e-009	-1.414477e-012	1.284913e-011	9.936598e-010	9.940425e-010	6.107193e-014
7.783551613840205e-009	-1.416029e-012	1.287472e-011	9.981442e-010	9.985293e-010	6.121460e-014
7.785551613840204e-009	-1.417734e-012	1.290074e-011	1.003468e-009	1.003855e-009	6.135809e-014
7.787551613840203e-009	-1.419642e-012	1.292731e-011	1.009738e-009	1.010129e-009	6.150361e-014
7.789551613840202e-009	-1.421787e-012	1.295457e-011	1.017060e-009	1.017455e-009	6.165061e-014
7.792551613840201e-009	-1.425566e-012	1.299701e-011	1.030250e-009	1.030652e-009	6.187516e-014
7.795551613840199e-009	-1.430179e-012	1.304178e-011	1.046402e-009	1.046813e-009	6.210788e-014
7.798551613840198e-009	-1.435816e-012	1.308946e-011	1.065867e-009	1.066289e-009	6.234860e-014
7.801551613840196e-009	-1.442695e-012	1.314068e-011	1.088991e-009	1.089426e-009	6.259766e-014
7.806408756697337e-009	-1.453722e-012	1.322272e-011	1.131858e-009	1.132317e-009	6.299918e-014
7.811265899554477e-009	-1.472992e-012	1.332885e-011	1.189890e-009	1.190382e-009	6.346937e-014
7.816123042411618e-009	-1.500505e-012	1.345906e-011	1.263087e-009	1.263619e-009	6.400825e-014
7.820980185268757e-009	-1.536262e-012	1.361336e-011	1.351449e-009	1.352031e-009	6.461581e-014
7.825837328125897e-009	-1.580262e-012	1.379173e-011	1.454975e-009	1.455615e-009	6.529205e-014
7.830694470983038e-009	-1.632505e-012	1.399419e-011	1.573667e-009	1.574373e-009	6.603698e-014
7.835551613840178e-009	-1.692992e-012	1.422073e-011	1.707523e-009	1.708304e-009	6.685058e-014
7.840694470983033e-009	-1.770541e-012	1.449971e-011	1.871764e-009	1.872638e-009	6.782262e-014
7.845837328125887e-009	-1.870102e-012	1.484579e-011	2.060284e-009	2.061263e-009	6.899103e-014
7.850980185268741e-009	-1.991677e-012	1.525895e-011	2.273084e-009	2.274182e-009	7.035580e-014
7.856123042411597e-009	-2.135264e-012	1.573922e-011	2.510163e-009	2.511393e-009	7.191693e-014
7.861265899554451e-009	-2.300864e-012	1.628658e-011	2.771522e-009	2.772898e-009	7.367443e-014
7.866408756697305e-009	-2.488476e-012	1.690103e-011	3.057161e-009	3.058695e-009	7.562829e-014
7.871551613840160e-009	-2.698102e-012	1.758258e-011	3.367078e-009	3.368784e-009	7.777851e-014
7.873551613840159e-009	-2.789214e-012	1.787781e-011	3.494922e-009	3.496699e-009	7.870452e-014
7.875551613840158e-009	-2.884794e-012	1.818697e-011	3.626597e-009	3.628447e-009	7.967238e-014
7.882837328125868e-009	-3.263666e-012	1.940186e-011	4.144151e-009	4.146287e-009	8.344684e-014
7.890123042411579e-009	-3.717122e-012	2.086004e-011	4.706353e-009	4.708799e-009	8.796384e-014
7.897408756697289e-009	-4.245162e-012	2.256153e-011	5.313202e-009	5.315981e-009	9.322336e-014
7.904694470982999e-009	-4.847785e-012	2.450632e-011	5.964699e-009	5.967834e-009	9.922541e-014
7.911980185268709e-009	-5.524992e-012	2.669441e-011	6.660843e-009	6.664359e-009	1.059700e-013
7.919265899554421e-009	-6.276783e-012	2.912580e-011	7.401635e-009	7.405554e-009	1.134571e-013
7.926551613840131e-009	-7.103157e-012	3.180049e-011	8.187074e-009	8.191421e-009	1.216867e-013
7.935265899554413e-009	-8.213249e-012	3.540049e-011	9.177139e-009	9.182023e-009	1.327586e-013
7.943980185268693e-009	-9.439422e-012	3.942593e-011	1.019740e-008	1.020283e-008	1.452155e-013
7.952694470982974e-009	-1.078168e-011	4.387681e-011	1.124784e-008	1.125384e-008	1.590576e-013
7.961408756697256e-009	-1.224002e-011	4.875311e-011	1.232848e-008	1.233506e-008	1.742849e-013
7.970123042411538e-009	-1.381444e-011	5.405485e-011	1.343931e-008	1.344648e-008	1.908974e-013
7.978837328125818e-009	-1.550494e-011	5.978202e-011	1.458033e-008	1.458811e-008	2.088949e-013
7.987551613840099e-009	-1.731153e-011	6.593462e-011	1.575155e-008	1.575994e-008	2.282777e-013
7.991123042411527e-009	-1.808067e-011	6.857972e-011	1.623112e-008	1.623977e-008	2.366544e-013
7.994694470982953e-009	-1.886607e-011	7.129321e-011	1.671210e-008	1.672100e-008	2.452687e-013
7.998265899554380e-009	-1.966773e-011	7.407512e-011	1.719449e-008	1.720364e-008	2.541207e-013
8.001837328125806e-009	-2.048565e-011	7.692542e-011	1.767829e-008	1.768769e-008	2.632103e-013
8.005408756697233e-009	-2.131983e-011	7.984412e-011	1.816349e-008	1.817315e-008	2.725376e-013
8.008980185268659e-009	-2.217026e-011	8.283123e-011	1.865010e-008	1.866002e-008	2.821025e-013
8.012551613840086e-009	-2.303696e-011	8.588674e-011	1.913812e-008	1.914829e-008	2.919051e-013
8.013551613840086e-009	-2.328205e-011	8.675369e-011	1.927472e-008	1.928496e-008	2.946921e-013
8.014551613840085e-009	-2.352830e-011	8.762580e-011	1.941137e-008	1.942169e-008	2.974978e-013
8.016551613840084e-009	-2.402422e-011	8.938542e-011	1.968478e-008	1.969523e-008	3.031606e-013
8.017980185268654e-009	-2.438130e-011	9.065495e-011	1.988017e-008	1.989073e-008	3.072519e-013
8.019408756697226e-009	-2.474058e-011	9.193469e-011	2.007553e-008	2.008619e-008	3.113801e-013
8.020837328125796e-009	-2.510206e-011	9.322465e-011	2.027085e-008	2.028161e-008	3.155453e-013
8.022265899554367e-009	-2.546574e-011	9.452483e-011	2.046613e-008	2.047699e-008	3.197475e-013
8.023694470982937e-009	-2.583162e-011	9.583523e-011	2.066138e-008	2.067234e-008	3.239866e-013
8.025123042411509e-009	-2.619971e-011	9.715584e-011	2.085658e-008	2.086764e-008	3.282627e-013
8.026551613840079e-009	-2.656999e-011	9.848666e-011	2.105175e-008	2.106291e-008	3.325757e-013
8.027551613840079e-009	-2.683024e-011	9.942337e-011	2.118828e-008	2.119951e-008	3.356131e-013
8.027961081515119e-009	-2.693707e-011	9.980820e-011	2.124417e-008	2.125543e-008	3.368610e-013
8.027996380564761e-009	-2.694629e-011	9.984143e-011	2.124898e-008	2.126025e-008	3.369688e-013
8.028031679614403e-009	-2.695552e-011	9.987467e-011	2.125380e-008	2.126507e-008	3.370767e-013
8.028066978664045e-009	-2.696474e-011	9.990792e-011	2.125862e-008	2.126989e-008	3.371846e-013
8.028102277713687e-009	-2.697397e-011	9.994118e-011	2.126344e-008	2.127471e-008	3.372926e-013
8.028137576763329e-009	-2.698320e-011	9.997445e-011	2.126825e-008	2.127953e-008	3.374008e-013
8.028172875812971e-009	-2.699243e-011	1.000077e-010	2.127307e-008	2.128435e-008	3.375089e-013
8.028208174862613e-009	-2.700166e-011	1.000410e-010	2.127789e-008	2.128917e-008	3.376172e-013
8.028214996189910e-009	-2.700344e-011	1.000474e-010	2.127882e-008	2.129010e-008	3.376372e-013
8.030978011399209e-009	-2.773066e-011	1.026735e-010	2.165564e-008	2.166711e-008	3.461682e-013
8.033741026608509e-009	-2.846479e-011	1.053348e-010	2.203189e-008	2.204356e-008	3.548317e-013
8.036504041817808e-009	-2.920583e-011	1.080316e-010	2.240759e-008	2.241945e-008	3.636277e-013
8.039267057027106e-009	-2.995378e-011	1.107637e-010	2.278272e-008	2.279478e-008	3.725562e-013
8.042030072236406e-009	-3.070864e-011	1.135311e-010	2.315730e-008	2.316954e-008	3.816171e-013
8.044793087445705e-009	-3.147042e-011	1.163339e-010	2.353131e-008	2.354375e-008	3.908105e-013
8.047556102655004e-009	-3.223911e-011	1.191721e-010	2.390476e-008	2.391739e-008	4.001364e-013
8.052698959797859e-009	-3.368845e-011	1.245502e-010	2.459834e-008	2.461132e-008	4.178519e-013
8.057841816940713e-009	-3.515468e-011	1.300352e-010	2.528927e-008	2.530260e-008	4.359950e-013
8.062984674083567e-009	-3.663780e-011	1.356272e-010	2.597755e-008	2.599123e-008	4.545654e-013
8.068127531226423e-009	-3.813781e-011	1.413261e-010	2.666320e-008	2.667722e-008	4.735632e-013
8.073270388369277e-009	-3.965471e-011	1.471320e-010	2.734620e-008	2.736056e-008	4.929885e-013
8.078413245512131e-009	-4.118851e-011	1.530449e-010	2.802655e-008	2.804126e-008	5.128412e-013
8.083556102654986e-009	-4.273919e-011	1.590647e-010	2.870426e-008	2.871931e-008	5.331213e-013
8.089556102654983e-009	-4.456480e-011	1.662123e-010	2.949109e-008	2.950653e-008	5.573000e-013
8.095556102654979e-009	-4.640139e-011	1.734764e-010	3.027337e-008	3.028919e-008	5.819949e-013
8.101556102654976e-009	-4.824896e-011	1.808570e-010	3.105109e-008	3.106730e-008	6.072061e-013
8.107556102654973e-009	-5.010750e-011	1.883541e-010	3.182427e-008	3.184086e-008	6.329334e-013
8.113556102654970e-009	-5.197701e-011	1.959676e-010	3.259290e-008	3.260986e-008	6.591769e-013
8.119556102654967e-009	-5.385751e-011	2.036975e-010	3.335698e-008	3.337431e-008	6.859366e-013
8.125556102654964e-009	-5.574898e-011	2.115440e-010	3.411650e-008	3.413421e-008	7.132125e-013
8.130698959797818e-009	-5.737313e-011	2.183476e-010	3.476350e-008	3.478152e-008	7.369691e-013
8.135841816940672e-009	-5.899798e-011	2.252171e-010	3.540671e-008	3.542504e-008	7.610569e-013
8.140984674083527e-009	-6.062352e-011	2.321525e-010	3.604615e-008	3.606478e-008	7.854761e-013
8.146127531226382e-009	-6.224975e-011	2.391538e-010	3.668180e-008	3.670074e-008	8.102266e-013
8.151270388369237e-009	-6.387667e-011	2.462211e-010	3.731368e-008	3.733292e-008	8.353085e-013
8.156413245512091e-009	-6.550429e-011	2.533542e-010	3.794178e-008	3.796131e-008	8.607216e-013
8.161556102654945e-009	-6.713259e-011	2.605532e-010	3.856610e-008	3.858593e-008	8.864661e-013
8.162556102654945e-009	-6.744855e-011	2.619586e-010	3.868702e-008	3.870690e-008	8.915061e-013
8.163556102654944e-009	-6.776441e-011	2.633662e-010	3.880778e-008	3.882773e-008	8.965560e-013
8.164556102654944e-009	-6.808018e-011	2.647758e-010	3.892840e-008	3.894840e-008	9.016175e-013
8.166698959797799e-009	-6.875663e-011	2.678041e-010	3.918643e-008	3.920656e-008	9.125057e-013
8.168841816940655e-009	-6.943239e-011	2.708415e-010	3.944359e-008	3.946384e-008	9.234453e-013
8.170984674083511e-009	-7.010746e-011	2.738880e-010	3.969988e-008	3.972025e-008	9.344363e-013
8.173127531226368e-009	-7.078184e-011	2.769435e-010	3.995530e-008	3.997578e-008	9.454786e-013
8.175270388369224e-009	-7.145553e-011	2.800082e-010	4.020984e-008	4.023045e-008	9.565724e-013
8.177413245512080e-009	-7.212854e-011	2.830819e-010	4.046352e-008	4.048424e-008	9.677175e-013
8.179556102654936e-009	-7.280086e-011	2.861648e-010	4.071632e-008	4.073716e-008	9.789140e-013
8.182556102654934e-009	-7.374032e-011	2.904942e-010	4.106838e-008	4.108937e-008	9.946713e-013
8.183556102654934e-009	-7.405304e-011	2.919409e-010	4.118526e-008	4.120631e-008	9.999441e-013
8.184556102654933e-009	-7.436559e-011	2.933890e-010	4.130196e-008	4.132307e-008	1.005225e-012
8.184754844671778e-009	-7.442767e-011	2.936770e-010	4.132513e-008	4.134624e-008	1.006275e-012
8.184948597725714e-009	-7.448819e-011	2.939579e-010	4.134769e-008	4.136882e-008	1.007300e-012
8.184982810259948e-009	-7.449887e-011	2.940075e-010	4.135168e-008	4.137281e-008	1.007482e-012
8.184985546397928e-009	-7.449973e-011	2.940115e-010	4.135200e-008	4.137312e-008	1.007497e-012
8.184990169710671e-009	-7.450117e-011	2.940182e-010	4.135253e-008	4.137366e-008	1.007521e-012
8.184995968410071e-009	-7.450298e-011	2.940266e-010	4.135321e-008	4.137434e-008	1.007552e-012
8.185002963912966e-009	-7.450517e-011	2.940367e-010	4.135402e-008	4.137516e-008	1.007588e-012
8.185010610797844e-009	-7.450755e-011	2.940478e-010	4.135491e-008	4.137604e-008	1.007628e-012
8.185018551867979e-009	-7.451004e-011	2.940593e-010	4.135584e-008	4.137697e-008	1.007671e-012
8.185027925534378e-009	-7.451296e-011	2.940729e-010	4.135693e-008	4.137806e-008	1.007721e-012
8.185038553264760e-009	-7.451628e-011	2.940883e-010	4.135817e-008	4.137930e-008	1.007777e-012
8.185066874810714e-009	-7.452512e-011	2.941294e-010	4.136146e-008	4.138260e-008	1.007926e-012
8.185321741339761e-009	-7.460470e-011	2.944991e-010	4.139112e-008	4.141227e-008	1.009277e-012
8.185576607868807e-009	-7.468426e-011	2.948689e-010	4.142076e-008	4.144192e-008	1.010628e-012
8.185831474397854e-009	-7.476380e-011	2.952388e-010	4.145038e-008	4.147156e-008	1.011980e-012
8.186086340926899e-009	-7.484333e-011	2.956089e-010	4.147999e-008	4.150118e-008	1.013333e-012
8.186341207455946e-009	-7.492283e-011	2.959791e-010	4.150958e-008	4.153078e-008	1.014686e-012
8.186596073984992e-009	-7.500232e-011	2.963493e-010	4.153915e-008	4.156037e-008	1.016040e-012
8.186850940514039e-009	-7.508179e-011	2.967197e-010	4.156870e-008	4.158994e-008	1.017394e-012
8.201993797656888e-009	-7.980959e-011	3.190477e-010	4.329317e-008	4.331519e-008	1.099437e-012
8.217136654799737e-009	-8.441833e-011	3.415448e-010	4.496895e-008	4.499172e-008	1.183228e-012
8.232279511942586e-009	-8.890800e-011	3.642109e-010	4.659604e-008	4.661953e-008	1.268769e-012
8.247422369085437e-009	-9.327860e-011	3.870461e-010	4.817443e-008	4.819860e-008	1.356058e-012
8.262565226228286e-009	-9.753014e-011	4.100504e-010	4.970412e-008	4.972895e-008	1.445097e-012
8.277708083371135e-009	-1.016626e-010	4.332237e-010	5.118512e-008	5.121058e-008	1.535885e-012
8.292850940513984e-009	-1.056760e-010	4.565662e-010	5.261743e-008	5.264348e-008	1.628421e-012
8.293850940513983e-009	-1.059334e-010	4.580995e-010	5.271079e-008	5.273686e-008	1.634551e-012
8.321993797656825e-009	-1.128974e-010	5.015742e-010	5.524293e-008	5.527001e-008	1.810576e-012
8.350136654799668e-009	-1.192532e-010	5.444218e-010	5.765795e-008	5.768595e-008	1.988347e-012
8.378279511942510e-009	-1.250009e-010	5.866420e-010	5.995582e-008	5.998468e-008	2.167866e-012
8.406422369085354e-009	-1.301404e-010	6.282350e-010	6.213657e-008	6.216619e-008	2.349130e-012
8.434565226228196e-009	-1.346719e-010	6.692008e-010	6.420018e-008	6.423048e-008	2.532142e-012
8.462708083371038e-009	-1.385951e-010	7.095393e-010	6.614665e-008	6.617757e-008	2.716900e-012
8.490850940513881e-009	-1.419103e-010	7.492506e-010	6.797599e-008	6.800744e-008	2.903405e-012
8.505422369085302e-009	-1.433959e-010	7.692859e-010	6.889447e-008	6.892617e-008	2.999391e-012
8.519993797656722e-009	-1.447414e-010	7.890386e-010	6.979096e-008	6.982291e-008	3.095220e-012
8.534565226228144e-009	-1.459466e-010	8.085087e-010	7.066547e-008	7.069764e-008	3.190893e-012
8.549136654799564e-009	-1.470116e-010	8.276962e-010	7.151800e-008	7.155038e-008	3.286409e-012
8.563708083370986e-009	-1.479363e-010	8.466010e-010	7.234854e-008	7.238112e-008	3.381769e-012
8.578279511942406e-009	-1.487208e-010	8.652233e-010	7.315710e-008	7.318986e-008	3.476972e-012
8.592850940513827e-009	-1.493651e-010	8.835629e-010	7.394368e-008	7.397661e-008	3.572019e-012
8.593850940513827e-009	-1.494054e-010	8.848100e-010	7.399706e-008	7.403000e-008	3.578525e-012
8.625993797656667e-009	-1.502777e-010	9.241202e-010	7.565158e-008	7.568483e-008	3.787371e-012
8.658136654799507e-009	-1.506999e-010	9.620101e-010	7.723213e-008	7.726564e-008	3.993936e-012
8.690279511942348e-009	-1.506721e-010	9.984796e-010	7.873869e-008	7.877242e-008	4.198219e-012
8.722422369085189e-009	-1.501943e-010	1.033529e-009	8.017128e-008	8.020518e-008	4.400220e-012
8.754565226228030e-009	-1.492665e-010	1.067158e-009	8.152990e-008	8.156392e-008	4.599941e-012
8.786708083370870e-009	-1.478886e-010	1.099366e-009	8.281454e-008	8.284863e-008	4.797380e-012
8.818850940513710e-009	-1.460606e-010	1.130155e-009	8.402520e-008	8.405932e-008	4.992538e-012
8.819850940513709e-009	-1.460023e-010	1.131093e-009	8.406278e-008	8.409689e-008	4.998552e-012
8.820131614842761e-009	-1.459858e-010	1.131356e-009	8.407353e-008	8.410765e-008	5.000240e-012
8.820363814574612e-009	-1.459722e-010	1.131573e-009	8.408139e-008	8.411550e-008	5.001636e-012
8.820686403612408e-009	-1.459529e-010	1.131875e-009	8.408718e-008	8.412128e-008	5.003574e-012
8.821020647937429e-009	-1.459330e-010	1.132187e-009	8.409359e-008	8.412769e-008	5.005582e-012
8.821689136587472e-009	-1.458936e-010	1.132812e-009	8.412355e-008	8.415767e-008	5.009597e-012
8.822689136587472e-009	-1.458367e-010	1.133750e-009	8.421775e-008	8.425194e-008	5.015609e-012
8.823689136587471e-009	-1.457837e-010	1.134696e-009	8.438395e-008	8.441826e-008	5.021637e-012
8.824689136587471e-009	-1.457366e-010	1.135654e-009	8.463876e-008	8.467324e-008	5.027695e-012
8.825689136587470e-009	-1.456978e-010	1.136632e-009	8.499273e-008	8.502744e-008	5.033800e-012
8.826689136587469e-009	-1.456698e-010	1.137636e-009	8.545750e-008	8.549252e-008	5.039969e-012
8.827689136587469e-009	-1.456555e-010	1.138673e-009	8.604601e-008	8.608140e-008	5.046224e-012
8.828689136587468e-009	-1.456581e-010	1.139753e-009	8.677228e-008	8.680814e-008	5.052586e-012
8.829689136587468e-009	-1.456809e-010	1.140885e-009	8.765122e-008	8.768764e-008	5.059081e-012
8.830689136587467e-009	-1.457279e-010	1.142078e-009	8.869835e-008	8.873543e-008	5.065737e-012
8.832689136587466e-009	-1.459109e-010	1.144697e-009	9.136061e-008	9.139936e-008	5.079655e-012
8.834689136587465e-009	-1.462441e-010	1.147712e-009	9.488477e-008	9.492570e-008	5.094617e-012
8.836689136587464e-009	-1.467688e-010	1.151238e-009	9.938893e-008	9.943261e-008	5.110939e-012
8.838689136587463e-009	-1.475303e-010	1.155404e-009	1.049770e-007	1.050241e-007	5.128975e-012
8.840689136587462e-009	-1.485770e-010	1.160347e-009	1.117346e-007	1.117858e-007	5.149110e-012
8.842689136587461e-009	-1.499595e-010	1.166213e-009	1.197268e-007	1.197828e-007	5.171751e-012
8.844689136587460e-009	-1.517293e-010	1.173153e-009	1.289985e-007	1.290599e-007	5.197325e-012
8.846689136587459e-009	-1.539385e-010	1.181320e-009	1.395753e-007	1.396429e-007	5.226268e-012
8.848689136587458e-009	-1.566388e-010	1.190867e-009	1.514663e-007	1.515409e-007	5.259020e-012
8.850689136587457e-009	-1.598809e-010	1.201945e-009	1.646664e-007	1.647487e-007	5.296021e-012
8.851689136587456e-009	-1.617072e-010	1.208068e-009	1.717251e-007	1.718115e-007	5.316142e-012
8.852345635022605e-009	-1.629842e-010	1.212310e-009	1.765247e-007	1.766139e-007	5.329973e-012
8.852818116021248e-009	-1.639534e-010	1.215505e-009	1.800840e-007	1.801753e-007	5.340325e-012
8.853394923103811e-009	-1.651844e-010	1.219543e-009	1.845311e-007	1.846250e-007	5.353343e-012
8.853747597544402e-009	-1.659641e-010	1.222089e-009	1.873048e-007	1.874003e-007	5.361520e-012
8.854214903914765e-009	-1.670270e-010	1.225549e-009	1.910343e-007	1.911318e-007	5.372594e-012
8.854358384987841e-009	-1.673593e-010	1.226628e-009	1.921887e-007	1.922869e-007	5.376043e-012
8.854406596071365e-009	-1.674724e-010	1.226995e-009	1.925785e-007	1.926770e-007	5.377213e-012
8.854444609772382e-009	-1.675619e-010	1.227285e-009	1.928864e-007	1.929851e-007	5.378140e-012
8.854460056952344e-009	-1.675984e-010	1.227403e-009	1.930116e-007	1.931104e-007	5.378516e-012
8.854464837957600e-009	-1.676097e-010	1.227440e-009	1.930504e-007	1.931491e-007	5.378632e-012
8.854465784972149e-009	-1.676119e-010	1.227447e-009	1.930581e-007	1.931568e-007	5.378655e-012
8.854466118845653e-009	-1.676127e-010	1.227450e-009	1.930608e-007	1.931595e-007	5.378664e-012
8.854466620375754e-009	-1.676139e-010	1.227454e-009	1.930649e-007	1.931636e-007	5.378676e-012
8.854467115368673e-009	-1.676150e-010	1.227457e-009	1.930689e-007	1.931676e-007	5.378688e-012
8.854467637233090e-009	-1.676163e-010	1.227461e-009	1.930731e-007	1.931719e-007	5.378701e-012
8.854468211005264e-009	-1.676176e-010	1.227466e-009	1.930778e-007	1.931765e-007	5.378715e-012
8.854468760857630e-009	-1.676189e-010	1.227470e-009	1.930822e-007	1.931810e-007	5.378728e-012
8.854469319912340e-009	-1.676203e-010	1.227474e-009	1.930867e-007	1.931855e-007	5.378742e-012
8.854469862726130e-009	-1.676215e-010	1.227478e-009	1.930912e-007	1.931899e-007	5.378756e-012
8.854470518032693e-009	-1.676231e-010	1.227483e-009	1.930965e-007	1.931952e-007	5.378772e-012
8.854471236779311e-009	-1.676248e-010	1.227489e-009	1.931023e-007	1.932011e-007	5.378789e-012
8.854472112486562e-009	-1.676269e-010	1.227496e-009	1.931094e-007	1.932082e-007	5.378809e-012
8.854473101495570e-009	-1.676292e-010	1.227503e-009	1.931174e-007	1.932162e-007	5.378833e-012
8.854474346728358e-009	-1.676321e-010	1.227513e-009	1.931275e-007	1.932263e-007	5.378864e-012
8.854475856172127e-009	-1.676357e-010	1.227524e-009	1.931398e-007	1.932385e-007	5.378902e-012
8.854477907119943e-009	-1.676406e-010	1.227540e-009	1.931564e-007	1.932552e-007	5.378951e-012
8.854485206567177e-009	-1.676578e-010	1.227596e-009	1.932156e-007	1.933144e-007	5.379130e-012
8.854917912607699e-009	-1.687071e-010	1.230988e-009	1.967530e-007	1.968538e-007	5.389917e-012
8.855350618648221e-009	-1.697871e-010	1.234470e-009	2.003286e-007	2.004315e-007	5.400958e-012
8.855783324688743e-009	-1.708981e-010	1.238041e-009	2.039426e-007	2.040475e-007	5.412251e-012
8.856216030729266e-009	-1.720399e-010	1.241702e-009	2.075949e-007	2.077019e-007	5.423799e-012
8.856648736769788e-009	-1.732125e-010	1.245452e-009	2.112854e-007	2.113946e-007	5.435599e-012
8.857081442810310e-009	-1.744160e-010	1.249293e-009	2.150143e-007	2.151255e-007	5.447653e-012
8.857514148850832e-009	-1.756503e-010	1.253223e-009	2.187815e-007	2.188949e-007	5.459961e-012
8.858514148850831e-009	-1.786283e-010	1.262670e-009	2.276403e-007	2.277587e-007	5.489442e-012
8.860514148850830e-009	-1.851312e-010	1.283165e-009	2.460017e-007	2.461306e-007	5.552948e-012
8.863514148850828e-009	-1.963039e-010	1.318071e-009	2.751246e-007	2.752701e-007	5.660071e-012
8.865799863136541e-009	-2.059258e-010	1.347896e-009	2.986232e-007	2.987820e-007	5.750844e-012
8.868085577422255e-009	-2.167006e-010	1.381183e-009	3.231109e-007	3.232835e-007	5.851629e-012
8.870371291707968e-009	-2.286283e-010	1.417930e-009	3.485877e-007	3.487747e-007	5.962426e-012
8.872657005993681e-009	-2.417089e-010	1.458138e-009	3.750536e-007	3.752555e-007	6.083236e-012
8.874942720279393e-009	-2.559425e-010	1.501806e-009	4.025085e-007	4.027260e-007	6.214059e-012
8.877228434565107e-009	-2.713289e-010	1.548936e-009	4.309526e-007	4.311861e-007	6.354894e-012
8.879514148850820e-009	-2.878682e-010	1.599526e-009	4.603858e-007	4.606358e-007	6.505742e-012
8.881514148850819e-009	-3.034354e-010	1.647165e-009	4.868214e-007	4.870863e-007	6.647653e-012
8.882514148850819e-009	-3.115401e-010	1.671966e-009	5.002617e-007	5.005342e-007	6.721484e-012
8.882794823141307e-009	-3.138581e-010	1.679060e-009	5.040638e-007	5.043385e-007	6.742595e-012
8.883025407467114e-009	-3.157862e-010	1.684960e-009	5.072077e-007	5.074842e-007	6.760151e-012
8.883349302452509e-009	-3.185214e-010	1.693329e-009	5.116644e-007	5.119434e-007	6.785047e-012
8.883684336837465e-009	-3.213889e-010	1.702101e-009	5.163306e-007	5.166122e-007	6.811135e-012
8.884354405607376e-009	-3.272186e-010	1.719934e-009	5.257914e-007	5.260785e-007	6.864153e-012
8.885354405607375e-009	-3.361172e-010	1.747150e-009	5.401721e-007	5.404673e-007	6.945039e-012
8.886354405607374e-009	-3.452623e-010	1.775117e-009	5.548736e-007	5.551772e-007	7.028116e-012
8.887354405607374e-009	-3.546813e-010	1.803918e-009	5.699301e-007	5.702422e-007	7.113629e-012
8.888354405607373e-009	-3.643804e-010	1.833574e-009	5.853468e-007	5.856677e-007	7.201637e-012
8.889354405607373e-009	-3.743659e-010	1.864102e-009	6.011269e-007	6.014567e-007	7.292198e-012
8.890354405607372e-009	-3.846438e-010	1.895524e-009	6.172712e-007	6.176102e-007	7.385370e-012
8.891354405607372e-009	-3.952200e-010	1.927857e-009	6.337785e-007	6.341270e-007	7.481213e-012
8.892354405607371e-009	-4.061006e-010	1.961122e-009	6.506460e-007	6.510040e-007	7.579782e-012
8.893354405607371e-009	-4.172911e-010	1.995338e-009	6.678686e-007	6.682364e-007	7.681139e-012
8.894354405607370e-009	-4.287972e-010	2.030521e-009	6.854398e-007	6.858175e-007	7.785335e-012
8.895354405607370e-009	-4.406240e-010	2.066691e-009	7.033510e-007	7.037389e-007	7.892428e-012
8.896354405607369e-009	-4.527765e-010	2.103863e-009	7.215922e-007	7.219905e-007	8.002469e-012
8.897354405607369e-009	-4.652594e-010	2.142055e-009	7.401516e-007	7.405604e-007	8.115512e-012
8.898354405607368e-009	-4.780769e-010	2.181281e-009	7.590157e-007	7.594351e-007	8.231603e-012
8.899354405607368e-009	-4.912329e-010	2.221556e-009	7.781697e-007	7.785999e-007	8.350790e-012
8.900354405607367e-009	-5.047311e-010	2.262893e-009	7.975975e-007	7.980387e-007	8.473115e-012
8.901354405607367e-009	-5.185745e-010	2.305303e-009	8.172821e-007	8.177344e-007	8.598618e-012
8.902354405607366e-009	-5.327657e-010	2.348799e-009	8.372058e-007	8.376694e-007	8.727339e-012
8.903354405607366e-009	-5.473071e-010	2.393389e-009	8.573510e-007	8.578259e-007	8.859311e-012
8.904354405607365e-009	-5.622005e-010	2.439083e-009	8.776995e-007	8.781859e-007	8.994565e-012
8.907354405607364e-009	-6.090058e-010	2.582855e-009	9.397930e-007	9.403142e-007	9.420283e-012
8.910354405607362e-009	-6.590112e-010	2.736769e-009	1.003128e-006	1.003684e-006	9.876377e-012
8.913354405607360e-009	-7.122131e-010	2.900900e-009	1.067347e-006	1.067940e-006	1.036324e-011
8.916354405607359e-009	-7.685892e-010	3.075268e-009	1.132181e-006	1.132810e-006	1.088111e-011
8.919354405607357e-009	-8.281048e-010	3.259856e-009	1.197440e-006	1.198105e-006	1.143009e-011
8.922354405607356e-009	-8.907164e-010	3.454615e-009	1.262989e-006	1.263691e-006	1.201022e-011
8.925354405607354e-009	-9.563746e-010	3.659480e-009	1.328736e-006	1.329474e-006	1.262147e-011
8.927640119893067e-009	-1.008481e-009	3.822422e-009	1.378982e-006	1.379748e-006	1.310820e-011
8.929925834178781e-009	-1.062232e-009	3.991028e-009	1.429210e-006	1.430005e-006	1.361274e-011
8.932211548464494e-009	-1.117629e-009	4.165300e-009	1.479422e-006	1.480244e-006	1.413510e-011
8.934497262750206e-009	-1.174671e-009	4.345237e-009	1.529616e-006	1.530467e-006	1.467528e-011
8.936782977035919e-009	-1.233358e-009	4.530838e-009	1.579794e-006	1.580672e-006	1.523327e-011
8.939068691321633e-009	-1.293691e-009	4.722105e-009	1.629954e-006	1.630860e-006	1.580908e-011
8.941354405607346e-009	-1.355670e-009	4.919037e-009	1.680096e-006	1.681030e-006	1.640271e-011
8.945068691321630e-009	-1.459944e-009	5.251357e-009	1.761534e-006	1.762513e-006	1.740612e-011
8.948782977035913e-009	-1.567760e-009	5.597019e-009	1.842219e-006	1.843243e-006	1.845350e-011
8.952497262750197e-009	-1.679118e-009	5.956021e-009	1.922152e-006	1.923220e-006	1.954483e-011
8.956211548464481e-009	-1.794018e-009	6.328365e-009	2.001333e-006	2.002445e-006	2.068013e-011
8.959925834178765e-009	-1.912459e-009	6.714050e-009	2.079762e-006	2.080917e-006	2.185938e-011
8.963640119893048e-009	-2.034442e-009	7.113076e-009	2.157439e-006	2.158636e-006	2.308260e-011
8.967354405607332e-009	-2.159967e-009	7.525443e-009	2.234364e-006	2.235603e-006	2.434978e-011
8.976925834178757e-009	-2.503390e-009	8.660517e-009	2.427342e-006	2.428687e-006	2.784898e-011
8.986497262750179e-009	-2.855120e-009	9.846692e-009	2.609746e-006	2.611190e-006	3.154906e-011
8.996068691321604e-009	-3.215159e-009	1.108397e-008	2.781573e-006	2.783110e-006	3.545001e-011
9.005640119893026e-009	-3.583505e-009	1.237235e-008	2.942825e-006	2.944448e-006	3.955184e-011
9.015211548464451e-009	-3.960158e-009	1.371183e-008	3.093502e-006	3.095203e-006	4.385455e-011
9.024782977035873e-009	-4.345119e-009	1.510241e-008	3.233602e-006	3.235377e-006	4.835814e-011
9.034354405607297e-009	-4.738388e-009	1.654410e-008	3.363127e-006	3.364969e-006	5.306260e-011
9.042782977035864e-009	-5.079558e-009	1.782474e-008	3.467223e-006	3.469116e-006	5.729207e-011
9.051211548464432e-009	-5.414730e-009	1.910946e-008	3.564876e-006	3.566818e-006	6.158021e-011
9.059640119892998e-009	-5.743905e-009	2.039825e-008	3.656089e-006	3.658075e-006	6.592704e-011
9.068068691321566e-009	-6.067083e-009	2.169112e-008	3.740859e-006	3.742887e-006	7.033254e-011
9.076497262750132e-009	-6.384264e-009	2.298807e-008	3.819189e-006	3.821253e-006	7.479672e-011
9.084925834178700e-009	-6.695447e-009	2.428910e-008	3.891077e-006	3.893174e-006	7.931958e-011
9.093354405607267e-009	-7.000633e-009	2.559420e-008	3.956524e-006	3.958649e-006	8.390112e-011
9.095550834178694e-009	-7.078029e-009	2.593120e-008	3.973046e-006	3.975178e-006	8.509351e-011
9.097747262750122e-009	-7.154771e-009	2.626761e-008	3.989263e-006	3.991403e-006	8.628724e-011
9.099943691321549e-009	-7.230860e-009	2.660344e-008	4.005177e-006	4.007322e-006	8.748233e-011
9.102140119892977e-009	-7.306296e-009	2.693869e-008	4.020785e-006	4.022938e-006	8.867877e-011
9.104336548464404e-009	-7.381079e-009	2.727335e-008	4.036089e-006	4.038248e-006	8.987657e-011
9.106532977035832e-009	-7.455209e-009	2.760743e-008	4.051089e-006	4.053254e-006	9.107571e-011
9.108729405607259e-009	-7.528686e-009	2.794092e-008	4.065784e-006	4.067955e-006	9.227621e-011
9.109229405607260e-009	-7.545296e-009	2.801670e-008	4.069082e-006	4.071255e-006	9.254959e-011
9.110354405607260e-009	-7.582581e-009	2.818712e-008	4.076456e-006	4.078632e-006	9.316479e-011
9.110604405607260e-009	-7.590835e-009	2.822496e-008	4.078073e-006	4.080250e-006	9.330154e-011
9.111104405607260e-009	-7.607314e-009	2.830060e-008	4.081294e-006	4.083472e-006	9.357507e-011
9.111775394733509e-009	-7.629371e-009	2.840205e-008	4.085598e-006	4.087776e-006	9.394222e-011
9.115684681045744e-009	-7.756629e-009	2.899169e-008	4.110255e-006	4.112443e-006	9.608246e-011
9.116684681045744e-009	-7.788825e-009	2.914212e-008	4.116431e-006	4.118622e-006	9.663025e-011
9.118684681045743e-009	-7.852771e-009	2.944245e-008	4.128605e-006	4.130800e-006	9.772616e-011
9.121684681045741e-009	-7.947568e-009	2.989158e-008	4.146465e-006	4.148667e-006	9.937066e-011
9.124559681045741e-009	-8.037178e-009	3.032048e-008	4.163137e-006	4.165346e-006	1.009472e-010
9.124684681045741e-009	-8.041042e-009	3.033909e-008	4.163850e-006	4.166060e-006	1.010157e-010
9.124934681045742e-009	-8.048764e-009	3.037629e-008	4.165271e-006	4.167481e-006	1.011528e-010
9.125983420326620e-009	-8.081050e-009	3.053223e-008	4.171120e-006	4.173332e-006	1.017280e-010
9.126932236307137e-009	-8.110114e-009	3.067312e-008	4.176251e-006	4.178465e-006	1.022484e-010
9.127881052287654e-009	-8.139028e-009	3.081380e-008	4.181243e-006	4.183458e-006	1.027687e-010
9.128829868268171e-009	-8.167791e-009	3.095427e-008	4.186095e-006	4.188312e-006	1.032889e-010
9.129778684248690e-009	-8.196406e-009	3.109451e-008	4.190807e-006	4.193025e-006	1.038091e-010
9.130727500229207e-009	-8.224870e-009	3.123454e-008	4.195379e-006	4.197599e-006	1.043291e-010
9.131676316209724e-009	-8.253184e-009	3.137436e-008	4.199812e-006	4.202033e-006	1.048491e-010
9.132625132190241e-009	-8.281349e-009	3.151396e-008	4.204105e-006	4.206328e-006	1.053689e-010
9.133625132190240e-009	-8.310876e-009	3.166083e-008	4.208481e-006	4.210704e-006	1.059166e-010
9.134016666661031e-009	-8.322392e-009	3.171827e-008	4.210143e-006	4.212367e-006	1.061310e-010
9.134123905166860e-009	-8.325538e-009	3.173399e-008	4.210587e-006	4.212810e-006	1.061897e-010
9.134196598587406e-009	-8.327669e-009	3.174465e-008	4.210884e-006	4.213108e-006	1.062295e-010
9.134274940379031e-009	-8.329964e-009	3.175612e-008	4.211204e-006	4.213427e-006	1.062724e-010
9.134288252232456e-009	-8.330354e-009	3.175807e-008	4.211258e-006	4.213482e-006	1.062797e-010
9.134288525058701e-009	-8.330362e-009	3.175812e-008	4.211259e-006	4.213483e-006	1.062798e-010
9.135030586165944e-009	-8.352022e-009	3.186672e-008	4.214212e-006	4.216437e-006	1.066859e-010
9.135772647273189e-009	-8.373583e-009	3.197515e-008	4.217058e-006	4.219284e-006	1.070919e-010
9.136514708380432e-009	-8.395042e-009	3.208342e-008	4.219797e-006	4.222024e-006	1.074976e-010
9.137256769487675e-009	-8.416402e-009	3.219151e-008	4.222429e-006	4.224656e-006	1.079032e-010
9.137998830594918e-009	-8.437662e-009	3.229944e-008	4.224954e-006	4.227181e-006	1.083086e-010
9.138740891702163e-009	-8.458821e-009	3.240720e-008	4.227372e-006	4.229599e-006	1.087138e-010
9.139482952809406e-009	-8.479880e-009	3.251479e-008	4.229682e-006	4.231910e-006	1.091189e-010
9.139610752300545e-009	-8.483492e-009	3.253330e-008	4.230066e-006	4.232294e-006	1.091886e-010
9.140925382269529e-009	-8.520428e-009	3.272327e-008	4.233806e-006	4.236034e-006	1.099054e-010
9.142240012238513e-009	-8.556999e-009	3.291256e-008	4.237326e-006	4.239554e-006	1.106212e-010
9.143554642207497e-009	-8.593205e-009	3.310118e-008	4.240625e-006	4.242854e-006	1.113361e-010
9.144869272176483e-009	-8.629046e-009	3.328913e-008	4.243704e-006	4.245933e-006	1.120500e-010
9.146183902145467e-009	-8.664523e-009	3.347641e-008	4.246562e-006	4.248791e-006	1.127630e-010
9.147498532114451e-009	-8.699634e-009	3.366301e-008	4.249200e-006	4.251428e-006	1.134750e-010
9.148813162083435e-009	-8.734380e-009	3.384895e-008	4.251618e-006	4.253845e-006	1.141861e-010
9.149813162083435e-009	-8.760575e-009	3.398992e-008	4.253330e-006	4.255558e-006	1.147262e-010
9.150211564396006e-009	-8.770956e-009	3.404597e-008	4.253979e-006	4.256206e-006	1.149412e-010
9.150332908803679e-009	-8.774106e-009	3.406302e-008	4.254169e-006	4.256396e-006	1.150067e-010
9.150453397552801e-009	-8.777230e-009	3.407995e-008	4.254354e-006	4.256581e-006	1.150716e-010
9.150469543170392e-009	-8.777648e-009	3.408221e-008	4.254378e-006	4.256606e-006	1.150804e-010
9.150475566186017e-009	-8.777804e-009	3.408306e-008	4.254388e-006	4.256615e-006	1.150836e-010
9.150480294094149e-009	-8.777927e-009	3.408372e-008	4.254395e-006	4.256622e-006	1.150861e-010
9.150486590380077e-009	-8.778090e-009	3.408461e-008	4.254405e-006	4.256632e-006	1.150895e-010
9.150493821589678e-009	-8.778277e-009	3.408562e-008	4.254416e-006	4.256643e-006	1.150934e-010
9.150500953718424e-009	-8.778462e-009	3.408663e-008	4.254427e-006	4.256654e-006	1.150973e-010
9.150507860925671e-009	-8.778641e-009	3.408759e-008	4.254437e-006	4.256665e-006	1.151010e-010
9.150514685378681e-009	-8.778818e-009	3.408855e-008	4.254448e-006	4.256675e-006	1.151047e-010
9.150521561062827e-009	-8.778995e-009	3.408952e-008	4.254458e-006	4.256686e-006	1.151084e-010
9.150528452143342e-009	-8.779174e-009	3.409048e-008	4.254469e-006	4.256697e-006	1.151121e-010
9.150535354677214e-009	-8.779352e-009	3.409145e-008	4.254480e-006	4.256707e-006	1.151158e-010
9.150542241852709e-009	-8.779531e-009	3.409242e-008	4.254491e-006	4.256718e-006	1.151196e-010
9.150549749103139e-009	-8.779725e-009	3.409347e-008	4.254502e-006	4.256729e-006	1.151236e-010
9.150558472182590e-009	-8.779951e-009	3.409470e-008	4.254516e-006	4.256743e-006	1.151283e-010
9.150568514785700e-009	-8.780211e-009	3.409611e-008	4.254531e-006	4.256758e-006	1.151337e-010
9.150580349151226e-009	-8.780518e-009	3.409777e-008	4.254549e-006	4.256776e-006	1.151401e-010
9.150611940186480e-009	-8.781335e-009	3.410220e-008	4.254598e-006	4.256825e-006	1.151571e-010
9.153651680871081e-009	-8.858864e-009	3.452669e-008	4.259292e-006	4.261518e-006	1.167926e-010
9.156691421555681e-009	-8.934469e-009	3.494736e-008	4.263978e-006	4.266203e-006	1.184219e-010
9.159731162240283e-009	-9.008149e-009	3.536423e-008	4.268655e-006	4.270879e-006	1.200449e-010
9.162770902924883e-009	-9.079905e-009	3.577729e-008	4.273323e-006	4.275546e-006	1.216617e-010
9.165810643609485e-009	-9.149736e-009	3.618654e-008	4.277983e-006	4.280205e-006	1.232723e-010
9.168850384294085e-009	-9.217643e-009	3.659198e-008	4.282634e-006	4.284855e-006	1.248767e-010
9.171890124978686e-009	-9.283625e-009	3.699362e-008	4.287277e-006	4.289497e-006	1.264748e-010
9.189461553550107e-009	-9.619397e-009	3.922873e-008	4.313988e-006	4.316202e-006	1.355775e-010
9.207032982121525e-009	-9.911387e-009	4.136617e-008	4.340499e-006	4.342707e-006	1.445028e-010
9.224604410692945e-009	-1.015960e-008	4.340596e-008	4.366810e-006	4.369013e-006	1.532506e-010
9.242175839264364e-009	-1.036402e-008	4.534809e-008	4.392922e-006	4.395118e-006	1.618210e-010
9.259747267835784e-009	-1.052467e-008	4.719255e-008	4.418833e-006	4.421023e-006	1.702141e-010
9.277318696407202e-009	-1.064153e-008	4.893936e-008	4.444544e-006	4.446728e-006	1.784297e-010
9.294890124978622e-009	-1.071461e-008	5.058850e-008	4.470056e-006	4.472233e-006	1.864679e-010
9.305032982121474e-009	-1.074747e-008	5.151174e-008	4.484704e-006	4.486878e-006	1.910443e-010
9.315175839264326e-009	-1.077216e-008	5.241229e-008	4.499296e-006	4.501465e-006	1.955732e-010
9.325318696407177e-009	-1.078869e-008	5.329014e-008	4.513830e-006	4.515995e-006	2.000544e-010
9.335461553550031e-009	-1.079705e-008	5.414529e-008	4.528306e-006	4.530468e-006	2.044879e-010
9.345604410692882e-009	-1.079725e-008	5.497775e-008	4.542725e-006	4.544882e-006	2.088738e-010
9.355747267835734e-009	-1.078928e-008	5.578750e-008	4.557086e-006	4.559240e-006	2.132121e-010
9.365890124978585e-009	-1.077314e-008	5.657456e-008	4.571390e-006	4.573539e-006	2.175027e-010
9.366890124978585e-009	-1.077132e-008	5.665127e-008	4.572797e-006	4.574946e-006	2.179236e-010
9.400032982121425e-009	-1.065511e-008	5.904565e-008	4.619097e-006	4.621233e-006	2.315703e-010
9.433175839264264e-009	-1.050784e-008	6.129555e-008	4.664889e-006	4.667010e-006	2.448466e-010
9.466318696407104e-009	-1.032949e-008	6.340096e-008	4.710171e-006	4.712278e-006	2.577526e-010
9.499461553549945e-009	-1.012008e-008	6.536189e-008	4.754945e-006	4.757038e-006	2.702882e-010
9.532604410692785e-009	-9.879594e-009	6.717834e-008	4.799210e-006	4.801287e-006	2.824535e-010
9.565747267835625e-009	-9.608038e-009	6.885030e-008	4.842966e-006	4.845028e-006	2.942485e-010
9.598890124978464e-009	-9.305412e-009	7.037778e-008	4.886213e-006	4.888259e-006	3.056732e-010
9.608461553549888e-009	-9.221671e-009	7.081072e-008	4.898631e-006	4.900672e-006	3.089341e-010
9.618032982121311e-009	-9.137573e-009	7.123634e-008	4.911012e-006	4.913048e-006	3.121723e-010
9.627604410692735e-009	-9.053118e-009	7.165464e-008	4.923356e-006	4.925388e-006	3.153878e-010
9.637175839264158e-009	-8.968307e-009	7.206561e-008	4.935664e-006	4.937692e-006	3.185806e-010
9.646747267835582e-009	-8.883139e-009	7.246925e-008	4.947936e-006	4.949958e-006	3.217506e-010
9.656318696407005e-009	-8.797615e-009	7.286558e-008	4.960171e-006	4.962189e-006	3.248980e-010
9.665890124978429e-009	-8.711734e-009	7.325458e-008	4.972370e-006	4.974383e-006	3.280226e-010
9.666890124978429e-009	-8.702776e-009	7.329489e-008	4.973643e-006	4.975655e-006	3.283479e-010
9.703747267835553e-009	-8.367986e-009	7.471398e-008	5.020247e-006	5.022240e-006	3.401368e-010
9.740604410692677e-009	-8.040671e-009	7.606466e-008	5.066373e-006	5.068346e-006	3.516774e-010
9.777461553549801e-009	-7.720831e-009	7.734692e-008	5.112021e-006	5.113974e-006	3.629697e-010
9.814318696406923e-009	-7.408466e-009	7.856077e-008	5.157191e-006	5.159124e-006	3.740137e-010
9.851175839264047e-009	-7.103576e-009	7.970621e-008	5.201884e-006	5.203796e-006	3.848093e-010
9.888032982121171e-009	-6.806161e-009	8.078324e-008	5.246098e-006	5.247989e-006	3.953567e-010
9.924890124978294e-009	-6.516221e-009	8.179185e-008	5.289835e-006	5.291703e-006	4.056557e-010
9.966890124978273e-009	-6.203651e-009	8.290120e-008	5.339170e-006	5.341013e-006	4.171999e-010
1.000960441069254e-008	-5.902056e-009	8.396150e-008	5.388743e-006	5.390561e-006	4.286642e-010
1.005231869640680e-008	-5.615304e-009	8.497914e-008	5.437776e-006	5.439567e-006	4.399354e-010
1.009503298212106e-008	-5.343396e-009	8.595412e-008	5.486268e-006	5.488031e-006	4.510134e-010
1.013774726783533e-008	-5.086332e-009	8.688643e-008	5.534219e-006	5.535954e-006	4.618981e-010
1.018046155354959e-008	-4.844112e-009	8.777609e-008	5.581628e-006	5.583335e-006	4.725897e-010
1.022317583926385e-008	-4.616735e-009	8.862309e-008	5.628497e-006	5.630175e-006	4.830880e-010
1.026589012497812e-008	-4.404202e-009	8.942743e-008	5.674825e-006	5.676473e-006	4.933932e-010
1.026689012497812e-008	-4.399356e-009	8.944608e-008	5.675904e-006	5.677552e-006	4.936333e-010
1.030960441069238e-008	-4.200521e-009	9.022256e-008	5.721717e-006	5.723335e-006	5.037946e-010
1.035231869640664e-008	-4.012201e-009	9.097389e-008	5.767045e-006	5.768632e-006	5.138288e-010
1.039503298212091e-008	-3.834395e-009	9.170009e-008	5.811887e-006	5.813444e-006	5.237359e-010
1.043774726783517e-008	-3.667105e-009	9.240113e-008	5.856245e-006	5.857770e-006	5.335160e-010
1.048046155354944e-008	-3.510330e-009	9.307704e-008	5.900117e-006	5.901610e-006	5.431690e-010
1.052317583926370e-008	-3.364070e-009	9.372779e-008	5.943504e-006	5.944965e-006	5.526949e-010
1.056589012497796e-008	-3.228325e-009	9.435340e-008	5.986406e-006	5.987834e-006	5.620938e-010
1.056689012497796e-008	-3.225210e-009	9.436789e-008	5.987405e-006	5.988832e-006	5.623129e-010
1.060960441069222e-008	-3.097519e-009	9.497441e-008	6.029835e-006	6.031229e-006	5.716094e-010
1.065231869640649e-008	-2.976269e-009	9.556368e-008	6.071820e-006	6.073181e-006	5.808129e-010
1.069503298212075e-008	-2.861463e-009	9.613570e-008	6.113360e-006	6.114687e-006	5.899234e-010
1.073774726783501e-008	-2.753098e-009	9.669046e-008	6.154454e-006	6.155747e-006	5.989407e-010
1.078046155354928e-008	-2.651175e-009	9.722798e-008	6.195104e-006	6.196361e-006	6.078650e-010
1.082317583926354e-008	-2.555694e-009	9.774824e-008	6.235307e-006	6.236530e-006	6.166961e-010
1.086589012497781e-008	-2.466656e-009	9.825126e-008	6.275066e-006	6.276253e-006	6.254343e-010
1.086689012497780e-008	-2.464604e-009	9.826289e-008	6.275992e-006	6.277178e-006	6.256380e-010
1.100004395000891e-008	-2.213682e-009	9.974261e-008	6.397209e-006	6.398282e-006	6.523760e-010
1.100080373576136e-008	-2.212367e-009	9.975067e-008	6.397889e-006	6.398961e-006	6.525264e-010
1.100156352151382e-008	-2.211054e-009	9.975872e-008	6.398569e-006	6.399640e-006	6.526767e-010
1.100232330726627e-008	-2.209741e-009	9.976677e-008	6.399248e-006	6.400320e-006	6.528271e-010
1.100308309301873e-008	-2.208430e-009	9.977482e-008	6.399928e-006	6.400998e-006	6.529774e-010
1.100384287877119e-008	-2.207120e-009	9.978286e-008	6.400607e-006	6.401677e-006	6.531277e-010
1.100460266452364e-008	-2.205811e-009	9.979090e-008	6.401287e-006	6.402356e-006	6.532780e-010
1.100536245027610e-008	-2.204503e-009	9.979893e-008	6.401966e-006	6.403034e-006	6.534282e-010
1.116036245027602e-008	-1.960764e-009	1.013532e-007	6.537818e-006	6.538750e-006	6.835883e-010
1.120307673599028e-008	-1.901188e-009	1.017526e-007	6.574313e-006	6.575207e-006	6.917311e-010
1.124579102170454e-008	-1.843831e-009	1.021411e-007	6.610422e-006	6.611278e-006	6.998066e-010
1.128850530741881e-008	-1.788693e-009	1.025187e-007	6.646146e-006	6.646963e-006	7.078149e-010
1.133121959313307e-008	-1.735773e-009	1.028854e-007	6.681483e-006	6.682261e-006	7.157559e-010
1.137393387884733e-008	-1.685072e-009	1.032412e-007	6.716434e-006	6.717173e-006	7.236296e-010
1.141664816456160e-008	-1.636590e-009	1.035862e-007	6.751000e-006	6.751699e-006	7.314361e-010
1.145936245027586e-008	-1.590327e-009	1.039202e-007	6.785179e-006	6.785838e-006	7.391753e-010
1.146036245027586e-008	-1.589255e-009	1.039279e-007	6.785975e-006	6.786633e-006	7.393558e-010
1.150307673599012e-008	-1.544563e-009	1.042519e-007	6.819773e-006	6.820391e-006	7.470298e-010
1.154579102170439e-008	-1.501195e-009	1.045665e-007	6.853210e-006	6.853788e-006	7.546408e-010
1.158850530741865e-008	-1.459152e-009	1.048717e-007	6.886286e-006	6.886823e-006	7.621887e-010
1.163121959313291e-008	-1.418432e-009	1.051676e-007	6.919002e-006	6.919497e-006	7.696737e-010
1.167393387884718e-008	-1.379037e-009	1.054541e-007	6.951356e-006	6.951810e-006	7.770956e-010
1.171664816456144e-008	-1.340965e-009	1.057312e-007	6.983349e-006	6.983762e-006	7.844545e-010
1.175936245027570e-008	-1.304217e-009	1.059990e-007	7.014981e-006	7.015352e-006	7.917504e-010
1.176036245027570e-008	-1.303365e-009	1.060052e-007	7.015718e-006	7.016088e-006	7.919205e-010
1.189836245027563e-008	-1.190730e-009	1.068118e-007	7.115544e-006	7.115779e-006	8.150693e-010
1.189936245027563e-008	-1.189948e-009	1.068174e-007	7.116254e-006	7.116488e-006	8.152347e-010
1.190036245027563e-008	-1.189166e-009	1.068229e-007	7.116964e-006	7.117197e-006	8.154001e-010
1.190064312460468e-008	-1.188947e-009	1.068244e-007	7.117164e-006	7.117396e-006	8.154465e-010
1.190074627399013e-008	-1.188866e-009	1.068250e-007	7.117237e-006	7.117470e-006	8.154635e-010
1.190082156655797e-008	-1.188807e-009	1.068254e-007	7.117290e-006	7.117523e-006	8.154760e-010
1.190090193510435e-008	-1.188745e-009	1.068259e-007	7.117348e-006	7.117580e-006	8.154893e-010
1.190091609653093e-008	-1.188733e-009	1.068259e-007	7.117358e-006	7.117590e-006	8.154916e-010
1.190363889946648e-008	-1.186609e-009	1.068409e-007	7.119290e-006	7.119519e-006	8.159417e-010
1.190636170240204e-008	-1.184487e-009	1.068559e-007	7.121221e-006	7.121448e-006	8.163915e-010
1.190908450533760e-008	-1.182369e-009	1.068708e-007	7.123151e-006	7.123375e-006	8.168411e-010
1.191180730827315e-008	-1.180254e-009	1.068857e-007	7.125079e-006	7.125300e-006	8.172904e-010
1.191453011120871e-008	-1.178142e-009	1.069006e-007	7.127006e-006	7.127225e-006	8.177395e-010
1.191725291414426e-008	-1.176034e-009	1.069154e-007	7.128932e-006	7.129148e-006	8.181883e-010
1.191997571707982e-008	-1.173929e-009	1.069302e-007	7.130856e-006	7.131069e-006	8.186369e-010
1.203097571707976e-008	-1.090798e-009	1.075052e-007	7.208149e-006	7.208251e-006	8.367138e-010
1.207369000279403e-008	-1.060184e-009	1.077118e-007	7.237292e-006	7.237352e-006	8.435608e-010
1.211640428850829e-008	-1.030149e-009	1.079110e-007	7.266118e-006	7.266135e-006	8.503476e-010
1.215911857422255e-008	-1.000692e-009	1.081026e-007	7.294626e-006	7.294599e-006	8.570744e-010
1.220183285993682e-008	-9.718135e-010	1.082867e-007	7.322817e-006	7.322746e-006	8.637411e-010
1.224454714565108e-008	-9.435136e-010	1.084634e-007	7.350689e-006	7.350575e-006	8.703476e-010
1.228726143136534e-008	-9.157922e-010	1.086325e-007	7.378244e-006	7.378086e-006	8.768941e-010
1.232997571707961e-008	-8.886493e-010	1.087941e-007	7.405481e-006	7.405279e-006	8.833805e-010
1.233097571707961e-008	-8.880179e-010	1.087978e-007	7.406115e-006	7.405912e-006	8.835317e-010
1.263097571707945e-008	-7.093837e-010	1.097377e-007	7.588883e-006	7.588368e-006	9.273995e-010
1.276997571707938e-008	-6.328067e-010	1.100626e-007	7.668673e-006	7.668012e-006	9.467316e-010
1.278526143136508e-008	-6.245977e-010	1.100942e-007	7.677264e-006	7.676587e-006	9.488192e-010
1.280054714565079e-008	-6.160215e-010	1.101249e-007	7.685819e-006	7.685126e-006	9.509005e-010
1.281583285993650e-008	-6.070783e-010	1.101547e-007	7.694339e-006	7.693630e-006	9.529754e-010
1.283111857422220e-008	-5.977680e-010	1.101836e-007	7.702823e-006	7.702098e-006	9.550439e-010
1.284640428850791e-008	-5.880905e-010	1.102115e-007	7.711271e-006	7.710530e-006	9.571061e-010
1.286169000279362e-008	-5.780459e-010	1.102386e-007	7.719685e-006	7.718927e-006	9.591619e-010
1.287697571707932e-008	-5.676343e-010	1.102647e-007	7.728062e-006	7.727288e-006	9.612113e-010
1.293097571707929e-008	-5.252141e-010	1.103493e-007	7.757378e-006	7.756546e-006	9.684101e-010
1.296569000279356e-008	-4.927280e-010	1.103970e-007	7.775990e-006	7.775122e-006	9.730052e-010
1.300040428850783e-008	-4.582227e-010	1.104406e-007	7.794428e-006	7.793523e-006	9.775710e-010
1.303511857422210e-008	-4.216983e-010	1.104803e-007	7.812690e-006	7.811749e-006	9.821074e-010
1.306983285993636e-008	-3.831546e-010	1.105159e-007	7.830778e-006	7.829800e-006	9.866145e-010
1.310454714565063e-008	-3.425918e-010	1.105475e-007	7.848691e-006	7.847677e-006	9.910922e-010
1.313926143136490e-008	-3.000098e-010	1.105750e-007	7.866430e-006	7.865378e-006	9.955405e-010
1.317397571707917e-008	-2.554087e-010	1.105985e-007	7.883993e-006	7.882904e-006	9.999596e-010
1.323097571707914e-008	-1.826092e-010	1.106307e-007	7.912467e-006	7.911317e-006	1.007140e-009
1.353097571707898e-008	1.875869e-010	1.106630e-007	8.054968e-006	8.053498e-006	1.043344e-009
1.383097571707883e-008	7.223454e-010	1.103969e-007	8.185642e-006	8.183853e-006	1.077322e-009
1.385205140622686e-008	1.135328e-009	1.102326e-007	8.194396e-006	8.192584e-006	1.080622e-009
1.387312709537489e-008	1.756026e-009	1.100135e-007	8.203096e-006	8.201261e-006	1.084600e-009
1.389420278452293e-008	2.584441e-009	1.097396e-007	8.211742e-006	8.209885e-006	1.089257e-009
1.391527847367096e-008	3.620573e-009	1.094110e-007	8.220333e-006	8.218454e-006	1.094592e-009
1.393635416281899e-008	4.864420e-009	1.090277e-007	8.228871e-006	8.226969e-006	1.100606e-009
1.395742985196703e-008	6.315985e-009	1.085896e-007	8.237354e-006	8.235431e-006	1.107299e-009
1.397850554111506e-008	7.975265e-009	1.080968e-007	8.245784e-006	8.243838e-006	1.114670e-009
1.399179125540077e-008	9.029831e-009	1.078022e-007	8.251071e-006	8.249111e-006	1.119451e-009
1.400507696968648e-008	1.008821e-008	1.075158e-007	8.256337e-006	8.254363e-006	1.124301e-009
1.401836268397218e-008	1.115040e-008	1.072375e-007	8.261582e-006	8.259593e-006	1.129218e-009
1.403164839825789e-008	1.221641e-008	1.069674e-007	8.266806e-006	8.264803e-006	1.134204e-009
1.404493411254360e-008	1.328622e-008	1.067055e-007	8.272009e-006	8.269992e-006	1.139258e-009
1.405821982682931e-008	1.435985e-008	1.064518e-007	8.277191e-006	8.275160e-006	1.144380e-009
1.407150554111501e-008	1.543730e-008	1.062062e-007	8.282352e-006	8.280307e-006	1.149570e-009
1.412650554111498e-008	1.959059e-008	1.053722e-007	8.303498e-006	8.301396e-006	1.170702e-009
1.416921982682925e-008	2.236207e-008	1.049757e-007	8.319674e-006	8.317526e-006	1.186453e-009
1.421193411254351e-008	2.492905e-008	1.046545e-007	8.335644e-006	8.333451e-006	1.201763e-009
1.425464839825777e-008	2.729154e-008	1.044087e-007	8.351409e-006	8.349171e-006	1.216632e-009
1.429736268397204e-008	2.944952e-008	1.042383e-007	8.366968e-006	8.364685e-006	1.231061e-009
1.434007696968630e-008	3.140301e-008	1.041433e-007	8.382322e-006	8.379995e-006	1.245049e-009
1.438279125540056e-008	3.315200e-008	1.041237e-007	8.397470e-006	8.395098e-006	1.258596e-009
1.442550554111483e-008	3.469648e-008	1.041794e-007	8.412413e-006	8.409997e-006	1.271702e-009
1.442650554111483e-008	3.473270e-008	1.041800e-007	8.412761e-006	8.410343e-006	1.272006e-009
1.472650554111467e-008	4.330703e-008	1.045433e-007	8.512195e-006	8.509466e-006	1.355780e-009
1.502650554111472e-008	4.914461e-008	1.046330e-007	8.602388e-006	8.599353e-006	1.428273e-009
1.532650554111506e-008	5.363335e-008	1.042291e-007	8.683891e-006	8.680555e-006	1.493110e-009
1.562650554111540e-008	5.734319e-008	1.034241e-007	8.757218e-006	8.753588e-006	1.552307e-009
1.592650554111574e-008	6.053771e-008	1.023293e-007	8.822853e-006	8.818937e-006	1.606955e-009
1.599950554111583e-008	6.125391e-008	1.020288e-007	8.837713e-006	8.833728e-006	1.619639e-009
1.600150554111583e-008	6.127323e-008	1.020204e-007	8.838114e-006	8.834128e-006	1.619983e-009
1.601764839825870e-008	6.142857e-008	1.019523e-007	8.841340e-006	8.837339e-006	1.622756e-009
1.603379125540158e-008	6.158293e-008	1.018837e-007	8.844546e-006	8.840529e-006	1.625517e-009
1.604993411254445e-008	6.173631e-008	1.018145e-007	8.847731e-006	8.843700e-006	1.628268e-009
1.606607696968733e-008	6.188871e-008	1.017449e-007	8.850896e-006	8.846850e-006	1.631007e-009
1.608221982683021e-008	6.204012e-008	1.016747e-007	8.854041e-006	8.849979e-006	1.633736e-009
1.609836268397308e-008	6.219055e-008	1.016039e-007	8.857165e-006	8.853088e-006	1.636453e-009
1.611450554111596e-008	6.234000e-008	1.015327e-007	8.860268e-006	8.856177e-006	1.639160e-009
1.622650554111608e-008	6.335162e-008	1.010251e-007	8.881252e-006	8.877058e-006	1.657645e-009
1.650000000000000e-008	6.564934e-008	9.969828e-008	8.928548e-006	8.924107e-006	1.700681e-009
1.651609935749223e-008	6.577751e-008	9.961672e-008	8.931162e-006	8.926707e-006	1.703123e-009
1.681609935749257e-008	6.803404e-008	9.803623e-008	8.976560e-006	8.971843e-006	1.746833e-009
1.689909935749266e-008	6.861647e-008	9.758036e-008	8.988037e-006	8.983250e-006	1.758331e-009
1.690009935749267e-008	6.862338e-008	9.757483e-008	8.988172e-006	8.983385e-006	1.758468e-009
1.690209935749267e-008	6.863719e-008	9.756375e-008	8.988443e-006	8.983654e-006	1.758742e-009
1.691238507177839e-008	6.870809e-008	9.750671e-008	8.989832e-006	8.985034e-006	1.760148e-009
1.692267078606412e-008	6.877872e-008	9.744956e-008	8.991214e-006	8.986406e-006	1.761550e-009
1.693295650034985e-008	6.884909e-008	9.739230e-008	8.992588e-006	8.987772e-006	1.762948e-009
1.694324221463557e-008	6.891921e-008	9.733493e-008	8.993956e-006	8.989131e-006	1.764342e-009
1.695352792892130e-008	6.898906e-008	9.727745e-008	8.995316e-006	8.990483e-006	1.765732e-009
1.696381364320702e-008	6.905866e-008	9.721986e-008	8.996670e-006	8.991828e-006	1.767119e-009
1.697409935749275e-008	6.912799e-008	9.716216e-008	8.998017e-006	8.993166e-006	1.768501e-009
1.711609935749291e-008	7.005936e-008	9.635497e-008	9.015916e-006	9.010947e-006	1.787192e-009
1.741609935749325e-008	7.187536e-008	9.458959e-008	9.049585e-006	9.044374e-006	1.824278e-009
1.771609935749359e-008	7.349878e-008	9.275300e-008	9.077904e-006	9.072460e-006	1.858154e-009
1.777009935749365e-008	7.377164e-008	9.241568e-008	9.082458e-006	9.076974e-006	1.863915e-009
1.778538507177938e-008	7.384783e-008	9.231985e-008	9.083717e-006	9.078221e-006	1.865528e-009
1.780067078606512e-008	7.392358e-008	9.222386e-008	9.084964e-006	9.079457e-006	1.867132e-009
1.781595650035085e-008	7.399888e-008	9.212773e-008	9.086198e-006	9.080679e-006	1.868728e-009
1.783124221463658e-008	7.407373e-008	9.203144e-008	9.087419e-006	9.081889e-006	1.870316e-009
1.784652792892231e-008	7.414812e-008	9.193501e-008	9.088627e-006	9.083086e-006	1.871896e-009
1.786181364320804e-008	7.422207e-008	9.183843e-008	9.089823e-006	9.084270e-006	1.873468e-009
1.787709935749377e-008	7.429557e-008	9.174170e-008	9.091005e-006	9.085442e-006	1.875031e-009
1.801609935749393e-008	7.494396e-008	9.085552e-008	9.101186e-006	9.095521e-006	1.888881e-009
1.803952792892253e-008	7.504973e-008	9.070502e-008	9.102801e-006	9.097119e-006	1.891150e-009
1.806295650035113e-008	7.515452e-008	9.055421e-008	9.104387e-006	9.098688e-006	1.893400e-009
1.808638507177972e-008	7.525831e-008	9.040310e-008	9.105945e-006	9.100230e-006	1.895631e-009
1.810981364320832e-008	7.536112e-008	9.025169e-008	9.107474e-006	9.101743e-006	1.897844e-009
1.813324221463692e-008	7.546294e-008	9.009998e-008	9.108976e-006	9.103227e-006	1.900038e-009
1.815667078606552e-008	7.556377e-008	8.994796e-008	9.110448e-006	9.104683e-006	1.902213e-009
1.818009935749412e-008	7.566361e-008	8.979565e-008	9.111893e-006	9.106111e-006	1.904370e-009
1.831609935749427e-008	7.622408e-008	8.890598e-008	9.119730e-006	9.113855e-006	1.916522e-009
1.861609935749461e-008	7.734774e-008	8.691299e-008	9.133815e-006	9.127742e-006	1.941135e-009
1.863481364320892e-008	7.741283e-008	8.678739e-008	9.134552e-006	9.128467e-006	1.942571e-009
1.865352792892322e-008	7.747736e-008	8.666165e-008	9.135273e-006	9.129176e-006	1.943996e-009
1.867224221463753e-008	7.754132e-008	8.653578e-008	9.135977e-006	9.129869e-006	1.945409e-009
1.869095650035184e-008	7.760471e-008	8.640977e-008	9.136666e-006	9.130545e-006	1.946811e-009
1.870967078606615e-008	7.766754e-008	8.628363e-008	9.137338e-006	9.131206e-006	1.948202e-009
1.872838507178045e-008	7.772980e-008	8.615735e-008	9.137995e-006	9.131851e-006	1.949580e-009
1.874709935749476e-008	7.779150e-008	8.603093e-008	9.138636e-006	9.132479e-006	1.950948e-009
1.876095650035192e-008	7.783663e-008	8.593730e-008	9.139100e-006	9.132935e-006	1.951952e-009
1.877481364320908e-008	7.788179e-008	8.584349e-008	9.139554e-006	9.133381e-006	1.952951e-009
1.878867078606624e-008	7.792698e-008	8.574950e-008	9.140000e-006	9.133819e-006	1.953945e-009
1.880252792892339e-008	7.797220e-008	8.565533e-008	9.140436e-006	9.134248e-006	1.954934e-009
1.881638507178055e-008	7.801746e-008	8.556098e-008	9.140862e-006	9.134668e-006	1.955917e-009
1.883024221463771e-008	7.806274e-008	8.546645e-008	9.141279e-006	9.135079e-006	1.956896e-009
1.884409935749487e-008	7.810806e-008	8.537175e-008	9.141687e-006	9.135481e-006	1.957869e-009
1.885424221463774e-008	7.814164e-008	8.530218e-008	9.141978e-006	9.135769e-006	1.958578e-009
1.886438507178061e-008	7.817549e-008	8.523246e-008	9.142264e-006	9.136053e-006	1.959286e-009
1.887452792892347e-008	7.820961e-008	8.516258e-008	9.142546e-006	9.136331e-006	1.959992e-009
1.888467078606635e-008	7.824401e-008	8.509253e-008	9.142822e-006	9.136606e-006	1.960696e-009
1.889481364320921e-008	7.827868e-008	8.502233e-008	9.143094e-006	9.136875e-006	1.961398e-009
1.890495650035208e-008	7.831362e-008	8.495196e-008	9.143361e-006	9.137141e-006	1.962098e-009
1.891509935749495e-008	7.834884e-008	8.488144e-008	9.143623e-006	9.137401e-006	1.962797e-009
1.891609935749495e-008	7.835233e-008	8.487447e-008	9.143650e-006	9.137427e-006	1.962865e-009
1.893009935749497e-008	7.840162e-008	8.477680e-008	9.144005e-006	9.137781e-006	1.963826e-009
1.894409935749498e-008	7.845125e-008	8.467894e-008	9.144352e-006	9.138128e-006	1.964783e-009
1.895809935749500e-008	7.850123e-008	8.458089e-008	9.144691e-006	9.138466e-006	1.965736e-009
1.897209935749502e-008	7.855155e-008	8.448267e-008	9.145022e-006	9.138796e-006	1.966685e-009
1.898609935749503e-008	7.860223e-008	8.438426e-008	9.145344e-006	9.139118e-006	1.967631e-009
1.900009935749505e-008	7.865325e-008	8.428567e-008	9.145657e-006	9.139432e-006	1.968572e-009
1.901409935749506e-008	7.870462e-008	8.418690e-008	9.145962e-006	9.139738e-006	1.969510e-009
1.903495650035223e-008	7.878166e-008	8.403953e-008	9.146400e-006	9.140177e-006	1.970900e-009
1.905581364320940e-008	7.885800e-008	8.389229e-008	9.146819e-006	9.140597e-006	1.972277e-009
1.907667078606656e-008	7.893363e-008	8.374517e-008	9.147220e-006	9.140999e-006	1.973642e-009
1.909752792892373e-008	7.900856e-008	8.359818e-008	9.147603e-006	9.141383e-006	1.974995e-009
1.911838507178089e-008	7.908279e-008	8.345131e-008	9.147967e-006	9.141748e-006	1.976335e-009
1.913924221463806e-008	7.915631e-008	8.330457e-008	9.148313e-006	9.142095e-006	1.977663e-009
1.916009935749523e-008	7.922912e-008	8.315795e-008	9.148640e-006	9.142424e-006	1.978978e-009
1.921609935749529e-008	7.941650e-008	8.276606e-008	9.149424e-006	9.143213e-006	1.982433e-009
1.924356387267550e-008	7.950448e-008	8.257473e-008	9.149761e-006	9.143553e-006	1.984088e-009
1.927102838785571e-008	7.958977e-008	8.238375e-008	9.150068e-006	9.143862e-006	1.985716e-009
1.929849290303592e-008	7.967238e-008	8.219313e-008	9.150343e-006	9.144141e-006	1.987316e-009
1.932595741821613e-008	7.975230e-008	8.200288e-008	9.150589e-006	9.144389e-006	1.988889e-009
1.935342193339634e-008	7.982954e-008	8.181299e-008	9.150803e-006	9.144607e-006	1.990434e-009
1.938088644857655e-008	7.990409e-008	8.162345e-008	9.150987e-006	9.144795e-006	1.991952e-009
1.940835096375676e-008	7.997595e-008	8.143428e-008	9.151140e-006	9.144952e-006	1.993442e-009
1.942280082607723e-008	8.001276e-008	8.133478e-008	9.151209e-006	9.145023e-006	1.994215e-009
1.943725068839769e-008	8.004891e-008	8.123532e-008	9.151270e-006	9.145086e-006	1.994980e-009
1.945170055071816e-008	8.008442e-008	8.113587e-008	9.151323e-006	9.145140e-006	1.995738e-009
1.946615041303862e-008	8.011927e-008	8.103646e-008	9.151367e-006	9.145187e-006	1.996488e-009
1.948060027535908e-008	8.015348e-008	8.093707e-008	9.151403e-006	9.145225e-006	1.997230e-009
1.949505013767955e-008	8.018703e-008	8.083771e-008	9.151431e-006	9.145256e-006	1.997965e-009
1.950950000000001e-008	8.021993e-008	8.073837e-008	9.151450e-006	9.145278e-006	1.998692e-009
1.951050000000001e-008	8.022219e-008	8.073150e-008	9.151451e-006	9.145278e-006	1.998743e-009
1.981050000000035e-008	8.078844e-008	7.866287e-008	9.150049e-006	9.143935e-006	2.012189e-009
2.011050000000069e-008	8.119466e-008	7.656972e-008	9.145354e-006	9.139319e-006	2.022701e-009
2.041050000000103e-008	8.149442e-008	7.445284e-008	9.137566e-006	9.131629e-006	2.030528e-009
2.071050000000137e-008	8.170847e-008	7.232203e-008	9.126872e-006	9.121050e-006	2.035837e-009
2.101050000000171e-008	8.184393e-008	7.018632e-008	9.113448e-006	9.107759e-006	2.038746e-009
2.131050000000205e-008	8.190388e-008	6.805218e-008	9.097464e-006	9.091921e-006	2.039350e-009
2.149850000000227e-008	8.190403e-008	6.671766e-008	9.086211e-006	9.080769e-006	2.038590e-009
2.149950000000227e-008	8.190396e-008	6.671057e-008	9.086149e-006	9.080707e-006	2.038584e-009
2.150050000000227e-008	8.190388e-008	6.670348e-008	9.086087e-006	9.080645e-006	2.038578e-009
2.150150000000227e-008	8.190381e-008	6.669639e-008	9.086024e-006	9.080583e-006	2.038571e-009
2.150407142857370e-008	8.190361e-008	6.667816e-008	9.085864e-006	9.080424e-006	2.038555e-009
2.150664285714513e-008	8.190340e-008	6.665993e-008	9.085703e-006	9.080265e-006	2.038538e-009
2.150921428571656e-008	8.190319e-008	6.664170e-008	9.085542e-006	9.080106e-006	2.038521e-009
2.151178571428799e-008	8.190297e-008	6.662347e-008	9.085381e-006	9.079946e-006	2.038504e-009
2.151435714285943e-008	8.190275e-008	6.660524e-008	9.085220e-006	9.079786e-006	2.038487e-009
2.151692857143086e-008	8.190252e-008	6.658701e-008	9.085059e-006	9.079627e-006	2.038470e-009
2.151950000000229e-008	8.190229e-008	6.656878e-008	9.084898e-006	9.079467e-006	2.038452e-009
2.161050000000239e-008	8.189072e-008	6.592416e-008	9.079083e-006	9.073702e-006	2.037732e-009
2.165178571428815e-008	8.188329e-008	6.563199e-008	9.076379e-006	9.071021e-006	2.037339e-009
2.169307142857392e-008	8.187456e-008	6.534004e-008	9.073634e-006	9.068300e-006	2.036907e-009
2.173435714285968e-008	8.186451e-008	6.504833e-008	9.070850e-006	9.065539e-006	2.036436e-009
2.177564285714544e-008	8.185315e-008	6.475683e-008	9.068026e-006	9.062739e-006	2.035924e-009
2.181692857143120e-008	8.184048e-008	6.446557e-008	9.065162e-006	9.059899e-006	2.035373e-009
2.185821428571696e-008	8.182650e-008	6.417453e-008	9.062257e-006	9.057019e-006	2.034782e-009
2.189950000000272e-008	8.181120e-008	6.388371e-008	9.059313e-006	9.054100e-006	2.034152e-009
2.190150000000272e-008	8.181043e-008	6.386963e-008	9.059169e-006	9.053958e-006	2.034120e-009
2.191050000000273e-008	8.180691e-008	6.380628e-008	9.058522e-006	9.053316e-006	2.033977e-009
2.195321428571707e-008	8.178938e-008	6.350574e-008	9.055424e-006	9.050243e-006	2.033273e-009
2.199592857143140e-008	8.177052e-008	6.320550e-008	9.052285e-006	9.047130e-006	2.032529e-009
2.203864285714574e-008	8.175032e-008	6.290555e-008	9.049105e-006	9.043977e-006	2.031743e-009
2.208135714286007e-008	8.172879e-008	6.260590e-008	9.045885e-006	9.040784e-006	2.030917e-009
2.212407142857441e-008	8.170593e-008	6.230654e-008	9.042625e-006	9.037550e-006	2.030050e-009
2.216678571428874e-008	8.168173e-008	6.200747e-008	9.039324e-006	9.034276e-006	2.029142e-009
2.220950000000307e-008	8.165620e-008	6.170870e-008	9.035982e-006	9.030961e-006	2.028194e-009
2.221050000000307e-008	8.165559e-008	6.170171e-008	9.035903e-006	9.030883e-006	2.028171e-009
2.240000043063196e-008	8.152684e-008	6.038020e-008	9.020604e-006	9.015707e-006	2.023484e-009
2.248376392232848e-008	8.146205e-008	5.979815e-008	9.013601e-006	9.008761e-006	2.021168e-009
2.278376392232882e-008	8.119687e-008	5.772328e-008	8.987360e-006	8.982726e-006	2.011689e-009
2.282304963661458e-008	8.116305e-008	5.745126e-008	8.983793e-006	8.979187e-006	2.010326e-009
2.286233535090034e-008	8.112980e-008	5.717935e-008	8.980196e-006	8.975619e-006	2.008940e-009
2.290162106518609e-008	8.109710e-008	5.690756e-008	8.976571e-006	8.972022e-006	2.007529e-009
2.294090677947185e-008	8.106495e-008	5.663589e-008	8.972918e-006	8.968396e-006	2.006094e-009
2.298019249375761e-008	8.103337e-008	5.636434e-008	8.969235e-006	8.964742e-006	2.004635e-009
2.301947820804337e-008	8.100235e-008	5.609291e-008	8.965524e-006	8.961059e-006	2.003151e-009
2.305876392232913e-008	8.097189e-008	5.582160e-008	8.961784e-006	8.957348e-006	2.001644e-009
2.308376392232916e-008	8.095184e-008	5.564941e-008	8.959390e-006	8.954972e-006	2.000670e-009
2.326676392232937e-008	8.079456e-008	5.439661e-008	8.941527e-006	8.937244e-006	1.993208e-009
2.326776392232937e-008	8.079364e-008	5.438980e-008	8.941428e-006	8.937146e-006	1.993165e-009
2.326804459665842e-008	8.079338e-008	5.438789e-008	8.941400e-006	8.937119e-006	1.993153e-009
2.326827678943666e-008	8.079316e-008	5.438631e-008	8.941377e-006	8.937095e-006	1.993143e-009
2.326893368988962e-008	8.079255e-008	5.438184e-008	8.941312e-006	8.937031e-006	1.993115e-009
2.327060223298902e-008	8.079101e-008	5.437049e-008	8.941146e-006	8.936867e-006	1.993045e-009
2.327260223298902e-008	8.078915e-008	5.435688e-008	8.940948e-006	8.936669e-006	1.992960e-009
2.327460223298903e-008	8.078729e-008	5.434327e-008	8.940749e-006	8.936472e-006	1.992875e-009
2.327660223298903e-008	8.078543e-008	5.432966e-008	8.940550e-006	8.936276e-006	1.992789e-009
2.327860223298903e-008	8.078356e-008	5.431606e-008	8.940352e-006	8.936079e-006	1.992704e-009
2.328060223298903e-008	8.078169e-008	5.430246e-008	8.940155e-006	8.935883e-006	1.992619e-009
2.328260223298904e-008	8.077981e-008	5.428886e-008	8.939956e-006	8.935686e-006	1.992533e-009
2.328460223298904e-008	8.077794e-008	5.427526e-008	8.939759e-006	8.935490e-006	1.992448e-009
2.328660223298904e-008	8.077605e-008	5.426167e-008	8.939563e-006	8.935294e-006	1.992362e-009
2.328860223298904e-008	8.077417e-008	5.424807e-008	8.939365e-006	8.935100e-006	1.992277e-009
2.329160223298905e-008	8.077134e-008	5.422768e-008	8.939071e-006	8.934808e-006	1.992148e-009
2.329460223298905e-008	8.076850e-008	5.420730e-008	8.938779e-006	8.934517e-006	1.992019e-009
2.329760223298905e-008	8.076565e-008	5.418692e-008	8.938488e-006	8.934228e-006	1.991891e-009
2.330060223298906e-008	8.076280e-008	5.416655e-008	8.938197e-006	8.933940e-006	1.991762e-009
2.330631651870335e-008	8.075733e-008	5.412776e-008	8.937648e-006	8.933395e-006	1.991515e-009
2.331203080441764e-008	8.075184e-008	5.408900e-008	8.937108e-006	8.932860e-006	1.991269e-009
2.331774509013193e-008	8.074630e-008	5.405027e-008	8.936579e-006	8.932335e-006	1.991021e-009
2.332345937584622e-008	8.074074e-008	5.401158e-008	8.936060e-006	8.931820e-006	1.990773e-009
2.332917366156052e-008	8.073514e-008	5.397292e-008	8.935551e-006	8.931316e-006	1.990525e-009
2.333488794727481e-008	8.072950e-008	5.393429e-008	8.935053e-006	8.930822e-006	1.990276e-009
2.334060223298910e-008	8.072383e-008	5.389570e-008	8.934564e-006	8.930338e-006	1.990026e-009
2.334531651870339e-008	8.071912e-008	5.386389e-008	8.934172e-006	8.929949e-006	1.989820e-009
2.335003080441768e-008	8.071438e-008	5.383213e-008	8.933791e-006	8.929572e-006	1.989614e-009
2.335474509013197e-008	8.070961e-008	5.380042e-008	8.933421e-006	8.929205e-006	1.989407e-009
2.335945937584627e-008	8.070481e-008	5.376874e-008	8.933061e-006	8.928848e-006	1.989200e-009
2.336417366156056e-008	8.069997e-008	5.373711e-008	8.932712e-006	8.928503e-006	1.988992e-009
2.336888794727485e-008	8.069511e-008	5.370552e-008	8.932373e-006	8.928168e-006	1.988785e-009
2.337360223298914e-008	8.069022e-008	5.367398e-008	8.932045e-006	8.927844e-006	1.988576e-009
2.337560223298914e-008	8.068814e-008	5.366061e-008	8.931909e-006	8.927710e-006	1.988488e-009
2.337960223298915e-008	8.068395e-008	5.363392e-008	8.931645e-006	8.927449e-006	1.988311e-009
2.338788794727487e-008	8.067519e-008	5.357871e-008	8.931126e-006	8.926936e-006	1.987944e-009
2.339617366156059e-008	8.066631e-008	5.352374e-008	8.930645e-006	8.926461e-006	1.987576e-009
2.340445937584632e-008	8.065731e-008	5.346900e-008	8.930202e-006	8.926025e-006	1.987208e-009
2.341274509013204e-008	8.064818e-008	5.341449e-008	8.929797e-006	8.925627e-006	1.986839e-009
2.342103080441776e-008	8.063893e-008	5.336023e-008	8.929431e-006	8.925267e-006	1.986469e-009
2.342931651870349e-008	8.062955e-008	5.330619e-008	8.929102e-006	8.924945e-006	1.986099e-009
2.343760223298921e-008	8.062004e-008	5.325240e-008	8.928812e-006	8.924661e-006	1.985728e-009
2.344888794727494e-008	8.060686e-008	5.317959e-008	8.928486e-006	8.924344e-006	1.985222e-009
2.346017366156067e-008	8.059342e-008	5.310739e-008	8.928210e-006	8.924078e-006	1.984716e-009
2.347145937584639e-008	8.057970e-008	5.303581e-008	8.927985e-006	8.923862e-006	1.984209e-009
2.348274509013212e-008	8.056572e-008	5.296484e-008	8.927811e-006	8.923698e-006	1.983701e-009
2.349403080441784e-008	8.055147e-008	5.289447e-008	8.927688e-006	8.923584e-006	1.983193e-009
2.350531651870357e-008	8.053695e-008	5.282472e-008	8.927616e-006	8.923521e-006	1.982684e-009
2.351660223298930e-008	8.052216e-008	5.275558e-008	8.927595e-006	8.923508e-006	1.982175e-009
2.352688794727503e-008	8.050844e-008	5.269318e-008	8.927600e-006	8.923522e-006	1.981711e-009
2.353717366156075e-008	8.049451e-008	5.263130e-008	8.927620e-006	8.923550e-006	1.981247e-009
2.354745937584648e-008	8.048039e-008	5.256993e-008	8.927653e-006	8.923591e-006	1.980782e-009
2.355774509013220e-008	8.046606e-008	5.250909e-008	8.927700e-006	8.923647e-006	1.980318e-009
2.356803080441793e-008	8.045154e-008	5.244876e-008	8.927760e-006	8.923716e-006	1.979852e-009
2.357831651870366e-008	8.043681e-008	5.238894e-008	8.927834e-006	8.923799e-006	1.979387e-009
2.358860223298938e-008	8.042188e-008	5.232965e-008	8.927922e-006	8.923896e-006	1.978922e-009
2.359460223298939e-008	8.041310e-008	5.229527e-008	8.927971e-006	8.923950e-006	1.978650e-009
2.360060223298940e-008	8.040426e-008	5.226106e-008	8.928020e-006	8.924003e-006	1.978378e-009
2.360660223298940e-008	8.039537e-008	5.222699e-008	8.928067e-006	8.924056e-006	1.978107e-009
2.361260223298941e-008	8.038642e-008	5.219307e-008	8.928115e-006	8.924108e-006	1.977835e-009
2.361860223298942e-008	8.037741e-008	5.215931e-008	8.928161e-006	8.924160e-006	1.977563e-009
2.362460223298942e-008	8.036836e-008	5.212570e-008	8.928207e-006	8.924211e-006	1.977290e-009
2.363060223298943e-008	8.035924e-008	5.209225e-008	8.928253e-006	8.924261e-006	1.977018e-009
2.363417366156086e-008	8.035380e-008	5.207239e-008	8.928279e-006	8.924290e-006	1.976856e-009
2.363774509013229e-008	8.034833e-008	5.205259e-008	8.928303e-006	8.924317e-006	1.976694e-009
2.364131651870373e-008	8.034285e-008	5.203283e-008	8.928327e-006	8.924344e-006	1.976531e-009
2.364488794727516e-008	8.033736e-008	5.201312e-008	8.928350e-006	8.924369e-006	1.976369e-009
2.364845937584659e-008	8.033185e-008	5.199346e-008	8.928372e-006	8.924394e-006	1.976207e-009
2.365203080441802e-008	8.032632e-008	5.197384e-008	8.928392e-006	8.924418e-006	1.976044e-009
2.365560223298946e-008	8.032077e-008	5.195427e-008	8.928412e-006	8.924441e-006	1.975882e-009
2.365888794727518e-008	8.031565e-008	5.193631e-008	8.928429e-006	8.924462e-006	1.975732e-009
2.366217366156090e-008	8.031052e-008	5.191839e-008	8.928445e-006	8.924481e-006	1.975583e-009
2.366545937584661e-008	8.030539e-008	5.190049e-008	8.928461e-006	8.924498e-006	1.975433e-009
2.366874509013233e-008	8.030025e-008	5.188263e-008	8.928475e-006	8.924515e-006	1.975284e-009
2.367203080441805e-008	8.029511e-008	5.186479e-008	8.928488e-006	8.924530e-006	1.975134e-009
2.367531651870377e-008	8.028998e-008	5.184699e-008	8.928499e-006	8.924545e-006	1.974984e-009
2.367860223298948e-008	8.028483e-008	5.182922e-008	8.928510e-006	8.924558e-006	1.974835e-009
2.367960223298949e-008	8.028331e-008	5.182380e-008	8.928513e-006	8.924562e-006	1.974789e-009
2.368274509013235e-008	8.027827e-008	5.180687e-008	8.928522e-006	8.924573e-006	1.974646e-009
2.368588794727521e-008	8.027380e-008	5.178976e-008	8.928530e-006	8.924583e-006	1.974503e-009
2.368903080441807e-008	8.026991e-008	5.177247e-008	8.928536e-006	8.924592e-006	1.974363e-009
2.369217366156093e-008	8.026658e-008	5.175499e-008	8.928541e-006	8.924600e-006	1.974224e-009
2.369531651870379e-008	8.026382e-008	5.173734e-008	8.928545e-006	8.924606e-006	1.974086e-009
2.369845937584665e-008	8.026164e-008	5.171951e-008	8.928547e-006	8.924612e-006	1.973950e-009
2.370160223298951e-008	8.026002e-008	5.170149e-008	8.928549e-006	8.924616e-006	1.973816e-009
2.370260223298951e-008	8.025984e-008	5.169565e-008	8.928549e-006	8.924617e-006	1.973774e-009
2.370360223298951e-008	8.025977e-008	5.168977e-008	8.928549e-006	8.924618e-006	1.973732e-009
2.370560223298951e-008	8.025999e-008	5.167789e-008	8.928549e-006	8.924619e-006	1.973650e-009
2.370788794727523e-008	8.026078e-008	5.166415e-008	8.928547e-006	8.924620e-006	1.973558e-009
2.371017366156095e-008	8.026232e-008	5.165016e-008	8.928545e-006	8.924620e-006	1.973468e-009
2.371245937584667e-008	8.026462e-008	5.163592e-008	8.928542e-006	8.924619e-006	1.973380e-009
2.371474509013238e-008	8.026769e-008	5.162144e-008	8.928538e-006	8.924617e-006	1.973294e-009
2.371703080441810e-008	8.027152e-008	5.160671e-008	8.928534e-006	8.924614e-006	1.973210e-009
2.371931651870382e-008	8.027611e-008	5.159174e-008	8.928528e-006	8.924610e-006	1.973128e-009
2.372160223298953e-008	8.028147e-008	5.157652e-008	8.928521e-006	8.924605e-006	1.973049e-009
2.372231651870382e-008	8.028334e-008	5.157170e-008	8.928519e-006	8.924603e-006	1.973025e-009
2.372303080441810e-008	8.028530e-008	5.156686e-008	8.928516e-006	8.924602e-006	1.973001e-009
2.372374509013239e-008	8.028734e-008	5.156198e-008	8.928514e-006	8.924600e-006	1.972977e-009
2.372445937584668e-008	8.028948e-008	5.155708e-008	8.928511e-006	8.924598e-006	1.972954e-009
2.372517366156097e-008	8.029170e-008	5.155215e-008	8.928508e-006	8.924595e-006	1.972930e-009
2.372588794727525e-008	8.029402e-008	5.154720e-008	8.928505e-006	8.924593e-006	1.972907e-009
2.372660223298954e-008	8.029642e-008	5.154221e-008	8.928502e-006	8.924590e-006	1.972885e-009
2.372798586662157e-008	8.030128e-008	5.153248e-008	8.928496e-006	8.924585e-006	1.972841e-009
2.372810413016738e-008	8.030172e-008	5.153165e-008	8.928495e-006	8.924585e-006	1.972838e-009
2.372822134637914e-008	8.030215e-008	5.153082e-008	8.928495e-006	8.924584e-006	1.972834e-009
2.372823675931068e-008	8.030221e-008	5.153071e-008	8.928495e-006	8.924584e-006	1.972834e-009
2.372824281192724e-008	8.030223e-008	5.153067e-008	8.928495e-006	8.924584e-006	1.972833e-009
2.372824765061394e-008	8.030224e-008	5.153063e-008	8.928495e-006	8.924584e-006	1.972833e-009
2.372825401903559e-008	8.030227e-008	5.153059e-008	8.928495e-006	8.924584e-006	1.972833e-009
2.372826121396561e-008	8.030230e-008	5.153053e-008	8.928495e-006	8.924584e-006	1.972833e-009
2.372826834609575e-008	8.030232e-008	5.153048e-008	8.928495e-006	8.924584e-006	1.972833e-009
2.372827523676358e-008	8.030235e-008	5.153044e-008	8.928494e-006	8.924584e-006	1.972833e-009
2.372828207668692e-008	8.030237e-008	5.153039e-008	8.928494e-006	8.924584e-006	1.972832e-009
2.372828894380242e-008	8.030240e-008	5.153034e-008	8.928494e-006	8.924584e-006	1.972832e-009
2.372829584329739e-008	8.030243e-008	5.153029e-008	8.928494e-006	8.924584e-006	1.972832e-009
2.372830273804697e-008	8.030245e-008	5.153024e-008	8.928494e-006	8.924584e-006	1.972832e-009
2.372830963127003e-008	8.030248e-008	5.153019e-008	8.928494e-006	8.924584e-006	1.972831e-009
2.372831732089308e-008	8.030251e-008	5.153014e-008	8.928494e-006	8.924584e-006	1.972831e-009
2.372832616023976e-008	8.030254e-008	5.153007e-008	8.928494e-006	8.924584e-006	1.972831e-009
2.372833644913635e-008	8.030258e-008	5.153000e-008	8.928494e-006	8.924584e-006	1.972831e-009
2.372836298977468e-008	8.030268e-008	5.152981e-008	8.928494e-006	8.924584e-006	1.972830e-009
2.372841695979857e-008	8.030288e-008	5.152943e-008	8.928494e-006	8.924584e-006	1.972828e-009
2.372847092982245e-008	8.030308e-008	5.152905e-008	8.928494e-006	8.924584e-006	1.972827e-009
2.372852489984634e-008	8.030329e-008	5.152866e-008	8.928493e-006	8.924583e-006	1.972825e-009
2.372857886987022e-008	8.030349e-008	5.152828e-008	8.928493e-006	8.924583e-006	1.972823e-009
2.372863283989411e-008	8.030369e-008	5.152789e-008	8.928493e-006	8.924583e-006	1.972822e-009
2.372868680991799e-008	8.030390e-008	5.152751e-008	8.928492e-006	8.924583e-006	1.972820e-009
2.372874077994188e-008	8.030410e-008	5.152713e-008	8.928492e-006	8.924582e-006	1.972818e-009
2.373245825861173e-008	8.031897e-008	5.150043e-008	8.928472e-006	8.924565e-006	1.972707e-009
2.373617573728159e-008	8.033707e-008	5.147271e-008	8.928449e-006	8.924545e-006	1.972605e-009
2.373989321595145e-008	8.035838e-008	5.144397e-008	8.928422e-006	8.924522e-006	1.972512e-009
2.374361069462130e-008	8.038292e-008	5.141422e-008	8.928392e-006	8.924495e-006	1.972429e-009
2.374732817329116e-008	8.041068e-008	5.138345e-008	8.928359e-006	8.924465e-006	1.972356e-009
2.375104565196102e-008	8.044167e-008	5.135167e-008	8.928323e-006	8.924431e-006	1.972291e-009
2.375476313063087e-008	8.047587e-008	5.131886e-008	8.928283e-006	8.924394e-006	1.972236e-009
2.377119170205946e-008	8.069445e-008	5.115054e-008	8.928064e-006	8.924189e-006	1.972180e-009
2.378762027348805e-008	8.097244e-008	5.096778e-008	8.927791e-006	8.923929e-006	1.972323e-009
2.380404884491664e-008	8.130983e-008	5.077058e-008	8.927463e-006	8.923615e-006	1.972665e-009
2.382047741634523e-008	8.170663e-008	5.055894e-008	8.927081e-006	8.923247e-006	1.973207e-009
2.383690598777382e-008	8.216283e-008	5.033287e-008	8.926645e-006	8.922825e-006	1.973948e-009
2.385333455920241e-008	8.267844e-008	5.009235e-008	8.926155e-006	8.922348e-006	1.974888e-009
2.386976313063100e-008	8.325345e-008	4.983740e-008	8.925610e-006	8.921817e-006	1.976028e-009
2.388162027348816e-008	8.367579e-008	4.965709e-008	8.925190e-006	8.921406e-006	1.976906e-009
2.389347741634532e-008	8.410086e-008	4.947969e-008	8.924747e-006	8.920973e-006	1.977815e-009
2.390533455920247e-008	8.452867e-008	4.930520e-008	8.924282e-006	8.920518e-006	1.978753e-009
2.391719170205963e-008	8.495922e-008	4.913360e-008	8.923795e-006	8.920041e-006	1.979721e-009
2.392904884491678e-008	8.539250e-008	4.896491e-008	8.923285e-006	8.919541e-006	1.980719e-009
2.394090598777394e-008	8.582852e-008	4.879912e-008	8.922753e-006	8.919018e-006	1.981748e-009
2.395276313063110e-008	8.626727e-008	4.863624e-008	8.922199e-006	8.918473e-006	1.982806e-009
2.395376313063110e-008	8.630358e-008	4.862287e-008	8.922151e-006	8.918427e-006	1.982894e-009
2.398647741634542e-008	8.745994e-008	4.822026e-008	8.920496e-006	8.916798e-006	1.985823e-009
2.401919170205974e-008	8.852912e-008	4.785731e-008	8.918721e-006	8.915050e-006	1.988583e-009
2.405190598777406e-008	8.951114e-008	4.753403e-008	8.916826e-006	8.913182e-006	1.991174e-009
2.408462027348839e-008	9.040599e-008	4.725042e-008	8.914812e-006	8.911195e-006	1.993595e-009
2.411733455920271e-008	9.121367e-008	4.700648e-008	8.912678e-006	8.909088e-006	1.995847e-009
2.415004884491703e-008	9.193417e-008	4.680220e-008	8.910424e-006	8.906861e-006	1.997930e-009
2.418276313063136e-008	9.256751e-008	4.663760e-008	8.908051e-006	8.904515e-006	1.999843e-009
2.425376313063144e-008	9.379169e-008	4.630377e-008	8.902633e-006	8.899156e-006	2.003513e-009
2.429489355125217e-008	9.439839e-008	4.613602e-008	8.899317e-006	8.895873e-006	2.005352e-009
2.429502604204144e-008	9.440024e-008	4.613550e-008	8.899307e-006	8.895863e-006	2.005357e-009
2.429505678745933e-008	9.440067e-008	4.613538e-008	8.899305e-006	8.895860e-006	2.005359e-009
2.429507097969241e-008	9.440087e-008	4.613532e-008	8.899304e-006	8.895860e-006	2.005359e-009
2.429507597121749e-008	9.440093e-008	4.613531e-008	8.899304e-006	8.895860e-006	2.005359e-009
2.429508015217029e-008	9.440100e-008	4.613529e-008	8.899304e-006	8.895860e-006	2.005360e-009
2.429529884065771e-008	9.440404e-008	4.613443e-008	8.899283e-006	8.895839e-006	2.005369e-009
2.429551752914513e-008	9.440709e-008	4.613358e-008	8.899261e-006	8.895816e-006	2.005378e-009
2.429573621763255e-008	9.441013e-008	4.613272e-008	8.899236e-006	8.895792e-006	2.005387e-009
2.429595490611997e-008	9.441317e-008	4.613187e-008	8.899209e-006	8.895765e-006	2.005396e-009
2.429617359460739e-008	9.441621e-008	4.613101e-008	8.899181e-006	8.895737e-006	2.005406e-009
2.429639228309481e-008	9.441925e-008	4.613016e-008	8.899150e-006	8.895706e-006	2.005415e-009
2.429661097158223e-008	9.442229e-008	4.612930e-008	8.899117e-006	8.895674e-006	2.005424e-009
2.429761097158223e-008	9.443616e-008	4.612540e-008	8.899002e-006	8.895559e-006	2.005466e-009
2.429861097158223e-008	9.444999e-008	4.612150e-008	8.898925e-006	8.895483e-006	2.005508e-009
2.429961097158223e-008	9.446378e-008	4.611761e-008	8.898896e-006	8.895457e-006	2.005550e-009
2.430061097158224e-008	9.447753e-008	4.611374e-008	8.898929e-006	8.895490e-006	2.005592e-009
2.430161097158224e-008	9.449124e-008	4.610989e-008	8.899033e-006	8.895595e-006	2.005633e-009
2.430261097158224e-008	9.450491e-008	4.610607e-008	8.899220e-006	8.895783e-006	2.005675e-009
2.430361097158224e-008	9.451853e-008	4.610227e-008	8.899504e-006	8.896068e-006	2.005716e-009
2.430461097158224e-008	9.453209e-008	4.609852e-008	8.899900e-006	8.896465e-006	2.005758e-009
2.430561097158224e-008	9.454561e-008	4.609482e-008	8.900422e-006	8.896989e-006	2.005799e-009
2.430661097158224e-008	9.455907e-008	4.609117e-008	8.901086e-006	8.897655e-006	2.005841e-009
2.430761097158224e-008	9.457247e-008	4.608759e-008	8.901909e-006	8.898478e-006	2.005882e-009
2.430861097158224e-008	9.458580e-008	4.608410e-008	8.902903e-006	8.899474e-006	2.005924e-009
2.431061097158225e-008	9.461226e-008	4.607740e-008	8.905467e-006	8.902041e-006	2.006008e-009
2.431261097158225e-008	9.463841e-008	4.607119e-008	8.908884e-006	8.905464e-006	2.006092e-009
2.431561097158225e-008	9.467693e-008	4.606306e-008	8.915807e-006	8.912394e-006	2.006221e-009
2.431861097158226e-008	9.471451e-008	4.605675e-008	8.925076e-006	8.921671e-006	2.006353e-009
2.432161097158226e-008	9.475095e-008	4.605276e-008	8.936815e-006	8.933421e-006	2.006491e-009
2.432361097158226e-008	9.477455e-008	4.605162e-008	8.946036e-006	8.942649e-006	2.006587e-009
2.432561097158226e-008	9.479751e-008	4.605186e-008	8.956369e-006	8.952991e-006	2.006685e-009
2.432661097158227e-008	9.480875e-008	4.605254e-008	8.961949e-006	8.958576e-006	2.006736e-009
2.432761097158227e-008	9.481982e-008	4.605363e-008	8.967800e-006	8.964431e-006	2.006788e-009
2.432861097158227e-008	9.483073e-008	4.605509e-008	8.973895e-006	8.970531e-006	2.006841e-009
2.432925358148399e-008	9.483765e-008	4.605624e-008	8.977947e-006	8.974585e-006	2.006875e-009
2.432973783868441e-008	9.484280e-008	4.605726e-008	8.981090e-006	8.977731e-006	2.006901e-009
2.433030787685059e-008	9.484881e-008	4.605858e-008	8.984875e-006	8.981518e-006	2.006932e-009
2.433064410205682e-008	9.485233e-008	4.605943e-008	8.987150e-006	8.983796e-006	2.006951e-009
2.433112013381191e-008	9.485727e-008	4.606072e-008	8.990418e-006	8.987066e-006	2.006978e-009
2.433125997829680e-008	9.485871e-008	4.606112e-008	8.991386e-006	8.988034e-006	2.006986e-009
2.433130839596905e-008	9.485921e-008	4.606126e-008	8.991722e-006	8.988372e-006	2.006988e-009
2.433134632529590e-008	9.485960e-008	4.606137e-008	8.991987e-006	8.988636e-006	2.006990e-009
2.433136177656795e-008	9.485976e-008	4.606142e-008	8.992094e-006	8.988744e-006	2.006991e-009
2.433136655275824e-008	9.485981e-008	4.606143e-008	8.992128e-006	8.988777e-006	2.006992e-009
2.433136749833914e-008	9.485982e-008	4.606143e-008	8.992134e-006	8.988784e-006	2.006992e-009
2.433136783198534e-008	9.485982e-008	4.606144e-008	8.992137e-006	8.988786e-006	2.006992e-009
2.433136833319780e-008	9.485983e-008	4.606144e-008	8.992140e-006	8.988790e-006	2.006992e-009
2.433136882855450e-008	9.485984e-008	4.606144e-008	8.992143e-006	8.988794e-006	2.006992e-009
2.433136935058565e-008	9.485984e-008	4.606144e-008	8.992147e-006	8.988797e-006	2.006992e-009
2.433136992435731e-008	9.485984e-008	4.606144e-008	8.992151e-006	8.988801e-006	2.006992e-009
2.433137047414667e-008	9.485985e-008	4.606144e-008	8.992155e-006	8.988804e-006	2.006992e-009
2.433137103319906e-008	9.485986e-008	4.606144e-008	8.992159e-006	8.988808e-006	2.006992e-009
2.433137157601125e-008	9.485986e-008	4.606145e-008	8.992162e-006	8.988813e-006	2.006992e-009
2.433137218853937e-008	9.485986e-008	4.606145e-008	8.992167e-006	8.988816e-006	2.006992e-009
2.433137288308059e-008	9.485987e-008	4.606145e-008	8.992171e-006	8.988822e-006	2.006992e-009
2.433137370124906e-008	9.485989e-008	4.606146e-008	8.992178e-006	8.988827e-006	2.006992e-009
2.433137464643869e-008	9.485989e-008	4.606146e-008	8.992184e-006	8.988834e-006	2.006992e-009
2.433137579379643e-008	9.485991e-008	4.606146e-008	8.992192e-006	8.988842e-006	2.006992e-009
2.433137719890080e-008	9.485992e-008	4.606146e-008	8.992202e-006	8.988852e-006	2.006992e-009
2.433137903383256e-008	9.485994e-008	4.606147e-008	8.992215e-006	8.988864e-006	2.006992e-009
2.433138152600676e-008	9.485996e-008	4.606148e-008	8.992232e-006	8.988882e-006	2.006992e-009
2.433190254121034e-008	9.486528e-008	4.606312e-008	8.995895e-006	8.992547e-006	2.007022e-009
2.433242355641393e-008	9.487054e-008	4.606489e-008	8.999602e-006	8.996256e-006	2.007052e-009
2.433294457161751e-008	9.487575e-008	4.606679e-008	9.003353e-006	9.000010e-006	2.007083e-009
2.433346558682109e-008	9.488091e-008	4.606882e-008	9.007147e-006	9.003807e-006	2.007113e-009
2.433398660202468e-008	9.488602e-008	4.607097e-008	9.010986e-006	9.007649e-006	2.007144e-009
2.433450761722826e-008	9.489107e-008	4.607325e-008	9.014869e-006	9.011535e-006	2.007176e-009
2.433502863243185e-008	9.489607e-008	4.607566e-008	9.018796e-006	9.015465e-006	2.007207e-009
2.433702863243185e-008	9.491475e-008	4.608622e-008	9.034306e-006	9.030987e-006	2.007332e-009
2.434002863243185e-008	9.494119e-008	4.610603e-008	9.058826e-006	9.055523e-006	2.007530e-009
2.434231434671757e-008	9.496008e-008	4.612424e-008	9.078548e-006	9.075260e-006	2.007689e-009
2.434460006100329e-008	9.497774e-008	4.614569e-008	9.099038e-006	9.095765e-006	2.007857e-009
2.434688577528900e-008	9.499416e-008	4.617039e-008	9.120295e-006	9.117036e-006	2.008033e-009
2.434917148957472e-008	9.500934e-008	4.619834e-008	9.142318e-006	9.139075e-006	2.008219e-009
2.435145720386044e-008	9.502329e-008	4.622954e-008	9.165108e-006	9.161882e-006	2.008413e-009
2.435374291814616e-008	9.503600e-008	4.626399e-008	9.188665e-006	9.185455e-006	2.008616e-009
2.435602863243187e-008	9.504748e-008	4.630169e-008	9.212989e-006	9.209796e-006	2.008828e-009
2.435731434671759e-008	9.505333e-008	4.632454e-008	9.226948e-006	9.223765e-006	2.008951e-009
2.435860006100330e-008	9.505876e-008	4.634856e-008	9.241107e-006	9.237933e-006	2.009078e-009
2.435988577528902e-008	9.506376e-008	4.637375e-008	9.255465e-006	9.252301e-006	2.009208e-009
2.436117148957473e-008	9.506833e-008	4.640010e-008	9.270023e-006	9.266869e-006	2.009342e-009
2.436245720386045e-008	9.507249e-008	4.642762e-008	9.284780e-006	9.281636e-006	2.009479e-009
2.436374291814617e-008	9.507621e-008	4.645631e-008	9.299737e-006	9.296603e-006	2.009619e-009
2.436502863243188e-008	9.507951e-008	4.648616e-008	9.314893e-006	9.311770e-006	2.009762e-009
2.436602863243188e-008	9.508182e-008	4.651011e-008	9.326779e-006	9.323665e-006	2.009875e-009
2.436630930692281e-008	9.508242e-008	4.651696e-008	9.330135e-006	9.327023e-006	2.009907e-009
2.436654023433193e-008	9.508290e-008	4.652266e-008	9.332912e-006	9.329801e-006	2.009934e-009
2.436686384823911e-008	9.508352e-008	4.653074e-008	9.336839e-006	9.333731e-006	2.009972e-009
2.436719871093194e-008	9.508413e-008	4.653921e-008	9.340953e-006	9.337847e-006	2.010011e-009
2.436786843631761e-008	9.508525e-008	4.655642e-008	9.349286e-006	9.346187e-006	2.010090e-009
2.436886843631761e-008	9.508671e-008	4.658272e-008	9.361949e-006	9.358858e-006	2.010210e-009
2.436986843631761e-008	9.508791e-008	4.660974e-008	9.374879e-006	9.371796e-006	2.010332e-009
2.437086843631761e-008	9.508882e-008	4.663757e-008	9.388102e-006	9.385029e-006	2.010457e-009
2.437186843631762e-008	9.508943e-008	4.666623e-008	9.401621e-006	9.398557e-006	2.010584e-009
2.437286843631762e-008	9.508975e-008	4.669573e-008	9.415438e-006	9.412383e-006	2.010713e-009
2.437386843631762e-008	9.508975e-008	4.672609e-008	9.429551e-006	9.426506e-006	2.010844e-009
2.437486843631762e-008	9.508945e-008	4.675733e-008	9.443957e-006	9.440922e-006	2.010978e-009
2.437586843631762e-008	9.508884e-008	4.678946e-008	9.458652e-006	9.455627e-006	2.011115e-009
2.437686843631762e-008	9.508790e-008	4.682251e-008	9.473628e-006	9.470613e-006	2.011254e-009
2.437786843631762e-008	9.508663e-008	4.685648e-008	9.488877e-006	9.485873e-006	2.011396e-009
2.437886843631762e-008	9.508503e-008	4.689140e-008	9.504391e-006	9.501397e-006	2.011540e-009
2.437986843631763e-008	9.508311e-008	4.692727e-008	9.520155e-006	9.517172e-006	2.011687e-009
2.438086843631763e-008	9.508085e-008	4.696410e-008	9.536157e-006	9.533185e-006	2.011837e-009
2.438186843631763e-008	9.507825e-008	4.700192e-008	9.552386e-006	9.549424e-006	2.011990e-009
2.438286843631763e-008	9.507530e-008	4.704073e-008	9.568823e-006	9.565872e-006	2.012146e-009
2.438386843631763e-008	9.507201e-008	4.708054e-008	9.585455e-006	9.582515e-006	2.012304e-009
2.438586843631763e-008	9.506439e-008	4.716319e-008	9.619236e-006	9.616319e-006	2.012630e-009
2.438786843631763e-008	9.505538e-008	4.724993e-008	9.653604e-006	9.650710e-006	2.012968e-009
2.439086843631764e-008	9.503924e-008	4.738780e-008	9.705994e-006	9.703134e-006	2.013496e-009
2.439186843631764e-008	9.503316e-008	4.743583e-008	9.723628e-006	9.720780e-006	2.013679e-009
2.439286843631764e-008	9.502673e-008	4.748490e-008	9.741327e-006	9.738491e-006	2.013865e-009
2.439386843631764e-008	9.501995e-008	4.753501e-008	9.759082e-006	9.756259e-006	2.014053e-009
2.439486843631764e-008	9.501283e-008	4.758617e-008	9.776884e-006	9.774072e-006	2.014245e-009
2.439686843631764e-008	9.499755e-008	4.769159e-008	9.812595e-006	9.809806e-006	2.014637e-009
2.439886843631765e-008	9.498091e-008	4.780115e-008	9.848407e-006	9.845641e-006	2.015041e-009
2.440086843631765e-008	9.496293e-008	4.791483e-008	9.884277e-006	9.881534e-006	2.015458e-009
2.440286843631765e-008	9.494360e-008	4.803260e-008	9.920173e-006	9.917455e-006	2.015888e-009
2.440486843631765e-008	9.492297e-008	4.815444e-008	9.956076e-006	9.953380e-006	2.016329e-009
2.440786843631766e-008	9.488959e-008	4.834476e-008	1.000990e-005	1.000724e-005	2.017014e-009
2.441086843631766e-008	9.485335e-008	4.854405e-008	1.006365e-005	1.006103e-005	2.017726e-009
2.441386843631766e-008	9.481431e-008	4.875220e-008	1.011731e-005	1.011472e-005	2.018465e-009
2.441629700774624e-008	9.478062e-008	4.892728e-008	1.016069e-005	1.015813e-005	2.019083e-009
2.441872557917481e-008	9.474527e-008	4.910784e-008	1.020393e-005	1.020140e-005	2.019719e-009
2.442115415060339e-008	9.470826e-008	4.929389e-008	1.024703e-005	1.024453e-005	2.020371e-009
2.442358272203196e-008	9.466959e-008	4.948542e-008	1.028999e-005	1.028751e-005	2.021041e-009
2.442601129346053e-008	9.462926e-008	4.968243e-008	1.033280e-005	1.033035e-005	2.021728e-009
2.442843986488911e-008	9.458726e-008	4.988492e-008	1.037546e-005	1.037304e-005	2.022432e-009
2.443086843631768e-008	9.454360e-008	5.009290e-008	1.041799e-005	1.041559e-005	2.023153e-009
2.443543986488912e-008	9.445675e-008	5.049976e-008	1.049767e-005	1.049532e-005	2.024558e-009
2.444001129346055e-008	9.436547e-008	5.092291e-008	1.057611e-005	1.057381e-005	2.026017e-009
2.444458272203199e-008	9.426975e-008	5.136235e-008	1.065330e-005	1.065106e-005	2.027531e-009
2.444915415060342e-008	9.416960e-008	5.181808e-008	1.072926e-005	1.072706e-005	2.029098e-009
2.445372557917485e-008	9.406501e-008	5.229011e-008	1.080397e-005	1.080182e-005	2.030720e-009
2.445829700774628e-008	9.395600e-008	5.277843e-008	1.087744e-005	1.087534e-005	2.032396e-009
2.446286843631772e-008	9.384254e-008	5.328304e-008	1.094968e-005	1.094762e-005	2.034125e-009
2.446786843631772e-008	9.371442e-008	5.385139e-008	1.102661e-005	1.102460e-005	2.036074e-009
2.447286843631773e-008	9.358364e-008	5.443279e-008	1.110139e-005	1.109942e-005	2.038072e-009
2.447786843631774e-008	9.345018e-008	5.502723e-008	1.117400e-005	1.117208e-005	2.040120e-009
2.448286843631774e-008	9.331406e-008	5.563473e-008	1.124444e-005	1.124257e-005	2.042216e-009
2.448786843631775e-008	9.317527e-008	5.625528e-008	1.131273e-005	1.131090e-005	2.044362e-009
2.449286843631775e-008	9.303382e-008	5.688888e-008	1.137885e-005	1.137706e-005	2.046556e-009
2.449786843631776e-008	9.288970e-008	5.753553e-008	1.144281e-005	1.144105e-005	2.048800e-009
2.449886843631776e-008	9.286089e-008	5.766555e-008	1.145531e-005	1.145357e-005	2.049252e-009
2.450872557917491e-008	9.256958e-008	5.898093e-008	1.157289e-005	1.157122e-005	2.053835e-009
2.451858272203207e-008	9.228114e-008	6.031059e-008	1.168297e-005	1.168136e-005	2.058510e-009
2.452843986488922e-008	9.199556e-008	6.165452e-008	1.178555e-005	1.178400e-005	2.063280e-009
2.453829700774637e-008	9.171284e-008	6.301273e-008	1.188062e-005	1.187913e-005	2.068142e-009
2.454815415060353e-008	9.143300e-008	6.438521e-008	1.196819e-005	1.196675e-005	2.073099e-009
2.455801129346068e-008	9.115602e-008	6.577196e-008	1.204827e-005	1.204687e-005	2.078148e-009
2.456786843631784e-008	9.088191e-008	6.717298e-008	1.212084e-005	1.211948e-005	2.083291e-009
2.457129700774641e-008	9.078998e-008	6.765538e-008	1.214503e-005	1.214369e-005	2.085079e-009
2.457472557917499e-008	9.069921e-008	6.813687e-008	1.216860e-005	1.216727e-005	2.086869e-009
2.457815415060356e-008	9.060961e-008	6.861746e-008	1.219153e-005	1.219021e-005	2.088664e-009
2.458158272203214e-008	9.052117e-008	6.909716e-008	1.221382e-005	1.221252e-005	2.090462e-009
2.458501129346071e-008	9.043391e-008	6.957596e-008	1.223548e-005	1.223419e-005	2.092264e-009
2.458843986488929e-008	9.034781e-008	7.005385e-008	1.225650e-005	1.225522e-005	2.094069e-009
2.459186843631787e-008	9.026289e-008	7.053085e-008	1.227689e-005	1.227562e-005	2.095878e-009
2.459224343631787e-008	9.025369e-008	7.058291e-008	1.227909e-005	1.227782e-005	2.096076e-009
2.459274343631787e-008	9.024146e-008	7.065228e-008	1.228200e-005	1.228074e-005	2.096340e-009
2.459374343631787e-008	9.021705e-008	7.079095e-008	1.228780e-005	1.228653e-005	2.096868e-009
2.459411843631787e-008	9.020793e-008	7.084292e-008	1.228994e-005	1.228868e-005	2.097066e-009
2.459461843631787e-008	9.019579e-008	7.091217e-008	1.229279e-005	1.229153e-005	2.097330e-009
2.459522991232699e-008	9.018100e-008	7.099683e-008	1.229626e-005	1.229500e-005	2.097653e-009
2.459619872969269e-008	9.015763e-008	7.113086e-008	1.230173e-005	1.230047e-005	2.098165e-009
2.459716754705841e-008	9.013438e-008	7.126476e-008	1.230716e-005	1.230591e-005	2.098677e-009
2.459813636442411e-008	9.011123e-008	7.139854e-008	1.231255e-005	1.231130e-005	2.099189e-009
2.459910518178982e-008	9.008818e-008	7.153220e-008	1.231790e-005	1.231665e-005	2.099701e-009
2.460007399915553e-008	9.006524e-008	7.166573e-008	1.232321e-005	1.232197e-005	2.100213e-009
2.460104281652124e-008	9.004240e-008	7.179914e-008	1.232848e-005	1.232724e-005	2.100725e-009
2.460201163388695e-008	9.001967e-008	7.193243e-008	1.233371e-005	1.233248e-005	2.101238e-009
2.460232413388695e-008	9.001236e-008	7.197539e-008	1.233539e-005	1.233416e-005	2.101403e-009
2.460244913388695e-008	9.000944e-008	7.199256e-008	1.233606e-005	1.233482e-005	2.101469e-009
2.460269913388695e-008	9.000362e-008	7.202691e-008	1.233739e-005	1.233616e-005	2.101601e-009
2.460313818566126e-008	8.999339e-008	7.208720e-008	1.233972e-005	1.233849e-005	2.101834e-009
2.460388751227194e-008	8.997600e-008	7.219004e-008	1.234368e-005	1.234245e-005	2.102230e-009
2.460463683888263e-008	8.995868e-008	7.229280e-008	1.234762e-005	1.234639e-005	2.102626e-009
2.460538616549331e-008	8.994142e-008	7.239547e-008	1.235154e-005	1.235031e-005	2.103023e-009
2.460613549210399e-008	8.992423e-008	7.249806e-008	1.235543e-005	1.235421e-005	2.103419e-009
2.460688481871467e-008	8.990710e-008	7.260056e-008	1.235930e-005	1.235808e-005	2.103816e-009
2.460763414532535e-008	8.989004e-008	7.270297e-008	1.236315e-005	1.236193e-005	2.104213e-009
2.460838347193603e-008	8.987305e-008	7.280530e-008	1.236697e-005	1.236575e-005	2.104609e-009
2.460875400765032e-008	8.986466e-008	7.285587e-008	1.236885e-005	1.236763e-005	2.104805e-009
2.460912454336461e-008	8.985630e-008	7.290642e-008	1.237073e-005	1.236951e-005	2.105002e-009
2.460949507907889e-008	8.984795e-008	7.295694e-008	1.237259e-005	1.237138e-005	2.105198e-009
2.460986561479318e-008	8.983962e-008	7.300744e-008	1.237446e-005	1.237324e-005	2.105394e-009
2.461023615050746e-008	8.983130e-008	7.305792e-008	1.237631e-005	1.237510e-005	2.105590e-009
2.461060668622175e-008	8.982301e-008	7.310838e-008	1.237816e-005	1.237695e-005	2.105786e-009
2.461097722193604e-008	8.981473e-008	7.315882e-008	1.238000e-005	1.237879e-005	2.105982e-009
2.461116472193604e-008	8.981055e-008	7.318432e-008	1.238093e-005	1.237972e-005	2.106081e-009
2.461141472193604e-008	8.980498e-008	7.321832e-008	1.238216e-005	1.238095e-005	2.106214e-009
2.461242376847786e-008	8.978259e-008	7.335543e-008	1.238702e-005	1.238581e-005	2.106748e-009
2.461322212657882e-008	8.976497e-008	7.346378e-008	1.239075e-005	1.238954e-005	2.107170e-009
2.461402048467977e-008	8.974744e-008	7.357200e-008	1.239438e-005	1.239318e-005	2.107593e-009
2.461481884278073e-008	8.972999e-008	7.368008e-008	1.239792e-005	1.239672e-005	2.108015e-009
2.461561720088168e-008	8.971264e-008	7.378803e-008	1.240137e-005	1.240017e-005	2.108438e-009
2.461641555898264e-008	8.969536e-008	7.389584e-008	1.240472e-005	1.240352e-005	2.108860e-009
2.461721391708359e-008	8.967818e-008	7.400351e-008	1.240798e-005	1.240678e-005	2.109282e-009
2.461801227518455e-008	8.966108e-008	7.411105e-008	1.241115e-005	1.240995e-005	2.109704e-009
2.461901227518455e-008	8.963978e-008	7.424556e-008	1.241500e-005	1.241380e-005	2.110233e-009
2.461931444926679e-008	8.963337e-008	7.428615e-008	1.241614e-005	1.241494e-005	2.110392e-009
2.461938054001372e-008	8.963197e-008	7.429502e-008	1.241638e-005	1.241519e-005	2.110427e-009
2.461941435738575e-008	8.963126e-008	7.429956e-008	1.241651e-005	1.241531e-005	2.110445e-009
2.461943055435316e-008	8.963092e-008	7.430174e-008	1.241657e-005	1.241537e-005	2.110454e-009
2.461943527248351e-008	8.963082e-008	7.430237e-008	1.241659e-005	1.241539e-005	2.110456e-009
2.461943622184687e-008	8.963080e-008	7.430250e-008	1.241659e-005	1.241539e-005	2.110457e-009
2.461943671620673e-008	8.963078e-008	7.430257e-008	1.241659e-005	1.241539e-005	2.110457e-009
2.461943736935687e-008	8.963077e-008	7.430265e-008	1.241659e-005	1.241540e-005	2.110457e-009
2.461943819823056e-008	8.963075e-008	7.430277e-008	1.241660e-005	1.241540e-005	2.110458e-009
2.461943928778519e-008	8.963073e-008	7.430291e-008	1.241660e-005	1.241540e-005	2.110458e-009
2.461944050622658e-008	8.963070e-008	7.430307e-008	1.241661e-005	1.241541e-005	2.110459e-009
2.461944209900324e-008	8.963067e-008	7.430329e-008	1.241661e-005	1.241541e-005	2.110460e-009
2.461944410315472e-008	8.963062e-008	7.430356e-008	1.241662e-005	1.241542e-005	2.110461e-009
2.461946048032016e-008	8.963028e-008	7.430576e-008	1.241668e-005	1.241548e-005	2.110470e-009
2.462004875293647e-008	8.961789e-008	7.438465e-008	1.241885e-005	1.241765e-005	2.110780e-009
2.462063702555279e-008	8.960555e-008	7.446345e-008	1.242097e-005	1.241977e-005	2.111091e-009
2.462122529816911e-008	8.959325e-008	7.454217e-008	1.242304e-005	1.242184e-005	2.111401e-009
2.462181357078542e-008	8.958101e-008	7.462081e-008	1.242506e-005	1.242386e-005	2.111712e-009
2.462240184340173e-008	8.956882e-008	7.469935e-008	1.242702e-005	1.242583e-005	2.112022e-009
2.462299011601805e-008	8.955668e-008	7.477781e-008	1.242894e-005	1.242774e-005	2.112332e-009
2.462357838863436e-008	8.954459e-008	7.485619e-008	1.243080e-005	1.242960e-005	2.112643e-009
2.462389071058577e-008	8.953818e-008	7.489776e-008	1.243175e-005	1.243056e-005	2.112807e-009
2.462402316122619e-008	8.953548e-008	7.491537e-008	1.243215e-005	1.243095e-005	2.112877e-009
2.462425951788074e-008	8.953066e-008	7.494679e-008	1.243283e-005	1.243163e-005	2.113001e-009
2.462449587453531e-008	8.952585e-008	7.497819e-008	1.243350e-005	1.243231e-005	2.113126e-009
2.462473223118986e-008	8.952105e-008	7.500956e-008	1.243416e-005	1.243297e-005	2.113250e-009
2.462496858784442e-008	8.951627e-008	7.504092e-008	1.243481e-005	1.243362e-005	2.113375e-009
2.462520494449898e-008	8.951149e-008	7.507225e-008	1.243545e-005	1.243426e-005	2.113499e-009
2.462544130115354e-008	8.950673e-008	7.510356e-008	1.243608e-005	1.243489e-005	2.113624e-009
2.462567765780809e-008	8.950198e-008	7.513485e-008	1.243670e-005	1.243551e-005	2.113748e-009
2.462867765780810e-008	8.944241e-008	7.553059e-008	1.244406e-005	1.244287e-005	2.115324e-009
2.463167765780810e-008	8.938445e-008	7.592320e-008	1.245028e-005	1.244909e-005	2.116896e-009
2.463367765780810e-008	8.934674e-008	7.618311e-008	1.245379e-005	1.245261e-005	2.117940e-009
2.463467765780810e-008	8.932817e-008	7.631248e-008	1.245536e-005	1.245418e-005	2.118462e-009
2.463567765780811e-008	8.930979e-008	7.644146e-008	1.245680e-005	1.245562e-005	2.118983e-009
2.463667765780811e-008	8.929157e-008	7.657012e-008	1.245814e-005	1.245696e-005	2.119503e-009
2.463687892469893e-008	8.928792e-008	7.659596e-008	1.245839e-005	1.245721e-005	2.119608e-009
2.463707587947494e-008	8.928437e-008	7.662123e-008	1.245863e-005	1.245745e-005	2.119710e-009
2.463711095742394e-008	8.928374e-008	7.662572e-008	1.245867e-005	1.245749e-005	2.119728e-009
2.463711295562652e-008	8.928370e-008	7.662598e-008	1.245868e-005	1.245749e-005	2.119729e-009
2.463711666086985e-008	8.928364e-008	7.662646e-008	1.245868e-005	1.245750e-005	2.119731e-009
2.463712125621330e-008	8.928355e-008	7.662705e-008	1.245869e-005	1.245751e-005	2.119733e-009
2.463712875116174e-008	8.928342e-008	7.662801e-008	1.245870e-005	1.245751e-005	2.119737e-009
2.463713709257503e-008	8.928327e-008	7.662908e-008	1.245871e-005	1.245752e-005	2.119742e-009
2.463714649558111e-008	8.928310e-008	7.663028e-008	1.245872e-005	1.245754e-005	2.119747e-009
2.463715685126480e-008	8.928291e-008	7.663161e-008	1.245873e-005	1.245755e-005	2.119752e-009
2.463718446688162e-008	8.928242e-008	7.663515e-008	1.245877e-005	1.245758e-005	2.119766e-009
2.463730408327875e-008	8.928027e-008	7.665047e-008	1.245891e-005	1.245773e-005	2.119828e-009
2.463742369967588e-008	8.927812e-008	7.666580e-008	1.245906e-005	1.245788e-005	2.119891e-009
2.463754331607301e-008	8.927598e-008	7.668111e-008	1.245920e-005	1.245802e-005	2.119953e-009
2.463766293247014e-008	8.927384e-008	7.669642e-008	1.245935e-005	1.245817e-005	2.120015e-009
2.463778254886727e-008	8.927170e-008	7.671171e-008	1.245950e-005	1.245832e-005	2.120077e-009
2.463790216526440e-008	8.926957e-008	7.672701e-008	1.245964e-005	1.245846e-005	2.120139e-009
2.463802178166153e-008	8.926744e-008	7.674229e-008	1.245979e-005	1.245861e-005	2.120201e-009
2.464856535060416e-008	8.909267e-008	7.806394e-008	1.247263e-005	1.247145e-005	2.125627e-009
2.465910891954679e-008	8.893538e-008	7.934641e-008	1.248540e-005	1.248422e-005	2.130980e-009
2.466965248848942e-008	8.879555e-008	8.058968e-008	1.249809e-005	1.249692e-005	2.136260e-009
2.468019605743205e-008	8.867320e-008	8.179376e-008	1.251070e-005	1.250953e-005	2.141466e-009
2.469073962637468e-008	8.856831e-008	8.295864e-008	1.252323e-005	1.252207e-005	2.146598e-009
2.470128319531731e-008	8.848090e-008	8.408434e-008	1.253569e-005	1.253454e-005	2.151658e-009
2.471182676425994e-008	8.841095e-008	8.517084e-008	1.254808e-005	1.254693e-005	2.156644e-009
2.471282676425994e-008	8.840481e-008	8.527245e-008	1.254925e-005	1.254810e-005	2.157114e-009
2.473725533568854e-008	8.831126e-008	8.763176e-008	1.257764e-005	1.257650e-005	2.168364e-009
2.476168390711714e-008	8.826287e-008	8.985615e-008	1.260571e-005	1.260457e-005	2.179311e-009
2.478611247854574e-008	8.825964e-008	9.194562e-008	1.263344e-005	1.263232e-005	2.189953e-009
2.481054104997434e-008	8.830158e-008	9.390017e-008	1.266085e-005	1.265974e-005	2.200292e-009
2.483496962140294e-008	8.838868e-008	9.571980e-008	1.268793e-005	1.268683e-005	2.210327e-009
2.485939819283154e-008	8.852095e-008	9.740452e-008	1.271468e-005	1.271359e-005	2.220059e-009
2.488382676426013e-008	8.869839e-008	9.895432e-008	1.274111e-005	1.274002e-005	2.229486e-009
2.490211247854587e-008	8.883810e-008	1.000633e-007	1.276071e-005	1.275963e-005	2.236393e-009
2.492039819283161e-008	8.898573e-008	1.011274e-007	1.278016e-005	1.277909e-005	2.243173e-009
2.493868390711734e-008	8.914126e-008	1.021467e-007	1.279947e-005	1.279840e-005	2.249828e-009
2.495696962140307e-008	8.930470e-008	1.031213e-007	1.281863e-005	1.281756e-005	2.256357e-009
2.497525533568881e-008	8.947604e-008	1.040511e-007	1.283763e-005	1.283657e-005	2.262761e-009
2.499354104997455e-008	8.965529e-008	1.049361e-007	1.285649e-005	1.285544e-005	2.269039e-009
2.501182676426028e-008	8.984244e-008	1.057763e-007	1.287520e-005	1.287415e-005	2.275191e-009
2.501282676426028e-008	8.985262e-008	1.058215e-007	1.287621e-005	1.287517e-005	2.275525e-009
2.504196962140317e-008	9.015905e-008	1.070788e-007	1.290572e-005	1.290469e-005	2.285078e-009
2.507111247854606e-008	9.046503e-008	1.082690e-007	1.293492e-005	1.293389e-005	2.294398e-009
2.510025533568895e-008	9.077056e-008	1.093921e-007	1.296379e-005	1.296277e-005	2.303484e-009
2.512939819283184e-008	9.107564e-008	1.104481e-007	1.299235e-005	1.299134e-005	2.312336e-009
2.515854104997473e-008	9.138027e-008	1.114371e-007	1.302059e-005	1.301959e-005	2.320955e-009
2.518768390711762e-008	9.168445e-008	1.123590e-007	1.304852e-005	1.304752e-005	2.329340e-009
2.521682676426051e-008	9.198818e-008	1.132138e-007	1.307613e-005	1.307514e-005	2.337491e-009
2.523039819283196e-008	9.212544e-008	1.136005e-007	1.308889e-005	1.308791e-005	2.341232e-009
2.524396962140340e-008	9.226104e-008	1.139779e-007	1.310160e-005	1.310062e-005	2.344934e-009
2.525754104997484e-008	9.239499e-008	1.143460e-007	1.311424e-005	1.311327e-005	2.348597e-009
2.527111247854629e-008	9.252729e-008	1.147047e-007	1.312683e-005	1.312586e-005	2.352221e-009
2.528468390711773e-008	9.265793e-008	1.150541e-007	1.313935e-005	1.313838e-005	2.355806e-009
2.529825533568917e-008	9.278692e-008	1.153941e-007	1.315182e-005	1.315085e-005	2.359352e-009
2.531182676426062e-008	9.291425e-008	1.157248e-007	1.316422e-005	1.316326e-005	2.362860e-009
2.531282676426062e-008	9.292355e-008	1.157489e-007	1.316513e-005	1.316417e-005	2.363117e-009
2.534096962140351e-008	9.318126e-008	1.164044e-007	1.319065e-005	1.318969e-005	2.370261e-009
2.536911247854640e-008	9.343019e-008	1.170323e-007	1.321593e-005	1.321498e-005	2.377273e-009
2.539725533568929e-008	9.367035e-008	1.176325e-007	1.324098e-005	1.324004e-005	2.384152e-009
2.542539819283218e-008	9.390173e-008	1.182052e-007	1.326579e-005	1.326485e-005	2.390899e-009
2.545354104997507e-008	9.412434e-008	1.187503e-007	1.329036e-005	1.328943e-005	2.397514e-009
2.548168390711796e-008	9.433818e-008	1.192678e-007	1.331470e-005	1.331377e-005	2.403997e-009
2.550982676426084e-008	9.454325e-008	1.197576e-007	1.333880e-005	1.333788e-005	2.410347e-009
2.552439819283229e-008	9.464582e-008	1.200046e-007	1.335119e-005	1.335028e-005	2.413595e-009
2.553896962140373e-008	9.474610e-008	1.202463e-007	1.336353e-005	1.336261e-005	2.416815e-009
2.555354104997518e-008	9.484408e-008	1.204827e-007	1.337581e-005	1.337489e-005	2.420007e-009
2.556811247854662e-008	9.493976e-008	1.207140e-007	1.338802e-005	1.338711e-005	2.423170e-009
2.558268390711807e-008	9.503314e-008	1.209400e-007	1.340018e-005	1.339928e-005	2.426305e-009
2.559725533568951e-008	9.512422e-008	1.211608e-007	1.341229e-005	1.341138e-005	2.429411e-009
2.561182676426096e-008	9.521300e-008	1.213764e-007	1.342433e-005	1.342343e-005	2.432489e-009
2.561282676426096e-008	9.521901e-008	1.213911e-007	1.342515e-005	1.342425e-005	2.432699e-009
2.565554104997530e-008	9.546437e-008	1.219907e-007	1.346010e-005	1.345920e-005	2.441545e-009
2.569825533568963e-008	9.569323e-008	1.225596e-007	1.349458e-005	1.349370e-005	2.450199e-009
2.574096962140396e-008	9.590561e-008	1.230979e-007	1.352860e-005	1.352772e-005	2.458664e-009
2.578368390711830e-008	9.610151e-008	1.236056e-007	1.356216e-005	1.356129e-005	2.466937e-009
2.582639819283263e-008	9.628091e-008	1.240826e-007	1.359526e-005	1.359439e-005	2.475020e-009
2.586911247854696e-008	9.644384e-008	1.245290e-007	1.362789e-005	1.362703e-005	2.482912e-009
2.591182676426130e-008	9.659027e-008	1.249448e-007	1.366006e-005	1.365920e-005	2.490614e-009
2.591282676426130e-008	9.659357e-008	1.249543e-007	1.366081e-005	1.365995e-005	2.490793e-009
2.595554104997564e-008	9.672620e-008	1.253484e-007	1.369253e-005	1.369168e-005	2.498339e-009
2.599825533568997e-008	9.684742e-008	1.257231e-007	1.372384e-005	1.372299e-005	2.505742e-009
2.604096962140430e-008	9.695722e-008	1.260783e-007	1.375473e-005	1.375388e-005	2.513003e-009
2.608368390711864e-008	9.705561e-008	1.264142e-007	1.378519e-005	1.378435e-005	2.520122e-009
2.612639819283297e-008	9.714258e-008	1.267306e-007	1.381524e-005	1.381440e-005	2.527099e-009
2.616911247854730e-008	9.721814e-008	1.270276e-007	1.384487e-005	1.384403e-005	2.533933e-009
2.621182676426164e-008	9.728228e-008	1.273052e-007	1.387408e-005	1.387324e-005	2.540625e-009
2.621282676426164e-008	9.728370e-008	1.273115e-007	1.387476e-005	1.387392e-005	2.540781e-009
2.625368390711883e-008	9.733662e-008	1.275627e-007	1.390232e-005	1.390148e-005	2.547065e-009
2.629454104997602e-008	9.738237e-008	1.278011e-007	1.392952e-005	1.392869e-005	2.553243e-009
2.633539819283321e-008	9.742095e-008	1.280266e-007	1.395637e-005	1.395554e-005	2.559313e-009
2.637625533569040e-008	9.745236e-008	1.282394e-007	1.398286e-005	1.398203e-005	2.565275e-009
2.641711247854759e-008	9.747659e-008	1.284393e-007	1.400900e-005	1.400817e-005	2.571131e-009
2.645796962140478e-008	9.749365e-008	1.286264e-007	1.403479e-005	1.403396e-005	2.576879e-009
2.649882676426197e-008	9.750354e-008	1.288007e-007	1.406022e-005	1.405939e-005	2.582519e-009
2.649982676426197e-008	9.750372e-008	1.288048e-007	1.406084e-005	1.406001e-005	2.582656e-009
2.650082676426197e-008	9.750391e-008	1.288090e-007	1.406146e-005	1.406063e-005	2.582793e-009
2.650282676426197e-008	9.750426e-008	1.288172e-007	1.406269e-005	1.406187e-005	2.583067e-009
2.651282676426198e-008	9.750583e-008	1.288582e-007	1.406886e-005	1.406803e-005	2.584431e-009
2.681282676426232e-008	9.740429e-008	1.297977e-007	1.424459e-005	1.424375e-005	2.622672e-009
2.685554104997666e-008	9.736879e-008	1.298891e-007	1.426818e-005	1.426735e-005	2.627708e-009
2.689825533569099e-008	9.732917e-008	1.299713e-007	1.429144e-005	1.429060e-005	2.632647e-009
2.694096962140532e-008	9.728543e-008	1.300445e-007	1.431436e-005	1.431352e-005	2.637489e-009
2.698368390711966e-008	9.723756e-008	1.301087e-007	1.433695e-005	1.433611e-005	2.642236e-009
2.702639819283399e-008	9.718557e-008	1.301638e-007	1.435920e-005	1.435836e-005	2.646886e-009
2.706911247854833e-008	9.712946e-008	1.302098e-007	1.438112e-005	1.438028e-005	2.651440e-009
2.711182676426266e-008	9.706923e-008	1.302467e-007	1.440270e-005	1.440186e-005	2.655898e-009
2.711282676426266e-008	9.706778e-008	1.302475e-007	1.440320e-005	1.440236e-005	2.656001e-009
2.739882676426299e-008	9.657749e-008	1.302895e-007	1.453953e-005	1.453867e-005	2.683449e-009
2.739982676426299e-008	9.657552e-008	1.302890e-007	1.453998e-005	1.453912e-005	2.683538e-009
2.740010743859203e-008	9.657497e-008	1.302889e-007	1.454011e-005	1.453925e-005	2.683563e-009
2.740021058797748e-008	9.657477e-008	1.302888e-007	1.454016e-005	1.453929e-005	2.683572e-009
2.740028588054533e-008	9.657462e-008	1.302888e-007	1.454019e-005	1.453933e-005	2.683579e-009
2.740036624909171e-008	9.657446e-008	1.302888e-007	1.454023e-005	1.453937e-005	2.683586e-009
2.740038041051828e-008	9.657443e-008	1.302888e-007	1.454023e-005	1.453937e-005	2.683587e-009
2.740038196482069e-008	9.657442e-008	1.302888e-007	1.454023e-005	1.453937e-005	2.683588e-009
2.740224754023207e-008	9.657075e-008	1.302879e-007	1.454108e-005	1.454021e-005	2.683753e-009
2.740411311564345e-008	9.656707e-008	1.302870e-007	1.454192e-005	1.454106e-005	2.683918e-009
2.740597869105484e-008	9.656339e-008	1.302861e-007	1.454276e-005	1.454190e-005	2.684083e-009
2.740784426646622e-008	9.655970e-008	1.302852e-007	1.454360e-005	1.454274e-005	2.684248e-009
2.740970984187760e-008	9.655600e-008	1.302843e-007	1.454444e-005	1.454358e-005	2.684413e-009
2.741157541728898e-008	9.655230e-008	1.302833e-007	1.454528e-005	1.454442e-005	2.684577e-009
2.741344099270036e-008	9.654859e-008	1.302824e-007	1.454612e-005	1.454526e-005	2.684742e-009
2.768344099270067e-008	9.595462e-008	1.300033e-007	1.466172e-005	1.466084e-005	2.706718e-009
2.772258384984357e-008	9.585947e-008	1.299403e-007	1.467752e-005	1.467663e-005	2.709608e-009
2.776172670698647e-008	9.576230e-008	1.298720e-007	1.469309e-005	1.469219e-005	2.712424e-009
2.780086956412937e-008	9.566309e-008	1.297986e-007	1.470842e-005	1.470752e-005	2.715166e-009
2.784001242127228e-008	9.556185e-008	1.297198e-007	1.472352e-005	1.472262e-005	2.717835e-009
2.787915527841518e-008	9.545859e-008	1.296359e-007	1.473839e-005	1.473749e-005	2.720429e-009
2.791829813555808e-008	9.535329e-008	1.295467e-007	1.475303e-005	1.475212e-005	2.722950e-009
2.795744099270098e-008	9.524597e-008	1.294523e-007	1.476744e-005	1.476653e-005	2.725398e-009
2.798344099270101e-008	9.517368e-008	1.293870e-007	1.477689e-005	1.477597e-005	2.726984e-009
2.826944099270133e-008	9.432493e-008	1.285291e-007	1.487444e-005	1.487349e-005	2.742314e-009
2.828344099270135e-008	9.428105e-008	1.284808e-007	1.487892e-005	1.487797e-005	2.742966e-009
2.829686956412994e-008	9.423874e-008	1.284339e-007	1.488320e-005	1.488224e-005	2.743583e-009
2.831029813555852e-008	9.419644e-008	1.283864e-007	1.488744e-005	1.488649e-005	2.744192e-009
2.832372670698711e-008	9.415414e-008	1.283383e-007	1.489167e-005	1.489071e-005	2.744793e-009
2.833715527841570e-008	9.411184e-008	1.282897e-007	1.489587e-005	1.489491e-005	2.745386e-009
2.835058384984428e-008	9.406954e-008	1.282405e-007	1.490004e-005	1.489908e-005	2.745972e-009
2.836401242127287e-008	9.402725e-008	1.281907e-007	1.490420e-005	1.490323e-005	2.746549e-009
2.837744099270146e-008	9.398497e-008	1.281404e-007	1.490832e-005	1.490736e-005	2.747119e-009
2.840358384984434e-008	9.390310e-008	1.280405e-007	1.491629e-005	1.491532e-005	2.748208e-009
2.842972670698723e-008	9.382212e-008	1.279383e-007	1.492416e-005	1.492319e-005	2.749270e-009
2.845586956413012e-008	9.374203e-008	1.278340e-007	1.493195e-005	1.493097e-005	2.750306e-009
2.848201242127301e-008	9.366282e-008	1.277273e-007	1.493964e-005	1.493866e-005	2.751317e-009
2.850815527841589e-008	9.358450e-008	1.276185e-007	1.494724e-005	1.494627e-005	2.752301e-009
2.853429813555878e-008	9.350706e-008	1.275074e-007	1.495476e-005	1.495378e-005	2.753260e-009
2.856044099270166e-008	9.343051e-008	1.273940e-007	1.496218e-005	1.496120e-005	2.754192e-009
2.858344099270169e-008	9.336377e-008	1.272928e-007	1.496865e-005	1.496766e-005	2.754992e-009
2.860329813555886e-008	9.330656e-008	1.272040e-007	1.497417e-005	1.497318e-005	2.755666e-009
2.862315527841602e-008	9.324958e-008	1.271143e-007	1.497964e-005	1.497865e-005	2.756325e-009
2.864301242127319e-008	9.319284e-008	1.270235e-007	1.498507e-005	1.498407e-005	2.756969e-009
2.866286956413035e-008	9.313635e-008	1.269316e-007	1.499044e-005	1.498944e-005	2.757598e-009
2.868272670698752e-008	9.308010e-008	1.268387e-007	1.499576e-005	1.499477e-005	2.758212e-009
2.870258384984468e-008	9.302408e-008	1.267447e-007	1.500104e-005	1.500004e-005	2.758811e-009
2.872244099270185e-008	9.296831e-008	1.266497e-007	1.500626e-005	1.500526e-005	2.759395e-009
2.874529813555902e-008	9.290485e-008	1.265389e-007	1.501221e-005	1.501121e-005	2.760050e-009
2.876815527841619e-008	9.284195e-008	1.264267e-007	1.501810e-005	1.501710e-005	2.760686e-009
2.879101242127336e-008	9.277962e-008	1.263132e-007	1.502392e-005	1.502292e-005	2.761304e-009
2.881386956413052e-008	9.271786e-008	1.261983e-007	1.502967e-005	1.502868e-005	2.761903e-009
2.883672670698769e-008	9.265667e-008	1.260820e-007	1.503536e-005	1.503437e-005	2.762483e-009
2.885958384984486e-008	9.259606e-008	1.259644e-007	1.504099e-005	1.504000e-005	2.763045e-009
2.888244099270203e-008	9.253601e-008	1.258454e-007	1.504656e-005	1.504557e-005	2.763588e-009
2.888344099270203e-008	9.253337e-008	1.258402e-007	1.504680e-005	1.504581e-005	2.763611e-009
2.891658384984492e-008	9.244721e-008	1.256655e-007	1.505475e-005	1.505377e-005	2.764366e-009
2.894972670698782e-008	9.235920e-008	1.254890e-007	1.506257e-005	1.506160e-005	2.765072e-009
2.898286956413071e-008	9.226935e-008	1.253107e-007	1.507026e-005	1.506930e-005	2.765732e-009
2.901601242127361e-008	9.217766e-008	1.251307e-007	1.507782e-005	1.507687e-005	2.766344e-009
2.904915527841650e-008	9.208412e-008	1.249488e-007	1.508526e-005	1.508431e-005	2.766909e-009
2.908229813555940e-008	9.198874e-008	1.247653e-007	1.509257e-005	1.509162e-005	2.767426e-009
2.911544099270229e-008	9.189151e-008	1.245799e-007	1.509974e-005	1.509881e-005	2.767895e-009
2.918344099270237e-008	9.168115e-008	1.241951e-007	1.511408e-005	1.511316e-005	2.768691e-009
2.921558384984526e-008	9.126361e-008	1.241053e-007	1.512068e-005	1.511977e-005	2.768025e-009
2.924772670698816e-008	9.112406e-008	1.239268e-007	1.512716e-005	1.512625e-005	2.768159e-009
2.927986956413105e-008	9.126250e-008	1.236596e-007	1.513353e-005	1.513263e-005	2.769093e-009
2.931201242127395e-008	9.167894e-008	1.233038e-007	1.513978e-005	1.513889e-005	2.770827e-009
2.934415527841684e-008	9.237336e-008	1.228593e-007	1.514592e-005	1.514504e-005	2.773361e-009
2.937629813555973e-008	9.334578e-008	1.223262e-007	1.515195e-005	1.515107e-005	2.776695e-009
2.940844099270263e-008	9.459619e-008	1.217044e-007	1.515787e-005	1.515700e-005	2.780829e-009
2.948344099270271e-008	9.938091e-008	1.198559e-007	1.517124e-005	1.517039e-005	2.797105e-009
2.949644099270273e-008	1.003130e-007	1.195306e-007	1.517350e-005	1.517265e-005	2.800386e-009
2.950944099270274e-008	1.012423e-007	1.192143e-007	1.517574e-005	1.517489e-005	2.803707e-009
2.952244099270275e-008	1.021685e-007	1.189070e-007	1.517796e-005	1.517712e-005	2.807068e-009
2.953544099270277e-008	1.030919e-007	1.186086e-007	1.518017e-005	1.517932e-005	2.810467e-009
2.954844099270278e-008	1.040124e-007	1.183193e-007	1.518235e-005	1.518151e-005	2.813907e-009
2.956144099270280e-008	1.049299e-007	1.180390e-007	1.518452e-005	1.518369e-005	2.817385e-009
2.957444099270281e-008	1.058445e-007	1.177676e-007	1.518668e-005	1.518584e-005	2.820904e-009
2.965544099270291e-008	1.108444e-007	1.164386e-007	1.519969e-005	1.519888e-005	2.841658e-009
2.965644099270291e-008	1.108994e-007	1.164255e-007	1.519989e-005	1.519903e-005	2.841902e-009
2.965672166703196e-008	1.109148e-007	1.164218e-007	1.519988e-005	1.519908e-005	2.841971e-009
2.965695386698002e-008	1.109276e-007	1.164188e-007	1.519961e-005	1.519911e-005	2.842028e-009
2.965757179073741e-008	1.109614e-007	1.164108e-007	1.519771e-005	1.519921e-005	2.842178e-009
2.965818971449480e-008	1.109952e-007	1.164028e-007	1.519505e-005	1.519931e-005	2.842329e-009
2.965880763825219e-008	1.110289e-007	1.163948e-007	1.519162e-005	1.519940e-005	2.842479e-009
2.965942556200958e-008	1.110626e-007	1.163868e-007	1.518742e-005	1.519950e-005	2.842630e-009
2.966004348576697e-008	1.110963e-007	1.163789e-007	1.518246e-005	1.519960e-005	2.842780e-009
2.966066140952436e-008	1.111298e-007	1.163710e-007	1.517673e-005	1.519969e-005	2.842930e-009
2.966127933328176e-008	1.111633e-007	1.163631e-007	1.517024e-005	1.519979e-005	2.843080e-009
2.966227933328176e-008	1.112175e-007	1.163504e-007	1.515840e-005	1.519999e-005	2.843323e-009
2.966256000761081e-008	1.112327e-007	1.163469e-007	1.515471e-005	1.519997e-005	2.843391e-009
2.966279220756477e-008	1.112452e-007	1.163440e-007	1.515145e-005	1.519971e-005	2.843447e-009
2.966383870276365e-008	1.113031e-007	1.163229e-007	1.513512e-005	1.519610e-005	2.843673e-009
2.966488519796253e-008	1.113512e-007	1.163259e-007	1.511659e-005	1.519027e-005	2.843959e-009
2.966593169316141e-008	1.113896e-007	1.163532e-007	1.509587e-005	1.518222e-005	2.844306e-009
2.966697818836029e-008	1.114181e-007	1.164048e-007	1.507295e-005	1.517195e-005	2.844712e-009
2.966802468355917e-008	1.114369e-007	1.164805e-007	1.504784e-005	1.515945e-005	2.845179e-009
2.966907117875805e-008	1.114459e-007	1.165805e-007	1.502054e-005	1.514473e-005	2.845706e-009
2.967011767395693e-008	1.114451e-007	1.167047e-007	1.499104e-005	1.512778e-005	2.846293e-009
2.967111767395693e-008	1.114239e-007	1.168784e-007	1.496077e-005	1.510945e-005	2.847001e-009
2.967211767395693e-008	1.113857e-007	1.170973e-007	1.492852e-005	1.508907e-005	2.847829e-009
2.967311767395693e-008	1.113290e-007	1.173663e-007	1.489428e-005	1.506666e-005	2.848789e-009
2.967411767395693e-008	1.112519e-007	1.176902e-007	1.485807e-005	1.504222e-005	2.849898e-009
2.967511767395693e-008	1.111529e-007	1.180739e-007	1.481991e-005	1.501576e-005	2.851167e-009
2.967611767395693e-008	1.110303e-007	1.185224e-007	1.477982e-005	1.498730e-005	2.852611e-009
2.967811767395694e-008	1.107076e-007	1.196327e-007	1.469388e-005	1.492440e-005	2.856082e-009
2.968011767395694e-008	1.102707e-007	1.210600e-007	1.460041e-005	1.485364e-005	2.860419e-009
2.968211767395694e-008	1.097068e-007	1.228427e-007	1.449953e-005	1.477511e-005	2.865735e-009
2.968411767395694e-008	1.090028e-007	1.250194e-007	1.439142e-005	1.468895e-005	2.872140e-009
2.968611767395694e-008	1.081461e-007	1.276283e-007	1.427624e-005	1.459529e-005	2.879746e-009
2.968811767395695e-008	1.071240e-007	1.307077e-007	1.415417e-005	1.449428e-005	2.888664e-009
2.969111767395695e-008	1.052533e-007	1.362922e-007	1.395858e-005	1.432935e-005	2.904744e-009
2.969411767395695e-008	1.029404e-007	1.431491e-007	1.374862e-005	1.414883e-005	2.924403e-009
2.969711767395696e-008	1.001440e-007	1.514056e-007	1.352503e-005	1.395337e-005	2.948016e-009
2.970011767395696e-008	9.682350e-008	1.611884e-007	1.328858e-005	1.374366e-005	2.975960e-009
2.970145695967125e-008	9.516757e-008	1.660612e-007	1.317886e-005	1.364541e-005	2.989870e-009
2.970279624538553e-008	9.338865e-008	1.712971e-007	1.306703e-005	1.354474e-005	3.004820e-009
2.970413553109982e-008	9.148676e-008	1.768961e-007	1.295309e-005	1.344165e-005	3.020811e-009
2.970547481681411e-008	8.946188e-008	1.828583e-007	1.283704e-005	1.333613e-005	3.037842e-009
2.970681410252840e-008	8.731402e-008	1.891836e-007	1.271889e-005	1.322820e-005	3.055915e-009
2.970815338824268e-008	8.504318e-008	1.958720e-007	1.259863e-005	1.311784e-005	3.075028e-009
2.970949267395697e-008	8.264935e-008	2.029235e-007	1.247626e-005	1.300505e-005	3.095182e-009
2.971199267395697e-008	7.776848e-008	2.173182e-007	1.224658e-005	1.278861e-005	3.136363e-009
2.971254624538554e-008	7.662928e-008	2.206799e-007	1.219565e-005	1.273973e-005	3.145985e-009
2.971309981681412e-008	7.546425e-008	2.241189e-007	1.214468e-005	1.269054e-005	3.155831e-009
2.971365338824269e-008	7.427341e-008	2.276355e-007	1.209366e-005	1.264105e-005	3.165902e-009
2.971420695967126e-008	7.305674e-008	2.312294e-007	1.204261e-005	1.259126e-005	3.176197e-009
2.971476053109983e-008	7.181425e-008	2.349009e-007	1.199152e-005	1.254117e-005	3.186717e-009
2.971531410252841e-008	7.054594e-008	2.386497e-007	1.194038e-005	1.249077e-005	3.197461e-009
2.971586767395698e-008	6.925180e-008	2.424760e-007	1.188920e-005	1.244006e-005	3.208429e-009
2.972086767395698e-008	5.663438e-008	2.796436e-007	1.142148e-005	1.197807e-005	3.314662e-009
2.972586767395699e-008	4.146913e-008	3.247214e-007	1.095691e-005	1.151734e-005	3.444415e-009
2.973086767395700e-008	2.375608e-008	3.777095e-007	1.049550e-005	1.105788e-005	3.597686e-009
2.973586767395700e-008	3.495213e-009	4.386078e-007	1.003725e-005	1.059969e-005	3.774477e-009
2.974086767395701e-008	-1.931347e-008	5.074164e-007	9.582156e-006	1.014277e-005	3.974788e-009
2.974586767395701e-008	-4.466996e-008	5.841352e-007	9.130222e-006	9.687107e-006	4.198617e-009
2.975086767395702e-008	-7.257427e-008	6.687644e-007	8.681447e-006	9.232715e-006	4.445966e-009
2.975358195967131e-008	-8.902055e-008	7.189136e-007	8.443270e-006	8.990564e-006	4.593137e-009
2.975629624538559e-008	-1.062771e-007	7.717293e-007	8.208490e-006	8.751295e-006	4.748577e-009
2.975901053109988e-008	-1.243438e-007	8.272117e-007	7.977106e-006	8.514909e-006	4.912288e-009
2.976172481681417e-008	-1.432208e-007	8.853606e-007	7.749119e-006	8.281406e-006	5.084268e-009
2.976443910252846e-008	-1.629080e-007	9.461761e-007	7.524529e-006	8.050786e-006	5.264519e-009
2.976715338824275e-008	-1.834054e-007	1.009658e-006	7.303335e-006	7.823048e-006	5.453040e-009
2.976986767395704e-008	-2.047131e-007	1.075807e-006	7.085537e-006	7.598192e-006	5.649830e-009
2.977086767395704e-008	-2.127533e-007	1.100839e-006	7.006478e-006	7.516441e-006	5.724462e-009
2.977715338824276e-008	-2.664759e-007	1.268213e-006	6.521376e-006	7.012257e-006	6.223639e-009
2.978343910252849e-008	-3.233296e-007	1.447373e-006	6.061042e-006	6.531830e-006	6.762716e-009
2.978972481681421e-008	-3.833143e-007	1.638318e-006	5.625478e-006	6.075160e-006	7.341693e-009
2.979601053109993e-008	-4.464301e-007	1.841047e-006	5.214682e-006	5.642248e-006	7.960570e-009
2.980229624538565e-008	-5.126770e-007	2.055562e-006	4.828654e-006	5.233093e-006	8.619348e-009
2.980858195967137e-008	-5.820549e-007	2.281862e-006	4.467396e-006	4.847695e-006	9.318026e-009
2.981486767395709e-008	-6.545638e-007	2.519947e-006	4.130906e-006	4.486055e-006	1.005660e-008
2.982272481681424e-008	-7.482639e-007	2.831274e-006	3.750009e-006	4.074440e-006	1.103061e-008
2.983058195967140e-008	-8.423775e-007	3.149139e-006	3.399075e-006	3.693912e-006	1.203689e-008
2.983843910252854e-008	-9.369047e-007	3.473542e-006	3.078102e-006	3.344472e-006	1.307545e-008
2.984629624538570e-008	-1.031845e-006	3.804483e-006	2.787091e-006	3.026120e-006	1.414628e-008
2.985415338824285e-008	-1.127200e-006	4.141962e-006	2.526042e-006	2.738857e-006	1.524939e-008
2.986201053110000e-008	-1.222967e-006	4.485979e-006	2.294954e-006	2.482681e-006	1.638477e-008
2.986986767395715e-008	-1.319149e-006	4.836533e-006	2.093828e-006	2.257593e-006	1.755243e-008
2.987586767395716e-008	-1.390767e-006	5.102686e-006	1.952561e-006	2.099320e-006	1.844980e-008
2.988186767395717e-008	-1.460983e-006	5.367697e-006	1.820866e-006	1.951375e-006	1.935187e-008
2.988786767395717e-008	-1.529797e-006	5.631568e-006	1.698745e-006	1.813757e-006	2.025862e-008
2.989386767395718e-008	-1.597208e-006	5.894297e-006	1.586196e-006	1.686466e-006	2.117006e-008
2.989986767395719e-008	-1.663218e-006	6.155886e-006	1.483220e-006	1.569504e-006	2.208619e-008
2.990586767395719e-008	-1.727825e-006	6.416334e-006	1.389817e-006	1.462868e-006	2.300701e-008
2.991186767395720e-008	-1.791030e-006	6.675641e-006	1.305987e-006	1.366560e-006	2.393252e-008
2.991329624538578e-008	-1.805757e-006	6.736815e-006	1.286638e-006	1.344319e-006	2.415232e-008
2.991472481681434e-008	-1.820383e-006	6.797844e-006	1.267658e-006	1.322481e-006	2.437213e-008
2.991615338824292e-008	-1.834906e-006	6.858726e-006	1.249047e-006	1.301047e-006	2.459193e-008
2.991758195967149e-008	-1.849327e-006	6.919461e-006	1.230806e-006	1.280016e-006	2.481174e-008
2.991901053110007e-008	-1.863647e-006	6.980050e-006	1.212934e-006	1.259390e-006	2.503155e-008
2.992043910252864e-008	-1.877864e-006	7.040493e-006	1.195432e-006	1.239168e-006	2.525136e-008
2.992186767395721e-008	-1.891979e-006	7.100789e-006	1.178299e-006	1.219349e-006	2.547117e-008
2.992286767395721e-008	-1.901796e-006	7.142897e-006	1.166484e-006	1.205686e-006	2.562500e-008
2.992386767395721e-008	-1.911562e-006	7.184926e-006	1.154802e-006	1.192204e-006	2.577880e-008
2.992686767395722e-008	-1.940547e-006	7.310538e-006	1.120429e-006	1.152820e-006	2.624005e-008
2.992886767395722e-008	-1.959611e-006	7.393871e-006	1.098067e-006	1.127424e-006	2.654738e-008
2.992986767395722e-008	-1.969064e-006	7.435412e-006	1.087083e-006	1.114978e-006	2.670098e-008
2.993086767395722e-008	-1.978463e-006	7.476869e-006	1.076372e-006	1.102695e-006	2.685453e-008
2.993286767395722e-008	-1.997104e-006	7.559527e-006	1.056166e-006	1.078612e-006	2.716150e-008
2.993586767395723e-008	-2.024667e-006	7.682859e-006	1.028733e-006	1.043651e-006	2.762152e-008
2.993686767395723e-008	-2.033747e-006	7.723792e-006	1.020319e-006	1.032266e-006	2.777474e-008
2.993986767395723e-008	-2.060656e-006	7.846032e-006	9.971797e-007	9.986887e-007	2.823394e-008
2.994086767395723e-008	-2.069525e-006	7.886605e-006	9.900808e-007	9.876704e-007	2.838686e-008
2.994106405333720e-008	-2.071260e-006	7.894561e-006	9.887309e-007	9.855177e-007	2.841688e-008
2.994164378453937e-008	-2.076361e-006	7.918011e-006	9.849064e-007	9.791917e-007	2.850546e-008
2.994222351574153e-008	-2.081442e-006	7.941426e-006	9.812076e-007	9.729020e-007	2.859401e-008
2.994280324694369e-008	-2.086503e-006	7.964806e-006	9.776344e-007	9.666485e-007	2.868251e-008
2.994338297814585e-008	-2.091545e-006	7.988150e-006	9.741869e-007	9.604313e-007	2.877098e-008
2.994396270934802e-008	-2.096567e-006	8.011460e-006	9.708651e-007	9.542503e-007	2.885942e-008
2.994454244055018e-008	-2.101569e-006	8.034734e-006	9.676690e-007	9.481055e-007	2.894781e-008
2.994512217175235e-008	-2.106552e-006	8.057974e-006	9.645985e-007	9.419970e-007	2.903617e-008
2.994612217175235e-008	-2.115102e-006	8.097978e-006	9.595634e-007	9.317320e-007	2.918848e-008
2.994812217175235e-008	-2.132019e-006	8.177645e-006	9.505821e-007	9.123562e-007	2.949269e-008
2.994912217175235e-008	-2.140383e-006	8.217303e-006	9.466316e-007	9.032245e-007	2.964456e-008
2.995012217175235e-008	-2.148691e-006	8.256855e-006	9.430071e-007	8.944049e-007	2.979629e-008
2.995062370329834e-008	-2.152837e-006	8.276650e-006	9.413620e-007	8.900980e-007	2.987233e-008
2.995076146377115e-008	-2.153972e-006	8.282080e-006	9.409351e-007	8.889363e-007	2.989321e-008
2.995089851436196e-008	-2.155099e-006	8.287479e-006	9.404624e-007	8.877900e-007	2.991397e-008
2.995091875984747e-008	-2.155266e-006	8.288276e-006	9.403876e-007	8.876213e-007	2.991704e-008
2.995092450090064e-008	-2.155313e-006	8.288502e-006	9.403700e-007	8.875735e-007	2.991791e-008
2.995092865613855e-008	-2.155347e-006	8.288665e-006	9.403589e-007	8.875390e-007	2.991854e-008
2.995093449985431e-008	-2.155395e-006	8.288896e-006	9.403420e-007	8.874904e-007	2.991943e-008
2.995094200002459e-008	-2.155456e-006	8.289191e-006	9.403192e-007	8.874280e-007	2.992056e-008
2.995094908368815e-008	-2.155514e-006	8.289469e-006	9.402968e-007	8.873691e-007	2.992164e-008
2.995095612391841e-008	-2.155572e-006	8.289747e-006	9.402739e-007	8.873106e-007	2.992270e-008
2.995096282915353e-008	-2.155627e-006	8.290011e-006	9.402518e-007	8.872549e-007	2.992372e-008
2.995096978212305e-008	-2.155685e-006	8.290284e-006	9.402286e-007	8.871971e-007	2.992477e-008
2.995097660253993e-008	-2.155741e-006	8.290554e-006	9.402056e-007	8.871405e-007	2.992580e-008
2.995098356934726e-008	-2.155798e-006	8.290827e-006	9.401821e-007	8.870826e-007	2.992686e-008
2.995099040574018e-008	-2.155854e-006	8.291096e-006	9.401589e-007	8.870259e-007	2.992789e-008
2.995099760077676e-008	-2.155913e-006	8.291379e-006	9.401344e-007	8.869662e-007	2.992898e-008
2.995100605606797e-008	-2.155982e-006	8.291712e-006	9.401056e-007	8.868961e-007	2.993027e-008
2.995101566768092e-008	-2.156061e-006	8.292091e-006	9.400729e-007	8.868164e-007	2.993172e-008
2.995102706582298e-008	-2.156155e-006	8.292540e-006	9.400339e-007	8.867219e-007	2.993345e-008
2.995105698081290e-008	-2.156401e-006	8.293717e-006	9.399318e-007	8.864743e-007	2.993798e-008
2.995154702404357e-008	-2.160409e-006	8.312977e-006	9.382607e-007	8.824912e-007	3.001216e-008
2.995203706727424e-008	-2.164403e-006	8.332210e-006	9.365926e-007	8.785783e-007	3.008630e-008
2.995252711050491e-008	-2.168383e-006	8.351414e-006	9.349275e-007	8.747356e-007	3.016040e-008
2.995301715373558e-008	-2.172348e-006	8.370590e-006	9.332653e-007	8.709629e-007	3.023446e-008
2.995350719696625e-008	-2.176300e-006	8.389739e-006	9.316062e-007	8.672604e-007	3.030848e-008
2.995399724019692e-008	-2.180237e-006	8.408859e-006	9.299501e-007	8.636280e-007	3.038245e-008
2.995448728342759e-008	-2.184160e-006	8.427952e-006	9.282970e-007	8.600658e-007	3.045638e-008
2.995463239212464e-008	-2.185318e-006	8.433596e-006	9.278084e-007	8.590369e-007	3.047826e-008
2.995477750082170e-008	-2.186473e-006	8.439237e-006	9.273203e-007	8.580185e-007	3.050013e-008
2.995492260951876e-008	-2.187627e-006	8.444874e-006	9.268325e-007	8.570104e-007	3.052200e-008
2.995506771821582e-008	-2.188779e-006	8.450508e-006	9.263450e-007	8.560127e-007	3.054386e-008
2.995521282691287e-008	-2.189929e-006	8.456139e-006	9.258579e-007	8.550253e-007	3.056571e-008
2.995535793560993e-008	-2.191078e-006	8.461766e-006	9.253712e-007	8.540484e-007	3.058756e-008
2.995550304430699e-008	-2.192224e-006	8.467389e-006	9.248848e-007	8.530818e-007	3.060941e-008
2.995688110550911e-008	-2.203052e-006	8.520670e-006	9.202800e-007	8.442489e-007	3.081667e-008
2.995825916671123e-008	-2.213749e-006	8.573683e-006	9.157013e-007	8.360855e-007	3.102348e-008
2.995963722791335e-008	-2.224316e-006	8.626427e-006	9.111487e-007	8.285915e-007	3.122985e-008
2.996101528911547e-008	-2.234753e-006	8.678902e-006	9.066221e-007	8.217668e-007	3.143575e-008
2.996239335031759e-008	-2.245059e-006	8.731109e-006	9.021217e-007	8.156116e-007	3.164121e-008
2.996377141151971e-008	-2.255235e-006	8.783047e-006	8.976473e-007	8.101259e-007	3.184622e-008
2.996514947272183e-008	-2.265281e-006	8.834717e-006	8.931991e-007	8.053095e-007	3.205077e-008
2.996614947272183e-008	-2.272496e-006	8.872054e-006	8.899850e-007	8.021682e-007	3.219892e-008
2.996646031146668e-008	-2.274726e-006	8.883632e-006	8.889884e-007	8.012613e-007	3.224492e-008
2.996654209868827e-008	-2.275311e-006	8.886674e-006	8.887267e-007	8.010281e-007	3.225701e-008
2.996662200807018e-008	-2.275881e-006	8.889644e-006	8.884710e-007	8.007871e-007	3.226883e-008
2.996663277100506e-008	-2.275958e-006	8.890044e-006	8.884365e-007	8.007527e-007	3.227042e-008
2.996663865073860e-008	-2.276000e-006	8.890263e-006	8.884177e-007	8.007340e-007	3.227129e-008
2.996664463897231e-008	-2.276043e-006	8.890485e-006	8.883986e-007	8.007158e-007	3.227217e-008
2.996665121236236e-008	-2.276090e-006	8.890730e-006	8.883776e-007	8.006958e-007	3.227315e-008
2.996665842514981e-008	-2.276141e-006	8.890997e-006	8.883545e-007	8.006739e-007	3.227421e-008
2.996666532142890e-008	-2.276190e-006	8.891254e-006	8.883325e-007	8.006530e-007	3.227523e-008
2.996667228916390e-008	-2.276240e-006	8.891513e-006	8.883102e-007	8.006318e-007	3.227626e-008
2.996667907733072e-008	-2.276288e-006	8.891765e-006	8.882885e-007	8.006110e-007	3.227726e-008
2.996668651385068e-008	-2.276341e-006	8.892041e-006	8.882647e-007	8.005882e-007	3.227836e-008
2.996669508397902e-008	-2.276402e-006	8.892360e-006	8.882373e-007	8.005620e-007	3.227963e-008
2.996670501877394e-008	-2.276473e-006	8.892729e-006	8.882055e-007	8.005314e-007	3.228110e-008
2.996671662513120e-008	-2.276556e-006	8.893160e-006	8.881684e-007	8.004958e-007	3.228281e-008
2.996674755565535e-008	-2.276777e-006	8.894310e-006	8.880695e-007	8.004007e-007	3.228739e-008
2.996806215421542e-008	-2.286076e-006	8.942997e-006	8.838803e-007	7.963697e-007	3.248144e-008
2.996937675277549e-008	-2.295259e-006	8.991438e-006	8.797136e-007	7.923608e-007	3.267505e-008
2.997069135133556e-008	-2.304326e-006	9.039630e-006	8.755694e-007	7.883741e-007	3.286821e-008
2.997200594989563e-008	-2.313278e-006	9.087576e-006	8.714479e-007	7.844094e-007	3.306092e-008
2.997332054845570e-008	-2.322113e-006	9.135274e-006	8.673489e-007	7.804668e-007	3.325318e-008
2.997463514701577e-008	-2.330833e-006	9.182724e-006	8.632724e-007	7.765463e-007	3.344500e-008
2.997594974557584e-008	-2.339437e-006	9.229927e-006	8.592185e-007	7.726479e-007	3.363637e-008
2.997694974557584e-008	-2.345905e-006	9.265666e-006	8.561499e-007	7.696971e-007	3.378164e-008
2.999852117414729e-008	-2.463265e-006	9.992065e-006	7.940611e-007	7.100447e-007	3.684107e-008
3.002009260271875e-008	-2.560404e-006	1.066906e-005	7.363756e-007	6.546672e-007	3.979751e-008
3.004166403129020e-008	-2.637324e-006	1.129666e-005	6.830932e-007	6.035644e-007	4.265096e-008
3.006323545986165e-008	-2.694023e-006	1.187486e-005	6.342139e-007	5.567364e-007	4.540142e-008
3.008480688843310e-008	-2.730503e-006	1.240365e-005	5.897379e-007	5.141831e-007	4.804889e-008
3.010637831700456e-008	-2.746762e-006	1.288305e-005	5.496650e-007	4.759047e-007	5.059336e-008
3.012794974557601e-008	-2.742802e-006	1.331305e-005	5.139952e-007	4.419010e-007	5.303485e-008
3.014909260271890e-008	-2.729785e-006	1.370342e-005	4.816815e-007	4.111300e-007	5.534598e-008
3.017023545986177e-008	-2.709395e-006	1.406723e-005	4.516063e-007	3.825211e-007	5.758481e-008
3.019137831700466e-008	-2.681632e-006	1.440448e-005	4.237697e-007	3.560744e-007	5.975131e-008
3.021252117414754e-008	-2.646498e-006	1.471517e-005	3.981716e-007	3.317899e-007	6.184551e-008
3.023366403129042e-008	-2.603990e-006	1.499931e-005	3.748121e-007	3.096675e-007	6.386739e-008
3.025480688843330e-008	-2.554110e-006	1.525688e-005	3.536912e-007	2.897073e-007	6.581696e-008
3.027594974557618e-008	-2.496857e-006	1.548790e-005	3.348089e-007	2.719093e-007	6.769422e-008
3.027694974557618e-008	-2.494171e-006	1.549856e-005	3.339343e-007	2.710851e-007	6.778181e-008
3.030794974557622e-008	-2.403365e-006	1.579930e-005	3.093109e-007	2.479352e-007	7.041314e-008
3.033894974557625e-008	-2.310005e-006	1.607091e-005	2.869184e-007	2.269253e-007	7.293700e-008
3.036994974557629e-008	-2.214091e-006	1.631339e-005	2.667567e-007	2.080553e-007	7.535341e-008
3.040094974557632e-008	-2.115623e-006	1.652676e-005	2.488258e-007	1.913252e-007	7.766236e-008
3.043194974557636e-008	-2.014601e-006	1.671100e-005	2.331258e-007	1.767351e-007	7.986385e-008
3.046294974557639e-008	-1.911024e-006	1.686612e-005	2.196566e-007	1.642850e-007	8.195789e-008
3.049394974557643e-008	-1.804894e-006	1.699211e-005	2.084182e-007	1.539748e-007	8.394447e-008
3.049494974557643e-008	-1.801457e-006	1.699621e-005	2.080572e-007	1.536434e-007	8.400799e-008
3.049523041990548e-008	-1.800587e-006	1.699727e-005	2.079561e-007	1.535506e-007	8.402603e-008
3.049546261890649e-008	-1.800602e-006	1.699740e-005	2.078726e-007	1.534740e-007	8.404023e-008
3.049611949122891e-008	-1.812535e-006	1.698589e-005	2.076370e-007	1.532576e-007	8.407785e-008
3.049678801490878e-008	-1.839594e-006	1.695927e-005	2.073979e-007	1.530381e-007	8.414318e-008
3.049778801490878e-008	-1.899811e-006	1.689972e-005	2.070414e-007	1.527106e-007	8.430357e-008
3.049878801490878e-008	-1.982961e-006	1.681725e-005	2.066861e-007	1.523841e-007	8.455235e-008
3.049978801490878e-008	-2.090149e-006	1.671078e-005	2.063322e-007	1.520586e-007	8.490788e-008
3.050078801490878e-008	-2.220399e-006	1.658128e-005	2.059798e-007	1.517342e-007	8.538080e-008
3.050178801490878e-008	-2.372624e-006	1.642985e-005	2.056287e-007	1.514107e-007	8.598273e-008
3.050278801490878e-008	-2.545572e-006	1.625775e-005	2.052790e-007	1.510882e-007	8.672656e-008
3.050378801490878e-008	-2.737844e-006	1.606639e-005	2.049307e-007	1.507665e-007	8.762634e-008
3.050578801490879e-008	-3.174183e-006	1.563209e-005	2.042382e-007	1.501255e-007	8.995432e-008
3.050778801490879e-008	-3.668462e-006	1.514016e-005	2.035512e-007	1.494875e-007	9.309316e-008
3.050978801490879e-008	-4.206816e-006	1.460450e-005	2.028696e-007	1.488523e-007	9.717164e-008
3.051178801490879e-008	-4.775550e-006	1.403883e-005	2.021934e-007	1.482197e-007	1.023123e-007
3.051378801490880e-008	-5.361877e-006	1.345594e-005	2.015225e-007	1.475896e-007	1.086246e-007
3.051578801490880e-008	-5.954475e-006	1.286716e-005	2.008569e-007	1.469620e-007	1.162000e-007
3.051778801490880e-008	-6.543836e-006	1.228199e-005	2.001965e-007	1.463368e-007	1.251098e-007
3.051978801490880e-008	-7.122424e-006	1.170795e-005	1.995413e-007	1.457141e-007	1.354045e-007
3.052178801490880e-008	-7.684668e-006	1.115059e-005	1.988913e-007	1.450940e-007	1.471148e-007
3.052378801490881e-008	-8.226837e-006	1.061364e-005	1.982463e-007	1.444764e-007	1.602540e-007
3.052478801490881e-008	-8.489682e-006	1.035351e-005	1.979257e-007	1.441687e-007	1.673593e-007
3.052578801490881e-008	-8.746834e-006	1.009916e-005	1.976064e-007	1.438616e-007	1.748201e-007
3.052678801490881e-008	-8.998801e-006	9.850049e-006	1.972882e-007	1.435551e-007	1.825946e-007
3.052732656968928e-008	-9.131567e-006	9.718850e-006	1.971174e-007	1.433904e-007	1.869364e-007
3.052798044800127e-008	-9.289529e-006	9.562820e-006	1.969105e-007	1.431907e-007	1.923601e-007
3.052832807861148e-008	-9.372617e-006	9.480770e-006	1.968007e-007	1.430846e-007	1.953035e-007
3.052878381776386e-008	-9.481442e-006	9.373318e-006	1.966571e-007	1.429457e-007	1.992187e-007
3.052894848517536e-008	-9.521016e-006	9.334242e-006	1.966052e-007	1.428955e-007	2.006439e-007
3.052899631667921e-008	-9.532608e-006	9.322795e-006	1.965901e-007	1.428810e-007	2.010596e-007
3.052903171144406e-008	-9.541229e-006	9.314283e-006	1.965790e-007	1.428702e-007	2.013676e-007
3.052904589146857e-008	-9.544685e-006	9.310869e-006	1.965745e-007	1.428659e-007	2.014910e-007
3.052905006431107e-008	-9.545704e-006	9.309864e-006	1.965732e-007	1.428646e-007	2.015274e-007
3.052905077354611e-008	-9.545876e-006	9.309693e-006	1.965730e-007	1.428644e-007	2.015336e-007
3.052905107830906e-008	-9.545951e-006	9.309620e-006	1.965729e-007	1.428643e-007	2.015362e-007
3.052905152979150e-008	-9.546061e-006	9.309510e-006	1.965728e-007	1.428642e-007	2.015401e-007
3.052905208882364e-008	-9.546197e-006	9.309376e-006	1.965726e-007	1.428640e-007	2.015450e-007
3.052905268171881e-008	-9.546342e-006	9.309233e-006	1.965724e-007	1.428638e-007	2.015502e-007
3.052905323322691e-008	-9.546477e-006	9.309100e-006	1.965722e-007	1.428637e-007	2.015550e-007
3.052905386191935e-008	-9.546630e-006	9.308949e-006	1.965720e-007	1.428635e-007	2.015605e-007
3.052905456618835e-008	-9.546802e-006	9.308779e-006	1.965718e-007	1.428632e-007	2.015666e-007
3.052905541317638e-008	-9.547009e-006	9.308575e-006	1.965715e-007	1.428630e-007	2.015740e-007
3.052905638264861e-008	-9.547245e-006	9.308342e-006	1.965712e-007	1.428627e-007	2.015824e-007
3.052905757905305e-008	-9.547537e-006	9.308053e-006	1.965709e-007	1.428623e-007	2.015928e-007
3.052905903764488e-008	-9.547894e-006	9.307701e-006	1.965704e-007	1.428619e-007	2.016056e-007
3.052906097935194e-008	-9.548367e-006	9.307233e-006	1.965698e-007	1.428613e-007	2.016225e-007
3.052906774800815e-008	-9.550020e-006	9.305601e-006	1.965677e-007	1.428592e-007	2.016814e-007
3.053047437348542e-008	-9.903175e-006	8.956807e-006	1.961265e-007	1.424319e-007	2.142061e-007
3.053188099896268e-008	-1.026626e-005	8.598232e-006	1.956878e-007	1.420057e-007	2.271995e-007
3.053328762443994e-008	-1.063929e-005	8.229876e-006	1.952514e-007	1.415807e-007	2.406616e-007
3.053469424991720e-008	-1.102225e-005	7.851741e-006	1.948174e-007	1.411569e-007	2.545924e-007
3.053610087539446e-008	-1.141514e-005	7.463826e-006	1.943857e-007	1.407342e-007	2.689920e-007
3.053750750087173e-008	-1.181797e-005	7.066131e-006	1.939564e-007	1.403128e-007	2.838603e-007
3.053891412634899e-008	-1.223073e-005	6.658655e-006	1.935295e-007	1.398926e-007	2.991974e-007
3.053962841206328e-008	-1.244306e-005	6.449089e-006	1.933136e-007	1.396795e-007	3.071616e-007
3.054034269777757e-008	-1.265718e-005	6.237767e-006	1.930983e-007	1.394668e-007	3.152417e-007
3.054105698349185e-008	-1.287310e-005	6.024688e-006	1.928837e-007	1.392543e-007	3.234375e-007
3.054177126920614e-008	-1.309083e-005	5.809853e-006	1.926696e-007	1.390421e-007	3.317491e-007
3.054248555492042e-008	-1.331036e-005	5.593261e-006	1.924561e-007	1.388302e-007	3.401765e-007
3.054319984063471e-008	-1.353169e-005	5.374913e-006	1.922432e-007	1.386185e-007	3.487197e-007
3.054391412634900e-008	-1.375482e-005	5.154808e-006	1.920309e-007	1.384071e-007	3.573787e-007
3.054491412634900e-008	-1.406938e-005	4.844555e-006	1.917347e-007	1.381115e-007	3.696890e-007
3.054605698349186e-008	-1.443332e-005	4.485663e-006	1.913976e-007	1.377744e-007	3.840346e-007
3.054719984063472e-008	-1.479916e-005	4.124977e-006	1.910620e-007	1.374378e-007	3.986574e-007
3.054834269777758e-008	-1.516693e-005	3.762497e-006	1.907279e-007	1.371019e-007	4.135575e-007
3.054948555492043e-008	-1.553660e-005	3.398224e-006	1.903953e-007	1.367666e-007	4.287348e-007
3.055062841206329e-008	-1.590819e-005	3.032156e-006	1.900641e-007	1.364319e-007	4.441893e-007
3.055177126920615e-008	-1.628169e-005	2.664295e-006	1.897345e-007	1.360978e-007	4.599211e-007
3.055291412634901e-008	-1.665710e-005	2.294640e-006	1.894063e-007	1.357643e-007	4.759302e-007
3.055391412634901e-008	-1.698472e-005	1.972139e-006	1.891201e-007	1.354729e-007	4.901148e-007
3.055419480079432e-008	-1.707658e-005	1.881734e-006	1.890400e-007	1.353912e-007	4.941324e-007
3.055442517084885e-008	-1.715132e-005	1.808195e-006	1.889744e-007	1.353242e-007	4.974538e-007
3.055474924263719e-008	-1.725336e-005	1.707847e-006	1.888821e-007	1.352300e-007	5.021701e-007
3.055508438551744e-008	-1.735462e-005	1.608355e-006	1.887869e-007	1.351327e-007	5.071087e-007
3.055575467127795e-008	-1.754753e-005	1.419002e-006	1.885968e-007	1.349382e-007	5.171287e-007
3.055675467127795e-008	-1.781566e-005	1.156221e-006	1.883141e-007	1.346485e-007	5.323694e-007
3.055775467127795e-008	-1.805917e-005	9.181032e-007	1.880324e-007	1.343595e-007	5.479701e-007
3.055875467127796e-008	-1.827477e-005	7.079277e-007	1.877517e-007	1.340711e-007	5.639700e-007
3.055975467127796e-008	-1.846136e-005	5.267945e-007	1.874722e-007	1.337836e-007	5.803764e-007
3.056075467127796e-008	-1.861816e-005	3.754703e-007	1.871938e-007	1.334970e-007	5.971939e-007
3.056175467127796e-008	-1.874473e-005	2.543679e-007	1.869164e-007	1.332113e-007	6.144246e-007
3.056275467127796e-008	-1.884100e-005	1.635703e-007	1.866401e-007	1.329266e-007	6.320687e-007
3.056375467127796e-008	-1.890715e-005	1.028595e-007	1.863649e-007	1.326429e-007	6.501240e-007
3.056475467127796e-008	-1.894368e-005	7.174214e-008	1.860908e-007	1.323604e-007	6.685868e-007
3.056575467127796e-008	-1.895132e-005	6.946852e-008	1.858177e-007	1.320790e-007	6.874515e-007
3.056675467127796e-008	-1.893106e-005	9.504299e-008	1.855457e-007	1.317989e-007	7.067109e-007
3.056775467127797e-008	-1.888412e-005	1.472274e-007	1.852747e-007	1.315201e-007	7.263559e-007
3.056875467127797e-008	-1.881198e-005	2.245433e-007	1.850048e-007	1.312426e-007	7.463759e-007
3.056975467127797e-008	-1.871634e-005	3.252779e-007	1.847359e-007	1.309665e-007	7.667581e-007
3.057075467127797e-008	-1.859911e-005	4.475004e-007	1.844681e-007	1.306919e-007	7.874885e-007
3.057175467127797e-008	-1.846243e-005	5.890907e-007	1.842013e-007	1.304187e-007	8.085510e-007
3.057275467127797e-008	-1.830854e-005	7.477796e-007	1.839355e-007	1.301470e-007	8.299283e-007
3.057375467127797e-008	-1.813981e-005	9.211989e-007	1.836708e-007	1.298768e-007	8.516020e-007
3.057475467127797e-008	-1.795865e-005	1.106937e-006	1.834071e-007	1.296082e-007	8.735529e-007
3.057675467127798e-008	-1.756857e-005	1.505824e-006	1.828828e-007	1.290756e-007	9.182086e-007
3.057975467127798e-008	-1.694730e-005	2.139419e-006	1.821038e-007	1.282885e-007	9.867910e-007
3.058275467127798e-008	-1.632729e-005	2.770712e-006	1.813338e-007	1.275152e-007	1.056876e-006
3.058575467127799e-008	-1.574441e-005	3.363860e-006	1.805727e-007	1.267555e-007	1.128079e-006
3.058875467127799e-008	-1.521935e-005	3.898283e-006	1.798204e-007	1.260088e-007	1.200107e-006
3.059175467127799e-008	-1.476038e-005	4.365779e-006	1.790767e-007	1.252744e-007	1.272752e-006
3.059475467127800e-008	-1.436715e-005	4.766793e-006	1.783416e-007	1.245517e-007	1.345867e-006
3.059775467127800e-008	-1.403411e-005	5.106967e-006	1.776148e-007	1.238401e-007	1.419342e-006
3.060004038556372e-008	-1.382406e-005	5.322008e-006	1.770669e-007	1.233055e-007	1.475599e-006
3.060232609984943e-008	-1.363178e-005	5.519028e-006	1.765236e-007	1.227765e-007	1.531893e-006
3.060461181413515e-008	-1.345725e-005	5.698028e-006	1.759849e-007	1.222531e-007	1.588224e-006
3.060689752842087e-008	-1.330049e-005	5.859008e-006	1.754510e-007	1.217353e-007	1.644591e-006
3.060918324270659e-008	-1.316149e-005	6.001967e-006	1.749217e-007	1.212231e-007	1.700995e-006
3.061146895699230e-008	-1.304024e-005	6.126907e-006	1.743971e-007	1.207164e-007	1.757437e-006
3.061375467127802e-008	-1.293676e-005	6.233825e-006	1.738771e-007	1.202154e-007	1.813914e-006
3.061775467127802e-008	-1.277078e-005	6.405325e-006	1.729784e-007	1.193512e-007	1.912852e-006
3.062175467127803e-008	-1.261465e-005	6.566443e-006	1.720928e-007	1.185015e-007	2.010763e-006
3.062575467127803e-008	-1.246837e-005	6.717179e-006	1.712202e-007	1.176662e-007	2.107646e-006
3.062975467127804e-008	-1.233195e-005	6.857533e-006	1.703607e-007	1.168455e-007	2.203501e-006
3.063375467127804e-008	-1.220537e-005	6.987505e-006	1.695142e-007	1.160392e-007	2.298330e-006
3.063775467127805e-008	-1.208865e-005	7.107096e-006	1.686807e-007	1.152473e-007	2.392130e-006
3.064175467127805e-008	-1.198177e-005	7.216304e-006	1.678603e-007	1.144700e-007	2.484904e-006
3.065104038556377e-008	-1.174092e-005	7.460580e-006	1.660073e-007	1.127221e-007	2.693523e-006
3.066032609984950e-008	-1.151723e-005	7.685778e-006	1.642121e-007	1.110359e-007	2.890276e-006
3.066961181413522e-008	-1.131072e-005	7.891900e-006	1.624748e-007	1.094112e-007	3.075163e-006
3.067889752842095e-008	-1.112138e-005	8.078944e-006	1.607954e-007	1.078482e-007	3.248182e-006
3.068818324270668e-008	-1.094921e-005	8.246911e-006	1.591738e-007	1.063468e-007	3.409336e-006
3.069746895699240e-008	-1.079421e-005	8.395801e-006	1.576100e-007	1.049070e-007	3.558622e-006
3.070675467127812e-008	-1.065638e-005	8.525613e-006	1.561042e-007	1.035289e-007	3.696042e-006
3.071475467127813e-008	-1.054781e-005	8.626289e-006	1.548453e-007	1.023810e-007	3.804026e-006
3.072275467127814e-008	-1.044698e-005	8.718367e-006	1.536196e-007	1.012672e-007	3.905327e-006
3.073075467127815e-008	-1.035392e-005	8.801847e-006	1.524273e-007	1.001873e-007	3.999946e-006
3.073875467127816e-008	-1.026861e-005	8.876729e-006	1.512682e-007	9.914136e-008	4.087881e-006
3.074675467127817e-008	-1.019105e-005	8.943013e-006	1.501423e-007	9.812944e-008	4.169133e-006
3.075475467127818e-008	-1.012125e-005	9.000699e-006	1.490497e-007	9.715150e-008	4.243702e-006
3.076275467127819e-008	-1.005921e-005	9.049786e-006	1.479904e-007	9.620756e-008	4.311589e-006
3.076504038556390e-008	-1.004209e-005	9.063114e-006	1.476925e-007	9.594250e-008	4.330376e-006
3.076732609984962e-008	-1.002548e-005	9.075883e-006	1.473969e-007	9.567978e-008	4.348788e-006
3.076961181413533e-008	-1.000938e-005	9.088093e-006	1.471036e-007	9.541940e-008	4.366827e-006
3.077189752842106e-008	-9.993791e-006	9.099743e-006	1.468126e-007	9.516134e-008	4.384491e-006
3.077418324270677e-008	-9.978710e-006	9.110833e-006	1.465240e-007	9.490562e-008	4.401782e-006
3.077646895699249e-008	-9.964138e-006	9.121365e-006	1.462377e-007	9.465222e-008	4.418698e-006
3.077875467127821e-008	-9.950076e-006	9.131337e-006	1.459538e-007	9.440117e-008	4.435240e-006
3.077975467127821e-008	-9.944648e-006	9.134961e-006	1.458303e-007	9.429201e-008	4.442375e-006
3.078075467127821e-008	-9.940272e-006	9.137527e-006	1.457070e-007	9.418317e-008	4.449451e-006
3.078112967127820e-008	-9.940011e-006	9.137108e-006	1.456610e-007	9.414251e-008	4.452072e-006
3.078162967127821e-008	-9.940497e-006	9.135713e-006	1.455997e-007	9.408839e-008	4.455542e-006
3.078232680643980e-008	-9.940698e-006	9.134242e-006	1.455144e-007	9.401310e-008	4.460358e-006
3.078428504407091e-008	-9.938213e-006	9.133140e-006	1.452759e-007	9.380265e-008	4.473757e-006
3.078728504407092e-008	-9.935313e-006	9.130498e-006	1.449136e-007	9.348322e-008	4.493816e-006
3.078826718692806e-008	-9.934330e-006	9.129653e-006	1.447958e-007	9.337945e-008	4.500263e-006
3.078924932978521e-008	-9.933354e-006	9.128795e-006	1.446784e-007	9.327606e-008	4.506652e-006
3.079023147264235e-008	-9.932383e-006	9.127926e-006	1.445614e-007	9.317304e-008	4.512985e-006
3.079121361549949e-008	-9.931419e-006	9.127043e-006	1.444448e-007	9.307040e-008	4.519261e-006
3.079219575835663e-008	-9.930461e-006	9.126149e-006	1.443286e-007	9.296813e-008	4.525481e-006
3.079317790121378e-008	-9.929508e-006	9.125242e-006	1.442127e-007	9.286624e-008	4.531643e-006
3.079416004407092e-008	-9.928562e-006	9.124323e-006	1.440972e-007	9.276472e-008	4.537748e-006
3.079428504407092e-008	-9.928352e-006	9.124295e-006	1.440826e-007	9.275183e-008	4.538520e-006
3.079453504407092e-008	-9.927602e-006	9.124567e-006	1.440533e-007	9.272609e-008	4.540056e-006
3.079564581447806e-008	-9.924402e-006	9.125646e-006	1.439234e-007	9.261197e-008	4.546755e-006
3.079645926025936e-008	-9.922601e-006	9.125887e-006	1.438286e-007	9.252871e-008	4.551524e-006
3.079727270604066e-008	-9.920928e-006	9.125995e-006	1.437341e-007	9.244569e-008	4.556187e-006
3.079808615182196e-008	-9.919383e-006	9.125972e-006	1.436398e-007	9.236293e-008	4.560745e-006
3.079889959760327e-008	-9.917965e-006	9.125817e-006	1.435458e-007	9.228042e-008	4.565197e-006
3.079971304338457e-008	-9.916676e-006	9.125529e-006	1.434520e-007	9.219816e-008	4.569544e-006
3.080052648916587e-008	-9.915514e-006	9.125110e-006	1.433585e-007	9.211614e-008	4.573785e-006
3.080133993494717e-008	-9.914480e-006	9.124559e-006	1.432653e-007	9.203438e-008	4.577921e-006
3.080233993494717e-008	-9.913617e-006	9.123469e-006	1.431510e-007	9.193422e-008	4.582848e-006
3.080333993494717e-008	-9.913451e-006	9.121674e-006	1.430371e-007	9.183443e-008	4.587580e-006
3.080433993494717e-008	-9.914147e-006	9.119014e-006	1.429236e-007	9.173495e-008	4.592124e-006
3.080465148605080e-008	-9.914636e-006	9.117912e-006	1.428883e-007	9.170402e-008	4.593490e-006
3.080473125559886e-008	-9.914824e-006	9.117568e-006	1.428792e-007	9.169612e-008	4.593832e-006
3.080477478663271e-008	-9.914921e-006	9.117384e-006	1.428743e-007	9.169180e-008	4.594017e-006
3.080479885728744e-008	-9.914960e-006	9.117298e-006	1.428716e-007	9.168942e-008	4.594120e-006
3.080480736297418e-008	-9.914972e-006	9.117270e-006	1.428706e-007	9.168858e-008	4.594156e-006
3.080480925516350e-008	-9.914974e-006	9.117264e-006	1.428704e-007	9.168838e-008	4.594164e-006
3.080480966578865e-008	-9.914975e-006	9.117262e-006	1.428704e-007	9.168835e-008	4.594166e-006
3.080481009288067e-008	-9.914975e-006	9.117261e-006	1.428703e-007	9.168831e-008	4.594167e-006
3.080481063082579e-008	-9.914976e-006	9.117260e-006	1.428703e-007	9.168825e-008	4.594170e-006
3.080481162048620e-008	-9.914977e-006	9.117257e-006	1.428701e-007	9.168815e-008	4.594174e-006
3.080481251137593e-008	-9.914977e-006	9.117254e-006	1.428701e-007	9.168807e-008	4.594177e-006
3.080481380087953e-008	-9.914979e-006	9.117250e-006	1.428699e-007	9.168794e-008	4.594183e-006
3.080481509724480e-008	-9.914980e-006	9.117246e-006	1.428698e-007	9.168781e-008	4.594189e-006
3.080481715167328e-008	-9.914982e-006	9.117240e-006	1.428695e-007	9.168760e-008	4.594197e-006
3.080481955326582e-008	-9.914985e-006	9.117232e-006	1.428693e-007	9.168737e-008	4.594207e-006
3.080519706148464e-008	-9.914038e-006	9.117435e-006	1.428266e-007	9.165002e-008	4.595791e-006
3.080557456970347e-008	-9.912229e-006	9.118497e-006	1.427840e-007	9.161272e-008	4.597345e-006
3.080595207792229e-008	-9.909559e-006	9.120419e-006	1.427415e-007	9.157549e-008	4.598870e-006
3.080632958614112e-008	-9.906027e-006	9.123201e-006	1.426990e-007	9.153831e-008	4.600366e-006
3.080670709435994e-008	-9.901634e-006	9.126843e-006	1.426565e-007	9.150119e-008	4.601833e-006
3.080708460257876e-008	-9.896379e-006	9.131345e-006	1.426141e-007	9.146412e-008	4.603272e-006
3.080746211079758e-008	-9.890262e-006	9.136707e-006	1.425718e-007	9.142712e-008	4.604681e-006
3.080846211079758e-008	-9.871283e-006	9.153677e-006	1.424599e-007	9.132935e-008	4.608277e-006
3.080986834046162e-008	-9.836718e-006	9.185391e-006	1.423031e-007	9.119248e-008	4.613026e-006
3.080999123011620e-008	-9.832977e-006	9.188882e-006	1.422894e-007	9.118056e-008	4.613418e-006
3.081131588718819e-008	-9.796430e-006	9.222703e-006	1.421426e-007	9.105263e-008	4.617439e-006
3.081264054426018e-008	-9.761589e-006	9.254795e-006	1.419964e-007	9.092541e-008	4.621234e-006
3.081396520133217e-008	-9.728453e-006	9.285157e-006	1.418508e-007	9.079889e-008	4.624803e-006
3.081528985840416e-008	-9.697023e-006	9.313790e-006	1.417059e-007	9.067308e-008	4.628145e-006
3.081661451547615e-008	-9.667297e-006	9.340693e-006	1.415617e-007	9.054797e-008	4.631262e-006
3.081793917254814e-008	-9.639276e-006	9.365868e-006	1.414180e-007	9.042356e-008	4.634152e-006
3.081926382962013e-008	-9.612961e-006	9.389312e-006	1.412751e-007	9.029986e-008	4.636817e-006
3.082026382962013e-008	-9.593600e-006	9.406495e-006	1.411675e-007	9.020685e-008	4.638701e-006
3.082062879226017e-008	-9.586744e-006	9.412553e-006	1.411283e-007	9.017300e-008	4.639359e-006
3.082074275704638e-008	-9.584656e-006	9.414392e-006	1.411161e-007	9.016244e-008	4.639557e-006
3.082085520276120e-008	-9.582614e-006	9.416189e-006	1.411041e-007	9.015204e-008	4.639750e-006
3.082086959089360e-008	-9.582349e-006	9.416422e-006	1.411025e-007	9.015071e-008	4.639775e-006
3.082087566825953e-008	-9.582236e-006	9.416521e-006	1.411019e-007	9.015014e-008	4.639785e-006
3.082088066829023e-008	-9.582144e-006	9.416602e-006	1.411013e-007	9.014968e-008	4.639794e-006
3.082088713315288e-008	-9.582025e-006	9.416707e-006	1.411006e-007	9.014908e-008	4.639805e-006
3.082089428416025e-008	-9.581893e-006	9.416823e-006	1.410999e-007	9.014842e-008	4.639817e-006
3.082090141094107e-008	-9.581761e-006	9.416939e-006	1.410991e-007	9.014776e-008	4.639830e-006
3.082090828248645e-008	-9.581635e-006	9.417051e-006	1.410984e-007	9.014713e-008	4.639841e-006
3.082091514055679e-008	-9.581508e-006	9.417163e-006	1.410976e-007	9.014649e-008	4.639853e-006
3.082092199874102e-008	-9.581381e-006	9.417274e-006	1.410969e-007	9.014585e-008	4.639865e-006
3.082092890751298e-008	-9.581253e-006	9.417387e-006	1.410962e-007	9.014521e-008	4.639877e-006
3.082093579351023e-008	-9.581126e-006	9.417499e-006	1.410954e-007	9.014458e-008	4.639889e-006
3.082094269339774e-008	-9.580998e-006	9.417611e-006	1.410947e-007	9.014394e-008	4.639900e-006
3.082095073034714e-008	-9.580849e-006	9.417743e-006	1.410938e-007	9.014320e-008	4.639915e-006
3.082095978071985e-008	-9.580682e-006	9.417890e-006	1.410929e-007	9.014236e-008	4.639930e-006
3.082097053922660e-008	-9.580482e-006	9.418067e-006	1.410917e-007	9.014137e-008	4.639949e-006
3.082099826145142e-008	-9.579967e-006	9.418521e-006	1.410887e-007	9.013880e-008	4.639996e-006
3.082111671310711e-008	-9.577750e-006	9.420477e-006	1.410761e-007	9.012785e-008	4.640201e-006
3.082123516476280e-008	-9.575526e-006	9.422441e-006	1.410634e-007	9.011691e-008	4.640405e-006
3.082135361641849e-008	-9.573295e-006	9.424411e-006	1.410507e-007	9.010597e-008	4.640609e-006
3.082147206807419e-008	-9.571057e-006	9.426389e-006	1.410381e-007	9.009504e-008	4.640814e-006
3.082159051972988e-008	-9.568812e-006	9.428373e-006	1.410254e-007	9.008412e-008	4.641019e-006
3.082170897138557e-008	-9.566559e-006	9.430365e-006	1.410128e-007	9.007321e-008	4.641223e-006
3.082182742304126e-008	-9.564300e-006	9.432363e-006	1.410001e-007	9.006230e-008	4.641428e-006
3.083065526581199e-008	-9.397454e-006	9.579161e-006	1.400738e-007	8.926643e-008	4.656618e-006
3.083948310858272e-008	-9.233780e-006	9.722013e-006	1.391722e-007	8.849668e-008	4.671756e-006
3.084831095135345e-008	-9.073278e-006	9.860917e-006	1.382952e-007	8.775305e-008	4.686842e-006
3.085713879412419e-008	-8.915947e-006	9.995875e-006	1.374429e-007	8.703554e-008	4.701875e-006
3.086596663689492e-008	-8.761788e-006	1.012689e-005	1.366153e-007	8.634414e-008	4.716857e-006
3.087479447966565e-008	-8.610802e-006	1.025395e-005	1.358124e-007	8.567886e-008	4.731786e-006
3.088362232243638e-008	-8.462986e-006	1.037707e-005	1.350341e-007	8.503970e-008	4.746664e-006
3.090819375100783e-008	-8.069426e-006	1.069760e-005	1.330049e-007	8.340549e-008	4.787807e-006
3.093276517957929e-008	-7.695097e-006	1.099633e-005	1.310944e-007	8.189070e-008	4.828610e-006
3.095733660815075e-008	-7.339997e-006	1.127326e-005	1.293026e-007	8.049532e-008	4.869074e-006
3.098190803672220e-008	-7.004128e-006	1.152840e-005	1.276295e-007	7.921936e-008	4.909199e-006
3.100647946529366e-008	-6.687490e-006	1.176174e-005	1.260751e-007	7.806283e-008	4.948984e-006
3.103105089386512e-008	-6.390082e-006	1.197328e-005	1.246395e-007	7.702570e-008	4.988430e-006
3.105562232243657e-008	-6.111904e-006	1.216302e-005	1.233225e-007	7.610800e-008	5.027537e-006
3.105662232243657e-008	-6.100818e-006	1.217053e-005	1.232696e-007	7.607107e-008	5.029123e-006
3.109690803672233e-008	-5.682876e-006	1.244171e-005	1.212980e-007	7.474286e-008	5.092528e-006
3.113719375100809e-008	-5.295567e-006	1.268270e-005	1.194544e-007	7.352700e-008	5.155207e-006
3.117747946529385e-008	-4.938891e-006	1.289351e-005	1.177388e-007	7.242347e-008	5.217160e-006
3.121776517957962e-008	-4.612848e-006	1.307414e-005	1.161512e-007	7.143228e-008	5.278387e-006
3.125805089386538e-008	-4.317439e-006	1.322459e-005	1.146916e-007	7.055342e-008	5.338888e-006
3.129833660815114e-008	-4.052662e-006	1.334486e-005	1.133599e-007	6.978691e-008	5.398662e-006
3.133862232243689e-008	-3.818519e-006	1.343494e-005	1.121563e-007	6.913272e-008	5.457710e-006
3.135662232243692e-008	-3.717857e-006	1.347245e-005	1.116208e-007	6.883668e-008	5.483910e-006
3.137705089386551e-008	-3.609169e-006	1.350992e-005	1.110318e-007	6.851508e-008	5.513486e-006
3.139747946529410e-008	-3.504958e-006	1.354347e-005	1.104558e-007	6.820258e-008	5.542905e-006
3.141790803672270e-008	-3.405223e-006	1.357310e-005	1.098929e-007	6.789918e-008	5.572168e-006
3.143833660815129e-008	-3.309963e-006	1.359881e-005	1.093432e-007	6.760486e-008	5.601274e-006
3.145876517957989e-008	-3.219179e-006	1.362060e-005	1.088065e-007	6.731964e-008	5.630224e-006
3.147919375100848e-008	-3.132871e-006	1.363847e-005	1.082829e-007	6.704351e-008	5.659017e-006
3.149962232243708e-008	-3.051039e-006	1.365242e-005	1.077724e-007	6.677648e-008	5.687653e-006
3.150162232243708e-008	-3.043179e-006	1.365367e-005	1.077228e-007	6.675047e-008	5.690449e-006
3.152362232243710e-008	-2.959531e-006	1.366495e-005	1.071844e-007	6.646961e-008	5.721105e-006
3.154562232243713e-008	-2.879479e-006	1.367329e-005	1.066549e-007	6.619375e-008	5.751595e-006
3.156762232243715e-008	-2.803023e-006	1.367868e-005	1.061342e-007	6.592286e-008	5.781919e-006
3.158962232243718e-008	-2.730163e-006	1.368112e-005	1.056224e-007	6.565696e-008	5.812076e-006
3.161162232243720e-008	-2.660899e-006	1.368062e-005	1.051196e-007	6.539604e-008	5.842067e-006
3.163362232243723e-008	-2.595231e-006	1.367718e-005	1.046256e-007	6.514011e-008	5.871892e-006
3.165562232243725e-008	-2.533158e-006	1.367079e-005	1.041404e-007	6.488916e-008	5.901551e-006
3.165662232243726e-008	-2.530387e-006	1.367046e-005	1.041185e-007	6.487777e-008	5.902895e-006
3.169933660815159e-008	-2.419678e-006	1.365025e-005	1.031984e-007	6.440098e-008	5.959993e-006
3.174205089386593e-008	-2.316820e-006	1.362425e-005	1.022953e-007	6.393063e-008	6.016527e-006
3.178476517958026e-008	-2.221814e-006	1.359246e-005	1.014091e-007	6.346673e-008	6.072497e-006
3.182747946529459e-008	-2.134658e-006	1.355488e-005	1.005400e-007	6.300928e-008	6.127903e-006
3.187019375100892e-008	-2.055355e-006	1.351151e-005	9.968787e-008	6.255828e-008	6.182745e-006
3.191290803672326e-008	-1.983902e-006	1.346236e-005	9.885271e-008	6.211373e-008	6.237022e-006
3.195562232243759e-008	-1.920301e-006	1.340742e-005	9.803453e-008	6.167562e-008	6.290736e-006
3.195662232243760e-008	-1.918833e-006	1.340613e-005	9.801542e-008	6.166535e-008	6.291988e-006
3.199933660815193e-008	-1.859824e-006	1.334836e-005	9.720629e-008	6.122837e-008	6.345164e-006
3.204205089386627e-008	-1.804609e-006	1.328833e-005	9.640621e-008	6.079372e-008	6.397834e-006
3.208476517958060e-008	-1.753187e-006	1.322603e-005	9.561516e-008	6.036139e-008	6.449998e-006
3.212747946529493e-008	-1.705560e-006	1.316147e-005	9.483316e-008	5.993138e-008	6.501657e-006
3.217019375100926e-008	-1.661727e-006	1.309464e-005	9.406019e-008	5.950369e-008	6.552810e-006
3.221290803672360e-008	-1.621687e-006	1.302554e-005	9.329627e-008	5.907832e-008	6.603458e-006
3.225562232243793e-008	-1.585442e-006	1.295417e-005	9.254139e-008	5.865528e-008	6.653600e-006
3.225662232243794e-008	-1.584604e-006	1.295251e-005	9.252378e-008	5.864539e-008	6.654768e-006
3.239962232243810e-008	-1.478012e-006	1.270776e-005	9.004478e-008	5.724216e-008	6.819175e-006
3.240062232243810e-008	-1.477349e-006	1.270601e-005	9.002771e-008	5.723243e-008	6.820306e-006
3.240362232243810e-008	-1.475366e-006	1.270077e-005	8.997652e-008	5.720323e-008	6.823698e-006
3.255662232243828e-008	-1.385015e-006	1.243008e-005	8.740741e-008	5.572699e-008	6.993700e-006
3.259933660815261e-008	-1.363263e-006	1.235355e-005	8.670429e-008	5.531947e-008	7.040120e-006
3.264205089386695e-008	-1.342440e-006	1.227704e-005	8.600674e-008	5.491414e-008	7.086113e-006
3.268476517958128e-008	-1.322548e-006	1.220055e-005	8.531477e-008	5.451101e-008	7.131677e-006
3.272747946529561e-008	-1.303585e-006	1.212407e-005	8.462838e-008	5.411007e-008	7.176812e-006
3.277019375100994e-008	-1.285552e-006	1.204762e-005	8.394756e-008	5.371134e-008	7.221520e-006
3.281290803672428e-008	-1.268449e-006	1.197118e-005	8.327232e-008	5.331480e-008	7.265798e-006
3.285562232243861e-008	-1.252276e-006	1.189476e-005	8.260265e-008	5.292046e-008	7.309648e-006
3.285662232243862e-008	-1.251901e-006	1.189298e-005	8.258704e-008	5.291125e-008	7.310670e-006
3.315662232243896e-008	-1.152676e-006	1.136535e-005	7.802879e-008	5.020847e-008	7.607245e-006
3.326962232243908e-008	-1.120572e-006	1.117145e-005	7.637550e-008	4.922098e-008	7.713951e-006
3.328505089386768e-008	-1.116359e-006	1.114521e-005	7.615238e-008	4.908746e-008	7.728314e-006
3.330047946529626e-008	-1.112181e-006	1.111903e-005	7.592987e-008	4.895425e-008	7.742629e-006
3.331590803672485e-008	-1.108036e-006	1.109291e-005	7.570798e-008	4.882136e-008	7.756895e-006
3.333133660815344e-008	-1.103927e-006	1.106686e-005	7.548669e-008	4.868877e-008	7.771113e-006
3.334676517958203e-008	-1.099852e-006	1.104086e-005	7.526602e-008	4.855650e-008	7.785282e-006
3.336219375101062e-008	-1.095811e-006	1.101493e-005	7.504595e-008	4.842455e-008	7.799403e-006
3.337762232243921e-008	-1.091805e-006	1.098905e-005	7.482650e-008	4.829290e-008	7.813475e-006
3.338876517958208e-008	-1.088931e-006	1.097040e-005	7.466839e-008	4.819802e-008	7.823609e-006
3.339990803672495e-008	-1.086072e-006	1.095179e-005	7.451059e-008	4.810330e-008	7.833718e-006
3.341105089386782e-008	-1.083228e-006	1.093320e-005	7.435310e-008	4.800876e-008	7.843802e-006
3.342219375101068e-008	-1.080400e-006	1.091465e-005	7.419593e-008	4.791437e-008	7.853861e-006
3.343333660815356e-008	-1.077587e-006	1.089614e-005	7.403907e-008	4.782015e-008	7.863896e-006
3.344447946529642e-008	-1.074789e-006	1.087765e-005	7.388253e-008	4.772610e-008	7.873905e-006
3.345562232243930e-008	-1.072007e-006	1.085920e-005	7.372631e-008	4.763221e-008	7.883890e-006
3.345662232243930e-008	-1.071758e-006	1.085755e-005	7.371230e-008	4.762379e-008	7.884785e-006
3.349390803672505e-008	-1.062665e-006	1.079607e-005	7.319198e-008	4.731091e-008	7.918005e-006
3.353119375101081e-008	-1.053637e-006	1.073496e-005	7.267507e-008	4.699985e-008	7.950959e-006
3.356847946529656e-008	-1.044671e-006	1.067421e-005	7.216157e-008	4.669062e-008	7.983644e-006
3.360576517958233e-008	-1.035770e-006	1.061381e-005	7.165147e-008	4.638323e-008	8.016063e-006
3.364305089386808e-008	-1.026932e-006	1.055378e-005	7.114479e-008	4.607767e-008	8.048215e-006
3.368033660815384e-008	-1.018158e-006	1.049412e-005	7.064152e-008	4.577393e-008	8.080099e-006
3.371762232243959e-008	-1.009447e-006	1.043481e-005	7.014165e-008	4.547203e-008	8.111716e-006
3.375662232243964e-008	-1.000146e-006	1.037313e-005	6.962227e-008	4.515816e-008	8.144515e-006
3.405662232243998e-008	-9.323120e-007	9.913167e-006	6.574545e-008	4.280873e-008	8.387557e-006
3.435662232244032e-008	-8.724440e-007	9.478351e-006	6.204846e-008	4.056366e-008	8.614914e-006
3.437376517958320e-008	-8.691939e-007	9.454222e-006	6.183834e-008	4.043712e-008	8.627452e-006
3.439090803672607e-008	-8.659583e-007	9.430168e-006	6.162947e-008	4.031167e-008	8.639942e-006
3.440805089386895e-008	-8.627373e-007	9.406189e-006	6.142183e-008	4.018730e-008	8.652384e-006
3.442519375101182e-008	-8.595308e-007	9.382284e-006	6.121544e-008	4.006401e-008	8.664779e-006
3.444233660815470e-008	-8.563388e-007	9.358455e-006	6.101028e-008	3.994181e-008	8.677127e-006
3.445947946529757e-008	-8.531613e-007	9.334701e-006	6.080636e-008	3.982069e-008	8.689427e-006
3.447662232244045e-008	-8.499984e-007	9.311022e-006	6.060367e-008	3.970065e-008	8.701680e-006
3.449019375101190e-008	-8.475041e-007	9.292329e-006	6.044328e-008	3.960538e-008	8.711347e-006
3.450376517958334e-008	-8.450184e-007	9.273681e-006	6.028327e-008	3.951022e-008	8.720985e-006
3.451733660815479e-008	-8.425414e-007	9.255080e-006	6.012365e-008	3.941517e-008	8.730594e-006
3.453090803672623e-008	-8.400730e-007	9.236525e-006	5.996442e-008	3.932023e-008	8.740174e-006
3.454447946529767e-008	-8.376133e-007	9.218016e-006	5.980558e-008	3.922539e-008	8.749724e-006
3.455805089386912e-008	-8.351623e-007	9.199554e-006	5.964712e-008	3.913066e-008	8.759245e-006
3.457162232244056e-008	-8.327199e-007	9.181137e-006	5.948906e-008	3.903605e-008	8.768737e-006
3.458076517958343e-008	-8.325176e-007	9.169185e-006	5.938262e-008	3.897215e-008	8.775111e-006
3.458990803672629e-008	-8.313133e-007	9.156952e-006	5.927652e-008	3.890847e-008	8.781476e-006
3.459905089386917e-008	-8.291069e-007	9.144437e-006	5.917078e-008	3.884500e-008	8.787830e-006
3.460819375101203e-008	-8.258986e-007	9.131641e-006	5.906538e-008	3.878176e-008	8.794174e-006
3.461733660815490e-008	-8.216883e-007	9.118564e-006	5.896032e-008	3.871873e-008	8.800508e-006
3.462647946529776e-008	-8.164759e-007	9.105205e-006	5.885562e-008	3.865591e-008	8.806831e-006
3.463562232244063e-008	-8.102616e-007	9.091566e-006	5.875126e-008	3.859332e-008	8.813145e-006
3.463847946529778e-008	-8.063824e-007	9.086748e-006	5.871848e-008	3.857356e-008	8.815120e-006
3.464133660815493e-008	-8.016835e-007	9.081705e-006	5.868567e-008	3.855376e-008	8.817097e-006
3.464419375101207e-008	-7.961650e-007	9.076438e-006	5.865285e-008	3.853393e-008	8.819075e-006
3.464705089386922e-008	-7.898269e-007	9.070946e-006	5.862000e-008	3.851406e-008	8.821055e-006
3.464990803672636e-008	-7.826691e-007	9.065230e-006	5.858713e-008	3.849416e-008	8.823035e-006
3.465276517958351e-008	-7.746916e-007	9.059290e-006	5.855424e-008	3.847422e-008	8.825017e-006
3.465562232244066e-008	-7.658944e-007	9.053125e-006	5.852132e-008	3.845425e-008	8.827000e-006
3.465662232244066e-008	-7.625274e-007	9.050889e-006	5.850982e-008	3.844728e-008	8.827694e-006
3.466590803672638e-008	-7.274141e-007	9.028868e-006	5.840323e-008	3.838263e-008	8.834145e-006
3.467519375101210e-008	-6.766403e-007	9.002926e-006	5.829644e-008	3.831766e-008	8.840632e-006
3.468447946529783e-008	-6.102060e-007	8.973063e-006	5.818944e-008	3.825236e-008	8.847153e-006
3.469376517958356e-008	-5.281111e-007	8.939280e-006	5.808223e-008	3.818675e-008	8.853709e-006
3.470305089386928e-008	-4.303557e-007	8.901577e-006	5.797481e-008	3.812081e-008	8.860300e-006
3.471233660815501e-008	-3.169397e-007	8.859953e-006	5.786718e-008	3.805456e-008	8.866926e-006
3.472162232244073e-008	-1.878632e-007	8.814408e-006	5.775935e-008	3.798798e-008	8.873586e-006
3.472747946529788e-008	-9.616934e-008	8.783373e-006	5.769099e-008	3.794561e-008	8.877814e-006
3.473333660815503e-008	8.257371e-010	8.751293e-006	5.762239e-008	3.790297e-008	8.882054e-006
3.473919375101218e-008	1.031221e-007	8.718170e-006	5.755354e-008	3.786009e-008	8.886308e-006
3.474505089386933e-008	2.107197e-007	8.684004e-006	5.748445e-008	3.781694e-008	8.890574e-006
3.475090803672648e-008	3.236186e-007	8.648794e-006	5.741513e-008	3.777354e-008	8.894852e-006
3.475676517958363e-008	4.418188e-007	8.612540e-006	5.734556e-008	3.772988e-008	8.899144e-006
3.476262232244078e-008	5.653202e-007	8.575242e-006	5.727575e-008	3.768597e-008	8.903448e-006
3.477076517958365e-008	7.445382e-007	8.522181e-006	5.717818e-008	3.762440e-008	8.909451e-006
3.477890803672651e-008	9.271997e-007	8.469193e-006	5.708013e-008	3.756236e-008	8.915461e-006
3.478705089386938e-008	1.113305e-006	8.416279e-006	5.698158e-008	3.749983e-008	8.921476e-006
3.479519375101224e-008	1.302854e-006	8.363438e-006	5.688255e-008	3.743684e-008	8.927499e-006
3.480333660815511e-008	1.495846e-006	8.310670e-006	5.678303e-008	3.737337e-008	8.933527e-006
3.481147946529797e-008	1.692282e-006	8.257975e-006	5.668303e-008	3.730942e-008	8.939563e-006
3.481962232244084e-008	1.892162e-006	8.205354e-006	5.658253e-008	3.724500e-008	8.945604e-006
3.483376517958372e-008	2.241398e-006	8.116220e-006	5.640660e-008	3.713182e-008	8.956098e-006
3.484790803672659e-008	2.581916e-006	8.032035e-006	5.623018e-008	3.701821e-008	8.966554e-006
3.486205089386946e-008	2.913714e-006	7.952801e-006	5.605328e-008	3.690418e-008	8.976973e-006
3.487619375101233e-008	3.236794e-006	7.878517e-006	5.587590e-008	3.678971e-008	8.987353e-006
3.489033660815521e-008	3.551154e-006	7.809183e-006	5.569804e-008	3.667482e-008	8.997696e-006
3.490447946529808e-008	3.856795e-006	7.744799e-006	5.551970e-008	3.655950e-008	9.008002e-006
3.491862232244095e-008	4.153717e-006	7.685366e-006	5.534087e-008	3.644376e-008	9.018269e-006
3.495662232244100e-008	4.867618e-006	7.555660e-006	5.486397e-008	3.613621e-008	9.045522e-006
3.498962232244103e-008	5.402200e-006	7.477026e-006	5.445315e-008	3.587238e-008	9.068847e-006
3.502262232244107e-008	5.892596e-006	7.410841e-006	5.404996e-008	3.561481e-008	9.091910e-006
3.505562232244111e-008	6.338807e-006	7.357105e-006	5.365441e-008	3.536352e-008	9.114711e-006
3.508862232244115e-008	6.740832e-006	7.315819e-006	5.326648e-008	3.511850e-008	9.137249e-006
3.512162232244118e-008	7.098671e-006	7.286982e-006	5.288618e-008	3.487975e-008	9.159525e-006
3.515462232244122e-008	7.412325e-006	7.270594e-006	5.251352e-008	3.464728e-008	9.181538e-006
3.518762232244126e-008	7.681793e-006	7.266655e-006	5.214848e-008	3.442107e-008	9.203290e-006
3.521962232244130e-008	7.927360e-006	7.261650e-006	5.180247e-008	3.420781e-008	9.224180e-006
3.522062232244130e-008	7.934759e-006	7.261684e-006	5.179177e-008	3.420123e-008	9.224830e-006
3.522090299677035e-008	7.936752e-006	7.261614e-006	5.178877e-008	3.419938e-008	9.225012e-006
3.522113519474037e-008	7.937704e-006	7.260862e-006	5.178629e-008	3.419786e-008	9.225158e-006
3.522175310941724e-008	7.928631e-006	7.247269e-006	5.177968e-008	3.419378e-008	9.225446e-006
3.522237102409410e-008	7.911923e-006	7.226063e-006	5.177308e-008	3.418963e-008	9.225673e-006
3.522298893877096e-008	7.887582e-006	7.197245e-006	5.176648e-008	3.418541e-008	9.225838e-006
3.522360685344782e-008	7.855607e-006	7.160815e-006	5.175989e-008	3.418113e-008	9.225941e-006
3.522422476812469e-008	7.815999e-006	7.116772e-006	5.175329e-008	3.417677e-008	9.225981e-006
3.522484268280155e-008	7.768756e-006	7.065117e-006	5.174670e-008	3.417235e-008	9.225960e-006
3.522546059747841e-008	7.713880e-006	7.005850e-006	5.174011e-008	3.416785e-008	9.225876e-006
3.522746059747842e-008	7.492904e-006	6.770875e-006	5.171879e-008	3.415247e-008	9.225249e-006
3.522946059747842e-008	7.209068e-006	6.473379e-006	5.169751e-008	3.413571e-008	9.224104e-006
3.523146059747842e-008	6.873618e-006	6.124646e-006	5.167625e-008	3.411732e-008	9.222537e-006
3.523446059747842e-008	6.300802e-006	5.532667e-006	5.164441e-008	3.408633e-008	9.219620e-006
3.523746059747843e-008	5.681730e-006	4.895387e-006	5.161263e-008	3.405098e-008	9.216332e-006
3.524046059747843e-008	5.054268e-006	4.250677e-006	5.158091e-008	3.401122e-008	9.212987e-006
3.524346059747843e-008	4.448616e-006	3.628702e-006	5.154925e-008	3.396723e-008	9.209829e-006
3.524646059747844e-008	3.886001e-006	3.050628e-006	5.151765e-008	3.391935e-008	9.207030e-006
3.524946059747844e-008	3.379116e-006	2.529073e-006	5.148611e-008	3.386804e-008	9.204687e-006
3.525146059747844e-008	3.075161e-006	2.215733e-006	5.146511e-008	3.383217e-008	9.203402e-006
3.525246059747844e-008	2.933571e-006	2.069560e-006	5.145462e-008	3.381378e-008	9.202845e-006
3.525446059747845e-008	2.670951e-006	1.797978e-006	5.143367e-008	3.377622e-008	9.201895e-006
3.525646059747845e-008	2.434988e-006	1.553306e-006	5.141273e-008	3.373770e-008	9.201161e-006
3.525846059747845e-008	2.224365e-006	1.334203e-006	5.139183e-008	3.369836e-008	9.200631e-006
3.526046059747845e-008	2.037446e-006	1.139013e-006	5.137095e-008	3.365833e-008	9.200291e-006
3.526246059747846e-008	1.872411e-006	9.658959e-007	5.135009e-008	3.361771e-008	9.200126e-006
3.526446059747846e-008	1.727302e-006	8.128769e-007	5.132926e-008	3.357661e-008	9.200120e-006
3.526646059747846e-008	1.600039e-006	6.778596e-007	5.130845e-008	3.353512e-008	9.200256e-006
3.526846059747846e-008	1.489135e-006	5.593437e-007	5.128767e-008	3.349333e-008	9.200525e-006
3.527046059747846e-008	1.392819e-006	4.555431e-007	5.126691e-008	3.345131e-008	9.200908e-006
3.527246059747847e-008	1.309438e-006	3.647961e-007	5.124618e-008	3.340912e-008	9.201394e-006
3.527446059747847e-008	1.237481e-006	2.855788e-007	5.122547e-008	3.336682e-008	9.201971e-006
3.527646059747847e-008	1.175573e-006	2.165094e-007	5.120479e-008	3.332447e-008	9.202628e-006
3.527846059747847e-008	1.122481e-006	1.563464e-007	5.118413e-008	3.328211e-008	9.203355e-006
3.528046059747848e-008	1.077107e-006	1.039838e-007	5.116350e-008	3.323976e-008	9.204143e-006
3.528246059747848e-008	1.038477e-006	5.844350e-008	5.114289e-008	3.319748e-008	9.204982e-006
3.528446059747848e-008	1.005740e-006	1.886713e-008	5.112230e-008	3.315528e-008	9.205870e-006
3.528646059747848e-008	9.781534e-007	-1.549110e-008	5.110174e-008	3.311320e-008	9.206798e-006
3.528946059747849e-008	9.450753e-007	-5.861035e-008	5.107094e-008	3.305032e-008	9.208255e-006
3.529246059747849e-008	9.205572e-007	-9.304031e-008	5.104020e-008	3.298781e-008	9.209778e-006
3.529346059747849e-008	9.144064e-007	-1.024690e-007	5.102996e-008	3.296705e-008	9.210302e-006
3.529431293501643e-008	9.114071e-007	-1.082530e-007	5.102124e-008	3.294941e-008	9.210766e-006
3.529523634923952e-008	9.115158e-007	-1.111545e-007	5.101180e-008	3.293034e-008	9.211295e-006
3.529535100865019e-008	9.121850e-007	-1.108586e-007	5.101063e-008	3.292798e-008	9.211366e-006
3.529558032747153e-008	9.137489e-007	-1.100408e-007	5.100829e-008	3.292326e-008	9.211510e-006
3.529588678321259e-008	9.161371e-007	-1.086492e-007	5.100515e-008	3.291696e-008	9.211703e-006
3.529618698459310e-008	9.184986e-007	-1.072634e-007	5.100209e-008	3.291080e-008	9.211893e-006
3.529759629330856e-008	9.274009e-007	-1.029297e-007	5.098769e-008	3.288196e-008	9.212768e-006
3.530059629330856e-008	9.449383e-007	-9.506559e-008	5.095709e-008	3.282103e-008	9.214621e-006
3.530359629330856e-008	9.621937e-007	-8.741023e-008	5.092654e-008	3.276078e-008	9.216473e-006
3.530659629330857e-008	9.788203e-007	-8.031128e-008	5.089605e-008	3.270114e-008	9.218320e-006
3.530959629330857e-008	9.948181e-007	-7.376875e-008	5.086560e-008	3.264211e-008	9.220161e-006
3.531259629330857e-008	1.010187e-006	-6.778264e-008	5.083521e-008	3.258369e-008	9.221996e-006
3.531559629330858e-008	1.024927e-006	-6.235294e-008	5.080487e-008	3.252587e-008	9.223826e-006
3.531859629330858e-008	1.039039e-006	-5.747965e-008	5.077457e-008	3.246867e-008	9.225650e-006
3.532159629330858e-008	1.052522e-006	-5.316278e-008	5.074433e-008	3.241208e-008	9.227469e-006
3.532888200759431e-008	1.081736e-006	-4.589785e-008	5.067111e-008	3.227725e-008	9.231853e-006
3.533616772188003e-008	1.108321e-006	-4.085563e-008	5.059815e-008	3.214528e-008	9.236211e-006
3.534345343616575e-008	1.132276e-006	-3.803612e-008	5.052548e-008	3.201618e-008	9.240544e-006
3.535073915045148e-008	1.153600e-006	-3.743934e-008	5.045308e-008	3.188994e-008	9.244851e-006
3.535802486473720e-008	1.172295e-006	-3.906527e-008	5.038095e-008	3.176656e-008	9.249132e-006
3.536531057902292e-008	1.188360e-006	-4.291392e-008	5.030910e-008	3.164606e-008	9.253387e-006
3.537259629330864e-008	1.201795e-006	-4.898529e-008	5.023753e-008	3.152841e-008	9.257617e-006
3.538316772188008e-008	1.218578e-006	-5.977701e-008	5.013416e-008	3.136218e-008	9.263722e-006
3.539373915045153e-008	1.234033e-006	-7.118341e-008	5.003129e-008	3.120031e-008	9.269805e-006
3.540431057902297e-008	1.248159e-006	-8.320447e-008	4.992889e-008	3.104281e-008	9.275866e-006
3.541488200759440e-008	1.260957e-006	-9.584020e-008	4.982699e-008	3.088967e-008	9.281904e-006
3.542545343616584e-008	1.272426e-006	-1.090906e-007	4.972556e-008	3.074089e-008	9.287921e-006
3.543602486473729e-008	1.282567e-006	-1.229557e-007	4.962463e-008	3.059649e-008	9.293916e-006
3.544659629330873e-008	1.291379e-006	-1.374354e-007	4.952417e-008	3.045644e-008	9.299888e-006
3.544988200759444e-008	1.294332e-006	-1.416151e-007	4.949320e-008	3.041354e-008	9.301743e-006
3.545316772188016e-008	1.297267e-006	-1.457555e-007	4.945921e-008	3.037098e-008	9.303598e-006
3.545645343616588e-008	1.300185e-006	-1.498568e-007	4.942220e-008	3.032876e-008	9.305450e-006
3.545973915045160e-008	1.303086e-006	-1.539188e-007	4.938217e-008	3.028689e-008	9.307302e-006
3.546302486473732e-008	1.305969e-006	-1.579415e-007	4.933912e-008	3.024536e-008	9.309152e-006
3.546631057902304e-008	1.308835e-006	-1.619251e-007	4.929306e-008	3.020418e-008	9.311001e-006
3.546959629330875e-008	1.311683e-006	-1.658694e-007	4.924398e-008	3.016334e-008	9.312848e-006
3.547502486473733e-008	1.316374e-006	-1.722794e-007	4.915587e-008	3.009661e-008	9.315898e-006
3.548045343616590e-008	1.321052e-006	-1.785656e-007	4.905927e-008	3.003072e-008	9.318945e-006
3.548588200759448e-008	1.325718e-006	-1.847282e-007	4.895420e-008	2.996566e-008	9.321988e-006
3.549131057902306e-008	1.330373e-006	-1.907671e-007	4.884064e-008	2.990144e-008	9.325028e-006
3.549673915045164e-008	1.335015e-006	-1.966824e-007	4.871861e-008	2.983805e-008	9.328065e-006
3.550216772188022e-008	1.339645e-006	-2.024740e-007	4.858809e-008	2.977550e-008	9.331098e-006
3.550759629330880e-008	1.344264e-006	-2.081419e-007	4.844909e-008	2.971379e-008	9.334128e-006
3.551088200759451e-008	1.347058e-006	-2.115162e-007	4.835970e-008	2.967679e-008	9.335960e-006
3.551416772188023e-008	1.349847e-006	-2.148514e-007	4.827218e-008	2.964007e-008	9.337792e-006
3.551745343616595e-008	1.352632e-006	-2.181475e-007	4.818655e-008	2.960363e-008	9.339622e-006
3.552073915045167e-008	1.355412e-006	-2.214046e-007	4.810279e-008	2.956745e-008	9.341450e-006
3.552402486473739e-008	1.358188e-006	-2.246226e-007	4.802090e-008	2.953155e-008	9.343278e-006
3.552731057902310e-008	1.360960e-006	-2.278015e-007	4.794089e-008	2.949593e-008	9.345104e-006
3.553059629330882e-008	1.363727e-006	-2.309413e-007	4.786276e-008	2.946057e-008	9.346929e-006
3.554559629330884e-008	1.376274e-006	-2.448487e-007	4.754997e-008	2.930240e-008	9.355244e-006
3.554659629330884e-008	1.377105e-006	-2.457517e-007	4.753080e-008	2.929204e-008	9.355797e-006
3.555702486473743e-008	1.385747e-006	-2.549472e-007	4.734283e-008	2.918557e-008	9.361562e-006
3.556745343616600e-008	1.394274e-006	-2.639211e-007	4.716221e-008	2.908126e-008	9.367314e-006
3.557788200759459e-008	1.402687e-006	-2.726734e-007	4.698892e-008	2.897910e-008	9.373052e-006
3.558831057902317e-008	1.410984e-006	-2.812040e-007	4.682299e-008	2.887910e-008	9.378777e-006
3.559873915045176e-008	1.419167e-006	-2.895130e-007	4.666439e-008	2.878125e-008	9.384489e-006
3.560916772188034e-008	1.427234e-006	-2.976005e-007	4.651314e-008	2.868556e-008	9.390188e-006
3.561959629330892e-008	1.435187e-006	-3.054662e-007	4.636924e-008	2.859202e-008	9.395873e-006
3.564045343616609e-008	1.450598e-006	-3.207228e-007	4.609647e-008	2.841123e-008	9.407203e-006
3.566131057902326e-008	1.465562e-006	-3.355494e-007	4.583344e-008	2.823611e-008	9.418480e-006
3.568216772188042e-008	1.480078e-006	-3.499459e-007	4.558017e-008	2.806666e-008	9.429704e-006
3.570302486473759e-008	1.494146e-006	-3.639124e-007	4.533663e-008	2.790289e-008	9.440875e-006
3.572388200759475e-008	1.507768e-006	-3.774489e-007	4.510285e-008	2.774479e-008	9.451993e-006
3.574473915045192e-008	1.520942e-006	-3.905553e-007	4.487881e-008	2.759237e-008	9.463057e-006
3.576559629330909e-008	1.533669e-006	-4.032317e-007	4.466452e-008	2.744562e-008	9.474068e-006
3.584659629330918e-008	1.580436e-006	-4.499308e-007	4.391599e-008	2.690907e-008	9.516336e-006
3.588931057902352e-008	1.603292e-006	-4.727590e-007	4.358214e-008	2.664940e-008	9.538307e-006
3.593202486473785e-008	1.625491e-006	-4.949292e-007	4.325990e-008	2.639773e-008	9.560067e-006
3.597473915045219e-008	1.647033e-006	-5.164411e-007	4.294927e-008	2.615404e-008	9.581618e-006
3.601745343616651e-008	1.667919e-006	-5.372950e-007	4.265024e-008	2.591835e-008	9.602958e-006
3.606016772188085e-008	1.688148e-006	-5.574907e-007	4.236282e-008	2.569065e-008	9.624088e-006
3.610288200759518e-008	1.707721e-006	-5.770282e-007	4.208700e-008	2.547094e-008	9.645008e-006
3.614559629330952e-008	1.726637e-006	-5.959076e-007	4.182280e-008	2.525922e-008	9.665718e-006
3.614659629330952e-008	1.727079e-006	-5.963488e-007	4.181642e-008	2.525426e-008	9.666200e-006
3.644659629330986e-008	1.850896e-006	-7.199200e-007	3.989036e-008	2.385754e-008	9.805994e-006
3.674659629331020e-008	1.961610e-006	-8.303971e-007	3.787373e-008	2.257901e-008	9.936285e-006
3.704659629331054e-008	2.062335e-006	-9.308974e-007	3.580719e-008	2.137593e-008	1.005761e-005
3.734659629331088e-008	2.154379e-006	-1.022730e-006	3.375506e-008	2.023413e-008	1.017047e-005
3.739959629331094e-008	2.169801e-006	-1.038115e-006	3.339749e-008	2.003829e-008	1.018956e-005
3.740159629331094e-008	2.170378e-006	-1.038691e-006	3.338404e-008	2.003094e-008	1.019028e-005
3.764659629331122e-008	2.238533e-006	-1.106684e-006	3.175860e-008	1.914788e-008	1.027533e-005
3.794659629331156e-008	2.315418e-006	-1.183380e-006	2.983829e-008	1.811388e-008	1.037263e-005
3.824659629331190e-008	2.385576e-006	-1.253360e-006	2.800248e-008	1.712955e-008	1.046280e-005
3.840659629331208e-008	2.420426e-006	-1.288119e-006	2.705872e-008	1.662412e-008	1.050811e-005
3.854659629331224e-008	2.449535e-006	-1.317149e-006	2.625298e-008	1.619267e-008	1.054622e-005
3.884659629331258e-008	2.507755e-006	-1.375210e-006	2.457449e-008	1.530113e-008	1.062326e-005
3.914659629331292e-008	2.560599e-006	-1.427907e-006	2.298366e-008	1.445296e-008	1.069426e-005
3.944659629331326e-008	2.612621e-006	-1.479599e-006	2.147759e-008	1.364551e-008	1.075957e-005
3.956259629331339e-008	2.631771e-006	-1.498882e-006	2.091535e-008	1.334340e-008	1.078335e-005
3.957431057902769e-008	2.633597e-006	-1.500720e-006	2.088432e-008	1.331322e-008	1.078571e-005
3.958602486474199e-008	2.635441e-006	-1.502559e-006	2.079363e-008	1.328309e-008	1.078806e-005
3.959773915045629e-008	2.637301e-006	-1.504400e-006	2.064328e-008	1.325302e-008	1.079040e-005
3.960945343617059e-008	2.639177e-006	-1.506242e-006	2.043328e-008	1.322301e-008	1.079273e-005
3.962116772188489e-008	2.641071e-006	-1.508084e-006	2.016363e-008	1.319306e-008	1.079506e-005
3.963288200759919e-008	2.642981e-006	-1.509929e-006	1.983431e-008	1.316317e-008	1.079738e-005
3.964459629331349e-008	2.644907e-006	-1.511774e-006	1.944534e-008	1.313334e-008	1.079969e-005
3.965188200759921e-008	2.646152e-006	-1.512945e-006	1.913253e-008	1.311479e-008	1.080112e-005
3.965916772188493e-008	2.647434e-006	-1.514143e-006	1.878492e-008	1.309630e-008	1.080255e-005
3.966645343617065e-008	2.648752e-006	-1.515367e-006	1.840250e-008	1.307787e-008	1.080398e-005
3.967373915045638e-008	2.650106e-006	-1.516618e-006	1.798528e-008	1.305950e-008	1.080540e-005
3.968102486474210e-008	2.651497e-006	-1.517895e-006	1.753326e-008	1.304119e-008	1.080682e-005
3.968831057902782e-008	2.652924e-006	-1.519199e-006	1.704643e-008	1.302293e-008	1.080824e-005
3.969559629331354e-008	2.654388e-006	-1.520529e-006	1.652479e-008	1.300474e-008	1.080965e-005
3.970273915045641e-008	2.655872e-006	-1.521875e-006	1.598430e-008	1.298696e-008	1.081104e-005
3.970988200759927e-008	2.657394e-006	-1.523261e-006	1.542906e-008	1.296921e-008	1.081242e-005
3.971702486474214e-008	2.658956e-006	-1.524688e-006	1.485906e-008	1.295150e-008	1.081380e-005
3.972416772188500e-008	2.660556e-006	-1.526157e-006	1.427431e-008	1.293383e-008	1.081517e-005
3.973131057902787e-008	2.662196e-006	-1.527666e-006	1.367480e-008	1.291619e-008	1.081655e-005
3.973845343617073e-008	2.663874e-006	-1.529216e-006	1.306054e-008	1.289859e-008	1.081792e-005
3.974559629331360e-008	2.665591e-006	-1.530807e-006	1.243153e-008	1.288102e-008	1.081928e-005
3.974659629331360e-008	2.665834e-006	-1.531034e-006	1.234409e-008	1.287854e-008	1.081947e-005
3.975516772188504e-008	2.667950e-006	-1.533016e-006	1.158436e-008	1.285731e-008	1.082111e-005
3.976373915045648e-008	2.670099e-006	-1.535050e-006	1.083014e-008	1.283600e-008	1.082274e-005
3.977231057902792e-008	2.672282e-006	-1.537136e-006	1.008144e-008	1.281462e-008	1.082437e-005
3.978088200759935e-008	2.674498e-006	-1.539273e-006	9.338258e-009	1.279317e-008	1.082599e-005
3.978945343617079e-008	2.676746e-006	-1.541463e-006	8.600588e-009	1.277166e-008	1.082761e-005
3.979802486474223e-008	2.679028e-006	-1.543705e-006	7.868432e-009	1.275007e-008	1.082922e-005
3.980659629331367e-008	2.681344e-006	-1.545998e-006	7.141791e-009	1.272841e-008	1.083083e-005
3.981159629331368e-008	2.682699e-006	-1.547351e-006	6.726667e-009	1.271577e-008	1.083177e-005
3.981659629331368e-008	2.684058e-006	-1.548714e-006	6.317198e-009	1.270314e-008	1.083271e-005
3.982159629331369e-008	2.685421e-006	-1.550086e-006	5.913386e-009	1.269051e-008	1.083364e-005
3.982659629331369e-008	2.686788e-006	-1.551468e-006	5.515230e-009	1.267788e-008	1.083457e-005
3.983159629331370e-008	2.688158e-006	-1.552859e-006	5.122729e-009	1.266525e-008	1.083551e-005
3.983659629331370e-008	2.689533e-006	-1.554259e-006	4.735885e-009	1.265262e-008	1.083644e-005
3.984159629331371e-008	2.690912e-006	-1.555670e-006	4.354697e-009	1.264000e-008	1.083737e-005
3.984673915045658e-008	2.692331e-006	-1.557127e-006	3.972341e-009	1.262704e-008	1.083832e-005
3.985188200759944e-008	2.693750e-006	-1.558586e-006	3.598211e-009	1.261408e-008	1.083927e-005
3.985702486474230e-008	2.695168e-006	-1.560048e-006	3.232308e-009	1.260114e-008	1.084022e-005
3.986216772188516e-008	2.696584e-006	-1.561513e-006	2.874632e-009	1.258821e-008	1.084117e-005
3.986731057902803e-008	2.697999e-006	-1.562979e-006	2.525182e-009	1.257530e-008	1.084212e-005
3.987245343617089e-008	2.699412e-006	-1.564449e-006	2.183958e-009	1.256240e-008	1.084307e-005
3.987759629331375e-008	2.700825e-006	-1.565921e-006	1.850961e-009	1.254951e-008	1.084401e-005
3.987859629331375e-008	2.701099e-006	-1.566206e-006	1.786512e-009	1.254701e-008	1.084419e-005
3.987887696764280e-008	2.701176e-006	-1.566286e-006	1.773216e-009	1.254630e-008	1.084425e-005
3.987898011702825e-008	2.701204e-006	-1.566316e-006	1.770570e-009	1.254604e-008	1.084426e-005
3.987905540959609e-008	2.701225e-006	-1.566337e-006	1.766265e-009	1.254586e-008	1.084428e-005
3.987913577814248e-008	2.701246e-006	-1.566360e-006	1.761898e-009	1.254565e-008	1.084429e-005
3.987914993956905e-008	2.701250e-006	-1.566364e-006	1.760844e-009	1.254562e-008	1.084430e-005
3.989901587910743e-008	2.706697e-006	-1.572090e-006	6.438628e-010	1.249593e-008	1.084793e-005
3.991888181864580e-008	2.711996e-006	-1.577652e-006	-4.682035e-010	1.244644e-008	1.085154e-005
3.993874775818418e-008	2.717149e-006	-1.583050e-006	-1.575355e-009	1.239714e-008	1.085514e-005
3.995861369772255e-008	2.722154e-006	-1.588283e-006	-2.677592e-009	1.234805e-008	1.085871e-005
3.997847963726093e-008	2.727012e-006	-1.593352e-006	-3.774914e-009	1.229916e-008	1.086225e-005
3.999834557679931e-008	2.731723e-006	-1.598257e-006	-4.867321e-009	1.225046e-008	1.086578e-005
4.001821151633769e-008	2.736287e-006	-1.602997e-006	-5.954814e-009	1.220196e-008	1.086929e-005
4.001921151633769e-008	2.736509e-006	-1.603227e-006	-6.009523e-009	1.219953e-008	1.086946e-005
4.004106865919485e-008	2.741250e-006	-1.608098e-006	-7.202325e-009	1.214637e-008	1.087329e-005
4.006292580205202e-008	2.745749e-006	-1.612713e-006	-8.392560e-009	1.209344e-008	1.087710e-005
4.008478294490919e-008	2.750006e-006	-1.617070e-006	-9.580229e-009	1.204072e-008	1.088088e-005
4.010664008776636e-008	2.754023e-006	-1.621170e-006	-1.076533e-008	1.198823e-008	1.088463e-005
4.012849723062352e-008	2.757797e-006	-1.625014e-006	-1.194787e-008	1.193596e-008	1.088836e-005
4.015035437348070e-008	2.761331e-006	-1.628600e-006	-1.312783e-008	1.188392e-008	1.089207e-005
4.017221151633786e-008	2.764623e-006	-1.631929e-006	-1.430524e-008	1.183209e-008	1.089575e-005
4.017464008776644e-008	2.764977e-006	-1.632287e-006	-1.443604e-008	1.182635e-008	1.089615e-005
4.017706865919501e-008	2.765327e-006	-1.632642e-006	-1.456807e-008	1.182062e-008	1.089656e-005
4.017949723062358e-008	2.765675e-006	-1.632994e-006	-1.470133e-008	1.181488e-008	1.089697e-005
4.018192580205216e-008	2.766020e-006	-1.633344e-006	-1.483581e-008	1.180915e-008	1.089737e-005
4.018435437348073e-008	2.766362e-006	-1.633690e-006	-1.497151e-008	1.180342e-008	1.089778e-005
4.018678294490930e-008	2.766702e-006	-1.634034e-006	-1.510843e-008	1.179770e-008	1.089819e-005
4.018921151633788e-008	2.767039e-006	-1.634376e-006	-1.524658e-008	1.179198e-008	1.089859e-005
4.019421151633789e-008	2.767725e-006	-1.635069e-006	-1.553852e-008	1.178021e-008	1.089943e-005
4.019921151633789e-008	2.768400e-006	-1.635752e-006	-1.583381e-008	1.176845e-008	1.090026e-005
4.020421151633790e-008	2.769065e-006	-1.636424e-006	-1.613247e-008	1.175671e-008	1.090109e-005
4.020921151633790e-008	2.769719e-006	-1.637085e-006	-1.643449e-008	1.174498e-008	1.090192e-005
4.021421151633791e-008	2.770362e-006	-1.637735e-006	-1.673986e-008	1.173326e-008	1.090275e-005
4.021921151633791e-008	2.770994e-006	-1.638374e-006	-1.704860e-008	1.172156e-008	1.090357e-005
4.022421151633792e-008	2.771616e-006	-1.639002e-006	-1.736069e-008	1.170987e-008	1.090440e-005
4.023021151633793e-008	2.772349e-006	-1.639742e-006	-1.773492e-008	1.169586e-008	1.090539e-005
4.023621151633793e-008	2.773068e-006	-1.640467e-006	-1.810941e-008	1.168187e-008	1.090638e-005
4.024221151633794e-008	2.773774e-006	-1.641179e-006	-1.848418e-008	1.166790e-008	1.090736e-005
4.024821151633795e-008	2.774466e-006	-1.641876e-006	-1.885922e-008	1.165395e-008	1.090835e-005
4.025421151633795e-008	2.775143e-006	-1.642559e-006	-1.923452e-008	1.164002e-008	1.090933e-005
4.026021151633796e-008	2.775808e-006	-1.643228e-006	-1.961010e-008	1.162611e-008	1.091031e-005
4.026621151633797e-008	2.776458e-006	-1.643883e-006	-1.998595e-008	1.161221e-008	1.091129e-005
4.031921151633803e-008	2.781677e-006	-1.649121e-006	-2.330285e-008	1.149037e-008	1.091985e-005
4.033592580205233e-008	2.779847e-006	-1.649078e-006	-2.434993e-008	1.145232e-008	1.092251e-005
4.035264008776664e-008	2.780203e-006	-1.649982e-006	-2.539799e-008	1.141438e-008	1.092516e-005
4.036935437348094e-008	2.782745e-006	-1.651836e-006	-2.644702e-008	1.137657e-008	1.092781e-005
4.038606865919524e-008	2.787472e-006	-1.654637e-006	-2.749703e-008	1.133887e-008	1.093044e-005
4.040278294490955e-008	2.794385e-006	-1.658387e-006	-2.854801e-008	1.130129e-008	1.093307e-005
4.041949723062385e-008	2.803483e-006	-1.663086e-006	-2.959997e-008	1.126382e-008	1.093568e-005
4.043621151633816e-008	2.814767e-006	-1.668733e-006	-3.065291e-008	1.122648e-008	1.093829e-005
4.044792580205246e-008	2.836812e-006	-1.681086e-006	-3.139151e-008	1.120005e-008	1.094014e-005
4.045964008776676e-008	2.856062e-006	-1.693693e-006	-3.213059e-008	1.117336e-008	1.094196e-005
4.047135437348106e-008	2.872518e-006	-1.706556e-006	-3.287017e-008	1.114642e-008	1.094377e-005
4.048306865919535e-008	2.886181e-006	-1.719674e-006	-3.361023e-008	1.111922e-008	1.094555e-005
4.049478294490965e-008	2.897049e-006	-1.733047e-006	-3.435079e-008	1.109177e-008	1.094732e-005
4.050649723062395e-008	2.905123e-006	-1.746675e-006	-3.509183e-008	1.106407e-008	1.094906e-005
4.051821151633825e-008	2.910403e-006	-1.760558e-006	-3.583335e-008	1.103611e-008	1.095079e-005
4.053249723062398e-008	2.915093e-006	-1.773668e-006	-3.673831e-008	1.100176e-008	1.095289e-005
4.054678294490971e-008	2.919738e-006	-1.785234e-006	-3.764397e-008	1.096743e-008	1.095499e-005
4.056106865919544e-008	2.924337e-006	-1.795258e-006	-3.855035e-008	1.093315e-008	1.095708e-005
4.057535437348118e-008	2.928891e-006	-1.803739e-006	-3.945743e-008	1.089890e-008	1.095917e-005
4.058964008776691e-008	2.933399e-006	-1.810677e-006	-4.036523e-008	1.086469e-008	1.096126e-005
4.060392580205264e-008	2.937862e-006	-1.816072e-006	-4.127374e-008	1.083051e-008	1.096335e-005
4.061821151633837e-008	2.942279e-006	-1.819924e-006	-4.218296e-008	1.079636e-008	1.096543e-005
4.061921151633837e-008	2.942594e-006	-1.820190e-006	-4.224664e-008	1.079399e-008	1.096557e-005
4.065149723062412e-008	2.952891e-006	-1.826728e-006	-4.430426e-008	1.071796e-008	1.097026e-005
4.068378294490987e-008	2.961101e-006	-1.832061e-006	-4.636540e-008	1.064301e-008	1.097488e-005
4.071606865919562e-008	2.967223e-006	-1.836189e-006	-4.843004e-008	1.056916e-008	1.097946e-005
4.074835437348137e-008	2.971259e-006	-1.839112e-006	-5.049819e-008	1.049640e-008	1.098398e-005
4.078064008776712e-008	2.973207e-006	-1.840831e-006	-5.256985e-008	1.042474e-008	1.098845e-005
4.081292580205287e-008	2.973068e-006	-1.841344e-006	-5.464502e-008	1.035416e-008	1.099287e-005
4.084521151633862e-008	2.970842e-006	-1.840653e-006	-5.672370e-008	1.028467e-008	1.099723e-005
4.091921151633871e-008	2.964842e-006	-1.834429e-006	-6.150056e-008	1.012952e-008	1.100706e-005
4.096192580205304e-008	2.959755e-006	-1.828917e-006	-6.426600e-008	1.004282e-008	1.101262e-005
4.100464008776738e-008	2.954605e-006	-1.823400e-006	-6.703677e-008	9.957403e-009	1.101810e-005
4.104735437348171e-008	2.949392e-006	-1.817879e-006	-6.981287e-008	9.873285e-009	1.102349e-005
4.109006865919604e-008	2.944116e-006	-1.812352e-006	-7.259429e-008	9.790462e-009	1.102881e-005
4.113278294491038e-008	2.938778e-006	-1.806821e-006	-7.538103e-008	9.708934e-009	1.103404e-005
4.117549723062471e-008	2.933376e-006	-1.801286e-006	-7.817310e-008	9.628700e-009	1.103919e-005
4.121821151633905e-008	2.927912e-006	-1.795745e-006	-8.097049e-008	9.549762e-009	1.104426e-005
4.121921151633905e-008	2.927796e-006	-1.795627e-006	-8.103603e-008	9.547917e-009	1.104438e-005
4.126192580205338e-008	2.923036e-006	-1.790725e-006	-8.383845e-008	9.469685e-009	1.104937e-005
4.130464008776772e-008	2.918644e-006	-1.786203e-006	-8.664535e-008	9.392060e-009	1.105428e-005
4.134735437348205e-008	2.914623e-006	-1.782062e-006	-8.945673e-008	9.315042e-009	1.105912e-005
4.139006865919638e-008	2.910970e-006	-1.778300e-006	-9.227259e-008	9.238630e-009	1.106388e-005
4.143278294491072e-008	2.907687e-006	-1.774918e-006	-9.509292e-008	9.162824e-009	1.106856e-005
4.147549723062505e-008	2.904773e-006	-1.771915e-006	-9.791774e-008	9.087625e-009	1.107316e-005
4.151821151633939e-008	2.902229e-006	-1.769293e-006	-1.007470e-007	9.013033e-009	1.107769e-005
4.151921151633939e-008	2.902173e-006	-1.769235e-006	-1.008133e-007	9.011289e-009	1.107779e-005
4.156192580205372e-008	2.900016e-006	-1.767004e-006	-1.036468e-007	8.937055e-009	1.108225e-005
4.160464008776806e-008	2.898123e-006	-1.765041e-006	-1.064838e-007	8.863217e-009	1.108662e-005
4.164735437348239e-008	2.896495e-006	-1.763348e-006	-1.093246e-007	8.789774e-009	1.109093e-005
4.169006865919672e-008	2.895131e-006	-1.761924e-006	-1.121689e-007	8.716725e-009	1.109516e-005
4.173278294491106e-008	2.894031e-006	-1.760769e-006	-1.150169e-007	8.644071e-009	1.109932e-005
4.177549723062539e-008	2.893195e-006	-1.759883e-006	-1.178686e-007	8.571812e-009	1.110341e-005
4.181821151633973e-008	2.892624e-006	-1.759266e-006	-1.207239e-007	8.499948e-009	1.110742e-005
4.181921151633973e-008	2.892612e-006	-1.759253e-006	-1.207907e-007	8.498270e-009	1.110751e-005
4.186192580205406e-008	2.892226e-006	-1.758824e-006	-1.236493e-007	8.426761e-009	1.111145e-005
4.190464008776840e-008	2.891973e-006	-1.758530e-006	-1.265108e-007	8.355637e-009	1.111532e-005
4.194735437348273e-008	2.891853e-006	-1.758372e-006	-1.293750e-007	8.284897e-009	1.111913e-005
4.199006865919706e-008	2.891867e-006	-1.758350e-006	-1.322421e-007	8.214540e-009	1.112286e-005
4.203278294491140e-008	2.892014e-006	-1.758464e-006	-1.351120e-007	8.144567e-009	1.112652e-005
4.207549723062573e-008	2.892294e-006	-1.758713e-006	-1.379848e-007	8.074979e-009	1.113012e-005
4.211821151634007e-008	2.892708e-006	-1.759098e-006	-1.408604e-007	8.005774e-009	1.113365e-005
4.211921151634007e-008	2.892717e-006	-1.759107e-006	-1.409278e-007	8.004158e-009	1.113373e-005
4.241921151634041e-008	2.897196e-006	-1.763418e-006	-1.611857e-007	7.529694e-009	1.115663e-005
4.271921151634075e-008	2.902980e-006	-1.769078e-006	-1.815279e-007	7.076149e-009	1.117639e-005
4.301921151634109e-008	2.908516e-006	-1.774513e-006	-2.019197e-007	6.644113e-009	1.119318e-005
4.306192580205542e-008	2.909237e-006	-1.775220e-006	-2.048255e-007	6.584355e-009	1.119534e-005
4.310464008776976e-008	2.909933e-006	-1.775904e-006	-2.077313e-007	6.525027e-009	1.119744e-005
4.314735437348409e-008	2.910606e-006	-1.776563e-006	-2.106371e-007	6.466130e-009	1.119948e-005
4.319006865919842e-008	2.911255e-006	-1.777199e-006	-2.135430e-007	6.407663e-009	1.120147e-005
4.323278294491276e-008	2.911879e-006	-1.777812e-006	-2.164489e-007	6.349628e-009	1.120341e-005
4.327549723062709e-008	2.912480e-006	-1.778400e-006	-2.193548e-007	6.292023e-009	1.120529e-005
4.331821151634143e-008	2.913057e-006	-1.778965e-006	-2.222608e-007	6.234849e-009	1.120711e-005
4.331921151634143e-008	2.913070e-006	-1.778978e-006	-2.223288e-007	6.233515e-009	1.120715e-005
4.336192580205576e-008	2.913583e-006	-1.779488e-006	-2.252345e-007	6.176780e-009	1.120892e-005
4.340464008777010e-008	2.914094e-006	-1.779991e-006	-2.281396e-007	6.120461e-009	1.121064e-005
4.344735437348443e-008	2.914606e-006	-1.780484e-006	-2.310442e-007	6.064558e-009	1.121230e-005
4.349006865919876e-008	2.915117e-006	-1.780969e-006	-2.339482e-007	6.009071e-009	1.121391e-005
4.353278294491310e-008	2.915627e-006	-1.781445e-006	-2.368516e-007	5.954000e-009	1.121547e-005
4.357549723062743e-008	2.916138e-006	-1.781912e-006	-2.397545e-007	5.899345e-009	1.121697e-005
4.361821151634177e-008	2.916647e-006	-1.782371e-006	-2.426569e-007	5.845107e-009	1.121842e-005
4.361921151634177e-008	2.916661e-006	-1.782384e-006	-2.427248e-007	5.843841e-009	1.121846e-005
4.391921151634211e-008	2.919814e-006	-1.785575e-006	-2.630792e-007	5.473931e-009	1.122723e-005
4.421921151634245e-008	2.920703e-006	-1.786381e-006	-2.833687e-007	5.123484e-009	1.123361e-005
4.451921151634279e-008	2.920526e-006	-1.785849e-006	-3.036219e-007	4.791833e-009	1.123773e-005
4.453049723062852e-008	2.920250e-006	-1.784436e-006	-3.043819e-007	4.779923e-009	1.123785e-005
4.454178294491424e-008	2.926437e-006	-1.786823e-006	-3.051419e-007	4.767781e-009	1.123797e-005
4.455306865919997e-008	2.939087e-006	-1.793008e-006	-3.059019e-007	4.755405e-009	1.123810e-005
4.456435437348570e-008	2.958202e-006	-1.802993e-006	-3.066619e-007	4.742796e-009	1.123824e-005
4.457564008777143e-008	2.983779e-006	-1.816776e-006	-3.074218e-007	4.729954e-009	1.123839e-005
4.458692580205715e-008	3.015821e-006	-1.834359e-006	-3.081818e-007	4.716880e-009	1.123855e-005
4.459821151634288e-008	3.054326e-006	-1.855740e-006	-3.089418e-007	4.703572e-009	1.123872e-005
4.461021151634289e-008	3.110296e-006	-1.889413e-006	-3.097501e-007	4.688808e-009	1.123891e-005
4.462221151634291e-008	3.170991e-006	-1.930927e-006	-3.105591e-007	4.672572e-009	1.123908e-005
4.463421151634292e-008	3.236412e-006	-1.980284e-006	-3.113688e-007	4.654864e-009	1.123924e-005
4.464621151634293e-008	3.306558e-006	-2.037482e-006	-3.121792e-007	4.635685e-009	1.123939e-005
4.465821151634295e-008	3.381429e-006	-2.102523e-006	-3.129902e-007	4.615035e-009	1.123951e-005
4.467021151634296e-008	3.461025e-006	-2.175406e-006	-3.138019e-007	4.592912e-009	1.123963e-005
4.468221151634297e-008	3.545346e-006	-2.256131e-006	-3.146143e-007	4.569319e-009	1.123972e-005
4.469635437348585e-008	3.640382e-006	-2.359687e-006	-3.155732e-007	4.538207e-009	1.123977e-005
4.471049723062872e-008	3.732693e-006	-2.462489e-006	-3.165332e-007	4.504777e-009	1.123982e-005
4.472464008777160e-008	3.822281e-006	-2.564537e-006	-3.174943e-007	4.469027e-009	1.123984e-005
4.473878294491446e-008	3.909144e-006	-2.665831e-006	-3.184565e-007	4.430959e-009	1.123986e-005
4.475292580205734e-008	3.993283e-006	-2.766371e-006	-3.194197e-007	4.390572e-009	1.123986e-005
4.476706865920021e-008	4.074698e-006	-2.866156e-006	-3.203840e-007	4.347865e-009	1.123985e-005
4.478121151634309e-008	4.153389e-006	-2.965188e-006	-3.213494e-007	4.302840e-009	1.123982e-005
4.478649723062881e-008	4.181780e-006	-2.999525e-006	-3.217104e-007	4.285768e-009	1.123982e-005
4.479178294491452e-008	4.209514e-006	-3.032992e-006	-3.220715e-007	4.268543e-009	1.123982e-005
4.479706865920024e-008	4.236591e-006	-3.065588e-006	-3.224326e-007	4.251167e-009	1.123981e-005
4.480235437348597e-008	4.263011e-006	-3.097313e-006	-3.227938e-007	4.233638e-009	1.123981e-005
4.480764008777169e-008	4.288774e-006	-3.128167e-006	-3.231552e-007	4.215958e-009	1.123981e-005
4.481292580205741e-008	4.313881e-006	-3.158151e-006	-3.235166e-007	4.198126e-009	1.123980e-005
4.481821151634313e-008	4.338331e-006	-3.187264e-006	-3.238781e-007	4.180142e-009	1.123980e-005
4.481921151634313e-008	4.342899e-006	-3.192665e-006	-3.239465e-007	4.176736e-009	1.123980e-005
4.483692580205744e-008	4.420090e-006	-3.281018e-006	-3.251589e-007	4.115055e-009	1.123981e-005
4.485464008777174e-008	4.492363e-006	-3.362028e-006	-3.263714e-007	4.053763e-009	1.123981e-005
4.487235437348605e-008	4.559717e-006	-3.435696e-006	-3.275839e-007	3.992861e-009	1.123982e-005
4.489006865920035e-008	4.622154e-006	-3.502021e-006	-3.287964e-007	3.932347e-009	1.123984e-005
4.490778294491466e-008	4.679672e-006	-3.561005e-006	-3.300089e-007	3.872223e-009	1.123985e-005
4.492549723062896e-008	4.732272e-006	-3.612646e-006	-3.312215e-007	3.812488e-009	1.123987e-005
4.494321151634327e-008	4.779954e-006	-3.656945e-006	-3.324341e-007	3.753143e-009	1.123990e-005
4.496821151634330e-008	4.838340e-006	-3.712810e-006	-3.341445e-007	3.672251e-009	1.123991e-005
4.499321151634333e-008	4.890408e-006	-3.762860e-006	-3.358531e-007	3.594370e-009	1.123990e-005
4.501821151634336e-008	4.936159e-006	-3.807096e-006	-3.375598e-007	3.519498e-009	1.123988e-005
4.504321151634338e-008	4.975591e-006	-3.845516e-006	-3.392646e-007	3.447637e-009	1.123985e-005
4.506821151634341e-008	5.008706e-006	-3.878122e-006	-3.409676e-007	3.378786e-009	1.123980e-005
4.509321151634344e-008	5.035504e-006	-3.904913e-006	-3.426688e-007	3.312945e-009	1.123973e-005
4.511821151634347e-008	5.055983e-006	-3.925889e-006	-3.443681e-007	3.250114e-009	1.123964e-005
4.511921151634347e-008	5.056792e-006	-3.926706e-006	-3.444361e-007	3.247670e-009	1.123964e-005
4.513621151634349e-008	5.076862e-006	-3.942006e-006	-3.455900e-007	3.207085e-009	1.123960e-005
4.515321151634351e-008	5.096005e-006	-3.957462e-006	-3.467427e-007	3.167522e-009	1.123954e-005
4.517021151634353e-008	5.114224e-006	-3.973074e-006	-3.478942e-007	3.128982e-009	1.123948e-005
4.518721151634355e-008	5.131516e-006	-3.988842e-006	-3.490446e-007	3.091464e-009	1.123941e-005
4.520421151634357e-008	5.147882e-006	-4.004765e-006	-3.501938e-007	3.054969e-009	1.123932e-005
4.522121151634359e-008	5.163323e-006	-4.020844e-006	-3.513419e-007	3.019497e-009	1.123923e-005
4.523821151634360e-008	5.177838e-006	-4.037079e-006	-3.524888e-007	2.985047e-009	1.123912e-005
4.525392580205791e-008	5.187053e-006	-4.049271e-006	-3.535478e-007	2.953866e-009	1.123901e-005
4.526964008777221e-008	5.195431e-006	-4.060190e-006	-3.546058e-007	2.923477e-009	1.123890e-005
4.528535437348652e-008	5.202970e-006	-4.069835e-006	-3.556628e-007	2.893881e-009	1.123878e-005
4.530106865920082e-008	5.209672e-006	-4.078206e-006	-3.567188e-007	2.865076e-009	1.123866e-005
4.531678294491512e-008	5.215535e-006	-4.085303e-006	-3.577737e-007	2.837064e-009	1.123854e-005
4.533249723062942e-008	5.220560e-006	-4.091126e-006	-3.588276e-007	2.809844e-009	1.123841e-005
4.534821151634373e-008	5.224747e-006	-4.095676e-006	-3.598805e-007	2.783416e-009	1.123828e-005
4.535178294491516e-008	5.225653e-006	-4.096611e-006	-3.601201e-007	2.777521e-009	1.123825e-005
4.535535437348660e-008	5.226525e-006	-4.097501e-006	-3.603619e-007	2.771667e-009	1.123822e-005
4.535892580205803e-008	5.227363e-006	-4.098347e-006	-3.606057e-007	2.765852e-009	1.123819e-005
4.536249723062946e-008	5.228168e-006	-4.099147e-006	-3.608517e-007	2.760078e-009	1.123816e-005
4.536606865920089e-008	5.228938e-006	-4.099902e-006	-3.610999e-007	2.754344e-009	1.123813e-005
4.536964008777233e-008	5.229675e-006	-4.100612e-006	-3.613501e-007	2.748650e-009	1.123810e-005
4.537321151634376e-008	5.230378e-006	-4.101277e-006	-3.616025e-007	2.742996e-009	1.123807e-005
4.537821151634376e-008	5.231304e-006	-4.102137e-006	-3.619590e-007	2.735148e-009	1.123802e-005
4.538321151634377e-008	5.232167e-006	-4.102926e-006	-3.623201e-007	2.727375e-009	1.123798e-005
4.538821151634377e-008	5.232965e-006	-4.103644e-006	-3.626858e-007	2.719678e-009	1.123793e-005
4.539321151634378e-008	5.233698e-006	-4.104292e-006	-3.630562e-007	2.712056e-009	1.123789e-005
4.539821151634379e-008	5.234367e-006	-4.104869e-006	-3.634311e-007	2.704510e-009	1.123784e-005
4.540321151634379e-008	5.234972e-006	-4.105375e-006	-3.638106e-007	2.697039e-009	1.123779e-005
4.540821151634380e-008	5.235513e-006	-4.105811e-006	-3.641946e-007	2.689644e-009	1.123775e-005
4.540964008777237e-008	5.235656e-006	-4.105925e-006	-3.643053e-007	2.687544e-009	1.123773e-005
4.541106865920094e-008	5.235795e-006	-4.106035e-006	-3.644159e-007	2.685450e-009	1.123772e-005
4.541249723062952e-008	5.235928e-006	-4.106139e-006	-3.645266e-007	2.683363e-009	1.123771e-005
4.541392580205809e-008	5.236056e-006	-4.106239e-006	-3.646374e-007	2.681281e-009	1.123769e-005
4.541535437348667e-008	5.236179e-006	-4.106334e-006	-3.647481e-007	2.679205e-009	1.123768e-005
4.541678294491523e-008	5.236297e-006	-4.106424e-006	-3.648589e-007	2.677135e-009	1.123767e-005
4.541821151634381e-008	5.236410e-006	-4.106509e-006	-3.649698e-007	2.675070e-009	1.123765e-005
4.541921151634381e-008	5.236486e-006	-4.106565e-006	-3.650472e-007	2.673629e-009	1.123764e-005
4.542335437348667e-008	5.236774e-006	-4.106773e-006	-3.653669e-007	2.667689e-009	1.123760e-005
4.542749723062953e-008	5.237023e-006	-4.106945e-006	-3.656845e-007	2.661797e-009	1.123756e-005
4.543164008777240e-008	5.237232e-006	-4.107079e-006	-3.660001e-007	2.655953e-009	1.123752e-005
4.543578294491526e-008	5.237401e-006	-4.107177e-006	-3.663136e-007	2.650156e-009	1.123748e-005
4.543992580205812e-008	5.237530e-006	-4.107239e-006	-3.666252e-007	2.644408e-009	1.123744e-005
4.544406865920098e-008	5.237619e-006	-4.107264e-006	-3.669347e-007	2.638708e-009	1.123740e-005
4.544821151634384e-008	5.237668e-006	-4.107252e-006	-3.672421e-007	2.633056e-009	1.123735e-005
4.546178294491528e-008	5.237515e-006	-4.106945e-006	-3.682423e-007	2.614895e-009	1.123721e-005
4.547535437348673e-008	5.237035e-006	-4.106342e-006	-3.692384e-007	2.597184e-009	1.123707e-005
4.548892580205818e-008	5.236229e-006	-4.105443e-006	-3.702305e-007	2.579923e-009	1.123692e-005
4.550249723062962e-008	5.235095e-006	-4.104248e-006	-3.712184e-007	2.563112e-009	1.123676e-005
4.551606865920106e-008	5.233635e-006	-4.102758e-006	-3.722024e-007	2.546750e-009	1.123661e-005
4.552964008777251e-008	5.231847e-006	-4.100971e-006	-3.731822e-007	2.530838e-009	1.123644e-005
4.554321151634395e-008	5.229733e-006	-4.098889e-006	-3.741580e-007	2.515376e-009	1.123628e-005
4.556149723062968e-008	5.226482e-006	-4.095679e-006	-3.754694e-007	2.495204e-009	1.123605e-005
4.557978294491542e-008	5.222895e-006	-4.092126e-006	-3.767778e-007	2.475656e-009	1.123582e-005
4.559806865920115e-008	5.218972e-006	-4.088230e-006	-3.780834e-007	2.456734e-009	1.123558e-005
4.561635437348689e-008	5.214714e-006	-4.083991e-006	-3.793860e-007	2.438436e-009	1.123533e-005
4.563464008777263e-008	5.210119e-006	-4.079410e-006	-3.806856e-007	2.420763e-009	1.123508e-005
4.565292580205836e-008	5.205189e-006	-4.074485e-006	-3.819823e-007	2.403715e-009	1.123482e-005
4.567121151634410e-008	5.199923e-006	-4.069217e-006	-3.832761e-007	2.387293e-009	1.123455e-005
4.571921151634415e-008	5.185163e-006	-4.054424e-006	-3.866488e-007	2.346444e-009	1.123382e-005
4.576192580205849e-008	5.170549e-006	-4.039777e-006	-3.896186e-007	2.313342e-009	1.123313e-005
4.580464008777282e-008	5.155389e-006	-4.024586e-006	-3.925692e-007	2.281916e-009	1.123241e-005
4.584735437348716e-008	5.139686e-006	-4.008853e-006	-3.955004e-007	2.252165e-009	1.123165e-005
4.589006865920148e-008	5.123438e-006	-3.992576e-006	-3.984122e-007	2.224092e-009	1.123086e-005
4.593278294491582e-008	5.106646e-006	-3.975756e-006	-4.013047e-007	2.197694e-009	1.123004e-005
4.597549723063015e-008	5.089310e-006	-3.958394e-006	-4.041779e-007	2.172973e-009	1.122918e-005
4.601821151634449e-008	5.071429e-006	-3.940488e-006	-4.070317e-007	2.149927e-009	1.122829e-005
4.601921151634449e-008	5.071014e-006	-3.940072e-006	-4.070984e-007	2.149390e-009	1.122827e-005
4.631921151634483e-008	4.943254e-006	-3.812113e-006	-4.267984e-007	2.008028e-009	1.122108e-005
4.661921151634517e-008	4.814621e-006	-3.683283e-006	-4.460061e-007	1.890478e-009	1.121234e-005
4.691921151634551e-008	4.688390e-006	-3.556861e-006	-4.648353e-007	1.784756e-009	1.120214e-005
4.703221151634564e-008	4.641659e-006	-3.510059e-006	-4.718405e-007	1.747002e-009	1.119793e-005
4.703321151634564e-008	4.641247e-006	-3.509647e-006	-4.719023e-007	1.746246e-009	1.119789e-005
4.703349219067469e-008	4.641132e-006	-3.509531e-006	-4.719197e-007	1.750124e-009	1.119788e-005
4.703359534006013e-008	4.641089e-006	-3.509489e-006	-4.719260e-007	1.754109e-009	1.119788e-005
4.703367063262798e-008	4.641058e-006	-3.509458e-006	-4.719307e-007	1.755094e-009	1.119787e-005
4.703375100117436e-008	4.641025e-006	-3.509424e-006	-4.719357e-007	1.755524e-009	1.119787e-005
4.703376516260094e-008	4.641019e-006	-3.509419e-006	-4.719365e-007	1.755514e-009	1.119787e-005
4.719182505084701e-008	4.576452e-006	-3.444753e-006	-4.816584e-007	2.843089e-009	1.119166e-005
4.749182505084736e-008	4.456459e-006	-3.324583e-006	-4.998728e-007	4.802310e-009	1.117887e-005
4.779182505084770e-008	4.339806e-006	-3.207758e-006	-5.177790e-007	6.631120e-009	1.116483e-005
4.809182505084804e-008	4.226431e-006	-3.094218e-006	-5.353758e-007	8.337417e-009	1.114961e-005
4.839182505084838e-008	4.116269e-006	-2.983896e-006	-5.526592e-007	9.928621e-009	1.113327e-005
4.869182505084872e-008	4.009244e-006	-2.876718e-006	-5.696326e-007	1.141172e-008	1.111588e-005
4.899182505084906e-008	3.905247e-006	-2.772576e-006	-5.862921e-007	1.279334e-008	1.109749e-005
4.929182505084940e-008	3.805677e-006	-2.672710e-006	-6.026228e-007	1.407949e-008	1.107815e-005
4.931668219370656e-008	3.797680e-006	-2.664748e-006	-6.039610e-007	1.418189e-008	1.107651e-005
4.934153933656374e-008	3.789687e-006	-2.656783e-006	-6.052970e-007	1.428366e-008	1.107486e-005
4.936639647942091e-008	3.781699e-006	-2.648816e-006	-6.066307e-007	1.438483e-008	1.107320e-005
4.939125362227808e-008	3.773717e-006	-2.640847e-006	-6.079623e-007	1.448537e-008	1.107154e-005
4.941611076513525e-008	3.765739e-006	-2.632876e-006	-6.092917e-007	1.458530e-008	1.106988e-005
4.944096790799243e-008	3.757767e-006	-2.624903e-006	-6.106189e-007	1.468461e-008	1.106820e-005
4.946582505084959e-008	3.749800e-006	-2.616928e-006	-6.119438e-007	1.478331e-008	1.106652e-005
4.947825362227818e-008	3.745797e-006	-2.612927e-006	-6.125877e-007	1.483244e-008	1.106568e-005
4.949068219370676e-008	3.741817e-006	-2.608937e-006	-6.132777e-007	1.488142e-008	1.106484e-005
4.950311076513535e-008	3.737858e-006	-2.604958e-006	-6.140138e-007	1.493025e-008	1.106399e-005
4.951553933656394e-008	3.733921e-006	-2.600990e-006	-6.147960e-007	1.497893e-008	1.106315e-005
4.952796790799252e-008	3.730006e-006	-2.597033e-006	-6.156243e-007	1.502747e-008	1.106230e-005
4.954039647942110e-008	3.726112e-006	-2.593088e-006	-6.164987e-007	1.507585e-008	1.106145e-005
4.955282505084969e-008	3.722240e-006	-2.589154e-006	-6.174192e-007	1.512409e-008	1.106060e-005
4.959182505084974e-008	3.710531e-006	-2.577108e-006	-6.208728e-007	1.527450e-008	1.105792e-005
4.960868219370690e-008	3.705709e-006	-2.572066e-006	-6.226248e-007	1.533906e-008	1.105676e-005
4.962553933656406e-008	3.700980e-006	-2.567150e-006	-6.244393e-007	1.540333e-008	1.105560e-005
4.964239647942122e-008	3.696344e-006	-2.562360e-006	-6.263164e-007	1.546731e-008	1.105443e-005
4.965925362227839e-008	3.691801e-006	-2.557695e-006	-6.282560e-007	1.553099e-008	1.105326e-005
4.967611076513555e-008	3.687350e-006	-2.553156e-006	-6.302581e-007	1.559439e-008	1.105209e-005
4.969296790799271e-008	3.682993e-006	-2.548743e-006	-6.323227e-007	1.565749e-008	1.105092e-005
4.970982505084987e-008	3.678729e-006	-2.544455e-006	-6.344499e-007	1.572030e-008	1.104974e-005
4.972211076513560e-008	3.675629e-006	-2.541396e-006	-6.359909e-007	1.576588e-008	1.104888e-005
4.973439647942132e-008	3.672533e-006	-2.538355e-006	-6.375282e-007	1.581129e-008	1.104802e-005
4.974668219370705e-008	3.669443e-006	-2.535332e-006	-6.390619e-007	1.585654e-008	1.104715e-005
4.975896790799279e-008	3.666357e-006	-2.532326e-006	-6.405920e-007	1.590163e-008	1.104629e-005
4.977125362227851e-008	3.663276e-006	-2.529338e-006	-6.421184e-007	1.594655e-008	1.104542e-005
4.978353933656424e-008	3.660201e-006	-2.526368e-006	-6.436412e-007	1.599131e-008	1.104455e-005
4.979582505084997e-008	3.657130e-006	-2.523416e-006	-6.451604e-007	1.603590e-008	1.104368e-005
4.989182505085008e-008	3.632549e-006	-2.499460e-006	-6.568111e-007	1.637883e-008	1.103685e-005
4.991839647942153e-008	3.625509e-006	-2.492469e-006	-6.599779e-007	1.647204e-008	1.103495e-005
4.994496790799300e-008	3.618323e-006	-2.485326e-006	-6.631244e-007	1.656460e-008	1.103303e-005
4.997153933656445e-008	3.610992e-006	-2.478031e-006	-6.662506e-007	1.665651e-008	1.103112e-005
4.999811076513591e-008	3.603516e-006	-2.470584e-006	-6.693565e-007	1.674776e-008	1.102919e-005
5.002468219370737e-008	3.595894e-006	-2.462986e-006	-6.724421e-007	1.683837e-008	1.102726e-005
5.005125362227883e-008	3.588127e-006	-2.455236e-006	-6.755074e-007	1.692832e-008	1.102533e-005
5.007782505085029e-008	3.580214e-006	-2.447334e-006	-6.785524e-007	1.701761e-008	1.102338e-005
5.009125362227888e-008	3.576167e-006	-2.443298e-006	-6.801166e-007	1.706253e-008	1.102240e-005
5.010468219370746e-008	3.572095e-006	-2.439234e-006	-6.816835e-007	1.710730e-008	1.102141e-005
5.011811076513605e-008	3.567996e-006	-2.435142e-006	-6.832531e-007	1.715192e-008	1.102043e-005
5.013153933656463e-008	3.563872e-006	-2.431023e-006	-6.848255e-007	1.719639e-008	1.101944e-005
5.014496790799322e-008	3.559721e-006	-2.426875e-006	-6.864007e-007	1.724072e-008	1.101845e-005
5.015839647942181e-008	3.555544e-006	-2.422700e-006	-6.879785e-007	1.728490e-008	1.101746e-005
5.017182505085039e-008	3.551341e-006	-2.418497e-006	-6.895592e-007	1.732893e-008	1.101646e-005
5.019182505085042e-008	3.545049e-006	-2.412201e-006	-6.918913e-007	1.739425e-008	1.101498e-005
5.021339647942187e-008	3.535861e-006	-2.404308e-006	-6.943958e-007	1.746439e-008	1.101338e-005
5.023496790799333e-008	3.528221e-006	-2.397078e-006	-6.968901e-007	1.753416e-008	1.101177e-005
5.025653933656478e-008	3.522130e-006	-2.390510e-006	-6.993743e-007	1.760355e-008	1.101016e-005
5.027811076513623e-008	3.517586e-006	-2.384605e-006	-7.018484e-007	1.767258e-008	1.100855e-005
5.029968219370768e-008	3.514591e-006	-2.379362e-006	-7.043124e-007	1.774122e-008	1.100695e-005
5.032125362227914e-008	3.513143e-006	-2.374782e-006	-7.067662e-007	1.780950e-008	1.100534e-005
5.034282505085059e-008	3.513244e-006	-2.370864e-006	-7.092100e-007	1.787740e-008	1.100373e-005
5.035439647942203e-008	3.520613e-006	-2.372955e-006	-7.105170e-007	1.791346e-008	1.100288e-005
5.036596790799347e-008	3.526257e-006	-2.375102e-006	-7.118212e-007	1.794923e-008	1.100202e-005
5.037753933656491e-008	3.530177e-006	-2.377307e-006	-7.131226e-007	1.798472e-008	1.100115e-005
5.038911076513635e-008	3.532373e-006	-2.379569e-006	-7.144212e-007	1.801992e-008	1.100028e-005
5.040068219370779e-008	3.532845e-006	-2.381888e-006	-7.157170e-007	1.805483e-008	1.099939e-005
5.041225362227924e-008	3.531592e-006	-2.384264e-006	-7.170101e-007	1.808945e-008	1.099850e-005
5.042382505085068e-008	3.528615e-006	-2.386697e-006	-7.183004e-007	1.812379e-008	1.099760e-005
5.043339647942212e-008	3.526032e-006	-2.388146e-006	-7.193656e-007	1.815197e-008	1.099685e-005
5.044296790799356e-008	3.523479e-006	-2.389178e-006	-7.204289e-007	1.818001e-008	1.099611e-005
5.045253933656500e-008	3.520956e-006	-2.389793e-006	-7.214904e-007	1.820790e-008	1.099536e-005
5.046211076513644e-008	3.518465e-006	-2.389992e-006	-7.225500e-007	1.823565e-008	1.099462e-005
5.047168219370787e-008	3.516004e-006	-2.389773e-006	-7.236077e-007	1.826325e-008	1.099388e-005
5.048125362227932e-008	3.513574e-006	-2.389138e-006	-7.246636e-007	1.829070e-008	1.099314e-005
5.049082505085076e-008	3.511174e-006	-2.388085e-006	-7.257175e-007	1.831802e-008	1.099240e-005
5.049182505085076e-008	3.510945e-006	-2.387947e-006	-7.258276e-007	1.832086e-008	1.099233e-005
5.051839647942221e-008	3.506768e-006	-2.381151e-006	-7.287432e-007	1.839612e-008	1.099030e-005
5.054496790799368e-008	3.501901e-006	-2.373984e-006	-7.316449e-007	1.847091e-008	1.098826e-005
5.057153933656513e-008	3.496346e-006	-2.366446e-006	-7.345325e-007	1.854523e-008	1.098622e-005
5.059811076513659e-008	3.490101e-006	-2.358536e-006	-7.374062e-007	1.861909e-008	1.098418e-005
5.062468219370805e-008	3.483167e-006	-2.350255e-006	-7.402659e-007	1.869248e-008	1.098212e-005
5.065125362227951e-008	3.475544e-006	-2.341603e-006	-7.431117e-007	1.876541e-008	1.098006e-005
5.067782505085097e-008	3.467232e-006	-2.332580e-006	-7.459434e-007	1.883788e-008	1.097799e-005
5.069396790799385e-008	3.461059e-006	-2.327547e-006	-7.476571e-007	1.888167e-008	1.097673e-005
5.071011076513672e-008	3.454866e-006	-2.322309e-006	-7.493659e-007	1.892532e-008	1.097546e-005
5.072625362227960e-008	3.448654e-006	-2.316866e-006	-7.510695e-007	1.896883e-008	1.097419e-005
5.074239647942247e-008	3.442422e-006	-2.311217e-006	-7.527682e-007	1.901221e-008	1.097292e-005
5.075853933656535e-008	3.436170e-006	-2.305364e-006	-7.544619e-007	1.905545e-008	1.097165e-005
5.077468219370822e-008	3.429899e-006	-2.299305e-006	-7.561505e-007	1.909855e-008	1.097038e-005
5.079082505085110e-008	3.423607e-006	-2.293041e-006	-7.578341e-007	1.914152e-008	1.096911e-005
5.079182505085110e-008	3.423224e-006	-2.292648e-006	-7.579383e-007	1.914417e-008	1.096903e-005
5.083453933656543e-008	3.406658e-006	-2.275175e-006	-7.623679e-007	1.925744e-008	1.096566e-005
5.087725362227977e-008	3.390048e-006	-2.257859e-006	-7.667634e-007	1.937005e-008	1.096227e-005
5.091996790799410e-008	3.373393e-006	-2.240700e-006	-7.711248e-007	1.948201e-008	1.095887e-005
5.096268219370843e-008	3.356693e-006	-2.223697e-006	-7.754521e-007	1.959331e-008	1.095545e-005
5.100539647942277e-008	3.339949e-006	-2.206852e-006	-7.797453e-007	1.970396e-008	1.095203e-005
5.104811076513710e-008	3.323161e-006	-2.190163e-006	-7.840044e-007	1.981395e-008	1.094858e-005
5.109082505085144e-008	3.306327e-006	-2.173631e-006	-7.882293e-007	1.992329e-008	1.094513e-005
5.109182505085144e-008	3.305947e-006	-2.173246e-006	-7.883278e-007	1.992584e-008	1.094504e-005
5.113453933656577e-008	3.289805e-006	-2.156936e-006	-7.925186e-007	2.003452e-008	1.094158e-005
5.117725362228011e-008	3.273930e-006	-2.140921e-006	-7.966765e-007	2.014246e-008	1.093810e-005
5.121996790799444e-008	3.258323e-006	-2.125201e-006	-8.008015e-007	2.024965e-008	1.093460e-005
5.126268219370877e-008	3.242983e-006	-2.109776e-006	-8.048937e-007	2.035611e-008	1.093110e-005
5.130539647942311e-008	3.227910e-006	-2.094646e-006	-8.089531e-007	2.046182e-008	1.092758e-005
5.134811076513744e-008	3.213105e-006	-2.079812e-006	-8.129796e-007	2.056679e-008	1.092405e-005
5.139082505085178e-008	3.198568e-006	-2.065272e-006	-8.169733e-007	2.067102e-008	1.092051e-005
5.139182505085178e-008	3.198231e-006	-2.064934e-006	-8.170665e-007	2.067345e-008	1.092042e-005
5.143453933656611e-008	3.184007e-006	-2.050655e-006	-8.210272e-007	2.077683e-008	1.091687e-005
5.147725362228045e-008	3.169997e-006	-2.036596e-006	-8.249562e-007	2.087937e-008	1.091330e-005
5.151996790799478e-008	3.156201e-006	-2.022756e-006	-8.288535e-007	2.098106e-008	1.090973e-005
5.156268219370911e-008	3.142620e-006	-2.009134e-006	-8.327192e-007	2.108191e-008	1.090614e-005
5.160539647942345e-008	3.129253e-006	-1.995732e-006	-8.365532e-007	2.118190e-008	1.090253e-005
5.164811076513778e-008	3.116101e-006	-1.982549e-006	-8.403555e-007	2.128105e-008	1.089892e-005
5.169082505085212e-008	3.103163e-006	-1.969585e-006	-8.441261e-007	2.137936e-008	1.089530e-005
5.169182505085212e-008	3.102861e-006	-1.969283e-006	-8.442140e-007	2.138164e-008	1.089521e-005
5.173453933656645e-008	3.090097e-006	-1.956490e-006	-8.479528e-007	2.147903e-008	1.089157e-005
5.177725362228079e-008	3.077474e-006	-1.943838e-006	-8.516611e-007	2.157553e-008	1.088793e-005
5.181996790799512e-008	3.064991e-006	-1.931328e-006	-8.553388e-007	2.167113e-008	1.088427e-005
5.186268219370945e-008	3.052650e-006	-1.918961e-006	-8.589859e-007	2.176585e-008	1.088060e-005
5.190539647942379e-008	3.040449e-006	-1.906736e-006	-8.626024e-007	2.185968e-008	1.087692e-005
5.194811076513812e-008	3.028389e-006	-1.894653e-006	-8.661884e-007	2.195262e-008	1.087323e-005
5.199082505085246e-008	3.016470e-006	-1.882713e-006	-8.697438e-007	2.204468e-008	1.086952e-005
5.199182505085246e-008	3.016192e-006	-1.882434e-006	-8.698267e-007	2.204682e-008	1.086944e-005
5.229182505085280e-008	2.935215e-006	-1.801323e-006	-8.939587e-007	2.266823e-008	1.084314e-005
5.259182505085314e-008	2.858157e-006	-1.724154e-006	-9.166628e-007	2.324693e-008	1.081635e-005
5.289182505085348e-008	2.784059e-006	-1.649957e-006	-9.379900e-007	2.378488e-008	1.078909e-005
5.319182505085382e-008	2.712402e-006	-1.578208e-006	-9.579902e-007	2.428444e-008	1.076140e-005
5.349182505085416e-008	2.642997e-006	-1.508673e-006	-9.767120e-007	2.474806e-008	1.073330e-005
5.379182505085450e-008	2.576090e-006	-1.441736e-006	-9.942023e-007	2.517783e-008	1.070482e-005
5.409182505085484e-008	2.510586e-006	-1.376149e-006	-1.010507e-006	2.557613e-008	1.067598e-005
5.439182505085518e-008	2.446728e-006	-1.312215e-006	-1.025699e-006	2.594548e-008	1.064680e-005
5.440296790799805e-008	2.442647e-006	-1.309089e-006	-1.026243e-006	2.595871e-008	1.064571e-005
5.441411076514092e-008	2.440319e-006	-1.306716e-006	-1.026784e-006	2.597187e-008	1.064462e-005
5.442525362228379e-008	2.439742e-006	-1.305096e-006	-1.027324e-006	2.598496e-008	1.064353e-005
5.443639647942666e-008	2.440918e-006	-1.304230e-006	-1.027863e-006	2.599798e-008	1.064245e-005
5.444753933656953e-008	2.443845e-006	-1.304118e-006	-1.028400e-006	2.601092e-008	1.064137e-005
5.445868219371239e-008	2.448525e-006	-1.304758e-006	-1.028936e-006	2.602378e-008	1.064030e-005
5.446982505085527e-008	2.454957e-006	-1.306152e-006	-1.029470e-006	2.603658e-008	1.063923e-005
5.448353933656957e-008	2.472371e-006	-1.311022e-006	-1.030125e-006	2.605241e-008	1.063793e-005
5.449725362228387e-008	2.494357e-006	-1.321033e-006	-1.030778e-006	2.606734e-008	1.063664e-005
5.451096790799817e-008	2.520914e-006	-1.336186e-006	-1.031430e-006	2.608136e-008	1.063534e-005
5.452468219371247e-008	2.552043e-006	-1.356480e-006	-1.032080e-006	2.609447e-008	1.063404e-005
5.453839647942677e-008	2.587743e-006	-1.381915e-006	-1.032728e-006	2.610667e-008	1.063274e-005
5.455211076514107e-008	2.628014e-006	-1.412492e-006	-1.033375e-006	2.611796e-008	1.063143e-005
5.456582505085538e-008	2.672857e-006	-1.448211e-006	-1.034020e-006	2.612835e-008	1.063013e-005
5.457582505085539e-008	2.703978e-006	-1.478471e-006	-1.034489e-006	2.613466e-008	1.062915e-005
5.458582505085540e-008	2.734245e-006	-1.509864e-006	-1.034957e-006	2.613999e-008	1.062816e-005
5.459582505085541e-008	2.763656e-006	-1.542388e-006	-1.035425e-006	2.614432e-008	1.062716e-005
5.460582505085542e-008	2.792212e-006	-1.576045e-006	-1.035892e-006	2.614766e-008	1.062616e-005
5.461582505085543e-008	2.819913e-006	-1.610833e-006	-1.036358e-006	2.615000e-008	1.062515e-005
5.462582505085544e-008	2.846759e-006	-1.646753e-006	-1.036823e-006	2.615135e-008	1.062412e-005
5.463582505085546e-008	2.872749e-006	-1.683806e-006	-1.037288e-006	2.615171e-008	1.062309e-005
5.464368219371260e-008	2.892269e-006	-1.712194e-006	-1.037652e-006	2.615118e-008	1.062228e-005
5.465153933656976e-008	2.911382e-006	-1.739828e-006	-1.038016e-006	2.615006e-008	1.062147e-005
5.465939647942691e-008	2.930086e-006	-1.766707e-006	-1.038379e-006	2.614834e-008	1.062066e-005
5.466725362228406e-008	2.948383e-006	-1.792832e-006	-1.038742e-006	2.614604e-008	1.061985e-005
5.467511076514121e-008	2.966272e-006	-1.818201e-006	-1.039104e-006	2.614313e-008	1.061904e-005
5.468296790799837e-008	2.983754e-006	-1.842816e-006	-1.039466e-006	2.613964e-008	1.061824e-005
5.469082505085552e-008	3.000827e-006	-1.866677e-006	-1.039827e-006	2.613555e-008	1.061743e-005
5.469182505085552e-008	3.002966e-006	-1.869591e-006	-1.039873e-006	2.613500e-008	1.061733e-005
5.470353933656982e-008	3.027149e-006	-1.902000e-006	-1.040410e-006	2.612770e-008	1.061614e-005
5.471525362228412e-008	3.050488e-006	-1.931845e-006	-1.040946e-006	2.611956e-008	1.061495e-005
5.472696790799842e-008	3.072984e-006	-1.959127e-006	-1.041481e-006	2.611058e-008	1.061377e-005
5.473868219371271e-008	3.094637e-006	-1.983845e-006	-1.042014e-006	2.610074e-008	1.061260e-005
5.475039647942701e-008	3.115447e-006	-2.005999e-006	-1.042546e-006	2.609006e-008	1.061144e-005
5.476211076514131e-008	3.135414e-006	-2.025589e-006	-1.043076e-006	2.607854e-008	1.061028e-005
5.477382505085561e-008	3.154539e-006	-2.042616e-006	-1.043605e-006	2.606616e-008	1.060912e-005
5.479153933656992e-008	3.182206e-006	-2.064059e-006	-1.044402e-006	2.604641e-008	1.060739e-005
5.480925362228423e-008	3.207121e-006	-2.083544e-006	-1.045196e-006	2.602578e-008	1.060566e-005
5.482696790799853e-008	3.229282e-006	-2.101070e-006	-1.045986e-006	2.600429e-008	1.060392e-005
5.484468219371283e-008	3.248689e-006	-2.116638e-006	-1.046772e-006	2.598193e-008	1.060218e-005
5.486239647942714e-008	3.265344e-006	-2.130247e-006	-1.047555e-006	2.595871e-008	1.060043e-005
5.488011076514145e-008	3.279245e-006	-2.141898e-006	-1.048334e-006	2.593462e-008	1.059868e-005
5.489782505085575e-008	3.290392e-006	-2.151591e-006	-1.049110e-006	2.590965e-008	1.059693e-005
5.491111076514148e-008	3.296815e-006	-2.158993e-006	-1.049689e-006	2.589061e-008	1.059560e-005
5.492439647942721e-008	3.302414e-006	-2.165675e-006	-1.050265e-006	2.587131e-008	1.059428e-005
5.493768219371294e-008	3.307189e-006	-2.171638e-006	-1.050840e-006	2.585174e-008	1.059295e-005
5.495096790799867e-008	3.311141e-006	-2.176882e-006	-1.051413e-006	2.583191e-008	1.059162e-005
5.496425362228440e-008	3.314268e-006	-2.181408e-006	-1.051983e-006	2.581182e-008	1.059029e-005
5.497753933657013e-008	3.316572e-006	-2.185214e-006	-1.052551e-006	2.579147e-008	1.058896e-005
5.499082505085586e-008	3.318052e-006	-2.188301e-006	-1.053117e-006	2.577085e-008	1.058763e-005
5.499182505085586e-008	3.318168e-006	-2.188497e-006	-1.053160e-006	2.576930e-008	1.058753e-005
5.501239647942731e-008	3.321707e-006	-2.190764e-006	-1.054031e-006	2.573716e-008	1.058548e-005
5.503296790799877e-008	3.325339e-006	-2.193047e-006	-1.054898e-006	2.570472e-008	1.058343e-005
5.505353933657022e-008	3.329064e-006	-2.195345e-006	-1.055759e-006	2.567200e-008	1.058138e-005
5.507411076514167e-008	3.332882e-006	-2.197658e-006	-1.056615e-006	2.563898e-008	1.057933e-005
5.509468219371312e-008	3.336793e-006	-2.199986e-006	-1.057465e-006	2.560566e-008	1.057728e-005
5.511525362228457e-008	3.340797e-006	-2.202329e-006	-1.058311e-006	2.557206e-008	1.057523e-005
5.513582505085602e-008	3.344894e-006	-2.204688e-006	-1.059151e-006	2.553816e-008	1.057318e-005
5.515253933657033e-008	3.343882e-006	-2.206435e-006	-1.059829e-006	2.551032e-008	1.057149e-005
5.516925362228463e-008	3.342480e-006	-2.207453e-006	-1.060504e-006	2.548239e-008	1.056981e-005
5.518596790799894e-008	3.340689e-006	-2.207742e-006	-1.061176e-006	2.545438e-008	1.056812e-005
5.520268219371324e-008	3.338507e-006	-2.207301e-006	-1.061844e-006	2.542627e-008	1.056644e-005
5.521939647942754e-008	3.335935e-006	-2.206132e-006	-1.062509e-006	2.539809e-008	1.056475e-005
5.523611076514185e-008	3.332973e-006	-2.204233e-006	-1.063171e-006	2.536981e-008	1.056307e-005
5.525282505085616e-008	3.329621e-006	-2.201605e-006	-1.063829e-006	2.534145e-008	1.056139e-005
5.529182505085620e-008	3.322070e-006	-2.192663e-006	-1.065434e-006	2.527567e-008	1.055747e-005
5.529853933657049e-008	3.320667e-006	-2.190826e-006	-1.065728e-006	2.526439e-008	1.055680e-005
5.530525362228479e-008	3.319211e-006	-2.188943e-006	-1.066022e-006	2.525313e-008	1.055612e-005
5.531196790799908e-008	3.317704e-006	-2.187016e-006	-1.066316e-006	2.524189e-008	1.055545e-005
5.531868219371337e-008	3.316143e-006	-2.185043e-006	-1.066609e-006	2.523067e-008	1.055477e-005
5.532539647942766e-008	3.314531e-006	-2.183026e-006	-1.066902e-006	2.521946e-008	1.055410e-005
5.533211076514196e-008	3.312866e-006	-2.180964e-006	-1.067195e-006	2.520828e-008	1.055342e-005
5.533882505085625e-008	3.311148e-006	-2.178856e-006	-1.067488e-006	2.519712e-008	1.055275e-005
5.535725362228485e-008	3.305964e-006	-2.173011e-006	-1.068262e-006	2.516657e-008	1.055090e-005
5.537568219371343e-008	3.300430e-006	-2.167039e-006	-1.069028e-006	2.513622e-008	1.054904e-005
5.539411076514203e-008	3.294546e-006	-2.160938e-006	-1.069787e-006	2.510604e-008	1.054718e-005
5.541253933657062e-008	3.288311e-006	-2.154710e-006	-1.070539e-006	2.507605e-008	1.054532e-005
5.543096790799922e-008	3.281726e-006	-2.148353e-006	-1.071283e-006	2.504625e-008	1.054346e-005
5.544939647942780e-008	3.274791e-006	-2.141869e-006	-1.072020e-006	2.501663e-008	1.054160e-005
5.546782505085640e-008	3.267506e-006	-2.135258e-006	-1.072749e-006	2.498719e-008	1.053973e-005
5.559182505085654e-008	3.217329e-006	-2.085316e-006	-1.077535e-006	2.479521e-008	1.052717e-005
5.589182505085688e-008	3.084362e-006	-1.951906e-006	-1.088101e-006	2.438111e-008	1.049663e-005
5.619182505085722e-008	2.949263e-006	-1.816605e-006	-1.097451e-006	2.404160e-008	1.046586e-005
5.649182505085756e-008	2.818028e-006	-1.685189e-006	-1.105780e-006	2.377405e-008	1.043490e-005
5.679182505085790e-008	2.691867e-006	-1.558854e-006	-1.113196e-006	2.357348e-008	1.040375e-005
5.685582505085797e-008	2.665624e-006	-1.532576e-006	-1.114667e-006	2.353886e-008	1.039708e-005
5.685682505085797e-008	2.665216e-006	-1.532167e-006	-1.114694e-006	2.353834e-008	1.039698e-005
5.685710572518703e-008	2.665101e-006	-1.532052e-006	-1.114694e-006	2.353820e-008	1.039695e-005
5.685733792461346e-008	2.665007e-006	-1.531957e-006	-1.114668e-006	2.353808e-008	1.039692e-005
5.685924156702955e-008	2.664229e-006	-1.531180e-006	-1.113889e-006	2.353709e-008	1.039672e-005
5.686114520944565e-008	2.663452e-006	-1.530403e-006	-1.112449e-006	2.353611e-008	1.039652e-005
5.686304885186174e-008	2.662675e-006	-1.529626e-006	-1.110347e-006	2.353513e-008	1.039633e-005
5.686495249427784e-008	2.661898e-006	-1.528849e-006	-1.107583e-006	2.353415e-008	1.039613e-005
5.686685613669393e-008	2.661122e-006	-1.528073e-006	-1.104157e-006	2.353317e-008	1.039593e-005
5.686875977911003e-008	2.660345e-006	-1.527297e-006	-1.100070e-006	2.353219e-008	1.039573e-005
5.687066342152612e-008	2.659569e-006	-1.526521e-006	-1.095321e-006	2.353122e-008	1.039553e-005
5.687809199295470e-008	2.656543e-006	-1.523494e-006	-1.069555e-006	2.352744e-008	1.039476e-005
5.688552056438328e-008	2.653520e-006	-1.520470e-006	-1.034818e-006	2.352364e-008	1.039398e-005
5.689294913581186e-008	2.650500e-006	-1.517449e-006	-9.911085e-007	2.351982e-008	1.039321e-005
5.690037770724044e-008	2.647484e-006	-1.514430e-006	-9.384276e-007	2.351598e-008	1.039243e-005
5.690780627866902e-008	2.644471e-006	-1.511414e-006	-8.767749e-007	2.351212e-008	1.039166e-005
5.691523485009760e-008	2.641462e-006	-1.508402e-006	-8.061504e-007	2.350823e-008	1.039088e-005
5.692266342152618e-008	2.638457e-006	-1.505392e-006	-7.265542e-007	2.350433e-008	1.039011e-005
5.692823485009761e-008	2.636205e-006	-1.503136e-006	-6.621012e-007	2.350135e-008	1.038953e-005
5.693380627866905e-008	2.633955e-006	-1.500882e-006	-5.948946e-007	2.349834e-008	1.038894e-005
5.693937770724049e-008	2.631707e-006	-1.498629e-006	-5.249345e-007	2.349530e-008	1.038836e-005
5.694494913581192e-008	2.629460e-006	-1.496379e-006	-4.522208e-007	2.349222e-008	1.038778e-005
5.695052056438335e-008	2.627216e-006	-1.494129e-006	-3.767535e-007	2.348911e-008	1.038720e-005
5.695609199295479e-008	2.624973e-006	-1.491882e-006	-2.985326e-007	2.348596e-008	1.038662e-005
5.696166342152622e-008	2.622733e-006	-1.489636e-006	-2.175581e-007	2.348278e-008	1.038603e-005
5.696594913581194e-008	2.621010e-006	-1.487910e-006	-1.546135e-007	2.348031e-008	1.038559e-005
5.697023485009766e-008	2.619289e-006	-1.486184e-006	-9.151392e-008	2.347781e-008	1.038514e-005
5.697452056438338e-008	2.617568e-006	-1.484460e-006	-2.825930e-008	2.347529e-008	1.038469e-005
5.697880627866910e-008	2.615849e-006	-1.482737e-006	3.515033e-008	2.347275e-008	1.038424e-005
5.698309199295482e-008	2.614131e-006	-1.481014e-006	9.871499e-008	2.347019e-008	1.038380e-005
5.698737770724054e-008	2.612414e-006	-1.479293e-006	1.624347e-007	2.346761e-008	1.038335e-005
5.699166342152626e-008	2.610697e-006	-1.477573e-006	2.263093e-007	2.346501e-008	1.038290e-005
5.699466342152626e-008	2.609497e-006	-1.476369e-006	2.704558e-007	2.346318e-008	1.038259e-005
5.699666342152626e-008	2.608697e-006	-1.475567e-006	2.997399e-007	2.346195e-008	1.038238e-005
5.699966342152627e-008	2.607497e-006	-1.474365e-006	3.434085e-007	2.346011e-008	1.038206e-005
5.700309199295484e-008	2.606126e-006	-1.472991e-006	3.930222e-007	2.345798e-008	1.038171e-005
5.700652056438341e-008	2.604756e-006	-1.471618e-006	4.419640e-007	2.345585e-008	1.038135e-005
5.700994913581199e-008	2.603386e-006	-1.470245e-006	4.902339e-007	2.345371e-008	1.038099e-005
5.701337770724057e-008	2.602017e-006	-1.468874e-006	5.378320e-007	2.345156e-008	1.038063e-005
5.701680627866915e-008	2.600649e-006	-1.467503e-006	5.847582e-007	2.344940e-008	1.038027e-005
5.702023485009772e-008	2.599281e-006	-1.466132e-006	6.310126e-007	2.344724e-008	1.037991e-005
5.702366342152629e-008	2.597914e-006	-1.464763e-006	6.765951e-007	2.344506e-008	1.037956e-005
5.703023485009773e-008	2.595296e-006	-1.462139e-006	7.615947e-007	2.344086e-008	1.037887e-005
5.703680627866917e-008	2.592680e-006	-1.459518e-006	8.430179e-007	2.343665e-008	1.037818e-005
5.704337770724060e-008	2.590067e-006	-1.456900e-006	9.208647e-007	2.343244e-008	1.037749e-005
5.704994913581204e-008	2.587457e-006	-1.454283e-006	9.951352e-007	2.342821e-008	1.037681e-005
5.705652056438347e-008	2.584849e-006	-1.451669e-006	1.065829e-006	2.342398e-008	1.037612e-005
5.706309199295491e-008	2.582243e-006	-1.449057e-006	1.132947e-006	2.341974e-008	1.037543e-005
5.706966342152635e-008	2.579641e-006	-1.446447e-006	1.196488e-006	2.341549e-008	1.037474e-005
5.707209199295492e-008	2.578679e-006	-1.445483e-006	1.218978e-006	2.341393e-008	1.037449e-005
5.707452056438349e-008	2.577718e-006	-1.444520e-006	1.240984e-006	2.341236e-008	1.037424e-005
5.707694913581207e-008	2.576757e-006	-1.443557e-006	1.262507e-006	2.341080e-008	1.037398e-005
5.707937770724064e-008	2.575796e-006	-1.442595e-006	1.283546e-006	2.340924e-008	1.037373e-005
5.708180627866922e-008	2.574835e-006	-1.441633e-006	1.304103e-006	2.340769e-008	1.037347e-005
5.708423485009779e-008	2.573875e-006	-1.440671e-006	1.324176e-006	2.340613e-008	1.037322e-005
5.708666342152637e-008	2.572915e-006	-1.439710e-006	1.343766e-006	2.340458e-008	1.037297e-005
5.708766342152637e-008	2.572520e-006	-1.439314e-006	1.351702e-006	2.340394e-008	1.037286e-005
5.709766342152638e-008	2.568570e-006	-1.435361e-006	1.425541e-006	2.339756e-008	1.037181e-005
5.710766342152639e-008	2.564626e-006	-1.431413e-006	1.493249e-006	2.339126e-008	1.037077e-005
5.711766342152640e-008	2.560686e-006	-1.427471e-006	1.554824e-006	2.338504e-008	1.036972e-005
5.712766342152641e-008	2.556752e-006	-1.423536e-006	1.610267e-006	2.337891e-008	1.036867e-005
5.713766342152642e-008	2.552823e-006	-1.419606e-006	1.659579e-006	2.337286e-008	1.036762e-005
5.714766342152643e-008	2.548899e-006	-1.415681e-006	1.702758e-006	2.336690e-008	1.036658e-005
5.715766342152645e-008	2.544981e-006	-1.411763e-006	1.739805e-006	2.336103e-008	1.036553e-005
5.716552056438360e-008	2.541906e-006	-1.408688e-006	1.766351e-006	2.335650e-008	1.036471e-005
5.717337770724075e-008	2.538835e-006	-1.405616e-006	1.790869e-006	2.335205e-008	1.036388e-005
5.718123485009790e-008	2.535767e-006	-1.402547e-006	1.813360e-006	2.334768e-008	1.036306e-005
5.718909199295506e-008	2.532703e-006	-1.399482e-006	1.833824e-006	2.334338e-008	1.036223e-005
5.719694913581220e-008	2.529643e-006	-1.396419e-006	1.852261e-006	2.333916e-008	1.036141e-005
5.720480627866936e-008	2.526586e-006	-1.393360e-006	1.868671e-006	2.333501e-008	1.036059e-005
5.721266342152651e-008	2.523533e-006	-1.390303e-006	1.883054e-006	2.333094e-008	1.035976e-005
5.721637770724080e-008	2.522091e-006	-1.388860e-006	1.889508e-006	2.332905e-008	1.035937e-005
5.722009199295509e-008	2.520649e-006	-1.387417e-006	1.895678e-006	2.332717e-008	1.035898e-005
5.722380627866938e-008	2.519209e-006	-1.385974e-006	1.901564e-006	2.332531e-008	1.035859e-005
5.722752056438367e-008	2.517769e-006	-1.384533e-006	1.907164e-006	2.332347e-008	1.035820e-005
5.723123485009796e-008	2.516331e-006	-1.383092e-006	1.912481e-006	2.332165e-008	1.035781e-005
5.723494913581225e-008	2.514892e-006	-1.381651e-006	1.917512e-006	2.331985e-008	1.035742e-005
5.723866342152654e-008	2.513455e-006	-1.380212e-006	1.922260e-006	2.331806e-008	1.035703e-005
5.723966342152654e-008	2.513068e-006	-1.379824e-006	1.923493e-006	2.331759e-008	1.035693e-005
5.724066342152654e-008	2.512681e-006	-1.379437e-006	1.924678e-006	2.331711e-008	1.035682e-005
5.724266342152654e-008	2.511908e-006	-1.378663e-006	1.926850e-006	2.331616e-008	1.035662e-005
5.724509199295512e-008	2.510968e-006	-1.377723e-006	1.929155e-006	2.331502e-008	1.035636e-005
5.724752056438369e-008	2.510029e-006	-1.376784e-006	1.931162e-006	2.331388e-008	1.035611e-005
5.724994913581226e-008	2.509091e-006	-1.375845e-006	1.932870e-006	2.331275e-008	1.035585e-005
5.725237770724084e-008	2.508152e-006	-1.374906e-006	1.934280e-006	2.331163e-008	1.035560e-005
5.725480627866942e-008	2.507214e-006	-1.373967e-006	1.935391e-006	2.331052e-008	1.035534e-005
5.725723485009799e-008	2.506276e-006	-1.373029e-006	1.936203e-006	2.330942e-008	1.035509e-005
5.725966342152656e-008	2.505339e-006	-1.372091e-006	1.936717e-006	2.330832e-008	1.035483e-005
5.726080627866942e-008	2.504898e-006	-1.371650e-006	1.936871e-006	2.330781e-008	1.035471e-005
5.726194913581228e-008	2.504457e-006	-1.371209e-006	1.936965e-006	2.330730e-008	1.035459e-005
5.726309199295514e-008	2.504016e-006	-1.370767e-006	1.936999e-006	2.330679e-008	1.035447e-005
5.726423485009799e-008	2.503576e-006	-1.370326e-006	1.936972e-006	2.330628e-008	1.035435e-005
5.726537770724085e-008	2.503135e-006	-1.369885e-006	1.936885e-006	2.330578e-008	1.035423e-005
5.726652056438371e-008	2.502694e-006	-1.369444e-006	1.936738e-006	2.330528e-008	1.035411e-005
5.726766342152657e-008	2.502254e-006	-1.369003e-006	1.936530e-006	2.330477e-008	1.035399e-005
5.726866342152657e-008	2.501868e-006	-1.368618e-006	1.936303e-006	2.330434e-008	1.035389e-005
5.726915103333057e-008	2.501680e-006	-1.368429e-006	1.936167e-006	2.330412e-008	1.035384e-005
5.726928685239228e-008	2.501628e-006	-1.368377e-006	1.936126e-006	2.330407e-008	1.035382e-005
5.726942197973866e-008	2.501576e-006	-1.368325e-006	1.936096e-006	2.330401e-008	1.035381e-005
5.726944171848182e-008	2.501569e-006	-1.368317e-006	1.936093e-006	2.330400e-008	1.035380e-005
5.726944746891530e-008	2.501566e-006	-1.368315e-006	1.936091e-006	2.330400e-008	1.035380e-005
5.726945168788678e-008	2.501565e-006	-1.368313e-006	1.936090e-006	2.330400e-008	1.035380e-005
5.726945759488575e-008	2.501562e-006	-1.368311e-006	1.936088e-006	2.330399e-008	1.035380e-005
5.726946506064315e-008	2.501559e-006	-1.368308e-006	1.936085e-006	2.330399e-008	1.035380e-005
5.726947215305682e-008	2.501557e-006	-1.368306e-006	1.936083e-006	2.330399e-008	1.035380e-005
5.726947917345430e-008	2.501554e-006	-1.368303e-006	1.936082e-006	2.330398e-008	1.035380e-005
5.726948589512304e-008	2.501552e-006	-1.368300e-006	1.936080e-006	2.330398e-008	1.035380e-005
5.726949283680651e-008	2.501549e-006	-1.368298e-006	1.936078e-006	2.330398e-008	1.035380e-005
5.726949966746782e-008	2.501546e-006	-1.368295e-006	1.936077e-006	2.330397e-008	1.035380e-005
5.726950662503814e-008	2.501544e-006	-1.368292e-006	1.936075e-006	2.330397e-008	1.035380e-005
5.726951346871167e-008	2.501541e-006	-1.368290e-006	1.936073e-006	2.330397e-008	1.035380e-005
5.726952039804971e-008	2.501538e-006	-1.368287e-006	1.936072e-006	2.330396e-008	1.035380e-005
5.726952865654055e-008	2.501535e-006	-1.368284e-006	1.936070e-006	2.330396e-008	1.035380e-005
5.726953788809498e-008	2.501532e-006	-1.368280e-006	1.936068e-006	2.330396e-008	1.035379e-005
5.726954895615588e-008	2.501527e-006	-1.368276e-006	1.936065e-006	2.330395e-008	1.035379e-005
5.726957753941036e-008	2.501516e-006	-1.368265e-006	1.936059e-006	2.330394e-008	1.035379e-005
5.726983692261493e-008	2.501416e-006	-1.368165e-006	1.936000e-006	2.330383e-008	1.035376e-005
5.727009630581951e-008	2.501317e-006	-1.368065e-006	1.935941e-006	2.330371e-008	1.035374e-005
5.727035568902408e-008	2.501217e-006	-1.367965e-006	1.935883e-006	2.330360e-008	1.035371e-005
5.727061507222865e-008	2.501117e-006	-1.367864e-006	1.935824e-006	2.330349e-008	1.035368e-005
5.727087445543322e-008	2.501017e-006	-1.367764e-006	1.935765e-006	2.330338e-008	1.035365e-005
5.727113383863780e-008	2.500917e-006	-1.367664e-006	1.935706e-006	2.330327e-008	1.035363e-005
5.727139322184237e-008	2.500817e-006	-1.367564e-006	1.935648e-006	2.330315e-008	1.035360e-005
5.736139322184247e-008	2.466393e-006	-1.333052e-006	1.915486e-006	2.326985e-008	1.034414e-005
5.740410750755681e-008	2.450193e-006	-1.316840e-006	1.906000e-006	2.325793e-008	1.033965e-005
5.744682179327114e-008	2.434088e-006	-1.300721e-006	1.896563e-006	2.324770e-008	1.033516e-005
5.748953607898548e-008	2.418080e-006	-1.284696e-006	1.887174e-006	2.323917e-008	1.033066e-005
5.753225036469981e-008	2.402167e-006	-1.268763e-006	1.877833e-006	2.323232e-008	1.032616e-005
5.757496465041414e-008	2.386350e-006	-1.252924e-006	1.868542e-006	2.322717e-008	1.032165e-005
5.761767893612848e-008	2.370629e-006	-1.237178e-006	1.859299e-006	2.322370e-008	1.031715e-005
5.766039322184281e-008	2.355004e-006	-1.221525e-006	1.850105e-006	2.322193e-008	1.031264e-005
5.766139322184281e-008	2.354639e-006	-1.221160e-006	1.849890e-006	2.322190e-008	1.031253e-005
5.770410750755715e-008	2.339104e-006	-1.205606e-006	1.840743e-006	2.322133e-008	1.030802e-005
5.774682179327148e-008	2.323658e-006	-1.190142e-006	1.831641e-006	2.322186e-008	1.030351e-005
5.778953607898582e-008	2.308303e-006	-1.174768e-006	1.822584e-006	2.322350e-008	1.029899e-005
5.783225036470015e-008	2.293038e-006	-1.159483e-006	1.813573e-006	2.322626e-008	1.029447e-005
5.787496465041448e-008	2.277864e-006	-1.144288e-006	1.804606e-006	2.323012e-008	1.028995e-005
5.791767893612882e-008	2.262780e-006	-1.129183e-006	1.795685e-006	2.323508e-008	1.028542e-005
5.796039322184315e-008	2.247786e-006	-1.114167e-006	1.786808e-006	2.324116e-008	1.028089e-005
5.796139322184315e-008	2.247436e-006	-1.113816e-006	1.786601e-006	2.324131e-008	1.028079e-005
5.826139322184349e-008	2.144564e-006	-1.010809e-006	1.725470e-006	2.330862e-008	1.024892e-005
5.856139322184383e-008	2.045821e-006	-9.119354e-007	1.666383e-006	2.341519e-008	1.021695e-005
5.886139322184417e-008	1.950998e-006	-8.169898e-007	1.609245e-006	2.355644e-008	1.018488e-005
5.916139322184451e-008	1.860500e-006	-7.262592e-007	1.553980e-006	2.372917e-008	1.015271e-005
5.919196465041597e-008	1.851557e-006	-7.173617e-007	1.548451e-006	2.374840e-008	1.014943e-005
5.922253607898744e-008	1.842645e-006	-7.084813e-007	1.542941e-006	2.376791e-008	1.014615e-005
5.925310750755890e-008	1.833764e-006	-6.996181e-007	1.537448e-006	2.378770e-008	1.014287e-005
5.928367893613036e-008	1.824914e-006	-6.907721e-007	1.531974e-006	2.380777e-008	1.013958e-005
5.931425036470183e-008	1.816095e-006	-6.819433e-007	1.526517e-006	2.382812e-008	1.013630e-005
5.934482179327329e-008	1.807306e-006	-6.731317e-007	1.521079e-006	2.384874e-008	1.013301e-005
5.937539322184476e-008	1.798548e-006	-6.643372e-007	1.515659e-006	2.386965e-008	1.012972e-005
5.938753607898763e-008	1.795063e-006	-6.608453e-007	1.513512e-006	2.387803e-008	1.012842e-005
5.939967893613050e-008	1.791593e-006	-6.573640e-007	1.511346e-006	2.388646e-008	1.012711e-005
5.941182179327337e-008	1.788140e-006	-6.538932e-007	1.509161e-006	2.389492e-008	1.012581e-005
5.942396465041624e-008	1.784703e-006	-6.504330e-007	1.506956e-006	2.390343e-008	1.012450e-005
5.943610750755911e-008	1.781281e-006	-6.469834e-007	1.504733e-006	2.391198e-008	1.012319e-005
5.944825036470198e-008	1.777876e-006	-6.435442e-007	1.502490e-006	2.392058e-008	1.012189e-005
5.946039322184485e-008	1.774487e-006	-6.401157e-007	1.500229e-006	2.392922e-008	1.012058e-005
5.946139322184485e-008	1.774210e-006	-6.398347e-007	1.500040e-006	2.392993e-008	1.012047e-005
5.948839322184488e-008	1.766900e-006	-6.322956e-007	1.494814e-006	2.394932e-008	1.011757e-005
5.951539322184491e-008	1.759703e-006	-6.249251e-007	1.489538e-006	2.396887e-008	1.011467e-005
5.954239322184494e-008	1.752618e-006	-6.177233e-007	1.484211e-006	2.398860e-008	1.011176e-005
5.956939322184498e-008	1.745647e-006	-6.106902e-007	1.478835e-006	2.400848e-008	1.010885e-005
5.959639322184501e-008	1.738788e-006	-6.038257e-007	1.473409e-006	2.402854e-008	1.010595e-005
5.962339322184504e-008	1.732042e-006	-5.971299e-007	1.467933e-006	2.404876e-008	1.010304e-005
5.965039322184507e-008	1.725408e-006	-5.906027e-007	1.462407e-006	2.406914e-008	1.010013e-005
5.976139322184519e-008	1.697940e-006	-5.637217e-007	1.440241e-006	2.415418e-008	1.008817e-005
5.979310750755951e-008	1.690099e-006	-5.558091e-007	1.433996e-006	2.417889e-008	1.008475e-005
5.982482179327384e-008	1.682162e-006	-5.478242e-007	1.427785e-006	2.420381e-008	1.008133e-005
5.985653607898815e-008	1.674127e-006	-5.397668e-007	1.421606e-006	2.422896e-008	1.007791e-005
5.988825036470248e-008	1.665995e-006	-5.316369e-007	1.415461e-006	2.425434e-008	1.007448e-005
5.991996465041680e-008	1.657767e-006	-5.234347e-007	1.409349e-006	2.427993e-008	1.007106e-005
5.995167893613113e-008	1.649441e-006	-5.151600e-007	1.403270e-006	2.430575e-008	1.006764e-005
5.998339322184544e-008	1.641019e-006	-5.068130e-007	1.397224e-006	2.433179e-008	1.006422e-005
5.999439322184546e-008	1.638089e-006	-5.038992e-007	1.395121e-006	2.434088e-008	1.006303e-005
6.000539322184547e-008	1.635156e-006	-5.009763e-007	1.393019e-006	2.435001e-008	1.006184e-005
6.001639322184548e-008	1.632220e-006	-4.980443e-007	1.390919e-006	2.435916e-008	1.006065e-005
6.002739322184549e-008	1.629280e-006	-4.951032e-007	1.388821e-006	2.436835e-008	1.005947e-005
6.003839322184551e-008	1.626336e-006	-4.921531e-007	1.386724e-006	2.437756e-008	1.005828e-005
6.004939322184552e-008	1.623389e-006	-4.891939e-007	1.384629e-006	2.438681e-008	1.005709e-005
6.006039322184553e-008	1.620438e-006	-4.862255e-007	1.382535e-006	2.439609e-008	1.005590e-005
6.006139322184553e-008	1.620170e-006	-4.859555e-007	1.382345e-006	2.439693e-008	1.005580e-005
6.008482179327413e-008	1.613361e-006	-4.794162e-007	1.377904e-006	2.441680e-008	1.005326e-005
6.010825036470273e-008	1.606861e-006	-4.729920e-007	1.373479e-006	2.443682e-008	1.005073e-005
6.013167893613133e-008	1.600671e-006	-4.666828e-007	1.369070e-006	2.445698e-008	1.004820e-005
6.015510750755992e-008	1.594790e-006	-4.604887e-007	1.364676e-006	2.447728e-008	1.004567e-005
6.017853607898852e-008	1.589218e-006	-4.544096e-007	1.360298e-006	2.449772e-008	1.004314e-005
6.020196465041712e-008	1.583956e-006	-4.484455e-007	1.355936e-006	2.451830e-008	1.004062e-005
6.022539322184572e-008	1.579002e-006	-4.425964e-007	1.351589e-006	2.453903e-008	1.003809e-005
6.023496465041716e-008	1.580079e-006	-4.412189e-007	1.349817e-006	2.454752e-008	1.003706e-005
6.024453607898859e-008	1.581099e-006	-4.400845e-007	1.348048e-006	2.455598e-008	1.003604e-005
6.025410750756003e-008	1.582061e-006	-4.391933e-007	1.346282e-006	2.456441e-008	1.003501e-005
6.026367893613148e-008	1.582967e-006	-4.385453e-007	1.344518e-006	2.457281e-008	1.003398e-005
6.027325036470292e-008	1.583815e-006	-4.381404e-007	1.342756e-006	2.458118e-008	1.003295e-005
6.028282179327436e-008	1.584607e-006	-4.379787e-007	1.340997e-006	2.458952e-008	1.003192e-005
6.029239322184580e-008	1.585341e-006	-4.380602e-007	1.339241e-006	2.459784e-008	1.003089e-005
6.030210750756009e-008	1.583702e-006	-4.380537e-007	1.337461e-006	2.460623e-008	1.002984e-005
6.031182179327439e-008	1.581780e-006	-4.380265e-007	1.335683e-006	2.461457e-008	1.002878e-005
6.032153607898868e-008	1.579575e-006	-4.379787e-007	1.333908e-006	2.462287e-008	1.002772e-005
6.033125036470299e-008	1.577087e-006	-4.379103e-007	1.332136e-006	2.463113e-008	1.002666e-005
6.034096465041728e-008	1.574317e-006	-4.378212e-007	1.330366e-006	2.463934e-008	1.002560e-005
6.035067893613158e-008	1.571264e-006	-4.377114e-007	1.328598e-006	2.464751e-008	1.002453e-005
6.036039322184587e-008	1.567929e-006	-4.375810e-007	1.326834e-006	2.465564e-008	1.002347e-005
6.036139322184587e-008	1.567614e-006	-4.375395e-007	1.326652e-006	2.465648e-008	1.002336e-005
6.037010750756016e-008	1.564844e-006	-4.370969e-007	1.325071e-006	2.466372e-008	1.002241e-005
6.037882179327447e-008	1.562236e-006	-4.363842e-007	1.323492e-006	2.467097e-008	1.002146e-005
6.038753607898876e-008	1.559790e-006	-4.354013e-007	1.321916e-006	2.467821e-008	1.002051e-005
6.039625036470306e-008	1.557506e-006	-4.341482e-007	1.320341e-006	2.468544e-008	1.001956e-005
6.040496465041735e-008	1.555384e-006	-4.326251e-007	1.318768e-006	2.469267e-008	1.001862e-005
6.041367893613165e-008	1.553424e-006	-4.308318e-007	1.317197e-006	2.469989e-008	1.001767e-005
6.042239322184594e-008	1.551626e-006	-4.287684e-007	1.315629e-006	2.470711e-008	1.001673e-005
6.043810750756024e-008	1.549434e-006	-4.238214e-007	1.312805e-006	2.472019e-008	1.001504e-005
6.045382179327455e-008	1.547173e-006	-4.188075e-007	1.309987e-006	2.473339e-008	1.001335e-005
6.046953607898885e-008	1.544845e-006	-4.137267e-007	1.307177e-006	2.474670e-008	1.001166e-005
6.048525036470316e-008	1.542448e-006	-4.085790e-007	1.304372e-006	2.476013e-008	1.000998e-005
6.050096465041746e-008	1.539984e-006	-4.033644e-007	1.301574e-006	2.477367e-008	1.000829e-005
6.051667893613177e-008	1.537451e-006	-3.980828e-007	1.298782e-006	2.478732e-008	1.000660e-005
6.053239322184607e-008	1.534850e-006	-3.927344e-007	1.295997e-006	2.480109e-008	1.000491e-005
6.054196465041750e-008	1.532499e-006	-3.900839e-007	1.294304e-006	2.480952e-008	1.000387e-005
6.055153607898894e-008	1.529944e-006	-3.875723e-007	1.292613e-006	2.481797e-008	1.000284e-005
6.056110750756038e-008	1.527186e-006	-3.851996e-007	1.290924e-006	2.482644e-008	1.000180e-005
6.057067893613183e-008	1.524224e-006	-3.829658e-007	1.289238e-006	2.483492e-008	1.000076e-005
6.058025036470327e-008	1.521059e-006	-3.808709e-007	1.287554e-006	2.484341e-008	9.999722e-006
6.058982179327471e-008	1.517690e-006	-3.789149e-007	1.285872e-006	2.485192e-008	9.998680e-006
6.059939322184614e-008	1.514118e-006	-3.770978e-007	1.284193e-006	2.486044e-008	9.997637e-006
6.060810750756043e-008	1.510809e-006	-3.754598e-007	1.282666e-006	2.486820e-008	9.996687e-006
6.061682179327474e-008	1.507552e-006	-3.737403e-007	1.281141e-006	2.487596e-008	9.995737e-006
6.062553607898903e-008	1.504347e-006	-3.719393e-007	1.279618e-006	2.488374e-008	9.994787e-006
6.063425036470333e-008	1.501192e-006	-3.700568e-007	1.278097e-006	2.489152e-008	9.993838e-006
6.064296465041762e-008	1.498089e-006	-3.680930e-007	1.276578e-006	2.489931e-008	9.992890e-006
6.065167893613192e-008	1.495038e-006	-3.660476e-007	1.275060e-006	2.490711e-008	9.991942e-006
6.066039322184621e-008	1.492038e-006	-3.639208e-007	1.273545e-006	2.491493e-008	9.990994e-006
6.066139322184621e-008	1.491709e-006	-3.636615e-007	1.273371e-006	2.491582e-008	9.990886e-006
6.067139322184623e-008	1.488542e-006	-3.609177e-007	1.271635e-006	2.492481e-008	9.989801e-006
6.068139322184624e-008	1.485517e-006	-3.580189e-007	1.269901e-006	2.493384e-008	9.988718e-006
6.069139322184625e-008	1.482632e-006	-3.549652e-007	1.268170e-006	2.494291e-008	9.987636e-006
6.070139322184626e-008	1.479889e-006	-3.517565e-007	1.266441e-006	2.495202e-008	9.986555e-006
6.071139322184627e-008	1.477287e-006	-3.483929e-007	1.264715e-006	2.496117e-008	9.985475e-006
6.072139322184628e-008	1.474825e-006	-3.448743e-007	1.262991e-006	2.497037e-008	9.984396e-006
6.073139322184629e-008	1.472505e-006	-3.412007e-007	1.261270e-006	2.497960e-008	9.983319e-006
6.074282179327488e-008	1.469949e-006	-3.369062e-007	1.259305e-006	2.499024e-008	9.982088e-006
6.075425036470347e-008	1.467291e-006	-3.327160e-007	1.257344e-006	2.500095e-008	9.980856e-006
6.076567893613205e-008	1.464532e-006	-3.286302e-007	1.255387e-006	2.501171e-008	9.979624e-006
6.077710750756062e-008	1.461672e-006	-3.246487e-007	1.253432e-006	2.502255e-008	9.978391e-006
6.078853607898921e-008	1.458711e-006	-3.207716e-007	1.251481e-006	2.503344e-008	9.977157e-006
6.079996465041780e-008	1.455649e-006	-3.169988e-007	1.249533e-006	2.504440e-008	9.975922e-006
6.081139322184638e-008	1.452486e-006	-3.133304e-007	1.247588e-006	2.505543e-008	9.974687e-006
6.082367893613212e-008	1.448700e-006	-3.097838e-007	1.245500e-006	2.506733e-008	9.973355e-006
6.083596465041784e-008	1.444823e-006	-3.063435e-007	1.243417e-006	2.507927e-008	9.972022e-006
6.084825036470357e-008	1.440854e-006	-3.030094e-007	1.241337e-006	2.509125e-008	9.970688e-006
6.086053607898929e-008	1.436793e-006	-2.997816e-007	1.239261e-006	2.510326e-008	9.969354e-006
6.087282179327503e-008	1.432641e-006	-2.966600e-007	1.237188e-006	2.511531e-008	9.968018e-006
6.088510750756075e-008	1.428398e-006	-2.936447e-007	1.235119e-006	2.512739e-008	9.966682e-006
6.089739322184648e-008	1.424063e-006	-2.907356e-007	1.233054e-006	2.513951e-008	9.965344e-006
6.090639322184649e-008	1.421001e-006	-2.885040e-007	1.231544e-006	2.514840e-008	9.964366e-006
6.091539322184650e-008	1.418022e-006	-2.862034e-007	1.230035e-006	2.515732e-008	9.963387e-006
6.092439322184651e-008	1.415124e-006	-2.838339e-007	1.228529e-006	2.516625e-008	9.962410e-006
6.093339322184652e-008	1.412309e-006	-2.813954e-007	1.227024e-006	2.517521e-008	9.961433e-006
6.094239322184653e-008	1.409575e-006	-2.788880e-007	1.225521e-006	2.518419e-008	9.960456e-006
6.095139322184654e-008	1.406923e-006	-2.763117e-007	1.224020e-006	2.519319e-008	9.959480e-006
6.096039322184655e-008	1.404353e-006	-2.736665e-007	1.222521e-006	2.520221e-008	9.958505e-006
6.096139322184655e-008	1.404075e-006	-2.733669e-007	1.222355e-006	2.520322e-008	9.958397e-006
6.097853607898943e-008	1.399687e-006	-2.678683e-007	1.219506e-006	2.522050e-008	9.956543e-006
6.099567893613231e-008	1.395303e-006	-2.624248e-007	1.216663e-006	2.523790e-008	9.954690e-006
6.101282179327519e-008	1.390925e-006	-2.570365e-007	1.213828e-006	2.525541e-008	9.952836e-006
6.102996465041806e-008	1.386550e-006	-2.517035e-007	1.211000e-006	2.527304e-008	9.950981e-006
6.104710750756093e-008	1.382181e-006	-2.464257e-007	1.208178e-006	2.529078e-008	9.949127e-006
6.106425036470382e-008	1.377816e-006	-2.412031e-007	1.205364e-006	2.530864e-008	9.947272e-006
6.108139322184669e-008	1.373456e-006	-2.360358e-007	1.202556e-006	2.532662e-008	9.945416e-006
6.109653607898956e-008	1.369124e-006	-2.319996e-007	1.200082e-006	2.534257e-008	9.943774e-006
6.111167893613244e-008	1.364759e-006	-2.280402e-007	1.197613e-006	2.535856e-008	9.942130e-006
6.112682179327531e-008	1.360359e-006	-2.241576e-007	1.195149e-006	2.537461e-008	9.940486e-006
6.114196465041819e-008	1.355924e-006	-2.203518e-007	1.192691e-006	2.539070e-008	9.938841e-006
6.115710750756106e-008	1.351455e-006	-2.166229e-007	1.190238e-006	2.540684e-008	9.937196e-006
6.117225036470394e-008	1.346951e-006	-2.129708e-007	1.187790e-006	2.542303e-008	9.935550e-006
6.118739322184681e-008	1.342412e-006	-2.093955e-007	1.185348e-006	2.543926e-008	9.933904e-006
6.126039322184689e-008	1.323251e-006	-1.900391e-007	1.173648e-006	2.551825e-008	9.925987e-006
6.126139322184689e-008	1.323011e-006	-1.897586e-007	1.173489e-006	2.551934e-008	9.925879e-006
6.127553607898976e-008	1.319723e-006	-1.857047e-007	1.171236e-006	2.553483e-008	9.924348e-006
6.128967893613265e-008	1.316403e-006	-1.817192e-007	1.168988e-006	2.555037e-008	9.922817e-006
6.130382179327552e-008	1.313049e-006	-1.778020e-007	1.166745e-006	2.556596e-008	9.921285e-006
6.131796465041838e-008	1.309663e-006	-1.739531e-007	1.164506e-006	2.558161e-008	9.919753e-006
6.133210750756125e-008	1.306244e-006	-1.701726e-007	1.162272e-006	2.559731e-008	9.918220e-006
6.134625036470414e-008	1.302792e-006	-1.664605e-007	1.160042e-006	2.561307e-008	9.916687e-006
6.136039322184701e-008	1.299307e-006	-1.628167e-007	1.157817e-006	2.562888e-008	9.915153e-006
6.137953607898988e-008	1.294238e-006	-1.582868e-007	1.154813e-006	2.565035e-008	9.913074e-006
6.139867893613277e-008	1.289212e-006	-1.537686e-007	1.151816e-006	2.567187e-008	9.910995e-006
6.141782179327564e-008	1.284227e-006	-1.492619e-007	1.148828e-006	2.569345e-008	9.908917e-006
6.143696465041852e-008	1.279283e-006	-1.447669e-007	1.145847e-006	2.571510e-008	9.906838e-006
6.145610750756139e-008	1.274382e-006	-1.402834e-007	1.142875e-006	2.573680e-008	9.904758e-006
6.147525036470428e-008	1.269522e-006	-1.358116e-007	1.139911e-006	2.575856e-008	9.902679e-006
6.149439322184716e-008	1.264704e-006	-1.313513e-007	1.136955e-006	2.578039e-008	9.900600e-006
6.150382179327574e-008	1.262472e-006	-1.290320e-007	1.135502e-006	2.579116e-008	9.899577e-006
6.151325036470433e-008	1.260265e-006	-1.266998e-007	1.134051e-006	2.580196e-008	9.898555e-006
6.152267893613291e-008	1.258083e-006	-1.243549e-007	1.132602e-006	2.581277e-008	9.897532e-006
6.153210750756148e-008	1.255926e-006	-1.219971e-007	1.131155e-006	2.582360e-008	9.896510e-006
6.154153607899007e-008	1.253795e-006	-1.196264e-007	1.129709e-006	2.583445e-008	9.895488e-006
6.155096465041865e-008	1.251689e-006	-1.172430e-007	1.128266e-006	2.584533e-008	9.894466e-006
6.156039322184723e-008	1.249608e-006	-1.148467e-007	1.126825e-006	2.585621e-008	9.893444e-006
6.156139322184723e-008	1.249386e-006	-1.145946e-007	1.126672e-006	2.585737e-008	9.893335e-006
6.157439322184725e-008	1.246517e-006	-1.113134e-007	1.124688e-006	2.587243e-008	9.891926e-006
6.158739322184726e-008	1.243613e-006	-1.080877e-007	1.122708e-006	2.588751e-008	9.890517e-006
6.160039322184728e-008	1.240674e-006	-1.049174e-007	1.120732e-006	2.590263e-008	9.889107e-006
6.161339322184729e-008	1.237701e-006	-1.018027e-007	1.118759e-006	2.591778e-008	9.887697e-006
6.162639322184731e-008	1.234694e-006	-9.874346e-008	1.116789e-006	2.593296e-008	9.886286e-006
6.163939322184732e-008	1.231651e-006	-9.573970e-008	1.114824e-006	2.594817e-008	9.884875e-006
6.165239322184734e-008	1.228574e-006	-9.279143e-008	1.112862e-006	2.596341e-008	9.883463e-006
6.166853607899021e-008	1.224646e-006	-8.926259e-008	1.110431e-006	2.598236e-008	9.881710e-006
6.168467893613309e-008	1.220756e-006	-8.572422e-008	1.108005e-006	2.600135e-008	9.879956e-006
6.170082179327597e-008	1.216902e-006	-8.217633e-008	1.105585e-006	2.602037e-008	9.878202e-006
6.171696465041884e-008	1.213085e-006	-7.861890e-008	1.103170e-006	2.603943e-008	9.876449e-006
6.173310750756171e-008	1.209305e-006	-7.505195e-008	1.100761e-006	2.605852e-008	9.874695e-006
6.174925036470459e-008	1.205562e-006	-7.147547e-008	1.098358e-006	2.607764e-008	9.872942e-006
6.176539322184747e-008	1.201856e-006	-6.788947e-008	1.095960e-006	2.609680e-008	9.871189e-006
6.177396465041890e-008	1.199760e-006	-6.586274e-008	1.094689e-006	2.610699e-008	9.870258e-006
6.178253607899034e-008	1.197804e-006	-6.387526e-008	1.093419e-006	2.611719e-008	9.869328e-006
6.179110750756177e-008	1.195989e-006	-6.192705e-008	1.092151e-006	2.612740e-008	9.868398e-006
6.179967893613322e-008	1.194315e-006	-6.001809e-008	1.090885e-006	2.613762e-008	9.867468e-006
6.180825036470466e-008	1.192781e-006	-5.814840e-008	1.089620e-006	2.614786e-008	9.866539e-006
6.181682179327610e-008	1.191388e-006	-5.631796e-008	1.088356e-006	2.615810e-008	9.865611e-006
6.182539322184753e-008	1.190136e-006	-5.452678e-008	1.087095e-006	2.616836e-008	9.864682e-006
6.182882179327611e-008	1.190144e-006	-5.398828e-008	1.086590e-006	2.617246e-008	9.864313e-006
6.183225036470469e-008	1.190557e-006	-5.360253e-008	1.086086e-006	2.617656e-008	9.863944e-006
6.183567893613327e-008	1.191376e-006	-5.336953e-008	1.085582e-006	2.618066e-008	9.863576e-006
6.183910750756183e-008	1.192601e-006	-5.328926e-008	1.085079e-006	2.618475e-008	9.863210e-006
6.184253607899041e-008	1.194231e-006	-5.336175e-008	1.084576e-006	2.618883e-008	9.862844e-006
6.184596465041898e-008	1.196268e-006	-5.358698e-008	1.084072e-006	2.619291e-008	9.862479e-006
6.184939322184756e-008	1.198710e-006	-5.396495e-008	1.083570e-006	2.619699e-008	9.862116e-006
6.185096465041899e-008	1.200049e-006	-5.422711e-008	1.083339e-006	2.619885e-008	9.861950e-006
6.185253607899042e-008	1.201517e-006	-5.454339e-008	1.083109e-006	2.620071e-008	9.861784e-006
6.185410750756185e-008	1.203113e-006	-5.491379e-008	1.082879e-006	2.620257e-008	9.861618e-006
6.185567893613329e-008	1.204838e-006	-5.533831e-008	1.082648e-006	2.620442e-008	9.861453e-006
6.185725036470472e-008	1.206692e-006	-5.581696e-008	1.082418e-006	2.620628e-008	9.861288e-006
6.185882179327614e-008	1.208674e-006	-5.634972e-008	1.082188e-006	2.620812e-008	9.861124e-006
6.186039322184757e-008	1.210785e-006	-5.693661e-008	1.081958e-006	2.620997e-008	9.860960e-006
6.186139322184757e-008	1.212207e-006	-5.734588e-008	1.081812e-006	2.621114e-008	9.860855e-006
6.186482179327615e-008	1.217446e-006	-5.887697e-008	1.081310e-006	2.621515e-008	9.860499e-006
6.186825036470473e-008	1.223491e-006	-6.080787e-008	1.080808e-006	2.621914e-008	9.860144e-006
6.187167893613331e-008	1.230341e-006	-6.313859e-008	1.080307e-006	2.622309e-008	9.859791e-006
6.187510750756187e-008	1.237997e-006	-6.586912e-008	1.079806e-006	2.622701e-008	9.859440e-006
6.187853607899045e-008	1.246457e-006	-6.899947e-008	1.079305e-006	2.623089e-008	9.859091e-006
6.188196465041902e-008	1.255723e-006	-7.252963e-008	1.078805e-006	2.623475e-008	9.858743e-006
6.188539322184760e-008	1.265795e-006	-7.645961e-008	1.078305e-006	2.623857e-008	9.858397e-006
6.189039322184761e-008	1.282095e-006	-8.293456e-008	1.077576e-006	2.624410e-008	9.857896e-006
6.189539322184761e-008	1.300592e-006	-9.087626e-008	1.076847e-006	2.624947e-008	9.857399e-006
6.190039322184762e-008	1.321286e-006	-1.002847e-007	1.076119e-006	2.625468e-008	9.856905e-006
6.190539322184762e-008	1.344176e-006	-1.111599e-007	1.075391e-006	2.625973e-008	9.856414e-006
6.191039322184763e-008	1.369264e-006	-1.235018e-007	1.074664e-006	2.626462e-008	9.855926e-006
6.191539322184764e-008	1.396548e-006	-1.373105e-007	1.073938e-006	2.626935e-008	9.855441e-006
6.192039322184764e-008	1.426029e-006	-1.525860e-007	1.073212e-006	2.627392e-008	9.854960e-006
6.192796465041908e-008	1.475828e-006	-1.789775e-007	1.072113e-006	2.628058e-008	9.854239e-006
6.193553607899051e-008	1.530561e-006	-2.109001e-007	1.071016e-006	2.628632e-008	9.853516e-006
6.194310750756195e-008	1.590228e-006	-2.483538e-007	1.069920e-006	2.629116e-008	9.852791e-006
6.195067893613340e-008	1.654828e-006	-2.913385e-007	1.068825e-006	2.629509e-008	9.852064e-006
6.195825036470483e-008	1.724361e-006	-3.398543e-007	1.067731e-006	2.629811e-008	9.851334e-006
6.196582179327627e-008	1.798829e-006	-3.939011e-007	1.066639e-006	2.630022e-008	9.850603e-006
6.197339322184770e-008	1.878229e-006	-4.534790e-007	1.065547e-006	2.630142e-008	9.849869e-006
6.198067893613343e-008	1.958500e-006	-5.178746e-007	1.064498e-006	2.630130e-008	9.849149e-006
6.198796465041914e-008	2.040878e-006	-5.875675e-007	1.063450e-006	2.629958e-008	9.848416e-006
6.199525036470487e-008	2.125363e-006	-6.625578e-007	1.062403e-006	2.629624e-008	9.847670e-006
6.200253607899059e-008	2.211956e-006	-7.428456e-007	1.061357e-006	2.629129e-008	9.846910e-006
6.200982179327632e-008	2.300656e-006	-8.284307e-007	1.060313e-006	2.628473e-008	9.846137e-006
6.201710750756203e-008	2.391463e-006	-9.193132e-007	1.059269e-006	2.627656e-008	9.845351e-006
6.202439322184776e-008	2.484378e-006	-1.015493e-006	1.058226e-006	2.626677e-008	9.844551e-006
6.203467893613349e-008	2.616712e-006	-1.160706e-006	1.056756e-006	2.624951e-008	9.843386e-006
6.204496465041921e-008	2.749416e-006	-1.308788e-006	1.055288e-006	2.622794e-008	9.842209e-006
6.205525036470494e-008	2.882489e-006	-1.459740e-006	1.053822e-006	2.620204e-008	9.841022e-006
6.206553607899066e-008	3.015934e-006	-1.613561e-006	1.052358e-006	2.617184e-008	9.839824e-006
6.207582179327639e-008	3.149748e-006	-1.770252e-006	1.050897e-006	2.613731e-008	9.838614e-006
6.208610750756211e-008	3.283932e-006	-1.929812e-006	1.049437e-006	2.609847e-008	9.837394e-006
6.209639322184784e-008	3.418487e-006	-2.092242e-006	1.047980e-006	2.605532e-008	9.836162e-006
6.210553607899070e-008	3.537476e-006	-2.233108e-006	1.046686e-006	2.601300e-008	9.835079e-006
6.211467893613358e-008	3.655321e-006	-2.371195e-006	1.045394e-006	2.596743e-008	9.834003e-006
6.212382179327645e-008	3.772024e-006	-2.506503e-006	1.044104e-006	2.591863e-008	9.832933e-006
6.213296465041931e-008	3.887585e-006	-2.639031e-006	1.042816e-006	2.586658e-008	9.831870e-006
6.214210750756217e-008	4.002002e-006	-2.768780e-006	1.041529e-006	2.581130e-008	9.830814e-006
6.215125036470505e-008	4.115277e-006	-2.895750e-006	1.040243e-006	2.575277e-008	9.829765e-006
6.216039322184791e-008	4.227409e-006	-3.019940e-006	1.038960e-006	2.569100e-008	9.828722e-006
6.216139322184791e-008	4.239510e-006	-3.033240e-006	1.038819e-006	2.568409e-008	9.828608e-006
6.218339322184794e-008	4.501975e-006	-3.314855e-006	1.035738e-006	2.551990e-008	9.826139e-006
6.220539322184796e-008	4.745901e-006	-3.575145e-006	1.032666e-006	2.534332e-008	9.823682e-006
6.222739322184799e-008	4.971287e-006	-3.814110e-006	1.029603e-006	2.515435e-008	9.821236e-006
6.224939322184801e-008	5.178133e-006	-4.031750e-006	1.026550e-006	2.495298e-008	9.818801e-006
6.227139322184804e-008	5.366438e-006	-4.228065e-006	1.023507e-006	2.473921e-008	9.816378e-006
6.229339322184806e-008	5.536203e-006	-4.403055e-006	1.020473e-006	2.451305e-008	9.813967e-006
6.231539322184809e-008	5.687429e-006	-4.556720e-006	1.017448e-006	2.427450e-008	9.811567e-006
6.233610750756239e-008	5.816718e-006	-4.686060e-006	1.014609e-006	2.404398e-008	9.809317e-006
6.235682179327671e-008	5.936113e-006	-4.805355e-006	1.011778e-006	2.380858e-008	9.807067e-006
6.237753607899101e-008	6.045612e-006	-4.914606e-006	1.008955e-006	2.356830e-008	9.804819e-006
6.239825036470533e-008	6.145216e-006	-5.013814e-006	1.006140e-006	2.332314e-008	9.802570e-006
6.241896465041963e-008	6.234925e-006	-5.102977e-006	1.003334e-006	2.307311e-008	9.800323e-006
6.243967893613395e-008	6.314738e-006	-5.182096e-006	1.000536e-006	2.281819e-008	9.798076e-006
6.246039322184825e-008	6.384656e-006	-5.251172e-006	9.977459e-007	2.255840e-008	9.795830e-006
6.246139322184825e-008	6.387934e-006	-5.254440e-006	9.976114e-007	2.254584e-008	9.795721e-006
6.250410750756258e-008	6.504653e-006	-5.371451e-006	9.918853e-007	2.199805e-008	9.791081e-006
6.254682179327692e-008	6.605006e-006	-5.472061e-006	9.861929e-007	2.144575e-008	9.786441e-006
6.258953607899125e-008	6.688992e-006	-5.556273e-006	9.805343e-007	2.088894e-008	9.781801e-006
6.263225036470560e-008	6.756612e-006	-5.624084e-006	9.749096e-007	2.032763e-008	9.777161e-006
6.267496465041992e-008	6.807866e-006	-5.675496e-006	9.693186e-007	1.976182e-008	9.772522e-006
6.271767893613427e-008	6.842754e-006	-5.710509e-006	9.637614e-007	1.919151e-008	9.767883e-006
6.276039322184859e-008	6.861275e-006	-5.729121e-006	9.582380e-007	1.861669e-008	9.763244e-006
6.276139322184859e-008	6.861771e-006	-5.729617e-006	9.581091e-007	1.860334e-008	9.763135e-006
6.280410750756292e-008	6.876796e-006	-5.744690e-006	9.526196e-007	1.803221e-008	9.758496e-006
6.284682179327727e-008	6.887499e-006	-5.755433e-006	9.471623e-007	1.746397e-008	9.753858e-006
6.288953607899159e-008	6.893881e-006	-5.761846e-006	9.417374e-007	1.689861e-008	9.749220e-006
6.293225036470594e-008	6.895940e-006	-5.763929e-006	9.363447e-007	1.633614e-008	9.744582e-006
6.297496465042026e-008	6.893677e-006	-5.761682e-006	9.309844e-007	1.577655e-008	9.739945e-006
6.301767893613461e-008	6.887091e-006	-5.755106e-006	9.256564e-007	1.521985e-008	9.735307e-006
6.306039322184893e-008	6.876184e-006	-5.744199e-006	9.203607e-007	1.466604e-008	9.730670e-006
6.306139322184894e-008	6.875945e-006	-5.743961e-006	9.202371e-007	1.465315e-008	9.730561e-006
6.336139322184928e-008	6.770064e-006	-5.638000e-006	8.839240e-007	1.089763e-008	9.698002e-006
6.340410750756360e-008	6.751588e-006	-5.619501e-006	8.788769e-007	1.038207e-008	9.693368e-006
6.344682179327795e-008	6.732877e-006	-5.600770e-006	8.738594e-007	9.871443e-009	9.688734e-006
6.348953607899227e-008	6.713933e-006	-5.581806e-006	8.688715e-007	9.365749e-009	9.684101e-006
6.353225036470662e-008	6.694754e-006	-5.562611e-006	8.639131e-007	8.864988e-009	9.679467e-006
6.357496465042094e-008	6.675342e-006	-5.543184e-006	8.589843e-007	8.369161e-009	9.674835e-006
6.361767893613529e-008	6.655695e-006	-5.523524e-006	8.540851e-007	7.878267e-009	9.670202e-006
6.366039322184961e-008	6.635814e-006	-5.503633e-006	8.492154e-007	7.392307e-009	9.665570e-006
6.366139322184962e-008	6.635351e-006	-5.503168e-006	8.491018e-007	7.380989e-009	9.665461e-006
6.370410750756394e-008	6.615470e-006	-5.483267e-006	8.442617e-007	6.900105e-009	9.660830e-006
6.374682179327829e-008	6.595583e-006	-5.463359e-006	8.394499e-007	6.424048e-009	9.656199e-006
6.378953607899261e-008	6.575691e-006	-5.443446e-006	8.346664e-007	5.952817e-009	9.651569e-006
6.383225036470696e-008	6.555792e-006	-5.423527e-006	8.299111e-007	5.486414e-009	9.646939e-006
6.387496465042128e-008	6.535888e-006	-5.403602e-006	8.251841e-007	5.024838e-009	9.642310e-006
6.391767893613563e-008	6.515978e-006	-5.383671e-006	8.204854e-007	4.568088e-009	9.637681e-006
6.396039322184995e-008	6.496062e-006	-5.363734e-006	8.158150e-007	4.116165e-009	9.633052e-006
6.396139322184996e-008	6.495597e-006	-5.363268e-006	8.157060e-007	4.105640e-009	9.632944e-006
6.426139322185030e-008	6.357394e-006	-5.224921e-006	7.836642e-007	1.063405e-009	9.600453e-006
6.428339322185032e-008	6.343073e-006	-5.211991e-006	7.813665e-007	8.494655e-010	9.598065e-006
6.430539322185035e-008	6.332626e-006	-5.201500e-006	7.790756e-007	6.365106e-010	9.595684e-006
6.432739322185037e-008	6.326052e-006	-5.193446e-006	7.767916e-007	4.245408e-010	9.593309e-006
6.434939322185040e-008	6.323352e-006	-5.187830e-006	7.745144e-007	2.135560e-010	9.590941e-006
6.437139322185042e-008	6.324524e-006	-5.184652e-006	7.722441e-007	3.556163e-012	9.588579e-006
6.439339322185045e-008	6.329570e-006	-5.183911e-006	7.699807e-007	-2.054586e-010	9.586223e-006
6.441539322185047e-008	6.338489e-006	-5.185609e-006	7.677241e-007	-4.134884e-010	9.583874e-006
6.443367893613621e-008	6.356863e-006	-5.197546e-006	7.658533e-007	-5.863883e-010	9.581924e-006
6.445196465042194e-008	6.375487e-006	-5.211802e-006	7.639865e-007	-7.598716e-010	9.579965e-006
6.447025036470768e-008	6.394360e-006	-5.228378e-006	7.621240e-007	-9.339383e-010	9.577998e-006
6.448853607899341e-008	6.413482e-006	-5.247274e-006	7.602657e-007	-1.108588e-009	9.576022e-006
6.450682179327915e-008	6.432854e-006	-5.268489e-006	7.584115e-007	-1.283822e-009	9.574037e-006
6.452510750756487e-008	6.452476e-006	-5.292024e-006	7.565615e-007	-1.459639e-009	9.572044e-006
6.454339322185062e-008	6.472347e-006	-5.317878e-006	7.547156e-007	-1.636039e-009	9.570042e-006
6.456139322185064e-008	6.488490e-006	-5.339698e-006	7.529027e-007	-1.810605e-009	9.568072e-006
6.458639322185066e-008	6.507664e-006	-5.366520e-006	7.503912e-007	-2.054868e-009	9.565336e-006
6.461139322185069e-008	6.523990e-006	-5.388960e-006	7.478879e-007	-2.299246e-009	9.562607e-006
6.463639322185072e-008	6.537468e-006	-5.407019e-006	7.453929e-007	-2.543741e-009	9.559884e-006
6.466139322185075e-008	6.548099e-006	-5.420695e-006	7.429062e-007	-2.788351e-009	9.557169e-006
6.468639322185078e-008	6.555882e-006	-5.429990e-006	7.404277e-007	-3.033077e-009	9.554459e-006
6.471139322185081e-008	6.560817e-006	-5.434904e-006	7.379575e-007	-3.277919e-009	9.551757e-006
6.473639322185083e-008	6.562905e-006	-5.435435e-006	7.354955e-007	-3.522877e-009	9.549061e-006
6.486139322185098e-008	6.546280e-006	-5.415609e-006	7.233154e-007	-4.730309e-009	9.535568e-006
6.490339322185102e-008	6.533870e-006	-5.402080e-006	7.192716e-007	-5.129480e-009	9.531036e-006
6.494539322185107e-008	6.520182e-006	-5.387667e-006	7.152518e-007	-5.524763e-009	9.526503e-006
6.498739322185112e-008	6.505218e-006	-5.372370e-006	7.112558e-007	-5.916159e-009	9.521969e-006
6.502939322185117e-008	6.488977e-006	-5.356190e-006	7.072838e-007	-6.303667e-009	9.517435e-006
6.507139322185121e-008	6.471458e-006	-5.339127e-006	7.033357e-007	-6.687287e-009	9.512899e-006
6.511339322185126e-008	6.452663e-006	-5.321179e-006	6.994115e-007	-7.067019e-009	9.508363e-006
6.515539322185131e-008	6.432590e-006	-5.302349e-006	6.955112e-007	-7.442864e-009	9.503826e-006
6.516139322185132e-008	6.429597e-006	-5.299336e-006	6.949539e-007	-7.496160e-009	9.503179e-006
6.516967893613705e-008	6.425436e-006	-5.295122e-006	6.941823e-007	-7.569613e-009	9.502286e-006
6.517796465042276e-008	6.421241e-006	-5.290868e-006	6.934089e-007	-7.642890e-009	9.501392e-006
6.518625036470849e-008	6.417013e-006	-5.286576e-006	6.926338e-007	-7.715992e-009	9.500498e-006
6.519453607899421e-008	6.412751e-006	-5.282245e-006	6.918569e-007	-7.788918e-009	9.499605e-006
6.520282179327994e-008	6.408456e-006	-5.277874e-006	6.910783e-007	-7.861670e-009	9.498711e-006
6.521110750756565e-008	6.404127e-006	-5.273465e-006	6.902979e-007	-7.934246e-009	9.497817e-006
6.521939322185138e-008	6.399764e-006	-5.269017e-006	6.895157e-007	-8.006647e-009	9.496924e-006
6.523953607899426e-008	6.388978e-006	-5.258073e-006	6.876319e-007	-8.181920e-009	9.494752e-006
6.525967893613715e-008	6.378058e-006	-5.247027e-006	6.857562e-007	-8.356131e-009	9.492580e-006
6.527982179328002e-008	6.367005e-006	-5.235878e-006	6.838886e-007	-8.529280e-009	9.490409e-006
6.529996465042290e-008	6.355818e-006	-5.224627e-006	6.820290e-007	-8.701367e-009	9.488237e-006
6.532010750756578e-008	6.344498e-006	-5.213272e-006	6.801774e-007	-8.872392e-009	9.486066e-006
6.534025036470867e-008	6.333045e-006	-5.201814e-006	6.783339e-007	-9.042355e-009	9.483894e-006
6.536039322185154e-008	6.321458e-006	-5.190254e-006	6.764984e-007	-9.211257e-009	9.481722e-006
6.546139322185166e-008	6.262748e-006	-5.131516e-006	6.673731e-007	-1.004200e-008	9.470838e-006
6.576139322185200e-008	6.086284e-006	-4.954755e-006	6.411421e-007	-1.235228e-008	9.438539e-006
6.606139322185234e-008	5.913769e-006	-4.781991e-006	6.161065e-007	-1.443522e-008	9.406289e-006
6.636139322185268e-008	5.747905e-006	-4.615894e-006	5.921449e-007	-1.630403e-008	9.374091e-006
6.666139322185302e-008	5.589006e-006	-4.456775e-006	5.691819e-007	-1.797235e-008	9.341947e-006
6.667639322185303e-008	5.581241e-006	-4.449000e-006	5.680590e-007	-1.805074e-008	9.340341e-006
6.669139322185305e-008	5.573493e-006	-4.441241e-006	5.669384e-007	-1.812867e-008	9.338736e-006
6.670639322185307e-008	5.565761e-006	-4.433499e-006	5.658201e-007	-1.820613e-008	9.337130e-006
6.672139322185309e-008	5.558047e-006	-4.425774e-006	5.647040e-007	-1.828313e-008	9.335525e-006
6.673639322185310e-008	5.550349e-006	-4.418066e-006	5.635902e-007	-1.835967e-008	9.333920e-006
6.675139322185312e-008	5.542668e-006	-4.410374e-006	5.624786e-007	-1.843574e-008	9.332315e-006
6.676639322185314e-008	5.535004e-006	-4.402699e-006	5.613693e-007	-1.851135e-008	9.330710e-006
6.678167893613887e-008	5.527211e-006	-4.394896e-006	5.602798e-007	-1.858793e-008	9.329075e-006
6.679696465042460e-008	5.519436e-006	-4.387109e-006	5.591145e-007	-1.866405e-008	9.327440e-006
6.681225036471033e-008	5.511677e-006	-4.379340e-006	5.578732e-007	-1.873969e-008	9.325805e-006
6.682753607899606e-008	5.503936e-006	-4.371588e-006	5.565559e-007	-1.881486e-008	9.324170e-006
6.684282179328180e-008	5.496212e-006	-4.363854e-006	5.551628e-007	-1.888957e-008	9.322535e-006
6.685810750756752e-008	5.488505e-006	-4.356136e-006	5.536938e-007	-1.896380e-008	9.320901e-006
6.687339322185326e-008	5.480815e-006	-4.348436e-006	5.521488e-007	-1.903756e-008	9.319267e-006
6.688096465042469e-008	5.477012e-006	-4.344628e-006	5.513069e-007	-1.907393e-008	9.318457e-006
6.688853607899613e-008	5.473214e-006	-4.340824e-006	5.504231e-007	-1.911019e-008	9.317648e-006
6.689610750756756e-008	5.469419e-006	-4.337024e-006	5.494976e-007	-1.914633e-008	9.316838e-006
6.690367893613901e-008	5.465629e-006	-4.333229e-006	5.485302e-007	-1.918235e-008	9.316029e-006
6.691125036471045e-008	5.461843e-006	-4.329438e-006	5.475210e-007	-1.921827e-008	9.315219e-006
6.691882179328188e-008	5.458061e-006	-4.325651e-006	5.464699e-007	-1.925407e-008	9.314410e-006
6.692639322185332e-008	5.454283e-006	-4.321868e-006	5.453771e-007	-1.928975e-008	9.313600e-006
6.693125036471047e-008	5.451862e-006	-4.319443e-006	5.446511e-007	-1.931259e-008	9.313082e-006
6.693610750756761e-008	5.449443e-006	-4.317020e-006	5.439080e-007	-1.933537e-008	9.312563e-006
6.694096465042476e-008	5.447025e-006	-4.314599e-006	5.431479e-007	-1.935811e-008	9.312044e-006
6.694582179328191e-008	5.444609e-006	-4.312180e-006	5.423708e-007	-1.938081e-008	9.311525e-006
6.695067893613907e-008	5.442194e-006	-4.309762e-006	5.415766e-007	-1.940346e-008	9.311006e-006
6.695553607899620e-008	5.439781e-006	-4.307346e-006	5.407653e-007	-1.942606e-008	9.310486e-006
6.696039322185336e-008	5.437370e-006	-4.304931e-006	5.399370e-007	-1.944862e-008	9.309967e-006
6.696139322185336e-008	5.436874e-006	-4.304435e-006	5.397646e-007	-1.945326e-008	9.309861e-006
6.696682179328194e-008	5.434182e-006	-4.301739e-006	5.388158e-007	-1.947840e-008	9.309280e-006
6.697225036471052e-008	5.431491e-006	-4.299045e-006	5.378498e-007	-1.950349e-008	9.308700e-006
6.697767893613910e-008	5.428803e-006	-4.296353e-006	5.368668e-007	-1.952852e-008	9.308120e-006
6.698310750756766e-008	5.426117e-006	-4.293663e-006	5.358668e-007	-1.955349e-008	9.307540e-006
6.698853607899624e-008	5.423434e-006	-4.290976e-006	5.348496e-007	-1.957840e-008	9.306960e-006
6.699396465042482e-008	5.420752e-006	-4.288290e-006	5.338153e-007	-1.960326e-008	9.306380e-006
6.699939322185340e-008	5.418072e-006	-4.285607e-006	5.327640e-007	-1.962806e-008	9.305801e-006
6.700239322185340e-008	5.416592e-006	-4.284125e-006	5.321778e-007	-1.964174e-008	9.305480e-006
6.700882179328198e-008	5.413423e-006	-4.280952e-006	5.309045e-007	-1.967100e-008	9.304793e-006
6.701525036471057e-008	5.410257e-006	-4.277781e-006	5.296157e-007	-1.970018e-008	9.304107e-006
6.702167893613915e-008	5.407094e-006	-4.274613e-006	5.283113e-007	-1.972927e-008	9.303420e-006
6.702810750756771e-008	5.403933e-006	-4.271449e-006	5.269914e-007	-1.975829e-008	9.302733e-006
6.703453607899629e-008	5.400776e-006	-4.268287e-006	5.256560e-007	-1.978723e-008	9.302047e-006
6.704096465042487e-008	5.397622e-006	-4.265128e-006	5.243050e-007	-1.981609e-008	9.301360e-006
6.704739322185345e-008	5.394470e-006	-4.261973e-006	5.229385e-007	-1.984487e-008	9.300673e-006
6.705682179328204e-008	5.389853e-006	-4.257350e-006	5.209114e-007	-1.988693e-008	9.299666e-006
6.706625036471062e-008	5.385242e-006	-4.252733e-006	5.188677e-007	-1.992883e-008	9.298659e-006
6.707567893613921e-008	5.380638e-006	-4.248122e-006	5.168075e-007	-1.997055e-008	9.297652e-006
6.708510750756778e-008	5.376040e-006	-4.243518e-006	5.147306e-007	-2.001211e-008	9.296645e-006
6.709453607899636e-008	5.371448e-006	-4.238920e-006	5.126371e-007	-2.005350e-008	9.295638e-006
6.710396465042495e-008	5.366863e-006	-4.234328e-006	5.105270e-007	-2.009471e-008	9.294632e-006
6.711339322185353e-008	5.362283e-006	-4.229742e-006	5.084003e-007	-2.013576e-008	9.293625e-006
6.712067893613926e-008	5.358749e-006	-4.226203e-006	5.067517e-007	-2.016737e-008	9.292848e-006
6.712796465042497e-008	5.355219e-006	-4.222668e-006	5.051000e-007	-2.019887e-008	9.292070e-006
6.713525036471070e-008	5.351692e-006	-4.219136e-006	5.034451e-007	-2.023028e-008	9.291293e-006
6.714253607899642e-008	5.348169e-006	-4.215608e-006	5.017870e-007	-2.026158e-008	9.290515e-006
6.714982179328214e-008	5.344650e-006	-4.212084e-006	5.001257e-007	-2.029279e-008	9.289738e-006
6.715710750756786e-008	5.341134e-006	-4.208564e-006	4.984613e-007	-2.032389e-008	9.288960e-006
6.716439322185359e-008	5.337622e-006	-4.205047e-006	4.967937e-007	-2.035490e-008	9.288182e-006
6.726139322185370e-008	5.291215e-006	-4.158577e-006	4.748242e-007	-2.075836e-008	9.277833e-006
6.730410750756803e-008	5.270987e-006	-4.138322e-006	4.652688e-007	-2.093049e-008	9.273278e-006
6.734682179328237e-008	5.250881e-006	-4.118188e-006	4.557729e-007	-2.109941e-008	9.268724e-006
6.738953607899670e-008	5.230897e-006	-4.098177e-006	4.463363e-007	-2.126513e-008	9.264171e-006
6.743225036471104e-008	5.211035e-006	-4.078289e-006	4.369592e-007	-2.142766e-008	9.259620e-006
6.747496465042537e-008	5.191295e-006	-4.058522e-006	4.276414e-007	-2.158698e-008	9.255070e-006
6.751767893613971e-008	5.171678e-006	-4.038878e-006	4.183830e-007	-2.174310e-008	9.250522e-006
6.756039322185404e-008	5.152182e-006	-4.019356e-006	4.091841e-007	-2.189602e-008	9.245974e-006
6.756139322185404e-008	5.151727e-006	-4.018901e-006	4.089693e-007	-2.189957e-008	9.245868e-006
6.786139322185438e-008	5.018118e-006	-3.885113e-006	3.458092e-007	-2.288848e-008	9.213967e-006
6.816139322185472e-008	4.890112e-006	-3.756936e-006	2.850713e-007	-2.373561e-008	9.182132e-006
6.846139322185506e-008	4.767448e-006	-3.634109e-006	2.266209e-007	-2.445073e-008	9.150365e-006
6.876139322185540e-008	4.649868e-006	-3.516376e-006	1.703644e-007	-2.504298e-008	9.118669e-006
6.906139322185574e-008	4.537419e-006	-3.403732e-006	1.162249e-007	-2.552099e-008	9.087045e-006
6.909182179328435e-008	4.526319e-006	-3.392633e-006	1.108493e-007	-2.556341e-008	9.083842e-006
6.912225036471295e-008	4.515259e-006	-3.381573e-006	1.054944e-007	-2.560477e-008	9.080639e-006
6.915267893614156e-008	4.504241e-006	-3.370552e-006	1.001600e-007	-2.564507e-008	9.077437e-006
6.918310750757016e-008	4.493265e-006	-3.359569e-006	9.484630e-008	-2.568432e-008	9.074235e-006
6.921353607899876e-008	4.482331e-006	-3.348626e-006	8.955319e-008	-2.572251e-008	9.071035e-006
6.924396465042737e-008	4.471438e-006	-3.337722e-006	8.428070e-008	-2.575964e-008	9.067835e-006
6.927439322185598e-008	4.460587e-006	-3.326856e-006	7.902882e-008	-2.579571e-008	9.064636e-006
6.928667893614171e-008	4.456211e-006	-3.322476e-006	7.691497e-008	-2.580999e-008	9.063345e-006
6.929896465042743e-008	4.451849e-006	-3.318106e-006	7.479244e-008	-2.582410e-008	9.062054e-006
6.931125036471317e-008	4.447499e-006	-3.313745e-006	7.266122e-008	-2.583804e-008	9.060763e-006
6.932353607899889e-008	4.443162e-006	-3.309394e-006	7.052133e-008	-2.585182e-008	9.059472e-006
6.933582179328462e-008	4.438838e-006	-3.305053e-006	6.837275e-008	-2.586543e-008	9.058181e-006
6.934810750757034e-008	4.434526e-006	-3.300722e-006	6.621548e-008	-2.587887e-008	9.056890e-006
6.936039322185608e-008	4.430228e-006	-3.296400e-006	6.404954e-008	-2.589215e-008	9.055600e-006
6.936139322185608e-008	4.429879e-006	-3.296049e-006	6.387224e-008	-2.589322e-008	9.055494e-006
6.938639322185611e-008	4.421234e-006	-3.287313e-006	5.937807e-008	-2.591968e-008	9.052869e-006
6.941139322185614e-008	4.412660e-006	-3.278665e-006	5.486667e-008	-2.594549e-008	9.050244e-006
6.943639322185616e-008	4.404157e-006	-3.270103e-006	5.033804e-008	-2.597065e-008	9.047619e-006
6.946139322185619e-008	4.395727e-006	-3.261630e-006	4.579218e-008	-2.599516e-008	9.044995e-006
6.948639322185622e-008	4.387368e-006	-3.253244e-006	4.122908e-008	-2.601901e-008	9.042371e-006
6.951139322185625e-008	4.379080e-006	-3.244945e-006	3.664874e-008	-2.604221e-008	9.039748e-006
6.953639322185628e-008	4.370864e-006	-3.236734e-006	3.205117e-008	-2.606475e-008	9.037125e-006
6.966139322185642e-008	4.329957e-006	-3.196045e-006	9.517613e-009	-2.616826e-008	9.024018e-006
6.969310750757073e-008	4.319610e-006	-3.185706e-006	3.888437e-009	-2.619206e-008	9.020695e-006
6.972482179328506e-008	4.309250e-006	-3.175351e-006	-1.709733e-009	-2.621489e-008	9.017373e-006
6.975653607899938e-008	4.298878e-006	-3.164980e-006	-7.276898e-009	-2.623674e-008	9.014052e-006
6.978825036471371e-008	4.288493e-006	-3.154594e-006	-1.281306e-008	-2.625762e-008	9.010731e-006
6.981996465042803e-008	4.278095e-006	-3.144192e-006	-1.831821e-008	-2.627751e-008	9.007412e-006
6.985167893614235e-008	4.267685e-006	-3.133774e-006	-2.379236e-008	-2.629643e-008	9.004093e-006
6.988339322185667e-008	4.257262e-006	-3.123340e-006	-2.923550e-008	-2.631437e-008	9.000775e-006
6.989439322185668e-008	4.253646e-006	-3.119723e-006	-3.112394e-008	-2.632037e-008	8.999625e-006
6.990539322185670e-008	4.250031e-006	-3.116106e-006	-3.301004e-008	-2.632625e-008	8.998474e-006
6.991639322185671e-008	4.246417e-006	-3.112489e-006	-3.489380e-008	-2.633202e-008	8.997324e-006
6.992739322185672e-008	4.242803e-006	-3.108873e-006	-3.677521e-008	-2.633767e-008	8.996174e-006
6.993839322185673e-008	4.239189e-006	-3.105256e-006	-3.865427e-008	-2.634320e-008	8.995024e-006
6.994939322185675e-008	4.235576e-006	-3.101640e-006	-4.053099e-008	-2.634862e-008	8.993873e-006
6.996039322185676e-008	4.231963e-006	-3.098024e-006	-4.240536e-008	-2.635393e-008	8.992723e-006
6.996139322185676e-008	4.231635e-006	-3.097696e-006	-4.257546e-008	-2.635440e-008	8.992619e-006
6.999210750757107e-008	4.220171e-006	-3.086822e-006	-4.778510e-008	-2.636850e-008	8.989406e-006
7.002282179328540e-008	4.209717e-006	-3.076510e-006	-5.296883e-008	-2.638176e-008	8.986196e-006
7.005353607899972e-008	4.200275e-006	-3.066761e-006	-5.812666e-008	-2.639418e-008	8.982988e-006
7.008425036471405e-008	4.191844e-006	-3.057575e-006	-6.325857e-008	-2.640575e-008	8.979784e-006
7.011496465042836e-008	4.184423e-006	-3.048951e-006	-6.836458e-008	-2.641649e-008	8.976582e-006
7.014567893614269e-008	4.178014e-006	-3.040890e-006	-7.344468e-008	-2.642639e-008	8.973383e-006
7.017639322185700e-008	4.172615e-006	-3.033391e-006	-7.849886e-008	-2.643544e-008	8.970187e-006
7.018839322185702e-008	4.169882e-006	-3.031152e-006	-8.046687e-008	-2.643891e-008	8.968933e-006
7.020039322185703e-008	4.166926e-006	-3.028834e-006	-8.243107e-008	-2.644229e-008	8.967678e-006
7.021239322185704e-008	4.163747e-006	-3.026436e-006	-8.439146e-008	-2.644559e-008	8.966423e-006
7.022439322185706e-008	4.160345e-006	-3.023959e-006	-8.634805e-008	-2.644880e-008	8.965167e-006
7.023639322185707e-008	4.156721e-006	-3.021402e-006	-8.830083e-008	-2.645193e-008	8.963911e-006
7.024839322185708e-008	4.152873e-006	-3.018765e-006	-9.024981e-008	-2.645497e-008	8.962655e-006
7.026039322185710e-008	4.148803e-006	-3.016050e-006	-9.219499e-008	-2.645793e-008	8.961398e-006
7.026139322185710e-008	4.148487e-006	-3.015810e-006	-9.235692e-008	-2.645817e-008	8.961293e-006
7.030153607900000e-008	4.137043e-006	-3.003994e-006	-9.883494e-008	-2.646733e-008	8.957109e-006
7.034167893614291e-008	4.125308e-006	-2.991967e-006	-1.052719e-007	-2.647507e-008	8.952927e-006
7.038182179328581e-008	4.113283e-006	-2.979729e-006	-1.116679e-007	-2.648141e-008	8.948745e-006
7.042196465042871e-008	4.100968e-006	-2.967280e-006	-1.180228e-007	-2.648634e-008	8.944565e-006
7.046210750757161e-008	4.088363e-006	-2.954621e-006	-1.243367e-007	-2.648985e-008	8.940386e-006
7.050225036471452e-008	4.075467e-006	-2.941750e-006	-1.306096e-007	-2.649195e-008	8.936208e-006
7.054239322185742e-008	4.062281e-006	-2.928669e-006	-1.368414e-007	-2.649265e-008	8.932031e-006
7.056139322185744e-008	4.055999e-006	-2.922555e-006	-1.397774e-007	-2.649250e-008	8.930054e-006
7.086139322185778e-008	3.959400e-006	-2.825264e-006	-1.849683e-007	-2.644841e-008	8.898895e-006
7.116139322185812e-008	3.868496e-006	-2.734098e-006	-2.280347e-007	-2.633079e-008	8.867817e-006
7.146139322185846e-008	3.783690e-006	-2.649146e-006	-2.690722e-007	-2.614761e-008	8.836821e-006
7.150253607900136e-008	3.771318e-006	-2.637443e-006	-2.745465e-007	-2.611773e-008	8.832573e-006
7.154367893614427e-008	3.759758e-006	-2.626118e-006	-2.799851e-007	-2.608681e-008	8.828330e-006
7.158482179328717e-008	3.749010e-006	-2.615172e-006	-2.853880e-007	-2.605485e-008	8.824089e-006
7.162596465043007e-008	3.739074e-006	-2.604603e-006	-2.907552e-007	-2.602185e-008	8.819852e-006
7.166710750757297e-008	3.729950e-006	-2.594413e-006	-2.960868e-007	-2.598782e-008	8.815619e-006
7.170825036471589e-008	3.721639e-006	-2.584601e-006	-3.013826e-007	-2.595274e-008	8.811389e-006
7.174939322185879e-008	3.714139e-006	-2.575167e-006	-3.066428e-007	-2.591663e-008	8.807162e-006
7.176139322185880e-008	3.718689e-006	-2.575390e-006	-3.081706e-007	-2.590606e-008	8.805945e-006
7.177353607900167e-008	3.726135e-006	-2.575903e-006	-3.097136e-007	-2.589508e-008	8.804725e-006
7.178567893614455e-008	3.739594e-006	-2.580954e-006	-3.112535e-007	-2.588457e-008	8.803512e-006
7.179782179328741e-008	3.759067e-006	-2.590544e-006	-3.127904e-007	-2.587453e-008	8.802306e-006
7.180996465043028e-008	3.784554e-006	-2.604673e-006	-3.143243e-007	-2.586496e-008	8.801106e-006
7.182210750757315e-008	3.816054e-006	-2.623339e-006	-3.158552e-007	-2.585587e-008	8.799913e-006
7.183425036471603e-008	3.853569e-006	-2.646545e-006	-3.173830e-007	-2.584724e-008	8.798727e-006
7.184639322185890e-008	3.897097e-006	-2.674288e-006	-3.189079e-007	-2.583909e-008	8.797547e-006
7.185782179328748e-008	3.946508e-006	-2.708675e-006	-3.203403e-007	-2.583234e-008	8.796438e-006
7.186925036471607e-008	3.999658e-006	-2.749078e-006	-3.217701e-007	-2.582724e-008	8.795319e-006
7.188067893614466e-008	4.056546e-006	-2.795497e-006	-3.231973e-007	-2.582380e-008	8.794192e-006
7.189210750757323e-008	4.117174e-006	-2.847934e-006	-3.246218e-007	-2.582202e-008	8.793054e-006
7.190353607900181e-008	4.181541e-006	-2.906387e-006	-3.260436e-007	-2.582189e-008	8.791908e-006
7.191496465043040e-008	4.249646e-006	-2.970856e-006	-3.274628e-007	-2.582341e-008	8.790752e-006
7.192639322185899e-008	4.321490e-006	-3.041343e-006	-3.288794e-007	-2.582659e-008	8.789587e-006
7.193939322185900e-008	4.403655e-006	-3.128814e-006	-3.304876e-007	-2.583332e-008	8.788232e-006
7.195239322185902e-008	4.485248e-006	-3.217517e-006	-3.320924e-007	-2.584329e-008	8.786870e-006
7.196539322185903e-008	4.566270e-006	-3.307451e-006	-3.336938e-007	-2.585650e-008	8.785500e-006
7.197839322185905e-008	4.646721e-006	-3.398616e-006	-3.352918e-007	-2.587294e-008	8.784122e-006
7.199139322185906e-008	4.726601e-006	-3.491012e-006	-3.368865e-007	-2.589263e-008	8.782736e-006
7.200439322185908e-008	4.805909e-006	-3.584640e-006	-3.384778e-007	-2.591555e-008	8.781343e-006
7.201739322185909e-008	4.884646e-006	-3.679499e-006	-3.400658e-007	-2.594171e-008	8.779942e-006
7.202353607900195e-008	4.920955e-006	-3.722328e-006	-3.408149e-007	-2.595523e-008	8.779284e-006
7.202967893614482e-008	4.956861e-006	-3.764443e-006	-3.415634e-007	-2.596941e-008	8.778627e-006
7.203582179328768e-008	4.992366e-006	-3.805847e-006	-3.423110e-007	-2.598427e-008	8.777972e-006
7.204196465043055e-008	5.027468e-006	-3.846537e-006	-3.430580e-007	-2.599978e-008	8.777319e-006
7.204810750757341e-008	5.062168e-006	-3.886515e-006	-3.438042e-007	-2.601597e-008	8.776666e-006
7.205425036471628e-008	5.096466e-006	-3.925781e-006	-3.445497e-007	-2.603282e-008	8.776015e-006
7.206039322185914e-008	5.130361e-006	-3.964334e-006	-3.452944e-007	-2.605034e-008	8.775365e-006
7.206139322185914e-008	5.135830e-006	-3.970516e-006	-3.454155e-007	-2.605324e-008	8.775260e-006
7.208296465043059e-008	5.251829e-006	-4.097993e-006	-3.480243e-007	-2.612148e-008	8.772998e-006
7.210453607900204e-008	5.358899e-006	-4.214593e-006	-3.506240e-007	-2.619499e-008	8.770745e-006
7.212610750757349e-008	5.457038e-006	-4.320316e-006	-3.532147e-007	-2.627378e-008	8.768500e-006
7.214767893614496e-008	5.546247e-006	-4.415162e-006	-3.557963e-007	-2.635783e-008	8.766264e-006
7.216925036471641e-008	5.626527e-006	-4.499131e-006	-3.583689e-007	-2.644716e-008	8.764036e-006
7.219082179328786e-008	5.697876e-006	-4.572224e-006	-3.609324e-007	-2.654176e-008	8.761817e-006
7.221239322185931e-008	5.760295e-006	-4.634439e-006	-3.634868e-007	-2.664163e-008	8.759606e-006
7.223353607900219e-008	5.814426e-006	-4.687518e-006	-3.659819e-007	-2.674180e-008	8.757444e-006
7.225467893614508e-008	5.863296e-006	-4.735445e-006	-3.684684e-007	-2.684377e-008	8.755281e-006
7.227582179328796e-008	5.906905e-006	-4.778221e-006	-3.709464e-007	-2.694756e-008	8.753119e-006
7.229696465043083e-008	5.945251e-006	-4.815845e-006	-3.734159e-007	-2.705314e-008	8.750956e-006
7.231810750757371e-008	5.978335e-006	-4.848318e-006	-3.758768e-007	-2.716054e-008	8.748794e-006
7.233925036471660e-008	6.006158e-006	-4.875640e-006	-3.783293e-007	-2.726974e-008	8.746632e-006
7.236039322185948e-008	6.028719e-006	-4.897811e-006	-3.807733e-007	-2.738074e-008	8.744470e-006
7.236139322185948e-008	6.029742e-006	-4.898832e-006	-3.808887e-007	-2.738598e-008	8.744367e-006
7.240410750757381e-008	6.061935e-006	-4.931326e-006	-3.857993e-007	-2.761386e-008	8.739995e-006
7.244682179328815e-008	6.086451e-006	-4.956063e-006	-3.906764e-007	-2.784123e-008	8.735625e-006
7.248953607900248e-008	6.103290e-006	-4.973043e-006	-3.955199e-007	-2.806810e-008	8.731258e-006
7.253225036471682e-008	6.112451e-006	-4.982268e-006	-4.003298e-007	-2.829446e-008	8.726892e-006
7.257496465043115e-008	6.113935e-006	-4.983736e-006	-4.051062e-007	-2.852031e-008	8.722528e-006
7.261767893614549e-008	6.107742e-006	-4.977447e-006	-4.098490e-007	-2.874565e-008	8.718167e-006
7.266039322185982e-008	6.093872e-006	-4.963403e-006	-4.145582e-007	-2.897049e-008	8.713807e-006
7.266139322185982e-008	6.093582e-006	-4.963111e-006	-4.146681e-007	-2.897567e-008	8.713705e-006
7.270410750757415e-008	6.078396e-006	-4.947896e-006	-4.193437e-007	-2.919611e-008	8.709347e-006
7.274682179328849e-008	6.061407e-006	-4.930876e-006	-4.239873e-007	-2.941280e-008	8.704990e-006
7.278953607900282e-008	6.042616e-006	-4.912050e-006	-4.285988e-007	-2.962573e-008	8.700636e-006
7.283225036471716e-008	6.022023e-006	-4.891419e-006	-4.331782e-007	-2.983490e-008	8.696283e-006
7.287496465043149e-008	5.999627e-006	-4.868983e-006	-4.377255e-007	-3.004032e-008	8.691932e-006
7.291767893614583e-008	5.975428e-006	-4.844742e-006	-4.422407e-007	-3.024198e-008	8.687583e-006
7.296039322186016e-008	5.949427e-006	-4.818696e-006	-4.467238e-007	-3.043989e-008	8.683235e-006
7.296139322186016e-008	5.948829e-006	-4.818097e-006	-4.468284e-007	-3.044446e-008	8.683134e-006
7.326139322186050e-008	5.758157e-006	-4.627151e-006	-4.774409e-007	-3.171020e-008	8.652651e-006
7.356139322186084e-008	5.562327e-006	-4.431074e-006	-5.065738e-007	-3.276434e-008	8.622257e-006
7.386139322186118e-008	5.370985e-006	-4.239489e-006	-5.342922e-007	-3.361601e-008	8.591953e-006
7.416139322186152e-008	5.186422e-006	-4.054696e-006	-5.606641e-007	-3.427800e-008	8.561739e-006
7.418510750757583e-008	5.169516e-006	-4.038580e-006	-5.626928e-007	-3.432243e-008	8.559351e-006
7.420882179329015e-008	5.155117e-006	-4.024060e-006	-5.647136e-007	-3.436592e-008	8.556967e-006
7.423253607900446e-008	5.143224e-006	-4.011135e-006	-5.667265e-007	-3.440847e-008	8.554588e-006
7.425625036471878e-008	5.133839e-006	-3.999807e-006	-5.687315e-007	-3.445008e-008	8.552214e-006
7.427996465043308e-008	5.126960e-006	-3.990074e-006	-5.707286e-007	-3.449076e-008	8.549844e-006
7.430367893614740e-008	5.122589e-006	-3.981937e-006	-5.727178e-007	-3.453049e-008	8.547478e-006
7.432739322186171e-008	5.120724e-006	-3.975396e-006	-5.746990e-007	-3.456929e-008	8.545117e-006
7.434639322186173e-008	5.124271e-006	-3.976116e-006	-5.762812e-007	-3.460025e-008	8.543223e-006
7.436539322186175e-008	5.127454e-006	-3.977743e-006	-5.778586e-007	-3.463131e-008	8.541324e-006
7.438439322186177e-008	5.130271e-006	-3.980278e-006	-5.794314e-007	-3.466249e-008	8.539419e-006
7.440339322186180e-008	5.132724e-006	-3.983719e-006	-5.809994e-007	-3.469377e-008	8.537509e-006
7.442239322186182e-008	5.134812e-006	-3.988068e-006	-5.825628e-007	-3.472516e-008	8.535594e-006
7.444139322186184e-008	5.136535e-006	-3.993324e-006	-5.841214e-007	-3.475665e-008	8.533673e-006
7.446039322186186e-008	5.137893e-006	-3.999487e-006	-5.856754e-007	-3.478826e-008	8.531748e-006
7.446139322186186e-008	5.137907e-006	-3.999707e-006	-5.857570e-007	-3.478993e-008	8.531647e-006
7.448510750757617e-008	5.137354e-006	-4.003646e-006	-5.876898e-007	-3.483000e-008	8.529251e-006
7.450882179329049e-008	5.135677e-006	-4.005408e-006	-5.896150e-007	-3.486973e-008	8.526859e-006
7.453253607900480e-008	5.132876e-006	-4.004992e-006	-5.915328e-007	-3.490912e-008	8.524473e-006
7.455625036471912e-008	5.128950e-006	-4.002399e-006	-5.934431e-007	-3.494817e-008	8.522091e-006
7.457996465043342e-008	5.123900e-006	-3.997628e-006	-5.953459e-007	-3.498687e-008	8.519715e-006
7.460367893614774e-008	5.117725e-006	-3.990679e-006	-5.972412e-007	-3.502523e-008	8.517343e-006
7.462739322186205e-008	5.110426e-006	-3.981553e-006	-5.991291e-007	-3.506325e-008	8.514977e-006
7.476139322186220e-008	5.051239e-006	-3.920024e-006	-6.096537e-007	-3.526110e-008	8.501583e-006
7.480410750757653e-008	5.028821e-006	-3.897131e-006	-6.129572e-007	-3.531811e-008	8.497316e-006
7.484682179329087e-008	5.005894e-006	-3.873921e-006	-6.162368e-007	-3.537199e-008	8.493051e-006
7.488953607900520e-008	4.982460e-006	-3.850393e-006	-6.194925e-007	-3.542273e-008	8.488786e-006
7.493225036471954e-008	4.958517e-006	-3.826548e-006	-6.227243e-007	-3.547033e-008	8.484523e-006
7.497496465043387e-008	4.934066e-006	-3.802385e-006	-6.259322e-007	-3.551479e-008	8.480260e-006
7.501767893614821e-008	4.909108e-006	-3.777904e-006	-6.291162e-007	-3.555611e-008	8.475998e-006
7.506039322186254e-008	4.883641e-006	-3.753106e-006	-6.322762e-007	-3.559430e-008	8.471738e-006
7.506139322186254e-008	4.883040e-006	-3.752500e-006	-6.323502e-007	-3.559515e-008	8.471638e-006
7.507725036471971e-008	4.873509e-006	-3.742796e-006	-6.335299e-007	-3.560843e-008	8.470059e-006
7.509310750757686e-008	4.863937e-006	-3.733061e-006	-6.347071e-007	-3.562124e-008	8.468480e-006
7.510896465043402e-008	4.854323e-006	-3.723294e-006	-6.358819e-007	-3.563358e-008	8.466901e-006
7.512482179329119e-008	4.844668e-006	-3.713494e-006	-6.370542e-007	-3.564547e-008	8.465322e-006
7.514067893614835e-008	4.834972e-006	-3.703663e-006	-6.382241e-007	-3.565688e-008	8.463744e-006
7.515653607900550e-008	4.825235e-006	-3.693800e-006	-6.393915e-007	-3.566784e-008	8.462165e-006
7.517239322186267e-008	4.815457e-006	-3.683906e-006	-6.405564e-007	-3.567833e-008	8.460587e-006
7.536139322186288e-008	4.697649e-006	-3.566156e-006	-6.541115e-007	-3.576794e-008	8.441792e-006
7.566139322186322e-008	4.513802e-006	-3.381958e-006	-6.746457e-007	-3.577966e-008	8.412037e-006
7.596139322186356e-008	4.337438e-006	-3.205326e-006	-6.940678e-007	-3.564129e-008	8.382372e-006
7.600410750757789e-008	4.313003e-006	-3.180855e-006	-6.967479e-007	-3.561002e-008	8.378156e-006
7.604682179329223e-008	4.288733e-006	-3.156550e-006	-6.994080e-007	-3.557610e-008	8.373942e-006
7.608953607900656e-008	4.264630e-006	-3.132411e-006	-7.020480e-007	-3.553951e-008	8.369730e-006
7.613225036472090e-008	4.240692e-006	-3.108439e-006	-7.046680e-007	-3.550026e-008	8.365520e-006
7.617496465043523e-008	4.216921e-006	-3.084633e-006	-7.072679e-007	-3.545834e-008	8.361312e-006
7.621767893614957e-008	4.193316e-006	-3.060994e-006	-7.098478e-007	-3.541377e-008	8.357106e-006
7.626039322186390e-008	4.169877e-006	-3.037522e-006	-7.124077e-007	-3.536653e-008	8.352901e-006
7.626139322186390e-008	4.169331e-006	-3.036974e-006	-7.124674e-007	-3.536540e-008	8.352802e-006
7.630410750757823e-008	4.146059e-006	-3.013669e-006	-7.150074e-007	-3.531556e-008	8.348599e-006
7.634682179329257e-008	4.122945e-006	-2.990523e-006	-7.175284e-007	-3.526331e-008	8.344399e-006
7.638953607900690e-008	4.099990e-006	-2.967535e-006	-7.200305e-007	-3.520863e-008	8.340200e-006
7.643225036472124e-008	4.077193e-006	-2.944705e-006	-7.225137e-007	-3.515153e-008	8.336003e-006
7.647496465043557e-008	4.054555e-006	-2.922034e-006	-7.249779e-007	-3.509201e-008	8.331808e-006
7.651767893614991e-008	4.032074e-006	-2.899522e-006	-7.274231e-007	-3.503006e-008	8.327615e-006
7.656039322186424e-008	4.009752e-006	-2.877168e-006	-7.298494e-007	-3.496569e-008	8.323424e-006
7.656139322186424e-008	4.009231e-006	-2.876646e-006	-7.299060e-007	-3.496416e-008	8.323325e-006
7.657739322186426e-008	4.000910e-006	-2.868313e-006	-7.308097e-007	-3.493946e-008	8.321756e-006
7.659339322186428e-008	3.992610e-006	-2.860001e-006	-7.317110e-007	-3.491444e-008	8.320186e-006
7.660939322186430e-008	3.984331e-006	-2.851711e-006	-7.326100e-007	-3.488910e-008	8.318617e-006
7.662539322186432e-008	3.976074e-006	-2.843442e-006	-7.335067e-007	-3.486345e-008	8.317049e-006
7.664139322186433e-008	3.967838e-006	-2.835194e-006	-7.344009e-007	-3.483747e-008	8.315480e-006
7.665739322186435e-008	3.959623e-006	-2.826968e-006	-7.352929e-007	-3.481118e-008	8.313913e-006
7.667339322186437e-008	3.951430e-006	-2.818763e-006	-7.361824e-007	-3.478457e-008	8.312345e-006
7.669153607900724e-008	3.942165e-006	-2.809485e-006	-7.371570e-007	-3.475402e-008	8.310567e-006
7.670967893615013e-008	3.932927e-006	-2.800234e-006	-7.382067e-007	-3.472307e-008	8.308790e-006
7.672782179329301e-008	3.923715e-006	-2.791009e-006	-7.393316e-007	-3.469173e-008	8.307013e-006
7.674596465043588e-008	3.914531e-006	-2.781812e-006	-7.405317e-007	-3.466000e-008	8.305237e-006
7.676410750757875e-008	3.905373e-006	-2.772641e-006	-7.418069e-007	-3.462787e-008	8.303460e-006
7.678225036472164e-008	3.896242e-006	-2.763497e-006	-7.431572e-007	-3.459535e-008	8.301684e-006
7.680039322186451e-008	3.887138e-006	-2.754381e-006	-7.445827e-007	-3.456244e-008	8.299909e-006
7.680896465043595e-008	3.882846e-006	-2.750083e-006	-7.453242e-007	-3.454676e-008	8.299070e-006
7.681753607900739e-008	3.878560e-006	-2.745790e-006	-7.460950e-007	-3.453099e-008	8.298231e-006
7.682610750757882e-008	3.874280e-006	-2.741504e-006	-7.468951e-007	-3.451513e-008	8.297393e-006
7.683467893615027e-008	3.870005e-006	-2.737224e-006	-7.477246e-007	-3.449919e-008	8.296554e-006
7.684325036472171e-008	3.865737e-006	-2.732949e-006	-7.485834e-007	-3.448317e-008	8.295716e-006
7.685182179329315e-008	3.861474e-006	-2.728681e-006	-7.494716e-007	-3.446706e-008	8.294878e-006
7.686039322186458e-008	3.857218e-006	-2.724418e-006	-7.503891e-007	-3.445086e-008	8.294040e-006
7.686139322186458e-008	3.856721e-006	-2.723921e-006	-7.504976e-007	-3.444897e-008	8.293942e-006
7.688282179329318e-008	3.846107e-006	-2.713292e-006	-7.529615e-007	-3.440807e-008	8.291847e-006
7.690425036472178e-008	3.835529e-006	-2.702699e-006	-7.555032e-007	-3.436666e-008	8.289752e-006
7.692567893615038e-008	3.824987e-006	-2.692142e-006	-7.581230e-007	-3.432473e-008	8.287658e-006
7.694710750757896e-008	3.814480e-006	-2.681621e-006	-7.608207e-007	-3.428229e-008	8.285564e-006
7.696853607900756e-008	3.804010e-006	-2.671137e-006	-7.635963e-007	-3.423932e-008	8.283470e-006
7.698996465043616e-008	3.793576e-006	-2.660688e-006	-7.664499e-007	-3.419584e-008	8.281377e-006
7.701139322186475e-008	3.783178e-006	-2.650275e-006	-7.693814e-007	-3.415185e-008	8.279285e-006
7.702882179329335e-008	3.774747e-006	-2.641832e-006	-7.717543e-007	-3.411569e-008	8.277583e-006
7.704625036472194e-008	3.766339e-006	-2.633413e-006	-7.741195e-007	-3.407921e-008	8.275882e-006
7.706367893615053e-008	3.757955e-006	-2.625016e-006	-7.764771e-007	-3.404240e-008	8.274182e-006
7.708110750757911e-008	3.749593e-006	-2.616643e-006	-7.788271e-007	-3.400527e-008	8.272481e-006
7.709853607900771e-008	3.741255e-006	-2.608294e-006	-7.811693e-007	-3.396781e-008	8.270781e-006
7.711596465043630e-008	3.732940e-006	-2.599967e-006	-7.835040e-007	-3.393003e-008	8.269082e-006
7.713339322186489e-008	3.724648e-006	-2.591664e-006	-7.858309e-007	-3.389192e-008	8.267382e-006
7.716139322186492e-008	3.711374e-006	-2.578371e-006	-7.895324e-007	-3.383003e-008	8.264652e-006
7.720410750757925e-008	3.691241e-006	-2.558210e-006	-7.951149e-007	-3.373398e-008	8.260489e-006
7.724682179329359e-008	3.671241e-006	-2.538183e-006	-8.006363e-007	-3.363613e-008	8.256329e-006
7.728953607900792e-008	3.651374e-006	-2.518288e-006	-8.060967e-007	-3.353648e-008	8.252170e-006
7.733225036472226e-008	3.631640e-006	-2.498527e-006	-8.114960e-007	-3.343503e-008	8.248013e-006
7.737496465043659e-008	3.612039e-006	-2.478899e-006	-8.168343e-007	-3.333178e-008	8.243858e-006
7.741767893615093e-008	3.592571e-006	-2.459405e-006	-8.221115e-007	-3.322673e-008	8.239705e-006
7.746039322186526e-008	3.573236e-006	-2.440044e-006	-8.273277e-007	-3.311988e-008	8.235554e-006
7.746139322186526e-008	3.572785e-006	-2.439592e-006	-8.274493e-007	-3.311736e-008	8.235456e-006
7.750410750757959e-008	3.553583e-006	-2.420363e-006	-8.326124e-007	-3.300877e-008	8.231307e-006
7.754682179329393e-008	3.534506e-006	-2.401260e-006	-8.377240e-007	-3.289856e-008	8.227160e-006
7.758953607900826e-008	3.515554e-006	-2.382283e-006	-8.427843e-007	-3.278674e-008	8.223015e-006
7.763225036472260e-008	3.496729e-006	-2.363432e-006	-8.477931e-007	-3.267330e-008	8.218871e-006
7.767496465043693e-008	3.478029e-006	-2.344706e-006	-8.527505e-007	-3.255824e-008	8.214729e-006
7.771767893615127e-008	3.459454e-006	-2.326106e-006	-8.576565e-007	-3.244156e-008	8.210590e-006
7.776039322186560e-008	3.441005e-006	-2.307633e-006	-8.625111e-007	-3.232327e-008	8.206452e-006
7.776139322186560e-008	3.440575e-006	-2.307202e-006	-8.626242e-007	-3.232049e-008	8.206355e-006
7.806139322186594e-008	3.314389e-006	-2.180846e-006	-8.953735e-007	-3.144802e-008	8.177348e-006
7.836139322186628e-008	3.193894e-006	-2.060192e-006	-9.258598e-007	-3.050788e-008	8.148435e-006
7.866139322186662e-008	3.078777e-006	-1.944923e-006	-9.542017e-007	-2.950741e-008	8.119616e-006
7.896139322186696e-008	2.968884e-006	-1.834863e-006	-9.805017e-007	-2.845344e-008	8.090892e-006
7.899467893615272e-008	2.957013e-006	-1.822989e-006	-9.832968e-007	-2.833347e-008	8.087711e-006
7.902796465043847e-008	2.945198e-006	-1.811169e-006	-9.860691e-007	-2.821295e-008	8.084531e-006
7.906125036472422e-008	2.933438e-006	-1.799400e-006	-9.888186e-007	-2.809189e-008	8.081353e-006
7.909453607900997e-008	2.921733e-006	-1.787684e-006	-9.915452e-007	-2.797027e-008	8.078175e-006
7.912782179329573e-008	2.910084e-006	-1.776021e-006	-9.942490e-007	-2.784810e-008	8.074998e-006
7.916110750758147e-008	2.898490e-006	-1.764410e-006	-9.969300e-007	-2.772539e-008	8.071823e-006
7.919439322186723e-008	2.886952e-006	-1.752851e-006	-9.995882e-007	-2.760212e-008	8.068649e-006
7.920382179329581e-008	2.883692e-006	-1.749587e-006	-1.000341e-006	-2.756711e-008	8.067750e-006
7.921325036472440e-008	2.880439e-006	-1.746327e-006	-1.001097e-006	-2.753207e-008	8.066851e-006
7.922267893615298e-008	2.877192e-006	-1.743074e-006	-1.001855e-006	-2.749698e-008	8.065952e-006
7.923210750758155e-008	2.873953e-006	-1.739825e-006	-1.002616e-006	-2.746185e-008	8.065053e-006
7.924153607901014e-008	2.870719e-006	-1.736583e-006	-1.003379e-006	-2.742668e-008	8.064155e-006
7.925096465043872e-008	2.867492e-006	-1.733345e-006	-1.004145e-006	-2.739146e-008	8.063257e-006
7.926039322186730e-008	2.864272e-006	-1.730113e-006	-1.004913e-006	-2.735621e-008	8.062359e-006
7.926139322186730e-008	2.863931e-006	-1.729771e-006	-1.004995e-006	-2.735247e-008	8.062263e-006
7.929525036472449e-008	2.852483e-006	-1.718245e-006	-1.007825e-006	-2.722549e-008	8.059038e-006
7.932910750758166e-008	2.841113e-006	-1.706819e-006	-1.010649e-006	-2.709804e-008	8.055814e-006
7.936296465043885e-008	2.829821e-006	-1.695492e-006	-1.013466e-006	-2.697011e-008	8.052592e-006
7.939682179329603e-008	2.818608e-006	-1.684263e-006	-1.016277e-006	-2.684169e-008	8.049370e-006
7.943067893615322e-008	2.807473e-006	-1.673134e-006	-1.019081e-006	-2.671280e-008	8.046150e-006
7.946453607901039e-008	2.796416e-006	-1.662105e-006	-1.021878e-006	-2.658343e-008	8.042931e-006
7.949839322186757e-008	2.785438e-006	-1.651174e-006	-1.024669e-006	-2.645358e-008	8.039713e-006
7.956139322186764e-008	2.765060e-006	-1.630835e-006	-1.029717e-006	-2.621082e-008	8.033728e-006
7.960410750758197e-008	2.751307e-006	-1.617062e-006	-1.033069e-006	-2.604534e-008	8.029673e-006
7.964682179329631e-008	2.737587e-006	-1.603324e-006	-1.036379e-006	-2.587919e-008	8.025620e-006
7.968953607901064e-008	2.723901e-006	-1.589622e-006	-1.039647e-006	-2.571238e-008	8.021569e-006
7.973225036472499e-008	2.710249e-006	-1.575957e-006	-1.042872e-006	-2.554489e-008	8.017520e-006
7.977496465043931e-008	2.696630e-006	-1.562327e-006	-1.046055e-006	-2.537674e-008	8.013472e-006
7.981767893615366e-008	2.683045e-006	-1.548733e-006	-1.049197e-006	-2.520791e-008	8.009426e-006
7.986039322186798e-008	2.669493e-006	-1.535174e-006	-1.052296e-006	-2.503842e-008	8.005382e-006
7.986139322186798e-008	2.669176e-006	-1.534858e-006	-1.052368e-006	-2.503444e-008	8.005288e-006
7.989025036472516e-008	2.659474e-006	-1.525460e-006	-1.054444e-006	-2.491955e-008	8.002556e-006
7.991910750758233e-008	2.650204e-006	-1.516272e-006	-1.056500e-006	-2.480439e-008	7.999825e-006
7.994796465043951e-008	2.641366e-006	-1.507294e-006	-1.058537e-006	-2.468897e-008	7.997097e-006
7.997682179329669e-008	2.632959e-006	-1.498526e-006	-1.060556e-006	-2.457328e-008	7.994371e-006
8.000567893615387e-008	2.624984e-006	-1.489967e-006	-1.062555e-006	-2.445732e-008	7.991646e-006
8.003453607901103e-008	2.617441e-006	-1.481619e-006	-1.064535e-006	-2.434109e-008	7.988923e-006
8.006339322186821e-008	2.610329e-006	-1.473480e-006	-1.066496e-006	-2.422460e-008	7.986202e-006
8.007725036472538e-008	2.607142e-006	-1.470083e-006	-1.067431e-006	-2.416863e-008	7.984895e-006
8.009110750758253e-008	2.603715e-006	-1.466678e-006	-1.068362e-006	-2.411264e-008	7.983587e-006
8.010496465043969e-008	2.600049e-006	-1.463266e-006	-1.069289e-006	-2.405662e-008	7.982278e-006
8.011882179329685e-008	2.596143e-006	-1.459846e-006	-1.070212e-006	-2.400058e-008	7.980968e-006
8.013267893615401e-008	2.591997e-006	-1.456418e-006	-1.071130e-006	-2.394450e-008	7.979657e-006
8.014653607901116e-008	2.587612e-006	-1.452982e-006	-1.072044e-006	-2.388840e-008	7.978346e-006
8.016039322186832e-008	2.582987e-006	-1.449539e-006	-1.072954e-006	-2.383227e-008	7.977033e-006
8.016139322186833e-008	2.582673e-006	-1.449282e-006	-1.073020e-006	-2.382822e-008	7.976939e-006
8.018153607901120e-008	2.576481e-006	-1.443820e-006	-1.074334e-006	-2.374659e-008	7.975036e-006
8.020167893615409e-008	2.570420e-006	-1.438163e-006	-1.075641e-006	-2.366485e-008	7.973134e-006
8.022182179329697e-008	2.564488e-006	-1.432312e-006	-1.076938e-006	-2.358298e-008	7.971235e-006
8.024196465043984e-008	2.558687e-006	-1.426267e-006	-1.078227e-006	-2.350099e-008	7.969337e-006
8.026210750758272e-008	2.553015e-006	-1.420027e-006	-1.079507e-006	-2.341888e-008	7.967442e-006
8.028225036472561e-008	2.547474e-006	-1.413593e-006	-1.080779e-006	-2.333666e-008	7.965548e-006
8.030239322186848e-008	2.542063e-006	-1.406965e-006	-1.082042e-006	-2.325431e-008	7.963656e-006
8.032496465043994e-008	2.535470e-006	-1.400045e-006	-1.083447e-006	-2.316183e-008	7.961531e-006
8.034753607901139e-008	2.528767e-006	-1.393201e-006	-1.084841e-006	-2.306922e-008	7.959407e-006
8.037010750758284e-008	2.521955e-006	-1.386432e-006	-1.086225e-006	-2.297647e-008	7.957282e-006
8.039267893615431e-008	2.515033e-006	-1.379739e-006	-1.087599e-006	-2.288359e-008	7.955157e-006
8.041525036472576e-008	2.508001e-006	-1.373122e-006	-1.088962e-006	-2.279058e-008	7.953032e-006
8.043782179329721e-008	2.500860e-006	-1.366580e-006	-1.090315e-006	-2.269743e-008	7.950907e-006
8.046039322186866e-008	2.493609e-006	-1.360114e-006	-1.091657e-006	-2.260415e-008	7.948782e-006
8.046139322186867e-008	2.493301e-006	-1.359817e-006	-1.091716e-006	-2.260002e-008	7.948687e-006
8.049382179329728e-008	2.483709e-006	-1.349740e-006	-1.093625e-006	-2.246574e-008	7.945641e-006
8.052625036472589e-008	2.474105e-006	-1.339758e-006	-1.095513e-006	-2.233116e-008	7.942596e-006
8.055867893615450e-008	2.464489e-006	-1.329872e-006	-1.097381e-006	-2.219629e-008	7.939551e-006
8.059110750758309e-008	2.454861e-006	-1.320081e-006	-1.099228e-006	-2.206112e-008	7.936507e-006
8.062353607901170e-008	2.445221e-006	-1.310385e-006	-1.101054e-006	-2.192566e-008	7.933463e-006
8.065596465044031e-008	2.435569e-006	-1.300785e-006	-1.102859e-006	-2.178990e-008	7.930421e-006
8.068839322186892e-008	2.425904e-006	-1.291279e-006	-1.104643e-006	-2.165384e-008	7.927379e-006
8.076139322186901e-008	2.404362e-006	-1.270178e-006	-1.108587e-006	-2.134675e-008	7.920534e-006
8.080410750758333e-008	2.392170e-006	-1.257704e-006	-1.110846e-006	-2.116642e-008	7.916534e-006
8.084682179329768e-008	2.380045e-006	-1.245370e-006	-1.113072e-006	-2.098571e-008	7.912535e-006
8.088953607901200e-008	2.367987e-006	-1.233178e-006	-1.115263e-006	-2.080463e-008	7.908538e-006
8.093225036472635e-008	2.355997e-006	-1.221125e-006	-1.117421e-006	-2.062317e-008	7.904543e-006
8.097496465044067e-008	2.344074e-006	-1.209214e-006	-1.119546e-006	-2.044133e-008	7.900549e-006
8.101767893615502e-008	2.332218e-006	-1.197443e-006	-1.121636e-006	-2.025912e-008	7.896557e-006
8.106039322186934e-008	2.320430e-006	-1.185814e-006	-1.123693e-006	-2.007653e-008	7.892567e-006
8.106139322186935e-008	2.320158e-006	-1.185539e-006	-1.123741e-006	-2.007225e-008	7.892473e-006
8.136139322186969e-008	2.240603e-006	-1.105755e-006	-1.137278e-006	-1.878165e-008	7.864507e-006
8.140196465044116e-008	2.229728e-006	-1.095126e-006	-1.138989e-006	-1.860610e-008	7.860731e-006
8.144253607901263e-008	2.219195e-006	-1.084671e-006	-1.140673e-006	-1.843037e-008	7.856957e-006
8.148310750758410e-008	2.209006e-006	-1.074389e-006	-1.142330e-006	-1.825446e-008	7.853186e-006
8.152367893615559e-008	2.199160e-006	-1.064283e-006	-1.143960e-006	-1.807838e-008	7.849417e-006
8.156425036472706e-008	2.189658e-006	-1.054350e-006	-1.145563e-006	-1.790212e-008	7.845651e-006
8.160482179329854e-008	2.180498e-006	-1.044592e-006	-1.147139e-006	-1.772568e-008	7.841887e-006
8.164539322187001e-008	2.171682e-006	-1.035008e-006	-1.148687e-006	-1.754907e-008	7.838126e-006
8.166139322187003e-008	2.172577e-006	-1.032971e-006	-1.149291e-006	-1.747947e-008	7.836654e-006
8.167039322187004e-008	2.174320e-006	-1.032164e-006	-1.149629e-006	-1.744030e-008	7.835830e-006
8.167939322187005e-008	2.177651e-006	-1.032360e-006	-1.149965e-006	-1.740123e-008	7.835009e-006
8.168839322187006e-008	2.182569e-006	-1.033559e-006	-1.150300e-006	-1.736225e-008	7.834191e-006
8.169739322187007e-008	2.189075e-006	-1.035762e-006	-1.150634e-006	-1.732338e-008	7.833375e-006
8.170639322187008e-008	2.197168e-006	-1.038967e-006	-1.150967e-006	-1.728461e-008	7.832562e-006
8.171539322187009e-008	2.206848e-006	-1.043176e-006	-1.151298e-006	-1.724594e-008	7.831751e-006
8.172439322187010e-008	2.218116e-006	-1.048388e-006	-1.151628e-006	-1.720737e-008	7.830943e-006
8.173253607901296e-008	2.230288e-006	-1.054585e-006	-1.151926e-006	-1.717262e-008	7.830214e-006
8.174067893615584e-008	2.243791e-006	-1.062324e-006	-1.152222e-006	-1.713815e-008	7.829485e-006
8.174882179329870e-008	2.258624e-006	-1.071607e-006	-1.152517e-006	-1.710397e-008	7.828755e-006
8.175696465044156e-008	2.274787e-006	-1.082433e-006	-1.152812e-006	-1.707006e-008	7.828024e-006
8.176510750758442e-008	2.292280e-006	-1.094802e-006	-1.153105e-006	-1.703643e-008	7.827292e-006
8.177325036472730e-008	2.311104e-006	-1.108715e-006	-1.153398e-006	-1.700308e-008	7.826560e-006
8.178139322187016e-008	2.331258e-006	-1.124170e-006	-1.153689e-006	-1.697001e-008	7.825827e-006
8.178239322187016e-008	2.333767e-006	-1.126195e-006	-1.153729e-006	-1.696598e-008	7.825736e-006
8.178267389619922e-008	2.334473e-006	-1.126768e-006	-1.153733e-006	-1.696485e-008	7.825711e-006
8.178290609558714e-008	2.335060e-006	-1.127243e-006	-1.153710e-006	-1.696392e-008	7.825690e-006
8.178480973801500e-008	2.339910e-006	-1.131189e-006	-1.152957e-006	-1.695628e-008	7.825518e-006
8.178671338044287e-008	2.344802e-006	-1.135223e-006	-1.151542e-006	-1.694867e-008	7.825346e-006
8.178861702287073e-008	2.349734e-006	-1.139345e-006	-1.149466e-006	-1.694108e-008	7.825173e-006
8.179052066529860e-008	2.354708e-006	-1.143556e-006	-1.146728e-006	-1.693352e-008	7.825000e-006
8.179242430772646e-008	2.359723e-006	-1.147856e-006	-1.143329e-006	-1.692598e-008	7.824827e-006
8.179432795015433e-008	2.364779e-006	-1.152244e-006	-1.139269e-006	-1.691847e-008	7.824654e-006
8.179623159258219e-008	2.369876e-006	-1.156720e-006	-1.134547e-006	-1.691098e-008	7.824480e-006
8.180366016401077e-008	2.390308e-006	-1.175240e-006	-1.108894e-006	-1.688195e-008	7.823802e-006
8.181108873543935e-008	2.410886e-006	-1.194808e-006	-1.074273e-006	-1.685344e-008	7.823120e-006
8.181851730686794e-008	2.431609e-006	-1.215423e-006	-1.030682e-006	-1.682547e-008	7.822434e-006
8.182594587829650e-008	2.452479e-006	-1.237085e-006	-9.781226e-007	-1.679802e-008	7.821744e-006
8.183337444972509e-008	2.473493e-006	-1.259794e-006	-9.165942e-007	-1.677110e-008	7.821050e-006
8.184080302115367e-008	2.494654e-006	-1.283551e-006	-8.460969e-007	-1.674471e-008	7.820352e-006
8.184823159258225e-008	2.515960e-006	-1.308354e-006	-7.666307e-007	-1.671885e-008	7.819651e-006
8.185366016401083e-008	2.531317e-006	-1.326839e-006	-7.040205e-007	-1.670038e-008	7.819136e-006
8.185908873543941e-008	2.546572e-006	-1.345478e-006	-6.387614e-007	-1.668226e-008	7.818619e-006
8.186451730686799e-008	2.561727e-006	-1.364273e-006	-5.708534e-007	-1.666449e-008	7.818102e-006
8.186994587829655e-008	2.576781e-006	-1.383223e-006	-5.002966e-007	-1.664706e-008	7.817583e-006
8.187537444972513e-008	2.591734e-006	-1.402329e-006	-4.270909e-007	-1.662997e-008	7.817064e-006
8.188080302115371e-008	2.606586e-006	-1.421589e-006	-3.512364e-007	-1.661323e-008	7.816543e-006
8.188623159258229e-008	2.621337e-006	-1.441005e-006	-2.727330e-007	-1.659684e-008	7.816022e-006
8.189080302115372e-008	2.633657e-006	-1.457286e-006	-2.057506e-007	-1.658332e-008	7.815583e-006
8.189537444972516e-008	2.645905e-006	-1.473450e-006	-1.385889e-007	-1.657005e-008	7.815143e-006
8.189994587829659e-008	2.658082e-006	-1.489495e-006	-7.124794e-008	-1.655701e-008	7.814704e-006
8.190451730686803e-008	2.670187e-006	-1.505423e-006	-3.727685e-009	-1.654423e-008	7.814265e-006
8.190908873543946e-008	2.682220e-006	-1.521233e-006	6.397187e-008	-1.653168e-008	7.813827e-006
8.191366016401090e-008	2.694182e-006	-1.536925e-006	1.318507e-007	-1.651938e-008	7.813388e-006
8.191823159258233e-008	2.706071e-006	-1.552499e-006	1.999089e-007	-1.650733e-008	7.812950e-006
8.192051730686805e-008	2.711995e-006	-1.560187e-006	2.335285e-007	-1.650138e-008	7.812731e-006
8.192280302115376e-008	2.717903e-006	-1.567818e-006	2.669363e-007	-1.649550e-008	7.812512e-006
8.192508873543948e-008	2.723796e-006	-1.575390e-006	3.001322e-007	-1.648967e-008	7.812294e-006
8.192737444972519e-008	2.729674e-006	-1.582905e-006	3.331163e-007	-1.648390e-008	7.812076e-006
8.192966016401091e-008	2.735537e-006	-1.590362e-006	3.658885e-007	-1.647819e-008	7.811858e-006
8.193194587829662e-008	2.741384e-006	-1.597761e-006	3.984489e-007	-1.647253e-008	7.811640e-006
8.193423159258235e-008	2.747217e-006	-1.605102e-006	4.307974e-007	-1.646693e-008	7.811422e-006
8.193737444972520e-008	2.755213e-006	-1.615092e-006	4.748356e-007	-1.645932e-008	7.811123e-006
8.194051730686807e-008	2.763182e-006	-1.624947e-006	5.182143e-007	-1.645181e-008	7.810824e-006
8.194366016401093e-008	2.771122e-006	-1.634668e-006	5.609336e-007	-1.644439e-008	7.810526e-006
8.194680302115379e-008	2.779033e-006	-1.644255e-006	6.029934e-007	-1.643707e-008	7.810228e-006
8.194994587829664e-008	2.786917e-006	-1.653708e-006	6.443938e-007	-1.642986e-008	7.809931e-006
8.195308873543951e-008	2.794772e-006	-1.663026e-006	6.851347e-007	-1.642274e-008	7.809634e-006
8.195623159258237e-008	2.802598e-006	-1.672210e-006	7.252161e-007	-1.641571e-008	7.809337e-006
8.195723159258237e-008	2.805082e-006	-1.675100e-006	7.377861e-007	-1.641350e-008	7.809243e-006
8.196466016401095e-008	2.823531e-006	-1.696097e-006	8.288372e-007	-1.639738e-008	7.808545e-006
8.197208873543954e-008	2.841713e-006	-1.716290e-006	9.152394e-007	-1.638168e-008	7.807850e-006
8.197951730686812e-008	2.859628e-006	-1.735679e-006	9.969929e-007	-1.636641e-008	7.807157e-006
8.198694587829669e-008	2.877276e-006	-1.754265e-006	1.074098e-006	-1.635157e-008	7.806466e-006
8.199437444972527e-008	2.894657e-006	-1.772046e-006	1.146554e-006	-1.633716e-008	7.805778e-006
8.200180302115385e-008	2.911771e-006	-1.789024e-006	1.214361e-006	-1.632317e-008	7.805092e-006
8.200923159258243e-008	2.928618e-006	-1.805198e-006	1.277519e-006	-1.630960e-008	7.804408e-006
8.201951730686816e-008	2.950826e-006	-1.826081e-006	1.356393e-006	-1.629143e-008	7.803463e-006
8.202980302115388e-008	2.971862e-006	-1.845774e-006	1.428620e-006	-1.627373e-008	7.802518e-006
8.204008873543961e-008	2.991725e-006	-1.864279e-006	1.494199e-006	-1.625653e-008	7.801574e-006
8.205037444972533e-008	3.010414e-006	-1.881594e-006	1.553132e-006	-1.623981e-008	7.800630e-006
8.206066016401106e-008	3.027930e-006	-1.897721e-006	1.605418e-006	-1.622357e-008	7.799686e-006
8.207094587829678e-008	3.044274e-006	-1.912658e-006	1.651056e-006	-1.620782e-008	7.798742e-006
8.208123159258251e-008	3.059444e-006	-1.926407e-006	1.690048e-006	-1.619256e-008	7.797798e-006
8.208923159258252e-008	3.070458e-006	-1.936621e-006	1.717656e-006	-1.618088e-008	7.797063e-006
8.209723159258253e-008	3.080869e-006	-1.946387e-006	1.743126e-006	-1.616936e-008	7.796327e-006
8.210523159258254e-008	3.090677e-006	-1.955704e-006	1.766459e-006	-1.615801e-008	7.795591e-006
8.211323159258255e-008	3.099880e-006	-1.964572e-006	1.787654e-006	-1.614683e-008	7.794854e-006
8.212123159258256e-008	3.108481e-006	-1.972991e-006	1.806712e-006	-1.613581e-008	7.794117e-006
8.212923159258257e-008	3.116477e-006	-1.980962e-006	1.823632e-006	-1.612496e-008	7.793379e-006
8.213723159258258e-008	3.123871e-006	-1.988484e-006	1.838414e-006	-1.611428e-008	7.792641e-006
8.214108873543973e-008	3.127266e-006	-1.991988e-006	1.845172e-006	-1.610916e-008	7.792284e-006
8.214494587829687e-008	3.130551e-006	-1.995403e-006	1.851621e-006	-1.610407e-008	7.791928e-006
8.214880302115402e-008	3.133725e-006	-1.998728e-006	1.857762e-006	-1.609900e-008	7.791571e-006
8.215266016401117e-008	3.136789e-006	-2.001963e-006	1.863594e-006	-1.609396e-008	7.791215e-006
8.215651730686832e-008	3.139742e-006	-2.005110e-006	1.869118e-006	-1.608895e-008	7.790858e-006
8.216037444972546e-008	3.142584e-006	-2.008166e-006	1.874334e-006	-1.608397e-008	7.790502e-006
8.216423159258261e-008	3.145316e-006	-2.011134e-006	1.879240e-006	-1.607900e-008	7.790145e-006
8.216523159258261e-008	3.146009e-006	-2.011890e-006	1.880467e-006	-1.607772e-008	7.790052e-006
8.216623159258261e-008	3.146696e-006	-2.012639e-006	1.881646e-006	-1.607644e-008	7.789959e-006
8.216823159258261e-008	3.148050e-006	-2.014121e-006	1.883806e-006	-1.607388e-008	7.789775e-006
8.217066016401119e-008	3.149657e-006	-2.015890e-006	1.886098e-006	-1.607078e-008	7.789550e-006
8.217308873543976e-008	3.151228e-006	-2.017624e-006	1.888090e-006	-1.606769e-008	7.789325e-006
8.217551730686834e-008	3.152763e-006	-2.019324e-006	1.889784e-006	-1.606461e-008	7.789100e-006
8.217794587829690e-008	3.154262e-006	-2.020991e-006	1.891180e-006	-1.606153e-008	7.788876e-006
8.218037444972548e-008	3.155725e-006	-2.022623e-006	1.892277e-006	-1.605846e-008	7.788651e-006
8.218280302115405e-008	3.157153e-006	-2.024222e-006	1.893076e-006	-1.605540e-008	7.788427e-006
8.218523159258263e-008	3.158544e-006	-2.025786e-006	1.893576e-006	-1.605235e-008	7.788202e-006
8.218637444972549e-008	3.159188e-006	-2.026511e-006	1.893724e-006	-1.605091e-008	7.788097e-006
8.218751730686835e-008	3.159825e-006	-2.027229e-006	1.893811e-006	-1.604948e-008	7.787991e-006
8.218866016401121e-008	3.160454e-006	-2.027939e-006	1.893839e-006	-1.604805e-008	7.787885e-006
8.218980302115406e-008	3.161076e-006	-2.028641e-006	1.893806e-006	-1.604661e-008	7.787779e-006
8.219094587829692e-008	3.161691e-006	-2.029336e-006	1.893713e-006	-1.604518e-008	7.787674e-006
8.219208873543979e-008	3.162299e-006	-2.030024e-006	1.893559e-006	-1.604376e-008	7.787568e-006
8.219323159258264e-008	3.162900e-006	-2.030704e-006	1.893345e-006	-1.604233e-008	7.787462e-006
8.219423159258264e-008	3.163421e-006	-2.031295e-006	1.893114e-006	-1.604108e-008	7.787369e-006
8.219459945386562e-008	3.163612e-006	-2.031510e-006	1.893000e-006	-1.604062e-008	7.787336e-006
8.219472499290013e-008	3.163676e-006	-2.031584e-006	1.892948e-006	-1.604046e-008	7.787324e-006
8.219477308109523e-008	3.163701e-006	-2.031612e-006	1.892935e-006	-1.604040e-008	7.787319e-006
8.219477920972238e-008	3.163704e-006	-2.031615e-006	1.892936e-006	-1.604040e-008	7.787319e-006
8.219478288264320e-008	3.163706e-006	-2.031617e-006	1.892936e-006	-1.604039e-008	7.787318e-006
8.219478799850423e-008	3.163709e-006	-2.031621e-006	1.892936e-006	-1.604039e-008	7.787318e-006
8.219479494534990e-008	3.163712e-006	-2.031624e-006	1.892935e-006	-1.604038e-008	7.787317e-006
8.219480235338115e-008	3.163716e-006	-2.031629e-006	1.892933e-006	-1.604037e-008	7.787316e-006
8.219480935689167e-008	3.163720e-006	-2.031633e-006	1.892932e-006	-1.604036e-008	7.787316e-006
8.219481620232853e-008	3.163723e-006	-2.031637e-006	1.892930e-006	-1.604035e-008	7.787316e-006
8.219482301682580e-008	3.163727e-006	-2.031641e-006	1.892928e-006	-1.604034e-008	7.787315e-006
8.219482992049338e-008	3.163730e-006	-2.031645e-006	1.892927e-006	-1.604033e-008	7.787314e-006
8.219483680944588e-008	3.163734e-006	-2.031649e-006	1.892925e-006	-1.604032e-008	7.787314e-006
8.219484371644170e-008	3.163737e-006	-2.031653e-006	1.892923e-006	-1.604032e-008	7.787313e-006
8.219485059564395e-008	3.163741e-006	-2.031657e-006	1.892922e-006	-1.604031e-008	7.787312e-006
8.219485749265136e-008	3.163744e-006	-2.031661e-006	1.892920e-006	-1.604030e-008	7.787312e-006
8.219486567696247e-008	3.163749e-006	-2.031666e-006	1.892918e-006	-1.604029e-008	7.787311e-006
8.219487480989530e-008	3.163753e-006	-2.031671e-006	1.892916e-006	-1.604028e-008	7.787310e-006
8.219488576584280e-008	3.163759e-006	-2.031677e-006	1.892913e-006	-1.604026e-008	7.787309e-006
8.219491397831597e-008	3.163773e-006	-2.031694e-006	1.892907e-006	-1.604023e-008	7.787306e-006
8.219503972164477e-008	3.163838e-006	-2.031767e-006	1.892877e-006	-1.604007e-008	7.787295e-006
8.219516546497355e-008	3.163903e-006	-2.031840e-006	1.892847e-006	-1.603991e-008	7.787283e-006
8.219529120830236e-008	3.163967e-006	-2.031913e-006	1.892817e-006	-1.603976e-008	7.787271e-006
8.219541695163116e-008	3.164032e-006	-2.031986e-006	1.892788e-006	-1.603960e-008	7.787260e-006
8.219554269495996e-008	3.164096e-006	-2.032059e-006	1.892758e-006	-1.603944e-008	7.787248e-006
8.219566843828875e-008	3.164160e-006	-2.032131e-006	1.892728e-006	-1.603929e-008	7.787236e-006
8.219579418161755e-008	3.164224e-006	-2.032204e-006	1.892698e-006	-1.603913e-008	7.787225e-006
8.220020096738775e-008	3.166412e-006	-2.034691e-006	1.891660e-006	-1.603365e-008	7.786817e-006
8.220460775315793e-008	3.168511e-006	-2.037073e-006	1.890622e-006	-1.602818e-008	7.786410e-006
8.220901453892813e-008	3.170521e-006	-2.039349e-006	1.889586e-006	-1.602272e-008	7.786002e-006
8.221342132469832e-008	3.172443e-006	-2.041520e-006	1.888550e-006	-1.601728e-008	7.785595e-006
8.221782811046852e-008	3.174275e-006	-2.043586e-006	1.887515e-006	-1.601185e-008	7.785188e-006
8.222223489623870e-008	3.176019e-006	-2.045546e-006	1.886482e-006	-1.600643e-008	7.784780e-006
8.222664168200890e-008	3.177674e-006	-2.047401e-006	1.885449e-006	-1.600103e-008	7.784373e-006
8.223064168200891e-008	3.179114e-006	-2.049000e-006	1.884512e-006	-1.599613e-008	7.784004e-006
8.226149882486609e-008	3.187672e-006	-2.057082e-006	1.877301e-006	-1.595897e-008	7.781162e-006
8.229235596772326e-008	3.193612e-006	-2.062582e-006	1.870120e-006	-1.592143e-008	7.778322e-006
8.232321311058044e-008	3.196934e-006	-2.065500e-006	1.862971e-006	-1.588351e-008	7.775482e-006
8.235407025343762e-008	3.197638e-006	-2.065836e-006	1.855852e-006	-1.584523e-008	7.772643e-006
8.238492739629480e-008	3.195725e-006	-2.063590e-006	1.848765e-006	-1.580657e-008	7.769805e-006
8.241578453915197e-008	3.191193e-006	-2.058761e-006	1.841708e-006	-1.576753e-008	7.766968e-006
8.244664168200915e-008	3.184044e-006	-2.051350e-006	1.834682e-006	-1.572812e-008	7.764132e-006
8.253064168200925e-008	3.159359e-006	-2.027747e-006	1.815704e-006	-1.561585e-008	7.756408e-006
8.257335596772357e-008	3.143782e-006	-2.011789e-006	1.806138e-006	-1.555624e-008	7.752487e-006
8.261607025343792e-008	3.127315e-006	-1.995034e-006	1.796626e-006	-1.549456e-008	7.748568e-006
8.265878453915224e-008	3.109959e-006	-1.977480e-006	1.787167e-006	-1.543083e-008	7.744650e-006
8.270149882486659e-008	3.091713e-006	-1.959128e-006	1.777763e-006	-1.536503e-008	7.740734e-006
8.274421311058091e-008	3.072578e-006	-1.939979e-006	1.768412e-006	-1.529717e-008	7.736819e-006
8.278692739629526e-008	3.052552e-006	-1.920031e-006	1.759115e-006	-1.522726e-008	7.732906e-006
8.282964168200958e-008	3.031638e-006	-1.899285e-006	1.749872e-006	-1.515528e-008	7.728994e-006
8.283064168200959e-008	3.031158e-006	-1.898803e-006	1.749656e-006	-1.515356e-008	7.728903e-006
8.287335596772391e-008	3.010426e-006	-1.877937e-006	1.740466e-006	-1.507931e-008	7.724995e-006
8.291607025343826e-008	2.989605e-006	-1.857008e-006	1.731326e-006	-1.500298e-008	7.721088e-006
8.295878453915258e-008	2.968696e-006	-1.836018e-006	1.722236e-006	-1.492460e-008	7.717183e-006
8.300149882486693e-008	2.947699e-006	-1.814967e-006	1.713197e-006	-1.484415e-008	7.713280e-006
8.304421311058125e-008	2.926613e-006	-1.793853e-006	1.704209e-006	-1.476163e-008	7.709379e-006
8.308692739629560e-008	2.905438e-006	-1.772678e-006	1.695270e-006	-1.467705e-008	7.705480e-006
8.312964168200992e-008	2.884175e-006	-1.751441e-006	1.686382e-006	-1.459041e-008	7.701582e-006
8.313064168200993e-008	2.883681e-006	-1.750945e-006	1.686175e-006	-1.458836e-008	7.701490e-006
8.343064168201027e-008	2.737544e-006	-1.604562e-006	1.625110e-006	-1.392549e-008	7.674172e-006
8.373064168201061e-008	2.597046e-006	-1.463855e-006	1.566334e-006	-1.317390e-008	7.646947e-006
8.403064168201095e-008	2.462910e-006	-1.329532e-006	1.509735e-006	-1.234237e-008	7.619815e-006
8.405235596772525e-008	2.452821e-006	-1.319784e-006	1.505720e-006	-1.227928e-008	7.617853e-006
8.407407025343957e-008	2.443217e-006	-1.310263e-006	1.501716e-006	-1.221584e-008	7.615893e-006
8.409578453915387e-008	2.434097e-006	-1.300969e-006	1.497723e-006	-1.215204e-008	7.613935e-006
8.411749882486819e-008	2.425461e-006	-1.291901e-006	1.493740e-006	-1.208789e-008	7.611978e-006
8.413921311058250e-008	2.417310e-006	-1.283060e-006	1.489768e-006	-1.202338e-008	7.610022e-006
8.416092739629681e-008	2.409644e-006	-1.274446e-006	1.485807e-006	-1.195852e-008	7.608069e-006
8.418264168201112e-008	2.402462e-006	-1.266058e-006	1.481856e-006	-1.189330e-008	7.606116e-006
8.419792739629686e-008	2.399864e-006	-1.261168e-006	1.479082e-006	-1.184720e-008	7.604749e-006
8.421321311058258e-008	2.397672e-006	-1.257050e-006	1.476312e-006	-1.180108e-008	7.603380e-006
8.422849882486832e-008	2.395886e-006	-1.253705e-006	1.473548e-006	-1.175496e-008	7.602009e-006
8.424378453915404e-008	2.394505e-006	-1.251131e-006	1.470789e-006	-1.170882e-008	7.600638e-006
8.425907025343978e-008	2.393531e-006	-1.249329e-006	1.468035e-006	-1.166268e-008	7.599265e-006
8.427435596772550e-008	2.392963e-006	-1.248299e-006	1.465286e-006	-1.161652e-008	7.597891e-006
8.428964168201124e-008	2.392801e-006	-1.248041e-006	1.462543e-006	-1.157036e-008	7.596516e-006
8.429535596772553e-008	2.392430e-006	-1.248078e-006	1.461518e-006	-1.155316e-008	7.596000e-006
8.430107025343983e-008	2.392001e-006	-1.248150e-006	1.460494e-006	-1.153597e-008	7.595484e-006
8.430678453915411e-008	2.391515e-006	-1.248258e-006	1.459471e-006	-1.151879e-008	7.594967e-006
8.431249882486841e-008	2.390971e-006	-1.248401e-006	1.458449e-006	-1.150164e-008	7.594450e-006
8.431821311058270e-008	2.390369e-006	-1.248580e-006	1.457428e-006	-1.148450e-008	7.593933e-006
8.432392739629700e-008	2.389710e-006	-1.248795e-006	1.456407e-006	-1.146737e-008	7.593415e-006
8.432964168201129e-008	2.388993e-006	-1.249045e-006	1.455387e-006	-1.145026e-008	7.592897e-006
8.433064168201129e-008	2.388862e-006	-1.249084e-006	1.455208e-006	-1.144727e-008	7.592806e-006
