time	I(L21)	I(L22)	I(R2)	I(R10)	I(R30)
0.000000000000000e+000	-1.198860e-021	1.511510e-021	-6.776264e-021	-1.354914e-020	-1.553105e-021
2.823107199787331e-010	3.227117e-019	-3.242606e-018	1.497746e-018	-9.165969e-022	1.626677e-018
5.823107199787321e-010	3.047854e-018	-1.426931e-018	1.691826e-018	-5.489752e-021	1.844591e-018
8.823107199787310e-010	3.097252e-018	-1.526640e-018	1.885978e-018	-5.624247e-021	1.990366e-018
1.000000000000000e-009	4.758990e-018	1.530976e-019	1.988356e-018	-1.801275e-019	1.999937e-018
1.179500000000018e-009	3.665697e-018	-8.942139e-019	2.058297e-018	-4.424252e-021	2.283463e-018
1.479500000000048e-009	3.390928e-018	-1.018928e-018	2.207431e-018	1.407666e-020	2.368932e-018
1.779500000000078e-009	2.768312e-018	-1.525212e-018	2.359416e-018	1.849827e-020	2.597983e-018
2.079500000000063e-009	2.936621e-018	-1.203342e-018	2.518709e-018	1.406519e-020	2.813405e-018
2.379500000000031e-009	3.103755e-018	-9.039755e-019	2.654152e-018	3.886268e-020	3.013617e-018
2.679499999999999e-009	3.562200e-018	-2.930875e-019	2.818648e-018	6.386491e-020	3.157697e-018
2.979499999999967e-009	3.883991e-018	2.100107e-019	2.967128e-018	4.986047e-020	3.336471e-018
3.279499999999935e-009	3.008364e-018	-5.383488e-019	3.044885e-018	-3.473971e-020	3.456430e-018
3.579499999999903e-009	3.103641e-018	-3.411014e-019	3.153434e-018	-5.463851e-020	3.616746e-018
3.879499999999935e-009	3.189010e-018	-1.865036e-019	3.256371e-018	-6.208992e-020	3.737928e-018
3.892071428571376e-009	3.101667e-018	-2.680853e-019	3.267764e-018	-6.200603e-020	3.735970e-018
3.904642857142817e-009	3.009503e-018	-3.545692e-019	3.276448e-018	-6.315928e-020	3.736412e-018
3.917214285714258e-009	2.912519e-018	-4.459552e-019	3.282422e-018	-6.554965e-020	3.739254e-018
3.929785714285698e-009	2.810714e-018	-5.422435e-019	3.285687e-018	-6.917716e-020	3.744496e-018
3.942357142857139e-009	2.704089e-018	-6.434340e-019	3.286243e-018	-7.404180e-020	3.752139e-018
3.954928571428580e-009	2.592644e-018	-7.495266e-019	3.284089e-018	-8.014358e-020	3.762181e-018
3.967500000000021e-009	2.476378e-018	-8.605215e-019	3.279226e-018	-8.748248e-020	3.774623e-018
3.982071428571436e-009	2.642541e-018	-6.893231e-019	3.291725e-018	-8.727553e-020	3.775734e-018
3.996642857142852e-009	2.775759e-018	-5.509301e-019	3.300803e-018	-8.607816e-020	3.776338e-018
4.011214285714267e-009	2.876030e-018	-4.453425e-019	3.306459e-018	-8.389038e-020	3.776436e-018
4.025785714285682e-009	2.943354e-018	-3.725601e-019	3.308692e-018	-8.071218e-020	3.776029e-018
4.040357142857098e-009	2.977733e-018	-3.325830e-019	3.307504e-018	-7.654356e-020	3.775115e-018
4.054928571428513e-009	2.979165e-018	-3.254113e-019	3.302893e-018	-7.138453e-020	3.773694e-018
4.069499999999929e-009	2.947652e-018	-3.510449e-019	3.294860e-018	-6.523508e-020	3.771768e-018
4.173499999999961e-009	2.749034e-018	-5.020129e-019	3.341281e-018	-5.481373e-020	3.822691e-018
4.473500000000053e-009	3.342828e-018	1.006160e-019	3.353302e-018	-1.012567e-019	3.836569e-018
4.773500000000145e-009	2.637444e-018	-5.854339e-019	3.382784e-018	-1.321439e-019	3.993363e-018
5.073500000000237e-009	8.323721e-019	-3.788144e-018	4.842729e-018	-1.612294e-019	5.584453e-018
5.373500000000329e-009	3.334578e-018	-3.754306e-018	5.578391e-018	-1.708378e-019	6.335479e-018
5.673500000000421e-009	5.337988e-018	-2.229513e-018	5.366156e-018	-1.895558e-019	6.127624e-018
5.973500000000513e-009	3.948389e-018	-3.722538e-018	6.319017e-018	-2.245236e-019	7.159274e-018
5.998500000000521e-009	3.258145e-018	-4.419756e-018	6.177421e-018	-1.854999e-019	7.052473e-018
5.999500000000521e-009	5.601631e-018	-2.045252e-018	7.016071e-017	5.471543e-017	5.390318e-018
6.000500000000522e-009	1.065716e-017	3.061454e-018	4.886729e-016	4.111824e-016	3.675430e-018
6.001500000000522e-009	1.238726e-017	4.787003e-018	1.745038e-015	1.493151e-015	4.430374e-018
6.003928571429094e-009	8.456053e-018	9.912648e-019	9.779288e-015	8.551765e-015	5.096008e-018
6.006357142857667e-009	8.196875e-018	1.991905e-019	2.617500e-014	2.336757e-014	5.692473e-018
6.008785714286239e-009	1.160973e-017	2.410780e-018	5.093217e-014	4.594058e-014	6.219770e-018
6.011214285714811e-009	1.869462e-017	7.626033e-018	8.405081e-014	7.627077e-014	6.677899e-018
6.013642857143383e-009	2.945155e-017	1.584495e-017	1.255309e-013	1.143582e-013	7.066860e-018
6.016071428571955e-009	4.388051e-017	2.706753e-017	1.753725e-013	1.602028e-013	7.386653e-018
6.018500000000527e-009	6.198151e-017	4.129378e-017	2.335755e-013	2.138045e-013	7.637278e-018
6.054785714286253e-009	-1.798977e-015	-1.947832e-015	2.347129e-012	2.147947e-012	-1.123870e-017
6.091071428571978e-009	3.318261e-015	2.286457e-015	5.888296e-012	5.457706e-012	2.884500e-017
6.127357142857704e-009	1.541370e-014	1.274416e-014	1.085708e-011	1.014308e-011	1.278884e-016
6.163642857143429e-009	3.448733e-014	2.942528e-014	1.725347e-011	1.620407e-011	2.858914e-016
6.199928571429154e-009	6.053915e-014	5.232981e-014	2.507748e-011	2.364068e-011	5.028542e-016
6.236214285714880e-009	9.356918e-014	8.145776e-014	3.432910e-011	3.245291e-011	7.787766e-016
6.272500000000605e-009	1.335774e-013	1.168091e-013	4.500834e-011	4.264075e-011	1.113659e-015
6.273500000000605e-009	1.348883e-013	1.179833e-013	4.531149e-011	4.293149e-011	1.125593e-015
6.316214285714904e-009	1.978595e-013	1.742965e-013	5.924649e-011	5.631176e-011	1.656549e-015
6.358928571429203e-009	2.753575e-013	2.449347e-013	7.434319e-011	7.090230e-011	2.327131e-015
6.401642857143502e-009	3.673822e-013	3.298980e-013	9.060160e-011	8.670311e-011	3.137337e-015
6.444357142857801e-009	4.739338e-013	4.291863e-013	1.080217e-010	1.037142e-010	4.087168e-015
6.487071428572100e-009	5.950120e-013	5.427997e-013	1.266035e-010	1.219355e-010	5.176624e-015
6.529785714286398e-009	7.306171e-013	6.707381e-013	1.463470e-010	1.413672e-010	6.405705e-015
6.572500000000697e-009	8.807489e-013	8.130016e-013	1.672523e-010	1.620090e-010	7.774411e-015
6.573500000000697e-009	8.844313e-013	8.165123e-013	1.677478e-010	1.624999e-010	7.808202e-015
6.873500000000789e-009	2.313436e-012	2.206656e-012	3.356658e-010	3.311327e-010	2.151219e-014
6.900000418282007e-009	2.468217e-012	2.359587e-012	3.520929e-010	3.478400e-010	2.305250e-014
7.144713296168485e-009	4.081294e-012	3.970141e-012	5.136038e-010	5.136551e-010	3.960821e-014
7.444713296168577e-009	6.433502e-012	6.355721e-012	7.321836e-010	7.416082e-010	6.525055e-014
7.744713296168425e-009	9.095506e-012	9.088908e-012	9.697221e-010	9.926994e-010	9.614954e-014
7.766713296168414e-009	9.300593e-012	9.300596e-012	9.878198e-010	1.011945e-009	9.860882e-014
7.767713296168413e-009	9.309943e-012	9.310250e-012	9.886446e-010	1.012823e-009	9.872033e-014
7.767993970497466e-009	9.312568e-012	9.312962e-012	9.888761e-010	1.013069e-009	9.875162e-014
7.768226161086757e-009	9.314741e-012	9.315205e-012	9.890676e-010	1.013273e-009	9.877749e-014
7.768883066583282e-009	9.320890e-012	9.321553e-012	9.896113e-010	1.013851e-009	9.885038e-014
7.770551613840093e-009	9.336500e-012	9.337673e-012	9.910300e-010	1.015352e-009	9.904020e-014
7.771551613840093e-009	9.345864e-012	9.347342e-012	9.919209e-010	1.016287e-009	9.915202e-014
7.772551613840092e-009	9.355239e-012	9.357019e-012	9.928591e-010	1.017265e-009	9.926378e-014
7.773551613840092e-009	9.364620e-012	9.366702e-012	9.938583e-010	1.018298e-009	9.937723e-014
7.775551613840091e-009	9.383418e-012	9.386097e-012	9.960942e-010	1.020579e-009	9.960323e-014
7.777551613840089e-009	9.402298e-012	9.405558e-012	9.987384e-010	1.023233e-009	9.982953e-014
7.779551613840088e-009	9.421288e-012	9.425107e-012	1.001901e-009	1.026361e-009	1.000573e-013
7.781551613840087e-009	9.440441e-012	9.444787e-012	1.005692e-009	1.030066e-009	1.002859e-013
7.783551613840086e-009	9.459804e-012	9.464631e-012	1.010221e-009	1.034449e-009	1.005167e-013
7.785551613840085e-009	9.479448e-012	9.484701e-012	1.015596e-009	1.039612e-009	1.007492e-013
7.787551613840084e-009	9.499429e-012	9.505041e-012	1.021926e-009	1.045656e-009	1.009850e-013
7.789551613840083e-009	9.519838e-012	9.525724e-012	1.029318e-009	1.052680e-009	1.012237e-013
7.792551613840082e-009	9.551426e-012	9.557531e-012	1.042633e-009	1.065274e-009	1.015890e-013
7.795551613840080e-009	9.584473e-012	9.590512e-012	1.058935e-009	1.080633e-009	1.019674e-013
7.798551613840079e-009	9.619341e-012	9.624966e-012	1.078581e-009	1.099087e-009	1.023600e-013
7.801551613840077e-009	9.656421e-012	9.661211e-012	1.101919e-009	1.120964e-009	1.027683e-013
7.806408756697218e-009	9.715845e-012	9.719247e-012	1.145178e-009	1.161416e-009	1.034255e-013
7.811265899554358e-009	9.790447e-012	9.789774e-012	1.203743e-009	1.216125e-009	1.042025e-013
7.816123042411499e-009	9.880227e-012	9.872792e-012	1.277614e-009	1.285091e-009	1.050994e-013
7.820980185268638e-009	9.985184e-012	9.968300e-012	1.366790e-009	1.368314e-009	1.061162e-013
7.825837328125778e-009	1.010532e-011	1.007630e-011	1.471271e-009	1.465794e-009	1.072528e-013
7.830694470982919e-009	1.024063e-011	1.019679e-011	1.591057e-009	1.577531e-009	1.085093e-013
7.835551613840059e-009	1.039112e-011	1.032977e-011	1.726150e-009	1.703524e-009	1.098857e-013
7.840694470982914e-009	1.057507e-011	1.049074e-011	1.891909e-009	1.858119e-009	1.115362e-013
7.845837328125768e-009	1.080164e-011	1.068752e-011	2.082187e-009	2.035734e-009	1.135282e-013
7.850980185268622e-009	1.107085e-011	1.092013e-011	2.296984e-009	2.236369e-009	1.158617e-013
7.856123042411478e-009	1.138269e-011	1.118856e-011	2.536300e-009	2.460026e-009	1.185367e-013
7.861265899554332e-009	1.173716e-011	1.149280e-011	2.800135e-009	2.706704e-009	1.215531e-013
7.866408756697186e-009	1.213426e-011	1.183287e-011	3.088488e-009	2.976402e-009	1.249110e-013
7.871551613840041e-009	1.257399e-011	1.220876e-011	3.401361e-009	3.269121e-009	1.286104e-013
7.873551613840040e-009	1.276429e-011	1.237138e-011	3.530430e-009	3.389964e-009	1.302051e-013
7.875551613840038e-009	1.296348e-011	1.254156e-011	3.663372e-009	3.514462e-009	1.318720e-013
7.882837328125749e-009	1.374481e-011	1.320709e-011	4.185901e-009	4.003796e-009	1.383797e-013
7.890123042411460e-009	1.468268e-011	1.400809e-011	4.753583e-009	4.536277e-009	1.461716e-013
7.897408756697170e-009	1.577708e-011	1.494456e-011	5.366417e-009	5.111904e-009	1.552476e-013
7.904694470982880e-009	1.702802e-011	1.601650e-011	6.024405e-009	5.730678e-009	1.656077e-013
7.911980185268590e-009	1.843550e-011	1.722391e-011	6.727544e-009	6.392600e-009	1.772520e-013
7.919265899554302e-009	1.999951e-011	1.856679e-011	7.475837e-009	7.097667e-009	1.901803e-013
7.926551613840012e-009	2.172006e-011	2.004514e-011	8.269282e-009	7.845882e-009	2.043928e-013
7.935265899554294e-009	2.403625e-011	2.203790e-011	9.269565e-009	8.790544e-009	2.235158e-013
7.943980185268574e-009	2.663171e-011	2.428270e-011	1.030053e-008	9.766209e-009	2.450153e-013
7.952694470982855e-009	2.950645e-011	2.677954e-011	1.136217e-008	1.077288e-008	2.688915e-013
7.961408756697137e-009	3.266046e-011	2.952842e-011	1.245448e-008	1.181055e-008	2.951443e-013
7.970123042411419e-009	3.609375e-011	3.252933e-011	1.357748e-008	1.287922e-008	3.237737e-013
7.978837328125699e-009	3.980632e-011	3.578228e-011	1.473115e-008	1.397890e-008	3.547797e-013
7.987551613839980e-009	4.379816e-011	3.928726e-011	1.591551e-008	1.510958e-008	3.881623e-013
7.991123042411408e-009	4.551724e-011	4.080214e-011	1.640053e-008	1.557346e-008	4.025803e-013
7.994694470982833e-009	4.728220e-011	4.236005e-011	1.688701e-008	1.603914e-008	4.174031e-013
7.998265899554261e-009	4.909304e-011	4.396099e-011	1.737495e-008	1.650662e-008	4.326307e-013
8.001837328125687e-009	5.094975e-011	4.560497e-011	1.786434e-008	1.697590e-008	4.482631e-013
8.005408756697114e-009	5.285234e-011	4.729197e-011	1.835519e-008	1.744698e-008	4.643003e-013
8.008980185268540e-009	5.480080e-011	4.902202e-011	1.884750e-008	1.791986e-008	4.807423e-013
8.012551613839967e-009	5.679514e-011	5.079509e-011	1.934126e-008	1.839455e-008	4.975891e-013
8.013551613839967e-009	5.736134e-011	5.129903e-011	1.947949e-008	1.852751e-008	5.023774e-013
8.014551613839966e-009	5.793101e-011	5.180630e-011	1.961775e-008	1.866055e-008	5.071971e-013
8.016551613839965e-009	5.908080e-011	5.283075e-011	1.989440e-008	1.892683e-008	5.169264e-013
8.017980185268535e-009	5.991063e-011	5.357063e-011	2.009212e-008	1.911723e-008	5.239538e-013
8.019408756697107e-009	6.074741e-011	5.431718e-011	2.028981e-008	1.930767e-008	5.310440e-013
8.020837328125677e-009	6.159113e-011	5.507039e-011	2.048747e-008	1.949815e-008	5.381967e-013
8.022265899554248e-009	6.244181e-011	5.583026e-011	2.068509e-008	1.968868e-008	5.454122e-013
8.023694470982818e-009	6.329943e-011	5.659679e-011	2.088268e-008	1.987924e-008	5.526903e-013
8.025123042411390e-009	6.416400e-011	5.736998e-011	2.108024e-008	2.006984e-008	5.600311e-013
8.026551613839960e-009	6.503551e-011	5.814983e-011	2.127777e-008	2.026049e-008	5.674346e-013
8.027551613839959e-009	6.564908e-011	5.869914e-011	2.141595e-008	2.039390e-008	5.726483e-013
8.027961130867193e-009	6.590122e-011	5.892492e-011	2.147252e-008	2.044852e-008	5.747911e-013
8.027996430547019e-009	6.592299e-011	5.894442e-011	2.147739e-008	2.045323e-008	5.749763e-013
8.028031730226843e-009	6.594477e-011	5.896393e-011	2.148227e-008	2.045794e-008	5.751616e-013
8.028067029906669e-009	6.596656e-011	5.898344e-011	2.148715e-008	2.046265e-008	5.753469e-013
8.028102329586496e-009	6.598835e-011	5.900296e-011	2.149202e-008	2.046736e-008	5.755322e-013
8.028137629266322e-009	6.601015e-011	5.902248e-011	2.149690e-008	2.047207e-008	5.757175e-013
8.028172928946146e-009	6.603195e-011	5.904202e-011	2.150177e-008	2.047677e-008	5.759028e-013
8.028208228625973e-009	6.605377e-011	5.906155e-011	2.150665e-008	2.048148e-008	5.760881e-013
8.028215051389947e-009	6.605799e-011	5.906533e-011	2.150759e-008	2.048239e-008	5.761234e-013
8.030976292198749e-009	6.777793e-011	6.060676e-011	2.188874e-008	2.085066e-008	5.907537e-013
8.033737533007551e-009	6.952219e-011	6.217195e-011	2.226935e-008	2.121867e-008	6.056076e-013
8.036498773816352e-009	7.129077e-011	6.376089e-011	2.264941e-008	2.158642e-008	6.206851e-013
8.039260014625154e-009	7.308366e-011	6.537359e-011	2.302893e-008	2.195392e-008	6.359862e-013
8.042021255433956e-009	7.490088e-011	6.701004e-011	2.340790e-008	2.232117e-008	6.515108e-013
8.044782496242758e-009	7.674241e-011	6.867025e-011	2.378633e-008	2.268816e-008	6.672590e-013
8.047543737051559e-009	7.860827e-011	7.035422e-011	2.416421e-008	2.305489e-008	6.832308e-013
8.052686594194413e-009	8.214905e-011	7.355477e-011	2.486651e-008	2.373723e-008	7.135819e-013
8.057829451337268e-009	8.576522e-011	7.683133e-011	2.556621e-008	2.441798e-008	7.446506e-013
8.062972308480122e-009	8.945677e-011	8.018390e-011	2.626329e-008	2.509713e-008	7.764369e-013
8.068115165622978e-009	9.322371e-011	8.361247e-011	2.695776e-008	2.577469e-008	8.089409e-013
8.073258022765832e-009	9.706604e-011	8.711705e-011	2.764963e-008	2.645066e-008	8.421625e-013
8.078400879908686e-009	1.009838e-010	9.069763e-011	2.833888e-008	2.712503e-008	8.761017e-013
8.083543737051541e-009	1.049769e-010	9.435423e-011	2.902552e-008	2.779781e-008	9.107586e-013
8.089543737051537e-009	1.097247e-010	9.871201e-011	2.982280e-008	2.858021e-008	9.520590e-013
8.095543737051534e-009	1.145579e-010	1.031600e-010	3.061554e-008	2.935943e-008	9.942181e-013
8.101543737051531e-009	1.194765e-010	1.076982e-010	3.140375e-008	3.013547e-008	1.037236e-012
8.107543737051528e-009	1.244806e-010	1.123265e-010	3.218743e-008	3.090834e-008	1.081112e-012
8.113543737051525e-009	1.295700e-010	1.170451e-010	3.296658e-008	3.167802e-008	1.125848e-012
8.119543737051522e-009	1.347449e-010	1.218539e-010	3.374119e-008	3.244452e-008	1.171441e-012
8.125543737051519e-009	1.400052e-010	1.267528e-010	3.451128e-008	3.320785e-008	1.217894e-012
8.130686594194373e-009	1.445733e-010	1.310169e-010	3.516732e-008	3.385915e-008	1.258333e-012
8.135829451337227e-009	1.491923e-010	1.353374e-010	3.581957e-008	3.450762e-008	1.299319e-012
8.140972308480081e-009	1.538622e-010	1.397144e-010	3.646804e-008	3.515325e-008	1.340849e-012
8.146115165622937e-009	1.585829e-010	1.441480e-010	3.711273e-008	3.579605e-008	1.382926e-012
8.151258022765791e-009	1.633546e-010	1.486381e-010	3.775363e-008	3.643601e-008	1.425548e-012
8.156400879908646e-009	1.681771e-010	1.531846e-010	3.839076e-008	3.707313e-008	1.468716e-012
8.161543737051500e-009	1.730504e-010	1.577877e-010	3.902409e-008	3.770742e-008	1.512429e-012
8.162543737051499e-009	1.740027e-010	1.586882e-010	3.914676e-008	3.783038e-008	1.520984e-012
8.163543737051499e-009	1.749566e-010	1.595907e-010	3.926928e-008	3.795322e-008	1.529556e-012
8.164543737051498e-009	1.759123e-010	1.604951e-010	3.939165e-008	3.807594e-008	1.538147e-012
8.166686594194354e-009	1.779661e-010	1.624399e-010	3.965343e-008	3.833861e-008	1.556625e-012
8.168829451337210e-009	1.800273e-010	1.643933e-010	3.991434e-008	3.860057e-008	1.575186e-012
8.170972308480066e-009	1.820958e-010	1.663552e-010	4.017437e-008	3.886183e-008	1.593831e-012
8.173115165622923e-009	1.841718e-010	1.683257e-010	4.043353e-008	3.912238e-008	1.612560e-012
8.175258022765779e-009	1.862551e-010	1.703048e-010	4.069181e-008	3.938222e-008	1.631374e-012
8.177400879908635e-009	1.883459e-010	1.722925e-010	4.094921e-008	3.964136e-008	1.650271e-012
8.179543737051491e-009	1.904440e-010	1.742887e-010	4.120574e-008	3.989979e-008	1.669252e-012
8.183543737051488e-009	1.943785e-010	1.780363e-010	4.168162e-008	4.037971e-008	1.704894e-012
8.184543737051488e-009	1.953655e-010	1.789772e-010	4.180005e-008	4.049924e-008	1.713843e-012
8.184743885766531e-009	1.955632e-010	1.791658e-010	4.182372e-008	4.052314e-008	1.715637e-012
8.184939292449455e-009	1.957564e-010	1.793500e-010	4.184682e-008	4.054646e-008	1.717389e-012
8.184973960791997e-009	1.957906e-010	1.793827e-010	4.185092e-008	4.055060e-008	1.717701e-012
8.184976343032023e-009	1.957930e-010	1.793849e-010	4.185120e-008	4.055088e-008	1.717722e-012
8.184980529825937e-009	1.957971e-010	1.793889e-010	4.185169e-008	4.055138e-008	1.717758e-012
8.184985779915245e-009	1.958023e-010	1.793938e-010	4.185231e-008	4.055201e-008	1.717806e-012
8.184992873092413e-009	1.958093e-010	1.794005e-010	4.185315e-008	4.055286e-008	1.717870e-012
8.185000768600937e-009	1.958171e-010	1.794079e-010	4.185408e-008	4.055380e-008	1.717940e-012
8.185009349196868e-009	1.958256e-010	1.794160e-010	4.185510e-008	4.055482e-008	1.718017e-012
8.185019143689140e-009	1.958353e-010	1.794253e-010	4.185625e-008	4.055599e-008	1.718105e-012
8.185030610373513e-009	1.958466e-010	1.794361e-010	4.185761e-008	4.055736e-008	1.718208e-012
8.185061329783179e-009	1.958770e-010	1.794651e-010	4.186124e-008	4.056102e-008	1.718483e-012
8.188372003419330e-009	1.991597e-010	1.825977e-010	4.225094e-008	4.095475e-008	1.748289e-012
8.191682677055480e-009	2.024565e-010	1.857478e-010	4.263805e-008	4.134629e-008	1.778268e-012
8.194993350691631e-009	2.057675e-010	1.889152e-010	4.302258e-008	4.173564e-008	1.808420e-012
8.198304024327780e-009	2.090926e-010	1.921000e-010	4.340451e-008	4.212281e-008	1.838746e-012
8.201614697963931e-009	2.124319e-010	1.953021e-010	4.378385e-008	4.250779e-008	1.869245e-012
8.204925371600081e-009	2.157854e-010	1.985217e-010	4.416060e-008	4.289058e-008	1.899917e-012
8.208236045236232e-009	2.191529e-010	2.017585e-010	4.453476e-008	4.327118e-008	1.930763e-012
8.220378902379083e-009	2.316497e-010	2.138037e-010	4.588354e-008	4.464737e-008	2.045592e-012
8.232521759521933e-009	2.442504e-010	2.260020e-010	4.720152e-008	4.599716e-008	2.162067e-012
8.244664616664784e-009	2.569549e-010	2.383534e-010	4.848871e-008	4.732054e-008	2.280187e-012
8.256807473807636e-009	2.697633e-010	2.508579e-010	4.974510e-008	4.861752e-008	2.399953e-012
8.268950330950487e-009	2.826755e-010	2.635155e-010	5.097069e-008	4.988810e-008	2.521363e-012
8.281093188093337e-009	2.956916e-010	2.763262e-010	5.216549e-008	5.113228e-008	2.644420e-012
8.293236045236188e-009	3.088115e-010	2.892901e-010	5.332949e-008	5.235005e-008	2.769121e-012
8.294236045236187e-009	3.098909e-010	2.903589e-010	5.342427e-008	5.244939e-008	2.779418e-012
8.322664616664743e-009	3.409638e-010	3.213098e-010	5.602099e-008	5.519011e-008	3.077828e-012
8.351093188093301e-009	3.718343e-010	3.522920e-010	5.849658e-008	5.782260e-008	3.378504e-012
8.379521759521857e-009	4.025024e-010	3.833054e-010	6.085102e-008	6.034684e-008	3.681446e-012
8.407950330950414e-009	4.329682e-010	4.143501e-010	6.308432e-008	6.276283e-008	3.986654e-012
8.436378902378970e-009	4.632315e-010	4.454260e-010	6.519647e-008	6.507059e-008	4.294127e-012
8.464807473807528e-009	4.932924e-010	4.765332e-010	6.718749e-008	6.727010e-008	4.603867e-012
8.493236045236084e-009	5.231510e-010	5.076717e-010	6.905736e-008	6.936136e-008	4.915872e-012
8.507521759521790e-009	5.378621e-010	5.230785e-010	6.996853e-008	7.038487e-008	5.071430e-012
8.521807473807498e-009	5.524273e-010	5.383757e-010	7.085816e-008	7.138821e-008	5.226582e-012
8.536093188093204e-009	5.668463e-010	5.535633e-010	7.172626e-008	7.237140e-008	5.381328e-012
8.550378902378911e-009	5.811192e-010	5.686412e-010	7.257283e-008	7.333442e-008	5.535668e-012
8.564664616664617e-009	5.952461e-010	5.836095e-010	7.339787e-008	7.427728e-008	5.689603e-012
8.578950330950325e-009	6.092269e-010	5.984681e-010	7.420137e-008	7.519999e-008	5.843132e-012
8.593236045236032e-009	6.230616e-010	6.132171e-010	7.498333e-008	7.610253e-008	5.996255e-012
8.594236045236031e-009	6.240232e-010	6.142434e-010	7.503746e-008	7.616512e-008	6.006942e-012
8.621950330950303e-009	6.503789e-010	6.424768e-010	7.649194e-008	7.785703e-008	6.302403e-012
8.649664616664573e-009	6.760745e-010	6.701158e-010	7.788816e-008	7.949192e-008	6.594704e-012
8.677378902378845e-009	7.011099e-010	6.971603e-010	7.922611e-008	8.106979e-008	6.883843e-012
8.705093188093116e-009	7.254853e-010	7.236104e-010	8.050580e-008	8.259064e-008	7.169822e-012
8.732807473807388e-009	7.492005e-010	7.494661e-010	8.172723e-008	8.405447e-008	7.452639e-012
8.760521759521658e-009	7.722557e-010	7.747273e-010	8.289040e-008	8.546128e-008	7.732296e-012
8.788236045235930e-009	7.946507e-010	7.993941e-010	8.399531e-008	8.681106e-008	8.008792e-012
8.789236045235930e-009	7.954457e-010	8.002707e-010	8.403537e-008	8.685915e-008	8.018685e-012
8.789516719564982e-009	7.956687e-010	8.005165e-010	8.404629e-008	8.687263e-008	8.021460e-012
8.789748920622189e-009	7.958529e-010	8.007200e-010	8.405139e-008	8.688378e-008	8.023755e-012
8.790405751026476e-009	7.963695e-010	8.012979e-010	8.400496e-008	8.691531e-008	8.030241e-012
8.791074237762120e-009	7.968874e-010	8.018889e-010	8.390007e-008	8.694744e-008	8.036823e-012
8.792074237762119e-009	7.976487e-010	8.027775e-010	8.368232e-008	8.699557e-008	8.046634e-012
8.793074237762119e-009	7.983915e-010	8.036721e-010	8.340168e-008	8.704385e-008	8.056395e-012
8.794074237762118e-009	7.991114e-010	8.045743e-010	8.306185e-008	8.709234e-008	8.066094e-012
8.795074237762118e-009	7.998059e-010	8.054848e-010	8.267281e-008	8.714109e-008	8.075724e-012
8.796074237762117e-009	8.004732e-010	8.064041e-010	8.224600e-008	8.719017e-008	8.085278e-012
8.797074237762117e-009	8.011122e-010	8.073323e-010	8.179454e-008	8.723962e-008	8.094753e-012
8.798074237762116e-009	8.017225e-010	8.082696e-010	8.133284e-008	8.728949e-008	8.104146e-012
8.799074237762116e-009	8.023048e-010	8.092153e-010	8.087633e-008	8.733983e-008	8.113458e-012
8.800074237762115e-009	8.028607e-010	8.101687e-010	8.044113e-008	8.739069e-008	8.122693e-012
8.802074237762114e-009	8.039038e-010	8.120943e-010	7.970074e-008	8.749406e-008	8.140951e-012
8.804074237762113e-009	8.048825e-010	8.140340e-010	7.924247e-008	8.759984e-008	8.158997e-012
8.806074237762112e-009	8.058411e-010	8.159710e-010	7.918905e-008	8.770818e-008	8.176945e-012
8.808074237762111e-009	8.068359e-010	8.178844e-010	7.964822e-008	8.781917e-008	8.194946e-012
8.810074237762110e-009	8.079332e-010	8.197504e-010	8.070842e-008	8.793286e-008	8.213178e-012
8.813074237762108e-009	8.099332e-010	8.224031e-010	8.356712e-008	8.810837e-008	8.241407e-012
8.816074237762107e-009	8.125962e-010	8.247977e-010	8.806499e-008	8.828964e-008	8.271357e-012
8.818074237762106e-009	8.148755e-010	8.262042e-010	9.200141e-008	8.841353e-008	8.292663e-012
8.819074237762105e-009	8.161968e-010	8.268403e-010	9.425067e-008	8.847635e-008	8.303806e-012
8.820074237762105e-009	8.176352e-010	8.274334e-010	9.666462e-008	8.853966e-008	8.315266e-012
8.820604486228197e-009	8.184576e-010	8.277261e-010	9.802594e-008	8.857347e-008	8.321505e-012
8.821257146981514e-009	8.195313e-010	8.280638e-010	9.978429e-008	8.861529e-008	8.329350e-012
8.821605307317524e-009	8.201308e-010	8.282344e-010	1.007529e-007	8.863770e-008	8.333609e-012
8.822055536179268e-009	8.209343e-010	8.284450e-010	1.020302e-007	8.866676e-008	8.339194e-012
8.822209860269806e-009	8.212157e-010	8.285150e-010	1.024711e-007	8.867674e-008	8.341126e-012
8.822255377045976e-009	8.212999e-010	8.285353e-010	1.026014e-007	8.867969e-008	8.341699e-012
8.822287738094351e-009	8.213600e-010	8.285496e-010	1.026940e-007	8.868179e-008	8.342107e-012
8.822298926499469e-009	8.213809e-010	8.285546e-010	1.027260e-007	8.868252e-008	8.342249e-012
8.822301995683419e-009	8.213866e-010	8.285559e-010	1.027348e-007	8.868272e-008	8.342289e-012
8.822302209074762e-009	8.213870e-010	8.285560e-010	1.027354e-007	8.868273e-008	8.342291e-012
8.822302420542040e-009	8.213874e-010	8.285561e-010	1.027360e-007	8.868275e-008	8.342293e-012
8.822302711562283e-009	8.213880e-010	8.285562e-010	1.027368e-007	8.868276e-008	8.342296e-012
8.822303293602767e-009	8.213890e-010	8.285564e-010	1.027385e-007	8.868280e-008	8.342303e-012
8.822304220803581e-009	8.213908e-010	8.285568e-010	1.027411e-007	8.868286e-008	8.342315e-012
8.822305133209359e-009	8.213925e-010	8.285573e-010	1.027437e-007	8.868292e-008	8.342326e-012
8.822306298897194e-009	8.213946e-010	8.285578e-010	1.027471e-007	8.868300e-008	8.342342e-012
8.822307587033664e-009	8.213971e-010	8.285583e-010	1.027508e-007	8.868308e-008	8.342358e-012
8.822309434794875e-009	8.214005e-010	8.285592e-010	1.027560e-007	8.868320e-008	8.342381e-012
8.822311744910578e-009	8.214048e-010	8.285602e-010	1.027626e-007	8.868335e-008	8.342411e-012
8.823807514122891e-009	8.243634e-010	8.291572e-010	1.071315e-007	8.878091e-008	8.361768e-012
8.825303283335206e-009	8.277096e-010	8.296202e-010	1.116649e-007	8.887984e-008	8.382221e-012
8.826799052547519e-009	8.314435e-010	8.299491e-010	1.163630e-007	8.898014e-008	8.403771e-012
8.828294821759832e-009	8.355651e-010	8.301439e-010	1.212256e-007	8.908180e-008	8.426417e-012
8.829790590972146e-009	8.400745e-010	8.302046e-010	1.262529e-007	8.918483e-008	8.450160e-012
8.831286360184460e-009	8.449715e-010	8.301311e-010	1.314448e-007	8.928923e-008	8.475000e-012
8.832782129396774e-009	8.502562e-010	8.299236e-010	1.368013e-007	8.939499e-008	8.500936e-012
8.834496415111059e-009	8.568454e-010	8.295037e-010	1.431342e-007	8.951813e-008	8.532179e-012
8.836210700825343e-009	8.640498e-010	8.288781e-010	1.496622e-007	8.964340e-008	8.565199e-012
8.837924986539628e-009	8.718695e-010	8.280467e-010	1.563854e-007	8.977081e-008	8.599998e-012
8.839639272253913e-009	8.803045e-010	8.270097e-010	1.633039e-007	8.990035e-008	8.636575e-012
8.841353557968198e-009	8.893547e-010	8.257669e-010	1.704175e-007	9.003203e-008	8.674931e-012
8.843067843682482e-009	8.990202e-010	8.243185e-010	1.777263e-007	9.016585e-008	8.715064e-012
8.844782129396767e-009	9.093010e-010	8.226644e-010	1.852302e-007	9.030181e-008	8.756976e-012
8.845782129396767e-009	9.155828e-010	8.216071e-010	1.896821e-007	9.038204e-008	8.782262e-012
8.846062803497916e-009	9.173842e-010	8.212978e-010	1.909417e-007	9.040470e-008	8.789471e-012
8.846182979297119e-009	9.181657e-010	8.211619e-010	1.914845e-007	9.041443e-008	8.792587e-012
8.846428400344034e-009	9.197751e-010	8.208799e-010	1.926095e-007	9.043435e-008	8.798990e-012
8.846868046379597e-009	9.227074e-010	8.203571e-010	1.947097e-007	9.047016e-008	8.810595e-012
8.847454241093682e-009	9.267114e-010	8.196273e-010	1.976539e-007	9.051814e-008	8.826335e-012
8.848454241093681e-009	9.337453e-010	8.183119e-010	2.029667e-007	9.060043e-008	8.853761e-012
8.849454241093681e-009	9.410470e-010	8.169041e-010	2.086455e-007	9.068323e-008	8.881944e-012
8.850454241093680e-009	9.486665e-010	8.153866e-010	2.147427e-007	9.076653e-008	8.911021e-012
8.851454241093680e-009	9.566263e-010	8.137516e-010	2.212696e-007	9.085028e-008	8.941060e-012
8.852454241093679e-009	9.649502e-010	8.119912e-010	2.282352e-007	9.093438e-008	8.972123e-012
8.853454241093679e-009	9.736616e-010	8.100973e-010	2.356449e-007	9.101876e-008	9.004281e-012
8.854454241093678e-009	9.827839e-010	8.080622e-010	2.435020e-007	9.110336e-008	9.037599e-012
8.855454241093678e-009	9.923409e-010	8.058778e-010	2.518071e-007	9.118809e-008	9.072146e-012
8.856454241093677e-009	1.002356e-009	8.035364e-010	2.605593e-007	9.127288e-008	9.107989e-012
8.857454241093676e-009	1.012852e-009	8.010305e-010	2.697556e-007	9.135765e-008	9.145195e-012
8.858454241093676e-009	1.023851e-009	7.983525e-010	2.793919e-007	9.144233e-008	9.183830e-012
8.859454241093675e-009	1.035377e-009	7.954953e-010	2.894622e-007	9.152686e-008	9.223960e-012
8.860454241093675e-009	1.047450e-009	7.924518e-010	2.999591e-007	9.161116e-008	9.265648e-012
8.861454241093674e-009	1.060092e-009	7.892153e-010	3.108734e-007	9.169518e-008	9.308957e-012
8.862454241093674e-009	1.073323e-009	7.857793e-010	3.221944e-007	9.177885e-008	9.353948e-012
8.863454241093673e-009	1.087162e-009	7.821376e-010	3.339092e-007	9.186213e-008	9.400680e-012
8.864454241093673e-009	1.101629e-009	7.782844e-010	3.460036e-007	9.194497e-008	9.449208e-012
8.865454241093672e-009	1.116741e-009	7.742145e-010	3.584618e-007	9.202732e-008	9.499586e-012
8.866454241093672e-009	1.132514e-009	7.699226e-010	3.712671e-007	9.210915e-008	9.551865e-012
8.867454241093671e-009	1.148965e-009	7.654043e-010	3.844021e-007	9.219043e-008	9.606095e-012
8.868454241093671e-009	1.166107e-009	7.606553e-010	3.978489e-007	9.227114e-008	9.662318e-012
8.869454241093670e-009	1.183953e-009	7.556717e-010	4.115899e-007	9.235125e-008	9.720579e-012
8.871454241093669e-009	1.221810e-009	7.449875e-010	4.398864e-007	9.250966e-008	9.843367e-012
8.874454241093668e-009	1.284159e-009	7.271255e-010	4.841352e-007	9.274269e-008	1.004373e-011
8.876454241093667e-009	1.329540e-009	7.139673e-010	5.146827e-007	9.289506e-008	1.018844e-011
8.878454241093666e-009	1.378041e-009	6.997923e-010	5.459714e-007	9.304514e-008	1.034230e-011
8.880454241093664e-009	1.429713e-009	6.845893e-010	5.779386e-007	9.319309e-008	1.050549e-011
8.882454241093663e-009	1.484600e-009	6.683490e-010	6.105382e-007	9.333905e-008	1.067816e-011
8.885454241093662e-009	1.573047e-009	6.420272e-010	6.605524e-007	9.355458e-008	1.095527e-011
8.888454241093660e-009	1.668940e-009	6.133322e-010	7.118408e-007	9.376648e-008	1.125453e-011
8.891454241093659e-009	1.772392e-009	5.822454e-010	7.643563e-007	9.397521e-008	1.157635e-011
8.892454241093658e-009	1.808421e-009	5.713972e-010	7.821044e-007	9.404439e-008	1.168826e-011
8.892734915422710e-009	1.818683e-009	5.683051e-010	7.871090e-007	9.406394e-008	1.172011e-011
8.892967111041137e-009	1.827256e-009	5.657211e-010	7.912620e-007	9.407999e-008	1.174672e-011
8.893623993731745e-009	1.851817e-009	5.583153e-010	8.030576e-007	9.413451e-008	1.182291e-011
8.894292525368494e-009	1.877247e-009	5.506453e-010	8.151279e-007	9.422986e-008	1.190178e-011
8.895292525368493e-009	1.915930e-009	5.389791e-010	8.332792e-007	9.445213e-008	1.202171e-011
8.896292525368493e-009	1.955401e-009	5.270817e-010	8.515472e-007	9.478376e-008	1.214408e-011
8.897292525368492e-009	1.995729e-009	5.149381e-010	8.699413e-007	9.524538e-008	1.226913e-011
8.898292525368492e-009	2.036917e-009	5.025559e-010	8.884598e-007	9.584782e-008	1.239689e-011
8.899292525368491e-009	2.078965e-009	4.899433e-010	9.071011e-007	9.660248e-008	1.252741e-011
8.900292525368490e-009	2.121871e-009	4.771089e-010	9.258633e-007	9.752192e-008	1.266071e-011
8.901292525368490e-009	2.165636e-009	4.640624e-010	9.447446e-007	9.861981e-008	1.279684e-011
8.902292525368489e-009	2.210258e-009	4.508144e-010	9.637427e-007	9.991089e-008	1.293584e-011
8.903292525368489e-009	2.255736e-009	4.373760e-010	9.828556e-007	1.014107e-007	1.307775e-011
8.904292525368488e-009	2.302067e-009	4.237597e-010	1.002081e-006	1.031352e-007	1.322261e-011
8.906292525368487e-009	2.397282e-009	3.960464e-010	1.040859e-006	1.073247e-007	1.352141e-011
8.908292525368486e-009	2.495878e-009	3.677907e-010	1.080056e-006	1.126103e-007	1.383264e-011
8.910292525368485e-009	2.597824e-009	3.391222e-010	1.119650e-006	1.191165e-007	1.415671e-011
8.912292525368484e-009	2.703082e-009	3.101832e-010	1.159616e-006	1.269551e-007	1.449410e-011
8.914292525368483e-009	2.811610e-009	2.811264e-010	1.199930e-006	1.362206e-007	1.484529e-011
8.916292525368482e-009	2.923359e-009	2.521128e-010	1.240565e-006	1.469882e-007	1.521076e-011
8.918292525368481e-009	3.038277e-009	2.233095e-010	1.281495e-006	1.593132e-007	1.559103e-011
8.920292525368480e-009	3.156308e-009	1.948874e-010	1.322693e-006	1.732312e-007	1.598660e-011
8.922292525368479e-009	3.277393e-009	1.670194e-010	1.364130e-006	1.887605e-007	1.639797e-011
8.923292525368478e-009	3.338977e-009	1.533232e-010	1.384924e-006	1.970849e-007	1.660926e-011
8.923831849641332e-009	3.372512e-009	1.460221e-010	1.396160e-006	2.017524e-007	1.672499e-011
8.924505531265113e-009	3.414656e-009	1.370674e-010	1.408412e-006	2.075484e-007	1.687142e-011
8.925146156265114e-009	3.454759e-009	1.287397e-010	1.416619e-006	2.127305e-007	1.701165e-011
8.925177406265113e-009	3.456721e-009	1.283333e-010	1.417090e-006	2.129874e-007	1.701851e-011
8.925239906265113e-009	3.460664e-009	1.275086e-010	1.418466e-006	2.135416e-007	1.703227e-011
8.925364906265113e-009	3.468572e-009	1.258570e-010	1.421432e-006	2.146856e-007	1.705988e-011
8.925614906265114e-009	3.484433e-009	1.225812e-010	1.427135e-006	2.170053e-007	1.711541e-011
8.926114906265114e-009	3.516324e-009	1.161145e-010	1.438030e-006	2.217359e-007	1.722757e-011
8.927114906265114e-009	3.580598e-009	1.033848e-010	1.459278e-006	2.314335e-007	1.745494e-011
8.928114906265113e-009	3.645500e-009	9.089606e-011	1.480378e-006	2.414050e-007	1.768611e-011
8.929114906265113e-009	3.711116e-009	7.868731e-011	1.501483e-006	2.516772e-007	1.792163e-011
8.931114906265112e-009	3.844465e-009	5.516932e-011	1.543779e-006	2.731050e-007	1.840592e-011
8.933114906265111e-009	3.980595e-009	3.295459e-011	1.586148e-006	2.956981e-007	1.890813e-011
8.936114906265109e-009	4.189876e-009	2.344906e-012	1.649774e-006	3.317519e-007	1.969573e-011
8.937400620550822e-009	4.281436e-009	-9.768536e-012	1.677067e-006	3.479973e-007	2.004590e-011
8.938686334836537e-009	4.374024e-009	-2.110547e-011	1.704340e-006	3.647099e-007	2.040402e-011
8.939972049122250e-009	4.467640e-009	-3.166589e-011	1.731595e-006	3.818896e-007	2.077009e-011
8.941257763407963e-009	4.562284e-009	-4.144981e-011	1.758832e-006	3.995366e-007	2.114410e-011
8.942543477693676e-009	4.657956e-009	-5.045722e-011	1.786050e-006	4.176508e-007	2.152607e-011
8.943829191979391e-009	4.754656e-009	-5.868812e-011	1.813249e-006	4.362321e-007	2.191598e-011
8.945114906265104e-009	4.852384e-009	-6.614251e-011	1.840429e-006	4.552806e-007	2.231384e-011
8.946114906265104e-009	4.928926e-009	-7.136686e-011	1.861536e-006	4.703630e-007	2.262816e-011
8.946395580580615e-009	4.950512e-009	-7.273750e-011	1.867455e-006	4.746460e-007	2.271726e-011
8.946625508618716e-009	4.968249e-009	-7.380747e-011	1.872301e-006	4.781853e-007	2.279072e-011
8.946949951728690e-009	4.993338e-009	-7.525742e-011	1.879137e-006	4.832284e-007	2.289491e-011
8.947285324340922e-009	5.019354e-009	-7.667030e-011	1.886199e-006	4.885111e-007	2.300335e-011
8.947956069565384e-009	5.071587e-009	-7.927854e-011	1.900311e-006	4.992439e-007	2.322207e-011
8.948956069565384e-009	5.149869e-009	-8.270763e-011	1.921324e-006	5.155920e-007	2.355198e-011
8.949956069565383e-009	5.228641e-009	-8.555821e-011	1.942305e-006	5.323710e-007	2.388661e-011
8.950956069565383e-009	5.307935e-009	-8.775555e-011	1.963248e-006	5.496315e-007	2.422643e-011
8.951956069565382e-009	5.387738e-009	-8.927321e-011	1.984150e-006	5.673853e-007	2.457149e-011
8.952956069565382e-009	5.468036e-009	-9.008433e-011	2.005008e-006	5.856415e-007	2.492185e-011
8.953956069565381e-009	5.548816e-009	-9.016183e-011	2.025820e-006	6.044060e-007	2.527756e-011
8.954956069565381e-009	5.630063e-009	-8.947855e-011	2.046584e-006	6.236817e-007	2.563870e-011
8.955956069565380e-009	5.711764e-009	-8.800743e-011	2.067295e-006	6.434690e-007	2.600532e-011
8.956956069565380e-009	5.793904e-009	-8.572162e-011	2.087953e-006	6.637658e-007	2.637747e-011
8.957956069565379e-009	5.876471e-009	-8.259454e-011	2.108554e-006	6.845685e-007	2.675522e-011
8.958956069565379e-009	5.959449e-009	-7.860002e-011	2.129096e-006	7.058719e-007	2.713861e-011
8.959956069565378e-009	6.042826e-009	-7.371227e-011	2.149577e-006	7.276697e-007	2.752771e-011
8.960956069565378e-009	6.126588e-009	-6.790600e-011	2.169994e-006	7.499546e-007	2.792257e-011
8.961956069565377e-009	6.210721e-009	-6.115651e-011	2.190345e-006	7.727177e-007	2.832323e-011
8.962956069565377e-009	6.295211e-009	-5.343975e-011	2.210628e-006	7.959487e-007	2.872975e-011
8.963956069565376e-009	6.380048e-009	-4.473242e-011	2.230841e-006	8.196352e-007	2.914217e-011
8.964956069565375e-009	6.465216e-009	-3.501215e-011	2.250981e-006	8.437628e-007	2.956053e-011
8.965956069565375e-009	6.550704e-009	-2.425752e-011	2.271048e-006	8.683150e-007	2.998489e-011
8.966956069565374e-009	6.636500e-009	-1.244827e-011	2.291037e-006	8.932732e-007	3.041528e-011
8.967956069565374e-009	6.722592e-009	4.347058e-013	2.310949e-006	9.186175e-007	3.085172e-011
8.968956069565373e-009	6.808969e-009	1.440928e-011	2.330780e-006	9.443265e-007	3.129427e-011
8.969956069565373e-009	6.895620e-009	2.949206e-011	2.350529e-006	9.703787e-007	3.174293e-011
8.970956069565372e-009	6.982534e-009	4.569840e-011	2.370194e-006	9.967517e-007	3.219773e-011
8.971956069565372e-009	7.069701e-009	6.304243e-011	2.389774e-006	1.023424e-006	3.265870e-011
8.974956069565370e-009	7.332625e-009	1.220246e-010	2.447985e-006	1.105034e-006	3.407875e-011
8.976956069565369e-009	7.509002e-009	1.672433e-010	2.486336e-006	1.160581e-006	3.505649e-011
8.978956069565368e-009	7.686175e-009	2.172613e-010	2.524309e-006	1.216894e-006	3.605910e-011
8.980956069565367e-009	7.864079e-009	2.721348e-010	2.561894e-006	1.273868e-006	3.708657e-011
8.982956069565366e-009	8.042652e-009	3.319101e-010	2.599080e-006	1.331420e-006	3.813885e-011
8.984956069565365e-009	8.221835e-009	3.966258e-010	2.635859e-006	1.389480e-006	3.921587e-011
8.986956069565364e-009	8.401567e-009	4.663140e-010	2.672223e-006	1.447994e-006	4.031754e-011
8.989956069565362e-009	8.672076e-009	5.802260e-010	2.725975e-006	1.536509e-006	4.201603e-011
8.992956069565361e-009	8.943510e-009	7.054543e-010	2.778754e-006	1.625797e-006	4.376931e-011
8.995384640993930e-009	9.164005e-009	8.151755e-010	2.820766e-006	1.698738e-006	4.522934e-011
8.997813212422501e-009	9.384687e-009	9.323441e-010	2.862109e-006	1.771852e-006	4.672377e-011
9.000241783851071e-009	9.605557e-009	1.056960e-009	2.902782e-006	1.845138e-006	4.825261e-011
9.002670355279642e-009	9.826615e-009	1.189023e-009	2.942785e-006	1.918597e-006	4.981586e-011
9.005098926708211e-009	1.004786e-008	1.328533e-009	2.982119e-006	1.992227e-006	5.141353e-011
9.007527498136783e-009	1.026929e-008	1.475491e-009	3.020783e-006	2.066029e-006	5.304560e-011
9.009956069565352e-009	1.049091e-008	1.629896e-009	3.058778e-006	2.140004e-006	5.471208e-011
9.015098926708206e-009	1.096040e-008	1.983624e-009	3.136855e-006	2.297397e-006	5.836203e-011
9.020241783851061e-009	1.142798e-008	2.367157e-009	3.212026e-006	2.451939e-006	6.214059e-011
9.025384640993915e-009	1.189365e-008	2.780496e-009	3.284289e-006	2.603629e-006	6.604776e-011
9.030527498136771e-009	1.235741e-008	3.223639e-009	3.353647e-006	2.752468e-006	7.008353e-011
9.035670355279625e-009	1.281926e-008	3.696588e-009	3.420097e-006	2.898454e-006	7.424790e-011
9.040813212422479e-009	1.327920e-008	4.199341e-009	3.483641e-006	3.041590e-006	7.854087e-011
9.045956069565333e-009	1.373723e-008	4.731900e-009	3.544279e-006	3.181873e-006	8.296245e-011
9.054384640993900e-009	1.448027e-008	5.670983e-009	3.637146e-006	3.399455e-006	9.048149e-011
9.062813212422468e-009	1.521612e-008	6.652667e-009	3.724375e-006	3.603511e-006	9.818065e-011
9.071241783851034e-009	1.594480e-008	7.676951e-009	3.805965e-006	3.794044e-006	1.060599e-010
9.079670355279602e-009	1.666630e-008	8.743835e-009	3.881916e-006	3.971051e-006	1.141193e-010
9.088098926708168e-009	1.738061e-008	9.853320e-009	3.952228e-006	4.134535e-006	1.223588e-010
9.096527498136736e-009	1.808775e-008	1.100540e-008	4.016901e-006	4.284493e-006	1.307784e-010
9.104956069565303e-009	1.878772e-008	1.220009e-008	4.075936e-006	4.420927e-006	1.393781e-010
9.110331069565300e-009	1.923139e-008	1.296179e-008	4.112032e-006	4.502279e-006	1.448656e-010
9.110831069565301e-009	1.927253e-008	1.303303e-008	4.115294e-006	4.509592e-006	1.453778e-010
9.111956069565301e-009	1.936505e-008	1.319347e-008	4.122589e-006	4.525953e-006	1.465309e-010
9.112206069565301e-009	1.938559e-008	1.322917e-008	4.124189e-006	4.529554e-006	1.467874e-010
9.112706069565301e-009	1.942666e-008	1.330061e-008	4.127377e-006	4.536726e-006	1.473005e-010
9.114443137975333e-009	1.956916e-008	1.354922e-008	4.138375e-006	4.561353e-006	1.490850e-010
9.115443137975332e-009	1.965110e-008	1.369258e-008	4.144646e-006	4.575337e-006	1.501134e-010
9.116443137975332e-009	1.973295e-008	1.383614e-008	4.150863e-006	4.589171e-006	1.511427e-010
9.118443137975331e-009	1.989642e-008	1.412380e-008	4.163120e-006	4.616396e-006	1.532039e-010
9.121443137975329e-009	2.014102e-008	1.455650e-008	4.181114e-006	4.656146e-006	1.563013e-010
9.122099387975329e-009	2.019443e-008	1.465134e-008	4.184985e-006	4.664668e-006	1.569797e-010
9.122755637975329e-009	2.024781e-008	1.474623e-008	4.188834e-006	4.673133e-006	1.576584e-010
9.123411887975329e-009	2.030115e-008	1.484118e-008	4.192662e-006	4.681541e-006	1.583374e-010
9.124068137975327e-009	2.035446e-008	1.493617e-008	4.196467e-006	4.689891e-006	1.590166e-010
9.124724387975327e-009	2.040774e-008	1.503122e-008	4.200251e-006	4.698185e-006	1.596960e-010
9.125380637975327e-009	2.046099e-008	1.512632e-008	4.204012e-006	4.706422e-006	1.603757e-010
9.126036887975327e-009	2.051420e-008	1.522147e-008	4.207751e-006	4.714602e-006	1.610557e-010
9.126115012975328e-009	2.052054e-008	1.523280e-008	4.208195e-006	4.715571e-006	1.611367e-010
9.126193137975326e-009	2.052687e-008	1.524414e-008	4.208637e-006	4.716539e-006	1.612176e-010
9.126271262975327e-009	2.053320e-008	1.525547e-008	4.209078e-006	4.717505e-006	1.612986e-010
9.126349387975327e-009	2.053953e-008	1.526680e-008	4.209519e-006	4.718471e-006	1.613796e-010
9.126427512975328e-009	2.054586e-008	1.527814e-008	4.209958e-006	4.719436e-006	1.614606e-010
9.126505637975327e-009	2.055219e-008	1.528947e-008	4.210397e-006	4.720399e-006	1.615416e-010
9.126583762975327e-009	2.055851e-008	1.530081e-008	4.210835e-006	4.721362e-006	1.616226e-010
9.130604354140080e-009	2.088343e-008	1.588505e-008	4.231999e-006	4.769854e-006	1.657942e-010
9.133604354140078e-009	2.112474e-008	1.632193e-008	4.246164e-006	4.804712e-006	1.689104e-010
9.134604354140078e-009	2.120493e-008	1.646772e-008	4.250569e-006	4.816084e-006	1.699496e-010
9.135604354140077e-009	2.128498e-008	1.661359e-008	4.254789e-006	4.827334e-006	1.709890e-010
9.136604354140077e-009	2.136489e-008	1.675953e-008	4.258780e-006	4.838464e-006	1.720284e-010
9.137729354140076e-009	2.145464e-008	1.692378e-008	4.263024e-006	4.850871e-006	1.731978e-010
9.138274050051955e-009	2.149799e-008	1.700334e-008	4.264930e-006	4.856811e-006	1.737640e-010
9.138367457466620e-009	2.150542e-008	1.701699e-008	4.265249e-006	4.857826e-006	1.738611e-010
9.138443600329633e-009	2.151148e-008	1.702811e-008	4.265507e-006	4.858653e-006	1.739402e-010
9.138524772043429e-009	2.151793e-008	1.703997e-008	4.265780e-006	4.859534e-006	1.740246e-010
9.138653537944676e-009	2.152817e-008	1.705879e-008	4.266211e-006	4.860929e-006	1.741585e-010
9.139110274230606e-009	2.156445e-008	1.712553e-008	4.267712e-006	4.865860e-006	1.746332e-010
9.139498701996546e-009	2.159528e-008	1.718230e-008	4.268966e-006	4.870039e-006	1.750369e-010
9.139607181196079e-009	2.160389e-008	1.719816e-008	4.269312e-006	4.871205e-006	1.751497e-010
9.139647768385827e-009	2.160711e-008	1.720409e-008	4.269440e-006	4.871640e-006	1.751918e-010
9.139687826867681e-009	2.161028e-008	1.720995e-008	4.269565e-006	4.872069e-006	1.752335e-010
9.139702344349627e-009	2.161143e-008	1.721207e-008	4.269610e-006	4.872224e-006	1.752486e-010
9.139706952945059e-009	2.161180e-008	1.721274e-008	4.269624e-006	4.872274e-006	1.752534e-010
9.139707814533218e-009	2.161187e-008	1.721287e-008	4.269627e-006	4.872283e-006	1.752543e-010
9.139708144510920e-009	2.161189e-008	1.721292e-008	4.269628e-006	4.872286e-006	1.752546e-010
9.139708633567814e-009	2.161193e-008	1.721299e-008	4.269630e-006	4.872291e-006	1.752551e-010
9.139709148100769e-009	2.161197e-008	1.721306e-008	4.269631e-006	4.872297e-006	1.752556e-010
9.139709678819585e-009	2.161201e-008	1.721314e-008	4.269633e-006	4.872303e-006	1.752562e-010
9.139710251660771e-009	2.161206e-008	1.721323e-008	4.269635e-006	4.872309e-006	1.752568e-010
9.139710854637493e-009	2.161211e-008	1.721331e-008	4.269637e-006	4.872315e-006	1.752574e-010
9.139711571901614e-009	2.161216e-008	1.721342e-008	4.269639e-006	4.872323e-006	1.752582e-010
9.139712375369121e-009	2.161223e-008	1.721354e-008	4.269641e-006	4.872331e-006	1.752590e-010
9.139713348395167e-009	2.161230e-008	1.721368e-008	4.269644e-006	4.872342e-006	1.752600e-010
9.139714485290933e-009	2.161240e-008	1.721384e-008	4.269648e-006	4.872354e-006	1.752612e-010
9.139715931308043e-009	2.161251e-008	1.721406e-008	4.269652e-006	4.872370e-006	1.752627e-010
9.139717762419592e-009	2.161265e-008	1.721432e-008	4.269658e-006	4.872389e-006	1.752646e-010
9.139720334930671e-009	2.161286e-008	1.721470e-008	4.269666e-006	4.872417e-006	1.752673e-010
9.140252407058799e-009	2.165500e-008	1.729250e-008	4.271276e-006	4.878087e-006	1.758202e-010
9.140784479186930e-009	2.169709e-008	1.737031e-008	4.272833e-006	4.883728e-006	1.763731e-010
9.141316551315058e-009	2.173913e-008	1.744813e-008	4.274337e-006	4.889341e-006	1.769260e-010
9.141848623443187e-009	2.178111e-008	1.752597e-008	4.275789e-006	4.894924e-006	1.774788e-010
9.142380695571315e-009	2.182304e-008	1.760383e-008	4.277188e-006	4.900480e-006	1.780315e-010
9.142912767699446e-009	2.186492e-008	1.768170e-008	4.278534e-006	4.906006e-006	1.785842e-010
9.143444839827574e-009	2.190675e-008	1.775959e-008	4.279828e-006	4.911504e-006	1.791368e-010
9.143780493873399e-009	2.193311e-008	1.780873e-008	4.280620e-006	4.914960e-006	1.794853e-010
9.143885047039970e-009	2.194131e-008	1.782403e-008	4.280858e-006	4.916032e-006	1.795939e-010
9.144386548158369e-009	2.198060e-008	1.789748e-008	4.281960e-006	4.921151e-006	1.801146e-010
9.144888049276768e-009	2.201983e-008	1.797093e-008	4.283029e-006	4.926244e-006	1.806352e-010
9.145389550395167e-009	2.205901e-008	1.804439e-008	4.284064e-006	4.931309e-006	1.811556e-010
9.145891051513564e-009	2.209812e-008	1.811787e-008	4.285066e-006	4.936348e-006	1.816760e-010
9.146392552631963e-009	2.213718e-008	1.819135e-008	4.286034e-006	4.941360e-006	1.821962e-010
9.146894053750362e-009	2.217618e-008	1.826485e-008	4.286968e-006	4.946344e-006	1.827164e-010
9.147395554868761e-009	2.221512e-008	1.833835e-008	4.287869e-006	4.951302e-006	1.832365e-010
9.148395554868760e-009	2.229264e-008	1.848495e-008	4.289602e-006	4.961135e-006	1.842732e-010
9.148813580623852e-009	2.232498e-008	1.854623e-008	4.290290e-006	4.965218e-006	1.847064e-010
9.148938568754750e-009	2.233463e-008	1.856456e-008	4.290488e-006	4.966433e-006	1.848359e-010
9.149062814302294e-009	2.234423e-008	1.858278e-008	4.290680e-006	4.967639e-006	1.849647e-010
9.149079837964864e-009	2.234554e-008	1.858528e-008	4.290707e-006	4.967804e-006	1.849823e-010
9.149085813419559e-009	2.234600e-008	1.858615e-008	4.290716e-006	4.967862e-006	1.849885e-010
9.149090412829975e-009	2.234636e-008	1.858683e-008	4.290723e-006	4.967907e-006	1.849933e-010
9.149096619210748e-009	2.234684e-008	1.858774e-008	4.290733e-006	4.967967e-006	1.849997e-010
9.149103899165540e-009	2.234740e-008	1.858881e-008	4.290745e-006	4.968038e-006	1.850072e-010
9.149111027319799e-009	2.234795e-008	1.858985e-008	4.290755e-006	4.968106e-006	1.850146e-010
9.149117957428420e-009	2.234848e-008	1.859087e-008	4.290766e-006	4.968173e-006	1.850218e-010
9.149124760714620e-009	2.234901e-008	1.859186e-008	4.290777e-006	4.968239e-006	1.850289e-010
9.149131648985572e-009	2.234954e-008	1.859287e-008	4.290788e-006	4.968306e-006	1.850360e-010
9.149138528105085e-009	2.235007e-008	1.859388e-008	4.290798e-006	4.968373e-006	1.850431e-010
9.149145441593323e-009	2.235060e-008	1.859490e-008	4.290809e-006	4.968440e-006	1.850503e-010
9.149152320168937e-009	2.235114e-008	1.859591e-008	4.290820e-006	4.968506e-006	1.850574e-010
9.149159762896825e-009	2.235171e-008	1.859700e-008	4.290831e-006	4.968579e-006	1.850651e-010
9.149168433777466e-009	2.235238e-008	1.859827e-008	4.290845e-006	4.968663e-006	1.850741e-010
9.149178387599359e-009	2.235315e-008	1.859973e-008	4.290860e-006	4.968759e-006	1.850844e-010
9.149190135579547e-009	2.235405e-008	1.860145e-008	4.290879e-006	4.968873e-006	1.850966e-010
9.149221384840364e-009	2.235647e-008	1.860603e-008	4.290927e-006	4.969175e-006	1.851290e-010
9.152130640330084e-009	2.257974e-008	1.903306e-008	4.295464e-006	4.996833e-006	1.881413e-010
9.155039895819803e-009	2.280122e-008	1.945983e-008	4.299993e-006	5.023736e-006	1.911482e-010
9.157949151309522e-009	2.302090e-008	1.988635e-008	4.304514e-006	5.049885e-006	1.941496e-010
9.160858406799242e-009	2.323880e-008	2.031262e-008	4.309027e-006	5.075281e-006	1.971455e-010
9.163767662288962e-009	2.345491e-008	2.073863e-008	4.313532e-006	5.099922e-006	2.001359e-010
9.166676917778681e-009	2.366922e-008	2.116440e-008	4.318029e-006	5.123810e-006	2.031209e-010
9.169586173268400e-009	2.388174e-008	2.158991e-008	4.322519e-006	5.146943e-006	2.061005e-010
9.169836173268401e-009	2.389994e-008	2.162641e-008	4.322905e-006	5.148902e-006	2.063561e-010
9.170336173268401e-009	2.393629e-008	2.169941e-008	4.323676e-006	5.152798e-006	2.068673e-010
9.171083352185862e-009	2.399053e-008	2.180845e-008	4.324828e-006	5.158570e-006	2.076308e-010
9.171886656820507e-009	2.404874e-008	2.192563e-008	4.326067e-006	5.164718e-006	2.084512e-010
9.172730232741487e-009	2.410974e-008	2.204862e-008	4.327367e-006	5.171122e-006	2.093122e-010
9.173730232741486e-009	2.418189e-008	2.219433e-008	4.328907e-006	5.178654e-006	2.103320e-010
9.174855232741486e-009	2.426289e-008	2.235816e-008	4.330640e-006	5.187062e-006	2.114787e-010
9.175105232741486e-009	2.428085e-008	2.239454e-008	4.331024e-006	5.188908e-006	2.117333e-010
9.177139062118479e-009	2.442654e-008	2.269027e-008	4.334153e-006	5.203772e-006	2.138027e-010
9.179139062118478e-009	2.456914e-008	2.298064e-008	4.337228e-006	5.218100e-006	2.158345e-010
9.180139062118478e-009	2.464019e-008	2.312564e-008	4.338764e-006	5.225158e-006	2.168491e-010
9.181139062118477e-009	2.471108e-008	2.327052e-008	4.340299e-006	5.232139e-006	2.178628e-010
9.182139062118477e-009	2.478181e-008	2.341527e-008	4.341834e-006	5.239020e-006	2.188757e-010
9.183139062118476e-009	2.485238e-008	2.355987e-008	4.343368e-006	5.245759e-006	2.198876e-010
9.183853347832762e-009	2.490269e-008	2.366308e-008	4.344464e-006	5.250469e-006	2.206099e-010
9.184567633547046e-009	2.495293e-008	2.376621e-008	4.345559e-006	5.255091e-006	2.213318e-010
9.185281919261332e-009	2.500310e-008	2.386924e-008	4.346653e-006	5.259624e-006	2.220531e-010
9.185996204975618e-009	2.505319e-008	2.397218e-008	4.347748e-006	5.264068e-006	2.227739e-010
9.186710490689904e-009	2.510321e-008	2.407504e-008	4.348842e-006	5.268424e-006	2.234942e-010
9.187424776404188e-009	2.515316e-008	2.417781e-008	4.349935e-006	5.272691e-006	2.242140e-010
9.188139062118474e-009	2.520303e-008	2.428049e-008	4.351029e-006	5.276869e-006	2.249333e-010
9.189139062118473e-009	2.527275e-008	2.442405e-008	4.352559e-006	5.282541e-006	2.259394e-010
9.191139062118472e-009	2.541181e-008	2.471054e-008	4.355617e-006	5.293127e-006	2.279484e-010
9.192139062118472e-009	2.548118e-008	2.485346e-008	4.357145e-006	5.298043e-006	2.289513e-010
9.192650331204842e-009	2.551661e-008	2.492643e-008	4.357926e-006	5.300454e-006	2.294636e-010
9.193249677766408e-009	2.555810e-008	2.501189e-008	4.358841e-006	5.303201e-006	2.300638e-010
9.193305616243058e-009	2.556196e-008	2.501985e-008	4.358927e-006	5.303452e-006	2.301198e-010
9.193417493196359e-009	2.556970e-008	2.503579e-008	4.359098e-006	5.303952e-006	2.302317e-010
9.193578349700882e-009	2.558083e-008	2.505870e-008	4.359343e-006	5.304667e-006	2.303926e-010
9.193731219810365e-009	2.559140e-008	2.508046e-008	4.359576e-006	5.305340e-006	2.305456e-010
9.194045755906998e-009	2.561313e-008	2.512522e-008	4.360057e-006	5.306700e-006	2.308601e-010
9.194397691813821e-009	2.563745e-008	2.517527e-008	4.360594e-006	5.308193e-006	2.312120e-010
9.194497001182039e-009	2.564431e-008	2.518938e-008	4.360746e-006	5.308610e-006	2.313112e-010
9.194532387536548e-009	2.564675e-008	2.519441e-008	4.360799e-006	5.308757e-006	2.313466e-010
9.194562261518625e-009	2.564881e-008	2.519866e-008	4.360845e-006	5.308880e-006	2.313764e-010
9.194573282910616e-009	2.564958e-008	2.520023e-008	4.360862e-006	5.308925e-006	2.313874e-010
9.195202887895141e-009	2.569302e-008	2.528961e-008	4.361823e-006	5.311461e-006	2.320161e-010
9.195832492879665e-009	2.573643e-008	2.537888e-008	4.362783e-006	5.313923e-006	2.326444e-010
9.196462097864190e-009	2.577981e-008	2.546804e-008	4.363743e-006	5.316310e-006	2.332721e-010
9.197091702848713e-009	2.582316e-008	2.555709e-008	4.364703e-006	5.318621e-006	2.338994e-010
9.197721307833238e-009	2.586647e-008	2.564603e-008	4.365663e-006	5.320858e-006	2.345262e-010
9.198350912817763e-009	2.590976e-008	2.573486e-008	4.366622e-006	5.323019e-006	2.351525e-010
9.198980517802287e-009	2.595301e-008	2.582357e-008	4.367581e-006	5.325106e-006	2.357783e-010
9.199097689831942e-009	2.596106e-008	2.584006e-008	4.367760e-006	5.325481e-006	2.358947e-010
9.200300882946922e-009	2.604358e-008	2.600909e-008	4.369591e-006	5.329163e-006	2.370885e-010
9.201504076061900e-009	2.612601e-008	2.617761e-008	4.371422e-006	5.332656e-006	2.382802e-010
9.202707269176880e-009	2.620834e-008	2.634561e-008	4.373252e-006	5.335961e-006	2.394698e-010
9.203910462291859e-009	2.629058e-008	2.651310e-008	4.375081e-006	5.339079e-006	2.406573e-010
9.205113655406839e-009	2.637271e-008	2.668007e-008	4.376908e-006	5.342009e-006	2.418427e-010
9.206316848521817e-009	2.645475e-008	2.684653e-008	4.378735e-006	5.344751e-006	2.430259e-010
9.207520041636798e-009	2.653669e-008	2.701247e-008	4.380561e-006	5.347305e-006	2.442071e-010
9.208520041636797e-009	2.660474e-008	2.715002e-008	4.382077e-006	5.349311e-006	2.451873e-010
9.208717570536481e-009	2.661818e-008	2.717714e-008	4.382377e-006	5.349693e-006	2.453807e-010
9.208909935038816e-009	2.663126e-008	2.720353e-008	4.382669e-006	5.350058e-006	2.455690e-010
9.208943763733500e-009	2.663356e-008	2.720816e-008	4.382720e-006	5.350122e-006	2.456021e-010
9.208946757356400e-009	2.663376e-008	2.720858e-008	4.382724e-006	5.350128e-006	2.456050e-010
9.208948614525169e-009	2.663389e-008	2.720883e-008	4.382727e-006	5.350131e-006	2.456068e-010
9.208951697671210e-009	2.663410e-008	2.720925e-008	4.382732e-006	5.350137e-006	2.456098e-010
9.208957863963291e-009	2.663452e-008	2.721010e-008	4.382741e-006	5.350149e-006	2.456159e-010
9.208964971100161e-009	2.663500e-008	2.721107e-008	4.382752e-006	5.350163e-006	2.456228e-010
9.208972545333284e-009	2.663552e-008	2.721211e-008	4.382764e-006	5.350177e-006	2.456302e-010
9.208979862085469e-009	2.663601e-008	2.721312e-008	4.382774e-006	5.350191e-006	2.456374e-010
9.208988855509052e-009	2.663663e-008	2.721435e-008	4.382788e-006	5.350208e-006	2.456462e-010
9.208998697278274e-009	2.663730e-008	2.721570e-008	4.382803e-006	5.350227e-006	2.456558e-010
9.209024956419293e-009	2.663908e-008	2.721930e-008	4.382843e-006	5.350277e-006	2.456815e-010
9.209077799065417e-009	2.664267e-008	2.722654e-008	4.382923e-006	5.350377e-006	2.457332e-010
9.209130641711541e-009	2.664627e-008	2.723378e-008	4.383003e-006	5.350478e-006	2.457849e-010
9.209183484357664e-009	2.664986e-008	2.724102e-008	4.383083e-006	5.350578e-006	2.458366e-010
9.209236327003787e-009	2.665345e-008	2.724826e-008	4.383163e-006	5.350679e-006	2.458883e-010
9.209289169649911e-009	2.665704e-008	2.725550e-008	4.383243e-006	5.350779e-006	2.459399e-010
9.209342012296035e-009	2.666063e-008	2.726273e-008	4.383324e-006	5.350880e-006	2.459916e-010
9.209394854942159e-009	2.666422e-008	2.726997e-008	4.383404e-006	5.350981e-006	2.460433e-010
9.215538106427557e-009	2.708067e-008	2.810318e-008	4.392701e-006	5.362637e-006	2.520180e-010
9.221681357912954e-009	2.749476e-008	2.892286e-008	4.401973e-006	5.374263e-006	2.579373e-010
9.227824609398352e-009	2.790652e-008	2.972900e-008	4.411220e-006	5.385858e-006	2.638010e-010
9.233967860883750e-009	2.831593e-008	3.052160e-008	4.420442e-006	5.397422e-006	2.696092e-010
9.240111112369149e-009	2.872299e-008	3.130067e-008	4.429638e-006	5.408955e-006	2.753619e-010
9.246254363854545e-009	2.912771e-008	3.206619e-008	4.438809e-006	5.420457e-006	2.810590e-010
9.252397615339944e-009	2.953008e-008	3.281818e-008	4.447955e-006	5.431928e-006	2.867007e-010
9.257397615339941e-009	2.985572e-008	3.342149e-008	4.455382e-006	5.441247e-006	2.912555e-010
9.278397615339930e-009	3.120624e-008	3.584703e-008	4.486379e-006	5.480162e-006	3.099466e-010
9.299397615339919e-009	3.252663e-008	3.815907e-008	4.517123e-006	5.518782e-006	3.281373e-010
9.320397615339908e-009	3.381689e-008	4.035759e-008	4.547614e-006	5.557105e-006	3.458276e-010
9.341397615339898e-009	3.507703e-008	4.244261e-008	4.577851e-006	5.595133e-006	3.630176e-010
9.362397615339887e-009	3.630703e-008	4.441412e-008	4.607834e-006	5.632864e-006	3.797073e-010
9.383397615339876e-009	3.750690e-008	4.627213e-008	4.637564e-006	5.670299e-006	3.958965e-010
9.404397615339865e-009	3.867665e-008	4.801662e-008	4.667040e-006	5.707438e-006	4.115854e-010
9.426111901054140e-009	3.985289e-008	4.973391e-008	4.697283e-006	5.745561e-006	4.273921e-010
9.447826186768413e-009	4.099820e-008	5.137638e-008	4.727303e-006	5.783418e-006	4.428315e-010
9.469540472482688e-009	4.211259e-008	5.294405e-008	4.757100e-006	5.821010e-006	4.579037e-010
9.491254758196963e-009	4.319604e-008	5.443690e-008	4.786673e-006	5.858336e-006	4.726086e-010
9.512969043911237e-009	4.424856e-008	5.585494e-008	4.816023e-006	5.895396e-006	4.869462e-010
9.534683329625511e-009	4.527015e-008	5.719817e-008	4.845150e-006	5.932191e-006	5.009166e-010
9.556397615339786e-009	4.626081e-008	5.846659e-008	4.874054e-006	5.968720e-006	5.145198e-010
9.557397615339785e-009	4.630579e-008	5.852412e-008	4.875380e-006	5.970397e-006	5.151409e-010
9.593254758196910e-009	4.787055e-008	6.047763e-008	4.922630e-006	6.030144e-006	5.368690e-010
9.629111901054034e-009	4.936740e-008	6.231883e-008	4.969381e-006	6.089286e-006	5.579694e-010
9.664969043911158e-009	5.079634e-008	6.404771e-008	5.015632e-006	6.147823e-006	5.784422e-010
9.700826186768281e-009	5.215737e-008	6.566428e-008	5.061383e-006	6.205755e-006	5.982873e-010
9.736683329625406e-009	5.345050e-008	6.716854e-008	5.106634e-006	6.263081e-006	6.175047e-010
9.772540472482530e-009	5.467572e-008	6.856049e-008	5.151386e-006	6.319802e-006	6.360945e-010
9.808397615339654e-009	5.583303e-008	6.984013e-008	5.195638e-006	6.375918e-006	6.540566e-010
9.857397615339629e-009	5.733429e-008	7.149983e-008	5.255427e-006	6.451762e-006	6.780045e-010
9.899111901053893e-009	5.852468e-008	7.279314e-008	5.305649e-006	6.515501e-006	6.976673e-010
9.940826186768156e-009	5.965834e-008	7.401965e-008	5.355321e-006	6.578565e-006	7.168872e-010
9.982540472482421e-009	6.073528e-008	7.517933e-008	5.404443e-006	6.640953e-006	7.356641e-010
1.002425475819669e-008	6.175550e-008	7.627221e-008	5.453016e-006	6.702664e-006	7.539982e-010
1.006596904391095e-008	6.271900e-008	7.729826e-008	5.501039e-006	6.763700e-006	7.718894e-010
1.010768332962521e-008	6.362578e-008	7.825750e-008	5.548512e-006	6.824059e-006	7.893376e-010
1.014939761533948e-008	6.447583e-008	7.914993e-008	5.595437e-006	6.883743e-006	8.063430e-010
1.015739761533947e-008	6.463548e-008	7.931835e-008	5.604382e-006	6.895122e-006	8.095801e-010
1.020011190105374e-008	6.545466e-008	8.018131e-008	5.651808e-006	6.955466e-006	8.266139e-010
1.024282618676800e-008	6.623756e-008	8.100666e-008	5.698726e-006	7.015182e-006	8.433641e-010
1.028554047248226e-008	6.698418e-008	8.179441e-008	5.745137e-006	7.074271e-006	8.598308e-010
1.032825475819653e-008	6.769453e-008	8.254455e-008	5.791039e-006	7.132732e-006	8.760139e-010
1.037096904391079e-008	6.836859e-008	8.325710e-008	5.836434e-006	7.190565e-006	8.919135e-010
1.041368332962505e-008	6.900638e-008	8.393204e-008	5.881321e-006	7.247770e-006	9.075296e-010
1.045639761533932e-008	6.960789e-008	8.456938e-008	5.925700e-006	7.304347e-006	9.228621e-010
1.045739761533932e-008	6.962177e-008	8.458410e-008	5.926734e-006	7.305665e-006	9.232192e-010
1.050011190105358e-008	7.019647e-008	8.519508e-008	5.970623e-006	7.361636e-006	9.383331e-010
1.054282618676784e-008	7.074820e-008	8.578270e-008	6.014050e-006	7.417034e-006	9.532483e-010
1.058554047248211e-008	7.127696e-008	8.634695e-008	6.057013e-006	7.471859e-006	9.679648e-010
1.062825475819637e-008	7.178275e-008	8.688784e-008	6.099514e-006	7.526113e-006	9.824826e-010
1.067096904391064e-008	7.226557e-008	8.740536e-008	6.141553e-006	7.579793e-006	9.968017e-010
1.071368332962490e-008	7.272543e-008	8.789952e-008	6.183128e-006	7.632901e-006	1.010922e-009
1.075639761533916e-008	7.316231e-008	8.837031e-008	6.224241e-006	7.685437e-006	1.024844e-009
1.075739761533916e-008	7.317239e-008	8.838119e-008	6.225198e-006	7.686660e-006	1.025168e-009
1.079205509886214e-008	7.351438e-008	8.875030e-008	6.258226e-006	7.728877e-006	1.036342e-009
1.082671258238512e-008	7.384581e-008	8.910839e-008	6.290970e-006	7.770744e-006	1.047412e-009
1.086137006590809e-008	7.416669e-008	8.945546e-008	6.323431e-006	7.812260e-006	1.058375e-009
1.089602754943107e-008	7.447700e-008	8.979151e-008	6.355607e-006	7.853425e-006	1.069234e-009
1.093068503295405e-008	7.477675e-008	9.011653e-008	6.387500e-006	7.894240e-006	1.079987e-009
1.096534251647702e-008	7.506594e-008	9.043053e-008	6.419110e-006	7.934704e-006	1.090635e-009
1.100000000000000e-008	7.534457e-008	9.073350e-008	6.450435e-006	7.974817e-006	1.101178e-009
1.100064285714286e-008	7.534967e-008	9.073905e-008	6.451014e-006	7.975558e-006	1.101373e-009
1.100128571428571e-008	7.535477e-008	9.074459e-008	6.451592e-006	7.976298e-006	1.101567e-009
1.100192857142857e-008	7.535986e-008	9.075013e-008	6.452171e-006	7.977039e-006	1.101762e-009
1.100257142857143e-008	7.536495e-008	9.075567e-008	6.452749e-006	7.977779e-006	1.101957e-009
1.100321428571429e-008	7.537004e-008	9.076120e-008	6.453327e-006	7.978520e-006	1.102151e-009
1.100385714285714e-008	7.537512e-008	9.076672e-008	6.453905e-006	7.979261e-006	1.102346e-009
1.100450000000000e-008	7.538020e-008	9.077225e-008	6.454483e-006	7.980001e-006	1.102540e-009
1.105449999999997e-008	7.576597e-008	9.119194e-008	6.499149e-006	8.037220e-006	1.117567e-009
1.109721428571424e-008	7.608006e-008	9.153411e-008	6.536848e-006	8.085535e-006	1.130242e-009
1.113992857142850e-008	7.638276e-008	9.186388e-008	6.574148e-006	8.133358e-006	1.142779e-009
1.118264285714276e-008	7.667405e-008	9.218123e-008	6.611050e-006	8.180688e-006	1.155180e-009
1.122535714285703e-008	7.695394e-008	9.248618e-008	6.647552e-006	8.227525e-006	1.167443e-009
1.126807142857129e-008	7.722243e-008	9.277872e-008	6.683656e-006	8.273870e-006	1.179570e-009
1.131078571428555e-008	7.747951e-008	9.305885e-008	6.719361e-006	8.319723e-006	1.191560e-009
1.135349999999982e-008	7.772520e-008	9.332658e-008	6.754668e-006	8.365083e-006	1.203413e-009
1.135449999999982e-008	7.773085e-008	9.333273e-008	6.755490e-006	8.366140e-006	1.203689e-009
1.139721428571408e-008	7.796669e-008	9.358946e-008	6.790402e-006	8.411014e-006	1.215410e-009
1.143992857142834e-008	7.819358e-008	9.383615e-008	6.824942e-006	8.455429e-006	1.227005e-009
1.148264285714261e-008	7.841152e-008	9.407280e-008	6.859109e-006	8.499384e-006	1.238473e-009
1.152535714285687e-008	7.862050e-008	9.429939e-008	6.892904e-006	8.542880e-006	1.249815e-009
1.156807142857114e-008	7.882052e-008	9.451594e-008	6.926326e-006	8.585916e-006	1.261031e-009
1.161078571428540e-008	7.901159e-008	9.472245e-008	6.959375e-006	8.628492e-006	1.272121e-009
1.165349999999966e-008	7.919371e-008	9.491890e-008	6.992051e-006	8.670609e-006	1.283084e-009
1.165449999999966e-008	7.919790e-008	9.492341e-008	6.992812e-006	8.671589e-006	1.283339e-009
1.189849999999953e-008	8.009166e-008	9.587817e-008	7.172664e-006	8.903785e-006	1.343627e-009
1.189949999999953e-008	8.009483e-008	9.588152e-008	7.173378e-006	8.904708e-006	1.343866e-009
1.190049999999953e-008	8.009799e-008	9.588486e-008	7.174091e-006	8.905630e-006	1.344105e-009
1.190078067432858e-008	8.009888e-008	9.588580e-008	7.174292e-006	8.905889e-006	1.344172e-009
1.190088382371403e-008	8.009921e-008	9.588614e-008	7.174365e-006	8.905985e-006	1.344197e-009
1.190095911628188e-008	8.009944e-008	9.588639e-008	7.174419e-006	8.906054e-006	1.344215e-009
1.190103948482826e-008	8.009970e-008	9.588666e-008	7.174476e-006	8.906129e-006	1.344234e-009
1.190105364625483e-008	8.009974e-008	9.588671e-008	7.174486e-006	8.906141e-006	1.344237e-009
1.190406320457668e-008	8.010923e-008	9.589674e-008	7.176632e-006	8.908916e-006	1.344956e-009
1.190707276289852e-008	8.011869e-008	9.590672e-008	7.178777e-006	8.911689e-006	1.345674e-009
1.191008232122036e-008	8.012812e-008	9.591666e-008	7.180919e-006	8.914460e-006	1.346391e-009
1.191309187954221e-008	8.013750e-008	9.592657e-008	7.183060e-006	8.917229e-006	1.347108e-009
1.191610143786405e-008	8.014686e-008	9.593643e-008	7.185200e-006	8.919995e-006	1.347824e-009
1.191911099618590e-008	8.015618e-008	9.594626e-008	7.187337e-006	8.922760e-006	1.348540e-009
1.192212055450774e-008	8.016546e-008	9.595605e-008	7.189473e-006	8.925522e-006	1.349255e-009
1.192512055450774e-008	8.017469e-008	9.596576e-008	7.191601e-006	8.928274e-006	1.349967e-009
1.196783484022200e-008	8.030195e-008	9.609946e-008	7.221706e-006	8.967221e-006	1.360043e-009
1.201054912593626e-008	8.042275e-008	9.622570e-008	7.251482e-006	9.005764e-006	1.370001e-009
1.205326341165053e-008	8.053707e-008	9.634447e-008	7.280932e-006	9.043903e-006	1.379842e-009
1.209597769736479e-008	8.064493e-008	9.645577e-008	7.310053e-006	9.081638e-006	1.389566e-009
1.213869198307906e-008	8.074632e-008	9.655960e-008	7.338848e-006	9.118970e-006	1.399172e-009
1.218140626879332e-008	8.084124e-008	9.665597e-008	7.367314e-006	9.155898e-006	1.408661e-009
1.222412055450758e-008	8.092969e-008	9.674487e-008	7.395453e-006	9.192422e-006	1.418033e-009
1.222512055450758e-008	8.093169e-008	9.674687e-008	7.396108e-006	9.193273e-006	1.418251e-009
1.252512055450743e-008	8.138979e-008	9.718210e-008	7.584949e-006	9.438972e-006	1.480821e-009
1.276912055450730e-008	8.156596e-008	9.730818e-008	7.727647e-006	9.625396e-006	1.527581e-009
1.277697769736444e-008	8.156891e-008	9.730907e-008	7.732086e-006	9.631207e-006	1.529026e-009
1.278483484022158e-008	8.157169e-008	9.730977e-008	7.736515e-006	9.637005e-006	1.530467e-009
1.279269198307872e-008	8.157430e-008	9.731028e-008	7.740934e-006	9.642792e-006	1.531905e-009
1.280054912593585e-008	8.157676e-008	9.731061e-008	7.745344e-006	9.648568e-006	1.533338e-009
1.280840626879299e-008	8.157904e-008	9.731074e-008	7.749745e-006	9.654332e-006	1.534768e-009
1.281626341165013e-008	8.158117e-008	9.731068e-008	7.754136e-006	9.660084e-006	1.536194e-009
1.282412055450727e-008	8.158312e-008	9.731043e-008	7.758518e-006	9.665824e-006	1.537617e-009
1.282512055450727e-008	8.158336e-008	9.731038e-008	7.759075e-006	9.666554e-006	1.537798e-009
1.283269198307870e-008	8.158507e-008	9.730994e-008	7.763287e-006	9.672073e-006	1.539164e-009
1.284026341165012e-008	8.158664e-008	9.730933e-008	7.767491e-006	9.677582e-006	1.540527e-009
1.284783484022154e-008	8.158806e-008	9.730854e-008	7.771685e-006	9.683079e-006	1.541887e-009
1.285540626879297e-008	8.158932e-008	9.730758e-008	7.775871e-006	9.688566e-006	1.543243e-009
1.286297769736439e-008	8.159044e-008	9.730645e-008	7.780049e-006	9.694042e-006	1.544596e-009
1.287054912593582e-008	8.159141e-008	9.730514e-008	7.784217e-006	9.699507e-006	1.545945e-009
1.287812055450724e-008	8.159223e-008	9.730366e-008	7.788377e-006	9.704961e-006	1.547291e-009
1.291326341165008e-008	8.159402e-008	9.729445e-008	7.807567e-006	9.730135e-006	1.553491e-009
1.294840626879292e-008	8.159277e-008	9.728171e-008	7.826574e-006	9.755083e-006	1.559616e-009
1.298354912593576e-008	8.158846e-008	9.726544e-008	7.845399e-006	9.779806e-006	1.565668e-009
1.301869198307860e-008	8.158111e-008	9.724563e-008	7.864041e-006	9.804304e-006	1.571645e-009
1.305383484022144e-008	8.157070e-008	9.722229e-008	7.882500e-006	9.828577e-006	1.577548e-009
1.308897769736428e-008	8.155725e-008	9.719542e-008	7.900777e-006	9.852625e-006	1.583377e-009
1.312412055450711e-008	8.154075e-008	9.716501e-008	7.918871e-006	9.876449e-006	1.589131e-009
1.312512055450711e-008	8.154024e-008	9.716410e-008	7.919383e-006	9.877123e-006	1.589294e-009
1.315897769736424e-008	8.152152e-008	9.713154e-008	7.936642e-006	9.899862e-006	1.594766e-009
1.319283484022136e-008	8.150020e-008	9.709596e-008	7.953740e-006	9.922403e-006	1.600170e-009
1.322669198307849e-008	8.147628e-008	9.705737e-008	7.970677e-006	9.944745e-006	1.605507e-009
1.326054912593561e-008	8.144976e-008	9.701578e-008	7.987453e-006	9.966888e-006	1.610775e-009
1.329440626879274e-008	8.142064e-008	9.697118e-008	8.004067e-006	9.988833e-006	1.615977e-009
1.332826341164986e-008	8.138892e-008	9.692357e-008	8.020521e-006	1.001058e-005	1.621110e-009
1.336212055450699e-008	8.135460e-008	9.687295e-008	8.036813e-006	1.003213e-005	1.626176e-009
1.342512055450696e-008	8.128426e-008	9.677127e-008	8.066716e-006	1.007171e-005	1.635424e-009
1.372512055450680e-008	8.083644e-008	9.615678e-008	8.201861e-006	1.025129e-005	1.676311e-009
1.375146047529154e-008	8.078857e-008	9.609297e-008	8.213168e-006	1.026637e-005	1.679655e-009
1.377780039607629e-008	8.073942e-008	9.602768e-008	8.224388e-006	1.028134e-005	1.682960e-009
1.380414031686103e-008	8.068898e-008	9.596090e-008	8.235522e-006	1.029620e-005	1.686225e-009
1.383048023764577e-008	8.063724e-008	9.589263e-008	8.246570e-006	1.031096e-005	1.689452e-009
1.385682015843051e-008	8.058422e-008	9.582288e-008	8.257531e-006	1.032561e-005	1.692639e-009
1.388316007921526e-008	8.052990e-008	9.575165e-008	8.268406e-006	1.034016e-005	1.695787e-009
1.390950000000000e-008	8.047430e-008	9.567893e-008	8.279194e-006	1.035459e-005	1.698896e-009
1.392449999999999e-008	8.044209e-008	9.563690e-008	8.285300e-006	1.036277e-005	1.700650e-009
1.392649999999999e-008	8.043776e-008	9.563126e-008	8.286112e-006	1.036386e-005	1.700883e-009
1.393021428571427e-008	8.042972e-008	9.562076e-008	8.287619e-006	1.036588e-005	1.701314e-009
1.393392857142855e-008	8.042164e-008	9.561024e-008	8.289124e-006	1.036789e-005	1.701746e-009
1.393764285714284e-008	8.041354e-008	9.559969e-008	8.290627e-006	1.036991e-005	1.702176e-009
1.394135714285712e-008	8.040542e-008	9.558911e-008	8.292129e-006	1.037192e-005	1.702605e-009
1.394507142857141e-008	8.039727e-008	9.557850e-008	8.293629e-006	1.037393e-005	1.703034e-009
1.394878571428569e-008	8.038909e-008	9.556786e-008	8.295128e-006	1.037594e-005	1.703462e-009
1.395249999999997e-008	8.038089e-008	9.555720e-008	8.296624e-006	1.037794e-005	1.703889e-009
1.396235714285711e-008	8.035902e-008	9.552876e-008	8.300589e-006	1.038325e-005	1.705019e-009
1.397221428571425e-008	8.033697e-008	9.550012e-008	8.304541e-006	1.038855e-005	1.706144e-009
1.398207142857139e-008	8.031476e-008	9.547129e-008	8.308482e-006	1.039384e-005	1.707263e-009
1.399192857142852e-008	8.029237e-008	9.544227e-008	8.312411e-006	1.039911e-005	1.708377e-009
1.400178571428566e-008	8.026981e-008	9.541304e-008	8.316328e-006	1.040436e-005	1.709486e-009
1.401164285714280e-008	8.024709e-008	9.538363e-008	8.320234e-006	1.040960e-005	1.710589e-009
1.402149999999994e-008	8.022419e-008	9.535401e-008	8.324128e-006	1.041483e-005	1.711686e-009
1.402249999999994e-008	8.022186e-008	9.535099e-008	8.324522e-006	1.041536e-005	1.711798e-009
1.432249999999978e-008	7.944686e-008	9.436001e-008	8.437547e-006	1.056765e-005	1.742648e-009
1.462249999999963e-008	7.853198e-008	9.320885e-008	8.540454e-006	1.070743e-005	1.768678e-009
1.492249999999950e-008	7.749185e-008	9.191471e-008	8.633846e-006	1.083544e-005	1.790045e-009
1.522249999999984e-008	7.633994e-008	9.049344e-008	8.718293e-006	1.095237e-005	1.806911e-009
1.552250000000018e-008	7.508869e-008	8.895962e-008	8.794326e-006	1.105885e-005	1.819444e-009
1.582250000000052e-008	7.374960e-008	8.732670e-008	8.862447e-006	1.115549e-005	1.827816e-009
1.599950000000073e-008	7.292266e-008	8.632184e-008	8.899116e-006	1.120812e-005	1.830874e-009
1.600150000000073e-008	7.291317e-008	8.631033e-008	8.899517e-006	1.120870e-005	1.830901e-009
1.601435714285789e-008	7.285209e-008	8.623620e-008	8.902080e-006	1.121239e-005	1.831069e-009
1.602721428571504e-008	7.279088e-008	8.616193e-008	8.904630e-006	1.121607e-005	1.831230e-009
1.604007142857220e-008	7.272954e-008	8.608751e-008	8.907167e-006	1.121974e-005	1.831383e-009
1.605292857142936e-008	7.266808e-008	8.601295e-008	8.909691e-006	1.122339e-005	1.831530e-009
1.606578571428651e-008	7.260648e-008	8.593825e-008	8.912202e-006	1.122702e-005	1.831670e-009
1.607864285714367e-008	7.254476e-008	8.586341e-008	8.914700e-006	1.123064e-005	1.831802e-009
1.609150000000083e-008	7.248291e-008	8.578842e-008	8.917184e-006	1.123424e-005	1.831927e-009
1.612250000000087e-008	7.233327e-008	8.560705e-008	8.923123e-006	1.124285e-005	1.832201e-009
1.642250000000121e-008	7.084952e-008	8.381206e-008	8.976795e-006	1.132146e-005	1.832773e-009
1.650000033826592e-008	7.045639e-008	8.333741e-008	8.989574e-006	1.134041e-005	1.832323e-009
1.669438555832979e-008	6.945416e-008	8.212902e-008	9.019736e-006	1.138557e-005	1.830146e-009
1.689938555833002e-008	6.837416e-008	8.082921e-008	9.048713e-006	1.142963e-005	1.826270e-009
1.690038555833003e-008	6.836884e-008	8.082281e-008	9.048847e-006	1.142984e-005	1.826247e-009
1.690238555833003e-008	6.835820e-008	8.081001e-008	9.049116e-006	1.143025e-005	1.826202e-009
1.691538555833004e-008	6.828895e-008	8.072674e-008	9.050855e-006	1.143292e-005	1.825901e-009
1.692838555833006e-008	6.821962e-008	8.064339e-008	9.052584e-006	1.143558e-005	1.825594e-009
1.694138555833007e-008	6.815020e-008	8.055994e-008	9.054301e-006	1.143822e-005	1.825281e-009
1.695438555833009e-008	6.808070e-008	8.047640e-008	9.056007e-006	1.144085e-005	1.824961e-009
1.696738555833010e-008	6.801112e-008	8.039278e-008	9.057702e-006	1.144347e-005	1.824636e-009
1.698038555833012e-008	6.794146e-008	8.030906e-008	9.059386e-006	1.144607e-005	1.824304e-009
1.699338555833013e-008	6.787171e-008	8.022526e-008	9.061058e-006	1.144866e-005	1.823965e-009
1.699438555833013e-008	6.786634e-008	8.021880e-008	9.061187e-006	1.144885e-005	1.823939e-009
1.729438555833047e-008	6.623547e-008	7.826149e-008	9.096771e-006	1.150476e-005	1.814430e-009
1.759438555833081e-008	6.456870e-008	7.626530e-008	9.126837e-006	1.155370e-005	1.801794e-009
1.776938555833101e-008	6.358246e-008	7.508594e-008	9.141956e-006	1.157919e-005	1.793046e-009
1.778481412975960e-008	6.349507e-008	7.498150e-008	9.143207e-006	1.158133e-005	1.792228e-009
1.780024270118819e-008	6.340761e-008	7.487699e-008	9.144444e-006	1.158345e-005	1.791402e-009
1.781567127261678e-008	6.332009e-008	7.477241e-008	9.145668e-006	1.158556e-005	1.790569e-009
1.783109984404537e-008	6.323251e-008	7.466777e-008	9.146879e-006	1.158765e-005	1.789728e-009
1.784652841547396e-008	6.314486e-008	7.456305e-008	9.148077e-006	1.158973e-005	1.788880e-009
1.786195698690255e-008	6.305715e-008	7.445826e-008	9.149261e-006	1.159179e-005	1.788024e-009
1.787738555833113e-008	6.296937e-008	7.435341e-008	9.150433e-006	1.159383e-005	1.787161e-009
1.789438555833115e-008	6.287257e-008	7.423780e-008	9.151709e-006	1.159606e-005	1.786201e-009
1.793438555833120e-008	6.264451e-008	7.396544e-008	9.154648e-006	1.160123e-005	1.783907e-009
1.797438555833124e-008	6.241607e-008	7.369271e-008	9.157503e-006	1.160629e-005	1.781564e-009
1.801438555833129e-008	6.218727e-008	7.341959e-008	9.160273e-006	1.161125e-005	1.779174e-009
1.805438555833133e-008	6.195810e-008	7.314610e-008	9.162959e-006	1.161610e-005	1.776735e-009
1.809438555833138e-008	6.172856e-008	7.287222e-008	9.165560e-006	1.162084e-005	1.774248e-009
1.813438555833142e-008	6.149866e-008	7.259797e-008	9.168077e-006	1.162547e-005	1.771713e-009
1.817438555833147e-008	6.126839e-008	7.232334e-008	9.170510e-006	1.163000e-005	1.769130e-009
1.819438555833149e-008	6.115314e-008	7.218592e-008	9.171697e-006	1.163222e-005	1.767821e-009
1.849438555833183e-008	5.941596e-008	7.011600e-008	9.187089e-006	1.166252e-005	1.746821e-009
1.879438555833217e-008	5.766610e-008	6.803386e-008	9.198158e-006	1.168729e-005	1.723363e-009
1.881109984404648e-008	5.756834e-008	6.791761e-008	9.198652e-006	1.168852e-005	1.721987e-009
1.882781412976078e-008	5.747054e-008	6.780133e-008	9.199132e-006	1.168973e-005	1.720604e-009
1.884452841547509e-008	5.737272e-008	6.768504e-008	9.199600e-006	1.169092e-005	1.719214e-009
1.886124270118939e-008	5.727487e-008	6.756874e-008	9.200055e-006	1.169209e-005	1.717817e-009
1.887795698690370e-008	5.717699e-008	6.745241e-008	9.200497e-006	1.169325e-005	1.716413e-009
1.889467127261800e-008	5.707908e-008	6.733607e-008	9.200926e-006	1.169440e-005	1.715002e-009
1.891138555833231e-008	5.698115e-008	6.721971e-008	9.201342e-006	1.169553e-005	1.713583e-009
1.891367127261802e-008	5.696776e-008	6.720380e-008	9.201399e-006	1.169568e-005	1.713389e-009
1.891595698690374e-008	5.695436e-008	6.718789e-008	9.201455e-006	1.169583e-005	1.713194e-009
1.891824270118946e-008	5.694097e-008	6.717197e-008	9.201511e-006	1.169598e-005	1.712999e-009
1.892052841547517e-008	5.692757e-008	6.715606e-008	9.201567e-006	1.169614e-005	1.712804e-009
1.892281412976089e-008	5.691418e-008	6.714015e-008	9.201622e-006	1.169629e-005	1.712609e-009
1.892509984404661e-008	5.690078e-008	6.712423e-008	9.201678e-006	1.169644e-005	1.712414e-009
1.892738555833232e-008	5.688739e-008	6.710832e-008	9.201733e-006	1.169659e-005	1.712219e-009
1.893695698690376e-008	5.683129e-008	6.704167e-008	9.201961e-006	1.169722e-005	1.711400e-009
1.894652841547520e-008	5.677519e-008	6.697502e-008	9.202185e-006	1.169784e-005	1.710578e-009
1.895609984404664e-008	5.671908e-008	6.690836e-008	9.202405e-006	1.169846e-005	1.709755e-009
1.896567127261808e-008	5.666296e-008	6.684170e-008	9.202622e-006	1.169908e-005	1.708929e-009
1.897524270118952e-008	5.660685e-008	6.677503e-008	9.202834e-006	1.169969e-005	1.708101e-009
1.898481412976096e-008	5.655073e-008	6.670836e-008	9.203044e-006	1.170029e-005	1.707270e-009
1.899438555833240e-008	5.649460e-008	6.664169e-008	9.203249e-006	1.170089e-005	1.706438e-009
1.909438555833251e-008	5.590799e-008	6.594488e-008	9.205155e-006	1.170685e-005	1.697606e-009
1.939438555833285e-008	5.414649e-008	6.385373e-008	9.208343e-006	1.172148e-005	1.669709e-009
1.941111619285669e-008	5.404822e-008	6.373714e-008	9.208412e-006	1.172215e-005	1.668093e-009
1.942784682738052e-008	5.394995e-008	6.362057e-008	9.208471e-006	1.172282e-005	1.666471e-009
1.944457746190436e-008	5.385169e-008	6.350400e-008	9.208518e-006	1.172346e-005	1.664843e-009
1.946130809642819e-008	5.375342e-008	6.338744e-008	9.208554e-006	1.172410e-005	1.663209e-009
1.947803873095202e-008	5.365516e-008	6.327089e-008	9.208580e-006	1.172472e-005	1.661569e-009
1.949476936547585e-008	5.355691e-008	6.315435e-008	9.208594e-006	1.172532e-005	1.659922e-009
1.951149999999969e-008	5.345865e-008	6.303782e-008	9.208597e-006	1.172591e-005	1.658270e-009
1.968849999999989e-008	5.241960e-008	6.180594e-008	9.207972e-006	1.173130e-005	1.640426e-009
1.998850000000023e-008	5.066175e-008	5.972347e-008	9.204246e-006	1.173697e-005	1.608729e-009
2.028850000000057e-008	4.891076e-008	5.765099e-008	9.197343e-006	1.173850e-005	1.575331e-009
2.058850000000091e-008	4.716959e-008	5.559181e-008	9.187454e-006	1.173611e-005	1.540367e-009
2.088850000000125e-008	4.544090e-008	5.354894e-008	9.174762e-006	1.173002e-005	1.503974e-009
2.093121428571559e-008	4.519591e-008	5.325955e-008	9.172735e-006	1.172887e-005	1.498683e-009
2.097392857142992e-008	4.495125e-008	5.297057e-008	9.170658e-006	1.172764e-005	1.493367e-009
2.101664285714425e-008	4.470691e-008	5.268199e-008	9.168528e-006	1.172635e-005	1.488025e-009
2.105935714285859e-008	4.446290e-008	5.239383e-008	9.166347e-006	1.172499e-005	1.482659e-009
2.110207142857292e-008	4.421920e-008	5.210608e-008	9.164113e-006	1.172356e-005	1.477267e-009
2.114478571428725e-008	4.397584e-008	5.181874e-008	9.161829e-006	1.172206e-005	1.471850e-009
2.118750000000159e-008	4.373280e-008	5.153181e-008	9.159492e-006	1.172049e-005	1.466408e-009
2.118850000000159e-008	4.372711e-008	5.152510e-008	9.159437e-006	1.172046e-005	1.466281e-009
2.148850000000193e-008	4.203038e-008	4.952270e-008	9.141641e-006	1.170760e-005	1.427411e-009
2.149850000000194e-008	4.197414e-008	4.945635e-008	9.141007e-006	1.170712e-005	1.426097e-009
2.149950000000194e-008	4.196852e-008	4.944971e-008	9.140944e-006	1.170707e-005	1.425965e-009
2.150050000000194e-008	4.196290e-008	4.944308e-008	9.140880e-006	1.170702e-005	1.425834e-009
2.150150000000195e-008	4.195727e-008	4.943645e-008	9.140816e-006	1.170697e-005	1.425702e-009
2.150407142857338e-008	4.194282e-008	4.941939e-008	9.140653e-006	1.170685e-005	1.425364e-009
2.150664285714481e-008	4.192836e-008	4.940234e-008	9.140489e-006	1.170672e-005	1.425025e-009
2.150921428571624e-008	4.191391e-008	4.938529e-008	9.140326e-006	1.170660e-005	1.424687e-009
2.151178571428767e-008	4.189946e-008	4.936824e-008	9.140161e-006	1.170647e-005	1.424348e-009
2.151435714285910e-008	4.188501e-008	4.935119e-008	9.139997e-006	1.170634e-005	1.424010e-009
2.151692857143053e-008	4.187056e-008	4.933414e-008	9.139833e-006	1.170622e-005	1.423671e-009
2.151950000000197e-008	4.185611e-008	4.931709e-008	9.139668e-006	1.170609e-005	1.423332e-009
2.155778571428772e-008	4.164115e-008	4.906351e-008	9.137198e-006	1.170419e-005	1.418279e-009
2.159607142857348e-008	4.142652e-008	4.881034e-008	9.134694e-006	1.170223e-005	1.413210e-009
2.163435714285924e-008	4.121222e-008	4.855757e-008	9.132155e-006	1.170023e-005	1.408124e-009
2.167264285714500e-008	4.099826e-008	4.830522e-008	9.129581e-006	1.169818e-005	1.403023e-009
2.171092857143075e-008	4.078464e-008	4.805328e-008	9.126971e-006	1.169608e-005	1.397905e-009
2.174921428571651e-008	4.057135e-008	4.780175e-008	9.124327e-006	1.169394e-005	1.392771e-009
2.178750000000227e-008	4.035839e-008	4.755063e-008	9.121648e-006	1.169175e-005	1.387622e-009
2.178850000000227e-008	4.035283e-008	4.754408e-008	9.121578e-006	1.169169e-005	1.387487e-009
2.189950000000240e-008	3.973747e-008	4.681852e-008	9.113616e-006	1.168508e-005	1.372472e-009
2.190150000000240e-008	3.972641e-008	4.680548e-008	9.113470e-006	1.168495e-005	1.372200e-009
2.208850000000261e-008	3.869668e-008	4.559165e-008	9.099412e-006	1.167293e-005	1.346628e-009
2.238850000000295e-008	3.706352e-008	4.366721e-008	9.075250e-006	1.165146e-005	1.304947e-009
2.240000038813254e-008	3.700139e-008	4.359401e-008	9.074286e-006	1.165058e-005	1.303334e-009
2.266158983935972e-008	3.559788e-008	4.194089e-008	9.051617e-006	1.162968e-005	1.266378e-009
2.269430412507404e-008	3.542369e-008	4.173576e-008	9.048685e-006	1.162693e-005	1.261721e-009
2.272701841078836e-008	3.524980e-008	4.153099e-008	9.045732e-006	1.162415e-005	1.257057e-009
2.275973269650268e-008	3.507622e-008	4.132660e-008	9.042758e-006	1.162135e-005	1.252386e-009
2.279244698221701e-008	3.490294e-008	4.112257e-008	9.039765e-006	1.161851e-005	1.247708e-009
2.282516126793133e-008	3.472997e-008	4.091891e-008	9.036750e-006	1.161565e-005	1.243024e-009
2.285787555364565e-008	3.455730e-008	4.071562e-008	9.033715e-006	1.161276e-005	1.238332e-009
2.289058983935998e-008	3.438493e-008	4.051269e-008	9.030659e-006	1.160985e-005	1.233633e-009
2.296158983936006e-008	3.401192e-008	4.007356e-008	9.023959e-006	1.160342e-005	1.223413e-009
2.326158983936040e-008	3.245210e-008	3.823774e-008	8.994637e-006	1.157486e-005	1.179919e-009
2.326658983936040e-008	3.242633e-008	3.820742e-008	8.994135e-006	1.157437e-005	1.179191e-009
2.326758983936040e-008	3.242118e-008	3.820135e-008	8.994035e-006	1.157427e-005	1.179045e-009
2.326787051368946e-008	3.241973e-008	3.819965e-008	8.994007e-006	1.157424e-005	1.179004e-009
2.326810270646177e-008	3.241853e-008	3.819824e-008	8.993983e-006	1.157422e-005	1.178970e-009
2.326875960691688e-008	3.241515e-008	3.819426e-008	8.993917e-006	1.157415e-005	1.178874e-009
2.327042815001937e-008	3.240655e-008	3.818415e-008	8.993749e-006	1.157399e-005	1.178631e-009
2.327142815001937e-008	3.240140e-008	3.817808e-008	8.993648e-006	1.157389e-005	1.178485e-009
2.327242815001937e-008	3.239625e-008	3.817202e-008	8.993548e-006	1.157379e-005	1.178339e-009
2.327342815001937e-008	3.239110e-008	3.816596e-008	8.993447e-006	1.157369e-005	1.178194e-009
2.327442815001937e-008	3.238595e-008	3.815990e-008	8.993347e-006	1.157359e-005	1.178048e-009
2.327542815001937e-008	3.238080e-008	3.815384e-008	8.993246e-006	1.157349e-005	1.177902e-009
2.327742815001937e-008	3.237049e-008	3.814172e-008	8.993046e-006	1.157330e-005	1.177610e-009
2.327942815001938e-008	3.236019e-008	3.812960e-008	8.992845e-006	1.157310e-005	1.177319e-009
2.328142815001938e-008	3.234990e-008	3.811748e-008	8.992645e-006	1.157290e-005	1.177027e-009
2.328342815001938e-008	3.233960e-008	3.810536e-008	8.992444e-006	1.157270e-005	1.176735e-009
2.328542815001938e-008	3.232931e-008	3.809325e-008	8.992245e-006	1.157251e-005	1.176443e-009
2.328742815001938e-008	3.231901e-008	3.808114e-008	8.992046e-006	1.157231e-005	1.176152e-009
2.328942815001939e-008	3.230872e-008	3.806902e-008	8.991847e-006	1.157211e-005	1.175860e-009
2.329242815001939e-008	3.229328e-008	3.805086e-008	8.991549e-006	1.157182e-005	1.175422e-009
2.329542815001939e-008	3.227785e-008	3.803270e-008	8.991253e-006	1.157153e-005	1.174984e-009
2.329842815001940e-008	3.226242e-008	3.801454e-008	8.990958e-006	1.157124e-005	1.174547e-009
2.330142815001940e-008	3.224699e-008	3.799639e-008	8.990666e-006	1.157095e-005	1.174109e-009
2.330714243573369e-008	3.221762e-008	3.796182e-008	8.990111e-006	1.157040e-005	1.173275e-009
2.331285672144798e-008	3.218826e-008	3.792728e-008	8.989566e-006	1.156986e-005	1.172441e-009
2.331857100716228e-008	3.215893e-008	3.789275e-008	8.989031e-006	1.156933e-005	1.171607e-009
2.332428529287657e-008	3.212962e-008	3.785825e-008	8.988507e-006	1.156881e-005	1.170773e-009
2.332999957859086e-008	3.210033e-008	3.782378e-008	8.987994e-006	1.156830e-005	1.169938e-009
2.333571386430515e-008	3.207107e-008	3.778932e-008	8.987491e-006	1.156780e-005	1.169104e-009
2.334142815001945e-008	3.204182e-008	3.775489e-008	8.986999e-006	1.156731e-005	1.168270e-009
2.334599957859088e-008	3.201845e-008	3.772737e-008	8.986616e-006	1.156693e-005	1.167602e-009
2.335057100716231e-008	3.199510e-008	3.769987e-008	8.986243e-006	1.156656e-005	1.166935e-009
2.335514243573375e-008	3.197178e-008	3.767240e-008	8.985881e-006	1.156620e-005	1.166268e-009
2.335971386430518e-008	3.194848e-008	3.764495e-008	8.985528e-006	1.156585e-005	1.165600e-009
2.336428529287662e-008	3.192520e-008	3.761753e-008	8.985186e-006	1.156551e-005	1.164933e-009
2.336885672144805e-008	3.190196e-008	3.759013e-008	8.984854e-006	1.156518e-005	1.164266e-009
2.337342815001948e-008	3.187873e-008	3.756276e-008	8.984532e-006	1.156485e-005	1.163599e-009
2.337542815001948e-008	3.186859e-008	3.755079e-008	8.984395e-006	1.156472e-005	1.163307e-009
2.338342815001949e-008	3.182803e-008	3.750298e-008	8.983868e-006	1.156419e-005	1.162140e-009
2.339142815001950e-008	3.178761e-008	3.745528e-008	8.983378e-006	1.156370e-005	1.160973e-009
2.339942815001951e-008	3.174732e-008	3.740772e-008	8.982924e-006	1.156324e-005	1.159808e-009
2.340742815001952e-008	3.170716e-008	3.736028e-008	8.982505e-006	1.156281e-005	1.158642e-009
2.341542815001953e-008	3.166713e-008	3.731297e-008	8.982123e-006	1.156243e-005	1.157478e-009
2.342342815001954e-008	3.162722e-008	3.726579e-008	8.981777e-006	1.156207e-005	1.156314e-009
2.343142815001955e-008	3.158745e-008	3.721873e-008	8.981468e-006	1.156176e-005	1.155151e-009
2.344228529287670e-008	3.153374e-008	3.715511e-008	8.981113e-006	1.156139e-005	1.153574e-009
2.345314243573386e-008	3.148037e-008	3.709184e-008	8.980809e-006	1.156107e-005	1.151999e-009
2.346399957859102e-008	3.142735e-008	3.702891e-008	8.980556e-006	1.156081e-005	1.150426e-009
2.347485672144817e-008	3.137468e-008	3.696632e-008	8.980354e-006	1.156059e-005	1.148856e-009
2.348571386430532e-008	3.132236e-008	3.690407e-008	8.980203e-006	1.156043e-005	1.147288e-009
2.349657100716248e-008	3.127039e-008	3.684217e-008	8.980103e-006	1.156031e-005	1.145722e-009
2.350742815001963e-008	3.121876e-008	3.678061e-008	8.980053e-006	1.156024e-005	1.144158e-009
2.351442815001964e-008	3.118570e-008	3.674114e-008	8.980036e-006	1.156021e-005	1.143151e-009
2.352142815001965e-008	3.115280e-008	3.670183e-008	8.980028e-006	1.156020e-005	1.142146e-009
2.352842815001966e-008	3.112005e-008	3.666267e-008	8.980030e-006	1.156019e-005	1.141141e-009
2.353542815001967e-008	3.108747e-008	3.662368e-008	8.980041e-006	1.156019e-005	1.140138e-009
2.354242815001967e-008	3.105505e-008	3.658485e-008	8.980063e-006	1.156020e-005	1.139136e-009
2.354942815001968e-008	3.102278e-008	3.654617e-008	8.980094e-006	1.156022e-005	1.138135e-009
2.355642815001969e-008	3.099068e-008	3.650766e-008	8.980135e-006	1.156026e-005	1.137135e-009
2.355742815001969e-008	3.098610e-008	3.650217e-008	8.980141e-006	1.156026e-005	1.136992e-009
2.356514243573399e-008	3.095093e-008	3.645994e-008	8.980193e-006	1.156030e-005	1.135892e-009
2.357285672144828e-008	3.091595e-008	3.641790e-008	8.980248e-006	1.156035e-005	1.134792e-009
2.358057100716257e-008	3.088114e-008	3.637605e-008	8.980306e-006	1.156040e-005	1.133695e-009
2.358828529287687e-008	3.084652e-008	3.633438e-008	8.980365e-006	1.156045e-005	1.132598e-009
2.359599957859116e-008	3.081208e-008	3.629290e-008	8.980427e-006	1.156050e-005	1.131503e-009
2.360371386430546e-008	3.077783e-008	3.625161e-008	8.980492e-006	1.156056e-005	1.130409e-009
2.361142815001975e-008	3.074375e-008	3.621050e-008	8.980558e-006	1.156062e-005	1.129316e-009
2.361542815001976e-008	3.072615e-008	3.618926e-008	8.980591e-006	1.156065e-005	1.128750e-009
2.361942815001976e-008	3.070859e-008	3.616806e-008	8.980623e-006	1.156068e-005	1.128184e-009
2.362342815001977e-008	3.069108e-008	3.614691e-008	8.980654e-006	1.156071e-005	1.127619e-009
2.362742815001977e-008	3.067361e-008	3.612580e-008	8.980685e-006	1.156073e-005	1.127054e-009
2.363142815001978e-008	3.065619e-008	3.610474e-008	8.980715e-006	1.156076e-005	1.126489e-009
2.363542815001978e-008	3.063881e-008	3.608373e-008	8.980744e-006	1.156079e-005	1.125924e-009
2.363942815001978e-008	3.062147e-008	3.606276e-008	8.980773e-006	1.156081e-005	1.125360e-009
2.364242815001979e-008	3.060849e-008	3.604706e-008	8.980794e-006	1.156083e-005	1.124937e-009
2.364785672144836e-008	3.058508e-008	3.601873e-008	8.980829e-006	1.156087e-005	1.124173e-009
2.365328529287694e-008	3.056174e-008	3.599047e-008	8.980862e-006	1.156090e-005	1.123408e-009
2.365871386430552e-008	3.053846e-008	3.596228e-008	8.980892e-006	1.156092e-005	1.122645e-009
2.366414243573410e-008	3.051527e-008	3.593418e-008	8.980920e-006	1.156095e-005	1.121881e-009
2.366957100716267e-008	3.049214e-008	3.590615e-008	8.980944e-006	1.156097e-005	1.121119e-009
2.367499957859125e-008	3.046908e-008	3.587820e-008	8.980965e-006	1.156099e-005	1.120357e-009
2.368042815001983e-008	3.044610e-008	3.585032e-008	8.980984e-006	1.156101e-005	1.119595e-009
2.368342815001983e-008	3.043343e-008	3.583495e-008	8.980992e-006	1.156102e-005	1.119174e-009
2.368642815001984e-008	3.042077e-008	3.581960e-008	8.981000e-006	1.156103e-005	1.118754e-009
2.368942815001984e-008	3.040814e-008	3.580426e-008	8.981006e-006	1.156103e-005	1.118333e-009
2.369242815001984e-008	3.039552e-008	3.578895e-008	8.981012e-006	1.156104e-005	1.117913e-009
2.369542815001985e-008	3.038293e-008	3.577366e-008	8.981016e-006	1.156104e-005	1.117493e-009
2.369842815001985e-008	3.037035e-008	3.575840e-008	8.981019e-006	1.156104e-005	1.117073e-009
2.370142815001985e-008	3.035779e-008	3.574315e-008	8.981021e-006	1.156105e-005	1.116653e-009
2.370242815001986e-008	3.035361e-008	3.573807e-008	8.981021e-006	1.156105e-005	1.116513e-009
2.370342815001986e-008	3.034943e-008	3.573300e-008	8.981022e-006	1.156105e-005	1.116373e-009
2.370542815001986e-008	3.034108e-008	3.572285e-008	8.981022e-006	1.156105e-005	1.116094e-009
2.370771386430557e-008	3.033154e-008	3.571127e-008	8.981021e-006	1.156105e-005	1.115774e-009
2.370999957859129e-008	3.032202e-008	3.569970e-008	8.981020e-006	1.156105e-005	1.115454e-009
2.371228529287701e-008	3.031250e-008	3.568814e-008	8.981017e-006	1.156104e-005	1.115135e-009
2.371457100716273e-008	3.030299e-008	3.567659e-008	8.981014e-006	1.156104e-005	1.114815e-009
2.371685672144844e-008	3.029350e-008	3.566505e-008	8.981009e-006	1.156104e-005	1.114496e-009
2.371914243573416e-008	3.028401e-008	3.565352e-008	8.981004e-006	1.156103e-005	1.114177e-009
2.372142815001988e-008	3.027454e-008	3.564201e-008	8.980998e-006	1.156103e-005	1.113858e-009
2.372214243573416e-008	3.027158e-008	3.563841e-008	8.980996e-006	1.156102e-005	1.113758e-009
2.372285672144845e-008	3.026862e-008	3.563481e-008	8.980993e-006	1.156102e-005	1.113658e-009
2.372357100716274e-008	3.026566e-008	3.563122e-008	8.980990e-006	1.156102e-005	1.113558e-009
2.372428529287702e-008	3.026271e-008	3.562763e-008	8.980988e-006	1.156102e-005	1.113459e-009
2.372499957859131e-008	3.025975e-008	3.562403e-008	8.980985e-006	1.156102e-005	1.113359e-009
2.372571386430560e-008	3.025680e-008	3.562044e-008	8.980983e-006	1.156101e-005	1.113259e-009
2.372642815001988e-008	3.025384e-008	3.561685e-008	8.980980e-006	1.156101e-005	1.113160e-009
2.372742815001988e-008	3.024971e-008	3.561183e-008	8.980976e-006	1.156101e-005	1.113020e-009
2.372779811090595e-008	3.024818e-008	3.560997e-008	8.980974e-006	1.156100e-005	1.112968e-009
2.372791325225273e-008	3.024771e-008	3.560939e-008	8.980973e-006	1.156100e-005	1.112952e-009
2.372802703255780e-008	3.024724e-008	3.560882e-008	8.980973e-006	1.156100e-005	1.112937e-009
2.372804170267071e-008	3.024718e-008	3.560875e-008	8.980973e-006	1.156100e-005	1.112934e-009
2.372804777527404e-008	3.024715e-008	3.560872e-008	8.980973e-006	1.156100e-005	1.112934e-009
2.372805273009220e-008	3.024713e-008	3.560869e-008	8.980973e-006	1.156100e-005	1.112933e-009
2.372805916894742e-008	3.024710e-008	3.560866e-008	8.980973e-006	1.156100e-005	1.112932e-009
2.372806633122796e-008	3.024708e-008	3.560862e-008	8.980973e-006	1.156100e-005	1.112931e-009
2.372807346012983e-008	3.024704e-008	3.560859e-008	8.980972e-006	1.156100e-005	1.112930e-009
2.372808033645820e-008	3.024702e-008	3.560855e-008	8.980972e-006	1.156100e-005	1.112929e-009
2.372808718995637e-008	3.024699e-008	3.560852e-008	8.980972e-006	1.156100e-005	1.112928e-009
2.372809405023141e-008	3.024696e-008	3.560848e-008	8.980972e-006	1.156100e-005	1.112927e-009
2.372810095675112e-008	3.024693e-008	3.560845e-008	8.980972e-006	1.156100e-005	1.112926e-009
2.372810784490057e-008	3.024690e-008	3.560842e-008	8.980972e-006	1.156100e-005	1.112925e-009
2.372811474317049e-008	3.024687e-008	3.560838e-008	8.980972e-006	1.156100e-005	1.112924e-009
2.372812269641317e-008	3.024684e-008	3.560834e-008	8.980972e-006	1.156100e-005	1.112923e-009
2.372813169615499e-008	3.024681e-008	3.560829e-008	8.980972e-006	1.156100e-005	1.112922e-009
2.372814234125143e-008	3.024676e-008	3.560824e-008	8.980972e-006	1.156100e-005	1.112920e-009
2.372816977692428e-008	3.024665e-008	3.560810e-008	8.980972e-006	1.156100e-005	1.112917e-009
2.372828416751263e-008	3.024617e-008	3.560753e-008	8.980971e-006	1.156100e-005	1.112901e-009
2.372839855810098e-008	3.024570e-008	3.560696e-008	8.980971e-006	1.156100e-005	1.112885e-009
2.372851294868934e-008	3.024523e-008	3.560638e-008	8.980970e-006	1.156100e-005	1.112869e-009
2.372862733927769e-008	3.024476e-008	3.560581e-008	8.980970e-006	1.156100e-005	1.112853e-009
2.372874172986605e-008	3.024428e-008	3.560523e-008	8.980969e-006	1.156100e-005	1.112837e-009
2.372885612045440e-008	3.024381e-008	3.560466e-008	8.980969e-006	1.156100e-005	1.112821e-009
2.372897051104275e-008	3.024334e-008	3.560409e-008	8.980968e-006	1.156100e-005	1.112805e-009
2.373493703559320e-008	3.021874e-008	3.557417e-008	8.980935e-006	1.156097e-005	1.111973e-009
2.374090356014364e-008	3.019419e-008	3.554432e-008	8.980892e-006	1.156093e-005	1.111141e-009
2.374687008469408e-008	3.016969e-008	3.551452e-008	8.980842e-006	1.156088e-005	1.110309e-009
2.375283660924452e-008	3.014524e-008	3.548479e-008	8.980783e-006	1.156083e-005	1.109478e-009
2.375880313379496e-008	3.012085e-008	3.545512e-008	8.980716e-006	1.156076e-005	1.108647e-009
2.376476965834540e-008	3.009651e-008	3.542551e-008	8.980640e-006	1.156069e-005	1.107817e-009
2.377073618289584e-008	3.007223e-008	3.539597e-008	8.980556e-006	1.156061e-005	1.106987e-009
2.377930761146728e-008	3.003742e-008	3.535362e-008	8.980421e-006	1.156048e-005	1.105795e-009
2.378787904003872e-008	3.000269e-008	3.531136e-008	8.980270e-006	1.156034e-005	1.104604e-009
2.379645046861016e-008	2.996802e-008	3.526919e-008	8.980105e-006	1.156018e-005	1.103413e-009
2.380502189718159e-008	2.993343e-008	3.522710e-008	8.979924e-006	1.156001e-005	1.102223e-009
2.381359332575303e-008	2.989891e-008	3.518511e-008	8.979727e-006	1.155982e-005	1.101033e-009
2.382216475432447e-008	2.986446e-008	3.514320e-008	8.979515e-006	1.155962e-005	1.099844e-009
2.383073618289591e-008	2.983008e-008	3.510138e-008	8.979288e-006	1.155940e-005	1.098655e-009
2.383173618289591e-008	2.982607e-008	3.509650e-008	8.979261e-006	1.155937e-005	1.098516e-009
2.384816475432450e-008	2.976036e-008	3.501659e-008	8.978780e-006	1.155891e-005	1.096239e-009
2.386459332575309e-008	2.969474e-008	3.493682e-008	8.978253e-006	1.155841e-005	1.093962e-009
2.388102189718168e-008	2.962921e-008	3.485720e-008	8.977680e-006	1.155785e-005	1.091686e-009
2.389745046861027e-008	2.956377e-008	3.477772e-008	8.977062e-006	1.155725e-005	1.089409e-009
2.391387904003886e-008	2.949841e-008	3.469837e-008	8.976397e-006	1.155661e-005	1.087133e-009
2.393030761146745e-008	2.943313e-008	3.461918e-008	8.975687e-006	1.155592e-005	1.084858e-009
2.394673618289604e-008	2.936794e-008	3.454012e-008	8.974931e-006	1.155519e-005	1.082582e-009
2.397259332575321e-008	2.926537e-008	3.441582e-008	8.973656e-006	1.155395e-005	1.079001e-009
2.399845046861039e-008	2.916263e-008	3.429145e-008	8.972300e-006	1.155262e-005	1.075416e-009
2.402430761146756e-008	2.905972e-008	3.416700e-008	8.970862e-006	1.155122e-005	1.071830e-009
2.405016475432473e-008	2.895665e-008	3.404247e-008	8.969344e-006	1.154973e-005	1.068240e-009
2.407602189718190e-008	2.885340e-008	3.391786e-008	8.967745e-006	1.154815e-005	1.064648e-009
2.410187904003907e-008	2.875000e-008	3.379318e-008	8.966065e-006	1.154650e-005	1.061054e-009
2.412773618289625e-008	2.864642e-008	3.366842e-008	8.964304e-006	1.154475e-005	1.057456e-009
2.413173618289625e-008	2.863036e-008	3.364908e-008	8.964027e-006	1.154448e-005	1.056900e-009
2.415289767155637e-008	2.854529e-008	3.354671e-008	8.962533e-006	1.154300e-005	1.053952e-009
2.417405916021650e-008	2.846000e-008	3.344416e-008	8.961001e-006	1.154148e-005	1.051002e-009
2.419522064887662e-008	2.837450e-008	3.334142e-008	8.959431e-006	1.153992e-005	1.048048e-009
2.421638213753674e-008	2.828878e-008	3.323850e-008	8.957823e-006	1.153831e-005	1.045092e-009
2.423754362619686e-008	2.820284e-008	3.313540e-008	8.956178e-006	1.153667e-005	1.042134e-009
2.425870511485698e-008	2.811669e-008	3.303212e-008	8.954494e-006	1.153499e-005	1.039172e-009
2.427986660351711e-008	2.803033e-008	3.292865e-008	8.952773e-006	1.153326e-005	1.036208e-009
2.427999909430638e-008	2.802979e-008	3.292800e-008	8.952762e-006	1.153325e-005	1.036190e-009
2.428002983972426e-008	2.802966e-008	3.292785e-008	8.952759e-006	1.153325e-005	1.036185e-009
2.428004403195711e-008	2.802961e-008	3.292778e-008	8.952759e-006	1.153325e-005	1.036183e-009
2.428004902348226e-008	2.802959e-008	3.292775e-008	8.952759e-006	1.153325e-005	1.036183e-009
2.428005320443506e-008	2.802957e-008	3.292774e-008	8.952758e-006	1.153325e-005	1.036182e-009
2.428027189292386e-008	2.802867e-008	3.292667e-008	8.952738e-006	1.153323e-005	1.036151e-009
2.428049058141265e-008	2.802778e-008	3.292559e-008	8.952715e-006	1.153321e-005	1.036121e-009
2.428070926990145e-008	2.802689e-008	3.292452e-008	8.952691e-006	1.153319e-005	1.036090e-009
2.428092795839025e-008	2.802599e-008	3.292345e-008	8.952664e-006	1.153318e-005	1.036059e-009
2.428114664687904e-008	2.802510e-008	3.292238e-008	8.952635e-006	1.153316e-005	1.036029e-009
2.428136533536784e-008	2.802420e-008	3.292131e-008	8.952604e-006	1.153314e-005	1.035998e-009
2.428158402385664e-008	2.802330e-008	3.292024e-008	8.952571e-006	1.153312e-005	1.035967e-009
2.428258402385664e-008	2.801921e-008	3.291535e-008	8.952455e-006	1.153304e-005	1.035827e-009
2.428358402385664e-008	2.801512e-008	3.291046e-008	8.952377e-006	1.153296e-005	1.035687e-009
2.428458402385664e-008	2.801103e-008	3.290556e-008	8.952349e-006	1.153288e-005	1.035547e-009
2.428558402385664e-008	2.800694e-008	3.290066e-008	8.952382e-006	1.153279e-005	1.035407e-009
2.428658402385664e-008	2.800287e-008	3.289575e-008	8.952486e-006	1.153271e-005	1.035267e-009
2.428758402385665e-008	2.799882e-008	3.289083e-008	8.952673e-006	1.153263e-005	1.035126e-009
2.428858402385665e-008	2.799478e-008	3.288591e-008	8.952959e-006	1.153255e-005	1.034986e-009
2.428958402385665e-008	2.799078e-008	3.288098e-008	8.953356e-006	1.153247e-005	1.034846e-009
2.429058402385665e-008	2.798681e-008	3.287602e-008	8.953881e-006	1.153239e-005	1.034706e-009
2.429158402385665e-008	2.798290e-008	3.287105e-008	8.954548e-006	1.153231e-005	1.034567e-009
2.429258402385665e-008	2.797903e-008	3.286606e-008	8.955374e-006	1.153223e-005	1.034427e-009
2.429358402385665e-008	2.797523e-008	3.286105e-008	8.956374e-006	1.153216e-005	1.034287e-009
2.429558402385665e-008	2.796787e-008	3.285092e-008	8.958951e-006	1.153200e-005	1.034009e-009
2.429758402385666e-008	2.796092e-008	3.284064e-008	8.962390e-006	1.153185e-005	1.033732e-009
2.430058402385666e-008	2.795148e-008	3.282485e-008	8.969359e-006	1.153163e-005	1.033318e-009
2.430358402385666e-008	2.794360e-008	3.280850e-008	8.978691e-006	1.153141e-005	1.032909e-009
2.430658402385667e-008	2.793768e-008	3.279143e-008	8.990515e-006	1.153120e-005	1.032505e-009
2.430858402385667e-008	2.793504e-008	3.277959e-008	8.999805e-006	1.153106e-005	1.032240e-009
2.431058402385667e-008	2.793359e-008	3.276734e-008	9.010216e-006	1.153092e-005	1.031978e-009
2.431158402385667e-008	2.793335e-008	3.276104e-008	9.015837e-006	1.153085e-005	1.031848e-009
2.431258402385667e-008	2.793345e-008	3.275462e-008	9.021733e-006	1.153079e-005	1.031719e-009
2.431358402385668e-008	2.793386e-008	3.274808e-008	9.027875e-006	1.153072e-005	1.031591e-009
2.431420892033344e-008	2.793432e-008	3.274394e-008	9.031862e-006	1.153068e-005	1.031511e-009
2.431496708502511e-008	2.793509e-008	3.273883e-008	9.036859e-006	1.153063e-005	1.031416e-009
2.431550152667843e-008	2.793576e-008	3.273518e-008	9.040475e-006	1.153059e-005	1.031348e-009
2.431610801625784e-008	2.793665e-008	3.273101e-008	9.044656e-006	1.153055e-005	1.031273e-009
2.431627840692979e-008	2.793692e-008	3.272982e-008	9.045842e-006	1.153054e-005	1.031251e-009
2.431631598469612e-008	2.793698e-008	3.272956e-008	9.046104e-006	1.153054e-005	1.031247e-009
2.431633535761609e-008	2.793701e-008	3.272942e-008	9.046241e-006	1.153054e-005	1.031244e-009
2.431634199113804e-008	2.793703e-008	3.272938e-008	9.046287e-006	1.153054e-005	1.031243e-009
2.431716232517280e-008	2.793860e-008	3.272360e-008	9.052104e-006	1.153048e-005	1.031142e-009
2.431798265920755e-008	2.794045e-008	3.271772e-008	9.058033e-006	1.153043e-005	1.031041e-009
2.431880299324230e-008	2.794258e-008	3.271175e-008	9.064075e-006	1.153037e-005	1.030941e-009
2.431962332727706e-008	2.794499e-008	3.270569e-008	9.070230e-006	1.153032e-005	1.030842e-009
2.432044366131181e-008	2.794768e-008	3.269952e-008	9.076497e-006	1.153027e-005	1.030744e-009
2.432126399534656e-008	2.795065e-008	3.269327e-008	9.082877e-006	1.153022e-005	1.030646e-009
2.432208432938132e-008	2.795390e-008	3.268692e-008	9.089370e-006	1.153016e-005	1.030549e-009
2.432508432938132e-008	2.796849e-008	3.266278e-008	9.114083e-006	1.152997e-005	1.030203e-009
2.432737004366704e-008	2.798226e-008	3.264349e-008	9.133959e-006	1.152983e-005	1.029947e-009
2.432965575795276e-008	2.799881e-008	3.262329e-008	9.154604e-006	1.152969e-005	1.029699e-009
2.433194147223847e-008	2.801812e-008	3.260218e-008	9.176019e-006	1.152956e-005	1.029459e-009
2.433422718652419e-008	2.804019e-008	3.258016e-008	9.198202e-006	1.152942e-005	1.029227e-009
2.433651290080990e-008	2.806504e-008	3.255723e-008	9.221155e-006	1.152929e-005	1.029003e-009
2.433879861509562e-008	2.809265e-008	3.253340e-008	9.244878e-006	1.152916e-005	1.028787e-009
2.434108432938134e-008	2.812303e-008	3.250866e-008	9.269369e-006	1.152904e-005	1.028579e-009
2.434222718652420e-008	2.813942e-008	3.249590e-008	9.281849e-006	1.152897e-005	1.028478e-009
2.434337004366705e-008	2.815659e-008	3.248290e-008	9.294489e-006	1.152891e-005	1.028380e-009
2.434451290080991e-008	2.817453e-008	3.246964e-008	9.307288e-006	1.152885e-005	1.028285e-009
2.434565575795277e-008	2.819326e-008	3.245614e-008	9.320246e-006	1.152879e-005	1.028191e-009
2.434679861509563e-008	2.821276e-008	3.244240e-008	9.333364e-006	1.152873e-005	1.028100e-009
2.434794147223849e-008	2.823304e-008	3.242840e-008	9.346641e-006	1.152867e-005	1.028011e-009
2.434908432938135e-008	2.825410e-008	3.241415e-008	9.360077e-006	1.152861e-005	1.027924e-009
2.435008432938135e-008	2.827308e-008	3.240151e-008	9.371930e-006	1.152856e-005	1.027850e-009
2.435036500380263e-008	2.827852e-008	3.239793e-008	9.375277e-006	1.152855e-005	1.027830e-009
2.435059589004150e-008	2.828305e-008	3.239496e-008	9.378045e-006	1.152853e-005	1.027813e-009
2.435091953786402e-008	2.828947e-008	3.239079e-008	9.381963e-006	1.152852e-005	1.027790e-009
2.435125442123945e-008	2.829621e-008	3.238643e-008	9.386065e-006	1.152850e-005	1.027766e-009
2.435192418799030e-008	2.830992e-008	3.237765e-008	9.394380e-006	1.152847e-005	1.027720e-009
2.435292418799030e-008	2.833089e-008	3.236438e-008	9.407012e-006	1.152842e-005	1.027652e-009
2.435392418799030e-008	2.835246e-008	3.235091e-008	9.419912e-006	1.152837e-005	1.027585e-009
2.435492418799031e-008	2.837472e-008	3.233723e-008	9.433108e-006	1.152832e-005	1.027521e-009
2.435592418799031e-008	2.839768e-008	3.232333e-008	9.446603e-006	1.152827e-005	1.027459e-009
2.435692418799031e-008	2.842134e-008	3.230920e-008	9.460397e-006	1.152822e-005	1.027398e-009
2.435792418799031e-008	2.844573e-008	3.229484e-008	9.474491e-006	1.152817e-005	1.027340e-009
2.435892418799031e-008	2.847073e-008	3.228028e-008	9.488829e-006	1.152812e-005	1.027284e-009
2.435920486231936e-008	2.847788e-008	3.227615e-008	9.492906e-006	1.152811e-005	1.027269e-009
2.435943705283318e-008	2.848386e-008	3.227271e-008	9.496306e-006	1.152810e-005	1.027256e-009
2.436009393489137e-008	2.850107e-008	3.226290e-008	9.506031e-006	1.152806e-005	1.027222e-009
2.436076246576547e-008	2.851897e-008	3.225280e-008	9.516071e-006	1.152804e-005	1.027188e-009
2.436176246576547e-008	2.854634e-008	3.223749e-008	9.531297e-006	1.152808e-005	1.027138e-009
2.436276246576547e-008	2.857443e-008	3.222198e-008	9.546770e-006	1.152820e-005	1.027091e-009
2.436376246576547e-008	2.860332e-008	3.220622e-008	9.562502e-006	1.152842e-005	1.027047e-009
2.436476246576547e-008	2.863301e-008	3.219023e-008	9.578482e-006	1.152876e-005	1.027005e-009
2.436576246576547e-008	2.866351e-008	3.217401e-008	9.594693e-006	1.152921e-005	1.026965e-009
2.436676246576547e-008	2.869483e-008	3.215758e-008	9.611124e-006	1.152981e-005	1.026928e-009
2.436776246576548e-008	2.872698e-008	3.214092e-008	9.627759e-006	1.153055e-005	1.026894e-009
2.436876246576548e-008	2.875995e-008	3.212406e-008	9.644582e-006	1.153146e-005	1.026863e-009
2.436976246576548e-008	2.879375e-008	3.210700e-008	9.661576e-006	1.153255e-005	1.026834e-009
2.437076246576548e-008	2.882839e-008	3.208975e-008	9.678726e-006	1.153384e-005	1.026808e-009
2.437176246576548e-008	2.886386e-008	3.207233e-008	9.696016e-006	1.153534e-005	1.026785e-009
2.437276246576548e-008	2.890015e-008	3.205475e-008	9.713432e-006	1.153707e-005	1.026764e-009
2.437376246576548e-008	2.893728e-008	3.203701e-008	9.730958e-006	1.153904e-005	1.026747e-009
2.437576246576548e-008	2.901399e-008	3.200116e-008	9.766291e-006	1.154379e-005	1.026722e-009
2.437676246576549e-008	2.905357e-008	3.198307e-008	9.784074e-006	1.154658e-005	1.026714e-009
2.437776246576549e-008	2.909396e-008	3.196490e-008	9.801919e-006	1.154968e-005	1.026709e-009
2.437876246576549e-008	2.913515e-008	3.194667e-008	9.819818e-006	1.155308e-005	1.026707e-009
2.438076246576549e-008	2.921991e-008	3.191009e-008	9.855741e-006	1.156086e-005	1.026714e-009
2.438276246576549e-008	2.930778e-008	3.187349e-008	9.891785e-006	1.156998e-005	1.026734e-009
2.438476246576549e-008	2.939869e-008	3.183704e-008	9.927907e-006	1.158047e-005	1.026768e-009
2.438676246576550e-008	2.949256e-008	3.180091e-008	9.964071e-006	1.159236e-005	1.026816e-009
2.438876246576550e-008	2.958932e-008	3.176525e-008	1.000025e-005	1.160565e-005	1.026879e-009
2.438976246576550e-008	2.963875e-008	3.174765e-008	1.001834e-005	1.161282e-005	1.026916e-009
2.439076246576550e-008	2.968881e-008	3.173022e-008	1.003643e-005	1.162030e-005	1.026956e-009
2.439133159610436e-008	2.971761e-008	3.172039e-008	1.004673e-005	1.162473e-005	1.026981e-009
2.439203913732627e-008	2.975375e-008	3.170826e-008	1.005952e-005	1.163040e-005	1.027014e-009
2.439247303079483e-008	2.977607e-008	3.170089e-008	1.006737e-005	1.163396e-005	1.027035e-009
2.439299422007129e-008	2.980305e-008	3.169208e-008	1.007679e-005	1.163831e-005	1.027061e-009
2.439315156086581e-008	2.981122e-008	3.168944e-008	1.007963e-005	1.163963e-005	1.027069e-009
2.439319857694973e-008	2.981367e-008	3.168865e-008	1.008048e-005	1.164003e-005	1.027072e-009
2.439322697668894e-008	2.981515e-008	3.168817e-008	1.008100e-005	1.164027e-005	1.027073e-009
2.439323927634930e-008	2.981579e-008	3.168796e-008	1.008122e-005	1.164038e-005	1.027074e-009
2.439453529419820e-008	2.988402e-008	3.166641e-008	1.010464e-005	1.165158e-005	1.027146e-009
2.439583131204711e-008	2.995328e-008	3.164536e-008	1.012804e-005	1.166317e-005	1.027224e-009
2.439712732989601e-008	3.002359e-008	3.162483e-008	1.015143e-005	1.167515e-005	1.027310e-009
2.439842334774491e-008	3.009493e-008	3.160480e-008	1.017479e-005	1.168751e-005	1.027402e-009
2.439971936559382e-008	3.016731e-008	3.158528e-008	1.019813e-005	1.170027e-005	1.027501e-009
2.440101538344272e-008	3.024073e-008	3.156627e-008	1.022145e-005	1.171340e-005	1.027607e-009
2.440231140129163e-008	3.031518e-008	3.154776e-008	1.024475e-005	1.172693e-005	1.027719e-009
2.440388282986306e-008	3.040684e-008	3.152614e-008	1.027297e-005	1.174385e-005	1.027865e-009
2.440545425843449e-008	3.049985e-008	3.150558e-008	1.030113e-005	1.176130e-005	1.028022e-009
2.440702568700592e-008	3.059423e-008	3.148610e-008	1.032923e-005	1.177929e-005	1.028189e-009
2.440859711557735e-008	3.068997e-008	3.146769e-008	1.035727e-005	1.179781e-005	1.028367e-009
2.441016854414878e-008	3.078706e-008	3.145035e-008	1.038525e-005	1.181685e-005	1.028556e-009
2.441173997272021e-008	3.088551e-008	3.143409e-008	1.041317e-005	1.183643e-005	1.028756e-009
2.441331140129164e-008	3.098532e-008	3.141889e-008	1.044103e-005	1.185653e-005	1.028966e-009
2.441631140129164e-008	3.117919e-008	3.139357e-008	1.049396e-005	1.189627e-005	1.029398e-009
2.441731140129164e-008	3.124479e-008	3.138617e-008	1.051153e-005	1.190992e-005	1.029552e-009
2.441831140129164e-008	3.131079e-008	3.137922e-008	1.052907e-005	1.192372e-005	1.029708e-009
2.441859207558995e-008	3.132940e-008	3.137737e-008	1.053399e-005	1.192763e-005	1.029753e-009
2.441882245466018e-008	3.134471e-008	3.137590e-008	1.053802e-005	1.193086e-005	1.029790e-009
2.441914651982810e-008	3.136631e-008	3.137389e-008	1.054369e-005	1.193545e-005	1.029843e-009
2.441948165871471e-008	3.138871e-008	3.137190e-008	1.054954e-005	1.194025e-005	1.029898e-009
2.442015193648791e-008	3.143367e-008	3.136815e-008	1.056123e-005	1.194999e-005	1.030011e-009
2.442115193648791e-008	3.150108e-008	3.136299e-008	1.057865e-005	1.196481e-005	1.030181e-009
2.442215193648792e-008	3.156889e-008	3.135841e-008	1.059602e-005	1.197997e-005	1.030357e-009
2.442315193648792e-008	3.163712e-008	3.135447e-008	1.061334e-005	1.199551e-005	1.030537e-009
2.442415193648792e-008	3.170576e-008	3.135119e-008	1.063062e-005	1.201143e-005	1.030721e-009
2.442515193648792e-008	3.177479e-008	3.134860e-008	1.064784e-005	1.202776e-005	1.030911e-009
2.442615193648792e-008	3.184421e-008	3.134672e-008	1.066502e-005	1.204448e-005	1.031105e-009
2.442715193648792e-008	3.191400e-008	3.134556e-008	1.068214e-005	1.206159e-005	1.031304e-009
2.442815193648792e-008	3.198415e-008	3.134516e-008	1.069921e-005	1.207910e-005	1.031508e-009
2.442915193648792e-008	3.205466e-008	3.134553e-008	1.071623e-005	1.209700e-005	1.031717e-009
2.443015193648792e-008	3.212550e-008	3.134670e-008	1.073318e-005	1.211529e-005	1.031931e-009
2.443115193648793e-008	3.219666e-008	3.134868e-008	1.075008e-005	1.213396e-005	1.032150e-009
2.443215193648793e-008	3.226814e-008	3.135150e-008	1.076692e-005	1.215299e-005	1.032375e-009
2.443315193648793e-008	3.233992e-008	3.135517e-008	1.078369e-005	1.217239e-005	1.032604e-009
2.443415193648793e-008	3.241200e-008	3.135973e-008	1.080041e-005	1.219213e-005	1.032838e-009
2.443515193648793e-008	3.248435e-008	3.136516e-008	1.081706e-005	1.221221e-005	1.033078e-009
2.443615193648793e-008	3.255698e-008	3.137151e-008	1.083364e-005	1.223260e-005	1.033323e-009
2.443715193648793e-008	3.262986e-008	3.137878e-008	1.085016e-005	1.225330e-005	1.033573e-009
2.443915193648794e-008	3.277638e-008	3.139616e-008	1.088299e-005	1.229553e-005	1.034089e-009
2.444115193648794e-008	3.292384e-008	3.141739e-008	1.091554e-005	1.233875e-005	1.034627e-009
2.444415193648794e-008	3.314663e-008	3.145665e-008	1.096383e-005	1.240512e-005	1.035473e-009
2.444715193648794e-008	3.337116e-008	3.150501e-008	1.101144e-005	1.247294e-005	1.036367e-009
2.444815193648795e-008	3.344636e-008	3.152318e-008	1.102716e-005	1.249581e-005	1.036676e-009
2.444915193648795e-008	3.352173e-008	3.154238e-008	1.104280e-005	1.251878e-005	1.036990e-009
2.445015193648795e-008	3.359726e-008	3.156261e-008	1.105835e-005	1.254184e-005	1.037310e-009
2.445115193648795e-008	3.367294e-008	3.158388e-008	1.107383e-005	1.256500e-005	1.037634e-009
2.445215193648795e-008	3.374878e-008	3.160620e-008	1.108923e-005	1.258823e-005	1.037965e-009
2.445315193648795e-008	3.382475e-008	3.162955e-008	1.110455e-005	1.261154e-005	1.038300e-009
2.445415193648795e-008	3.390087e-008	3.165395e-008	1.111978e-005	1.263491e-005	1.038641e-009
2.445515193648795e-008	3.397712e-008	3.167940e-008	1.113493e-005	1.265834e-005	1.038987e-009
2.445715193648796e-008	3.413000e-008	3.173344e-008	1.116498e-005	1.270535e-005	1.039695e-009
2.445915193648796e-008	3.428335e-008	3.179167e-008	1.119470e-005	1.275254e-005	1.040423e-009
2.446115193648796e-008	3.443713e-008	3.185409e-008	1.122407e-005	1.279988e-005	1.041173e-009
2.446315193648796e-008	3.459128e-008	3.192071e-008	1.125309e-005	1.284735e-005	1.041943e-009
2.446615193648797e-008	3.482317e-008	3.202850e-008	1.129598e-005	1.291872e-005	1.043136e-009
2.446915193648797e-008	3.505570e-008	3.214569e-008	1.133806e-005	1.299025e-005	1.044374e-009
2.447172336505940e-008	3.525560e-008	3.225372e-008	1.137350e-005	1.305175e-005	1.045472e-009
2.447429479363083e-008	3.545565e-008	3.236848e-008	1.140835e-005	1.311313e-005	1.046602e-009
2.447686622220226e-008	3.565584e-008	3.248998e-008	1.144260e-005	1.317439e-005	1.047763e-009
2.447943765077369e-008	3.585617e-008	3.261822e-008	1.147626e-005	1.323553e-005	1.048955e-009
2.448200907934513e-008	3.605663e-008	3.275319e-008	1.150932e-005	1.329655e-005	1.050178e-009
2.448458050791656e-008	3.625724e-008	3.289490e-008	1.154179e-005	1.335745e-005	1.051432e-009
2.448715193648799e-008	3.645799e-008	3.304334e-008	1.157366e-005	1.341823e-005	1.052718e-009
2.449343765077371e-008	3.694898e-008	3.343769e-008	1.164886e-005	1.356641e-005	1.056004e-009
2.449972336505943e-008	3.743765e-008	3.386517e-008	1.172081e-005	1.371057e-005	1.059435e-009
2.450600907934515e-008	3.792401e-008	3.432579e-008	1.178951e-005	1.385071e-005	1.063010e-009
2.451229479363087e-008	3.840807e-008	3.481955e-008	1.185497e-005	1.398682e-005	1.066730e-009
2.451858050791660e-008	3.888981e-008	3.534646e-008	1.191717e-005	1.411890e-005	1.070595e-009
2.452486622220232e-008	3.936925e-008	3.590650e-008	1.197613e-005	1.424696e-005	1.074604e-009
2.453115193648804e-008	3.984638e-008	3.649968e-008	1.203185e-005	1.437099e-005	1.078757e-009
2.453729479363090e-008	4.030872e-008	3.710461e-008	1.208351e-005	1.448593e-005	1.082921e-009
2.454343765077377e-008	4.076793e-008	3.772706e-008	1.213288e-005	1.459581e-005	1.087160e-009
2.454958050791663e-008	4.122401e-008	3.836704e-008	1.217997e-005	1.470064e-005	1.091474e-009
2.455572336505950e-008	4.167696e-008	3.902454e-008	1.222476e-005	1.480040e-005	1.095863e-009
2.456186622220236e-008	4.212678e-008	3.969957e-008	1.226727e-005	1.489511e-005	1.100326e-009
2.456800907934522e-008	4.257346e-008	4.039212e-008	1.230748e-005	1.498477e-005	1.104865e-009
2.457415193648809e-008	4.301701e-008	4.110220e-008	1.234540e-005	1.506936e-005	1.109479e-009
2.457615193648809e-008	4.316080e-008	4.133422e-008	1.235743e-005	1.509596e-005	1.110985e-009
2.457715193648809e-008	4.323257e-008	4.145065e-008	1.236336e-005	1.510907e-005	1.111740e-009
2.457815193648809e-008	4.330428e-008	4.156729e-008	1.236925e-005	1.512209e-005	1.112495e-009
2.457852693648809e-008	4.333115e-008	4.161112e-008	1.237143e-005	1.512693e-005	1.112779e-009
2.457902693648809e-008	4.336695e-008	4.166962e-008	1.237431e-005	1.513335e-005	1.113158e-009
2.457963918208080e-008	4.341075e-008	4.174134e-008	1.237784e-005	1.514117e-005	1.113622e-009
2.458327678497409e-008	4.367043e-008	4.216930e-008	1.239846e-005	1.518678e-005	1.116387e-009
2.458427678497410e-008	4.374165e-008	4.228743e-008	1.240404e-005	1.519910e-005	1.117149e-009
2.458455745930315e-008	4.376162e-008	4.232063e-008	1.240560e-005	1.520247e-005	1.117363e-009
2.458478962833835e-008	4.377810e-008	4.234816e-008	1.240688e-005	1.520503e-005	1.117541e-009
2.458544651115584e-008	4.382394e-008	4.242731e-008	1.241050e-005	1.521130e-005	1.118044e-009
2.458711502904883e-008	4.393402e-008	4.264219e-008	1.241958e-005	1.522363e-005	1.119355e-009
2.458811502904884e-008	4.399489e-008	4.278317e-008	1.242496e-005	1.522885e-005	1.120170e-009
2.458911502904884e-008	4.405047e-008	4.293736e-008	1.243030e-005	1.523229e-005	1.121018e-009
2.459011502904884e-008	4.409972e-008	4.310773e-008	1.243560e-005	1.523395e-005	1.121908e-009
2.459111502904884e-008	4.414161e-008	4.329727e-008	1.244085e-005	1.523383e-005	1.122848e-009
2.459211502904884e-008	4.417511e-008	4.350894e-008	1.244606e-005	1.523194e-005	1.123846e-009
2.459311502904884e-008	4.419920e-008	4.374570e-008	1.245122e-005	1.522827e-005	1.124910e-009
2.459524002904884e-008	4.421755e-008	4.433738e-008	1.246204e-005	1.521505e-005	1.127409e-009
2.459567752904884e-008	4.421408e-008	4.447890e-008	1.246424e-005	1.521125e-005	1.127977e-009
2.459592752904884e-008	4.421071e-008	4.456357e-008	1.246549e-005	1.520889e-005	1.128311e-009
2.459642752904884e-008	4.420156e-008	4.473953e-008	1.246798e-005	1.520386e-005	1.128998e-009
2.459698422507136e-008	4.418748e-008	4.494613e-008	1.247070e-005	1.519777e-005	1.129793e-009
2.459843853492300e-008	4.412906e-008	4.554564e-008	1.247757e-005	1.517930e-005	1.132031e-009
2.460043853492300e-008	4.399470e-008	4.652007e-008	1.248651e-005	1.514803e-005	1.135519e-009
2.460243853492300e-008	4.379116e-008	4.768782e-008	1.249484e-005	1.511003e-005	1.139539e-009
2.460343853492300e-008	4.366386e-008	4.834337e-008	1.249881e-005	1.508874e-005	1.141747e-009
2.460383330109940e-008	4.360871e-008	4.861595e-008	1.250033e-005	1.507992e-005	1.142657e-009
2.460394457690604e-008	4.359228e-008	4.869529e-008	1.250075e-005	1.507736e-005	1.142920e-009
2.460402463300072e-008	4.358018e-008	4.875314e-008	1.250105e-005	1.507550e-005	1.143112e-009
2.460412589825944e-008	4.356469e-008	4.882686e-008	1.250143e-005	1.507312e-005	1.143356e-009
2.460414324092670e-008	4.356201e-008	4.883954e-008	1.250150e-005	1.507272e-005	1.143398e-009
2.460414859639688e-008	4.356119e-008	4.884346e-008	1.250152e-005	1.507259e-005	1.143411e-009
2.460414956705446e-008	4.356103e-008	4.884418e-008	1.250152e-005	1.507257e-005	1.143413e-009
2.460414991674082e-008	4.356098e-008	4.884443e-008	1.250152e-005	1.507256e-005	1.143414e-009
2.460415038690004e-008	4.356091e-008	4.884478e-008	1.250153e-005	1.507255e-005	1.143415e-009
2.460415089356449e-008	4.356083e-008	4.884515e-008	1.250153e-005	1.507254e-005	1.143416e-009
2.460415142822393e-008	4.356075e-008	4.884554e-008	1.250153e-005	1.507252e-005	1.143417e-009
2.460415200242361e-008	4.356066e-008	4.884596e-008	1.250153e-005	1.507251e-005	1.143419e-009
2.460415263043500e-008	4.356056e-008	4.884642e-008	1.250153e-005	1.507250e-005	1.143420e-009
2.460415336030901e-008	4.356045e-008	4.884696e-008	1.250154e-005	1.507248e-005	1.143422e-009
2.460415419678748e-008	4.356032e-008	4.884757e-008	1.250154e-005	1.507246e-005	1.143424e-009
2.460415519437809e-008	4.356016e-008	4.884830e-008	1.250154e-005	1.507243e-005	1.143427e-009
2.460415638736727e-008	4.355998e-008	4.884918e-008	1.250155e-005	1.507241e-005	1.143429e-009
2.460415789253464e-008	4.355975e-008	4.885028e-008	1.250155e-005	1.507237e-005	1.143433e-009
2.460415984566717e-008	4.355944e-008	4.885171e-008	1.250156e-005	1.507232e-005	1.143438e-009
2.460416679938859e-008	4.355837e-008	4.885682e-008	1.250159e-005	1.507216e-005	1.143455e-009
2.460487528496261e-008	4.344128e-008	4.939707e-008	1.250425e-005	1.505482e-005	1.145229e-009
2.460558377053664e-008	4.331333e-008	4.996825e-008	1.250684e-005	1.503672e-005	1.147090e-009
2.460629225611067e-008	4.317451e-008	5.057037e-008	1.250936e-005	1.501785e-005	1.149037e-009
2.460700074168470e-008	4.302482e-008	5.120343e-008	1.251180e-005	1.499820e-005	1.151070e-009
2.460770922725873e-008	4.286426e-008	5.186742e-008	1.251418e-005	1.497779e-005	1.153190e-009
2.460841771283276e-008	4.269284e-008	5.256234e-008	1.251648e-005	1.495661e-005	1.155396e-009
2.460912619840679e-008	4.251055e-008	5.328820e-008	1.251871e-005	1.493466e-005	1.157688e-009
2.460953594508698e-008	4.240008e-008	5.372249e-008	1.251994e-005	1.492167e-005	1.159055e-009
2.460965949641224e-008	4.236548e-008	5.385714e-008	1.252030e-005	1.491767e-005	1.159477e-009
2.460978227472294e-008	4.233057e-008	5.399245e-008	1.252066e-005	1.491366e-005	1.159901e-009
2.461124464363346e-008	4.188623e-008	5.568450e-008	1.252466e-005	1.486375e-005	1.165173e-009
2.461270701254397e-008	4.137864e-008	5.756016e-008	1.252838e-005	1.481065e-005	1.170965e-009
2.461416938145449e-008	4.080779e-008	5.961941e-008	1.253184e-005	1.475438e-005	1.177277e-009
2.461563175036501e-008	4.017370e-008	6.186228e-008	1.253502e-005	1.469492e-005	1.184108e-009
2.461709411927553e-008	3.947634e-008	6.428874e-008	1.253793e-005	1.463228e-005	1.191459e-009
2.461855648818604e-008	3.871574e-008	6.689881e-008	1.254056e-005	1.456646e-005	1.199330e-009
2.462001885709656e-008	3.789188e-008	6.969248e-008	1.254293e-005	1.449746e-005	1.207720e-009
2.462101885709656e-008	3.728823e-008	7.172184e-008	1.254441e-005	1.444884e-005	1.213798e-009
2.462134612459304e-008	3.708384e-008	7.240607e-008	1.254486e-005	1.443264e-005	1.215844e-009
2.462148066826154e-008	3.699807e-008	7.269249e-008	1.254503e-005	1.442592e-005	1.216700e-009
2.462152979626742e-008	3.696653e-008	7.279773e-008	1.254509e-005	1.442345e-005	1.217015e-009
2.462153651433627e-008	3.696221e-008	7.281215e-008	1.254510e-005	1.442311e-005	1.217058e-009
2.462154024951015e-008	3.695980e-008	7.282017e-008	1.254511e-005	1.442293e-005	1.217082e-009
2.462154550824541e-008	3.695641e-008	7.283148e-008	1.254511e-005	1.442266e-005	1.217116e-009
2.462155314700571e-008	3.695148e-008	7.284790e-008	1.254512e-005	1.442228e-005	1.217164e-009
2.462156019834059e-008	3.694694e-008	7.286306e-008	1.254513e-005	1.442192e-005	1.217210e-009
2.462156739293047e-008	3.694230e-008	7.287854e-008	1.254514e-005	1.442156e-005	1.217256e-009
2.462157399889105e-008	3.693803e-008	7.289275e-008	1.254515e-005	1.442123e-005	1.217298e-009
2.462158101838289e-008	3.693350e-008	7.290786e-008	1.254515e-005	1.442088e-005	1.217344e-009
2.462158777181541e-008	3.692914e-008	7.292240e-008	1.254516e-005	1.442054e-005	1.217387e-009
2.462159479767347e-008	3.692460e-008	7.293754e-008	1.254517e-005	1.442018e-005	1.217432e-009
2.462160158900442e-008	3.692021e-008	7.295217e-008	1.254518e-005	1.441984e-005	1.217476e-009
2.462160856454557e-008	3.691570e-008	7.296720e-008	1.254519e-005	1.441949e-005	1.217521e-009
2.462161538086045e-008	3.691129e-008	7.298190e-008	1.254520e-005	1.441914e-005	1.217565e-009
2.462162233317306e-008	3.690679e-008	7.299690e-008	1.254520e-005	1.441879e-005	1.217610e-009
2.462163032736754e-008	3.690162e-008	7.301415e-008	1.254521e-005	1.441839e-005	1.217661e-009
2.462163944394075e-008	3.689571e-008	7.303383e-008	1.254523e-005	1.441793e-005	1.217720e-009
2.462165015934358e-008	3.688877e-008	7.305697e-008	1.254524e-005	1.441739e-005	1.217789e-009
2.462167791799016e-008	3.687077e-008	7.311697e-008	1.254527e-005	1.441599e-005	1.217968e-009
2.462179734202435e-008	3.679298e-008	7.337608e-008	1.254542e-005	1.440995e-005	1.218742e-009
2.462191676605854e-008	3.671456e-008	7.363704e-008	1.254557e-005	1.440389e-005	1.219521e-009
2.462203619009273e-008	3.663551e-008	7.389985e-008	1.254571e-005	1.439781e-005	1.220305e-009
2.462215561412692e-008	3.655584e-008	7.416450e-008	1.254586e-005	1.439170e-005	1.221095e-009
2.462227503816111e-008	3.647554e-008	7.443101e-008	1.254601e-005	1.438556e-005	1.221890e-009
2.462239446219530e-008	3.639461e-008	7.469936e-008	1.254616e-005	1.437940e-005	1.222690e-009
2.462251388622949e-008	3.631306e-008	7.496956e-008	1.254630e-005	1.437322e-005	1.223495e-009
2.462434278270986e-008	3.501832e-008	7.923878e-008	1.254857e-005	1.427614e-005	1.236198e-009
2.462617167919023e-008	3.359284e-008	8.389923e-008	1.255083e-005	1.417505e-005	1.250032e-009
2.462800057567059e-008	3.203662e-008	8.895090e-008	1.255308e-005	1.406996e-005	1.264996e-009
2.462982947215096e-008	3.034965e-008	9.439380e-008	1.255533e-005	1.396086e-005	1.281090e-009
2.463165836863133e-008	2.853193e-008	1.002279e-007	1.255758e-005	1.384776e-005	1.298315e-009
2.463348726511170e-008	2.658348e-008	1.064533e-007	1.255982e-005	1.373066e-005	1.316670e-009
2.463531616159207e-008	2.450428e-008	1.130698e-007	1.256206e-005	1.360955e-005	1.336156e-009
2.463631616159207e-008	2.330199e-008	1.168878e-007	1.256329e-005	1.354267e-005	1.347398e-009
2.463903044730636e-008	1.983728e-008	1.278469e-007	1.256661e-005	1.336108e-005	1.379618e-009
2.464174473302064e-008	1.602627e-008	1.398802e-007	1.256992e-005	1.317966e-005	1.415018e-009
2.464445901873493e-008	1.186895e-008	1.529878e-007	1.257324e-005	1.299840e-005	1.453597e-009
2.464717330444922e-008	7.365314e-009	1.671697e-007	1.257654e-005	1.281730e-005	1.495355e-009
2.464988759016351e-008	2.515370e-009	1.824259e-007	1.257984e-005	1.263637e-005	1.540291e-009
2.465260187587780e-008	-2.680884e-009	1.987563e-007	1.258314e-005	1.245561e-005	1.588407e-009
2.465531616159209e-008	-8.223449e-009	2.161610e-007	1.258643e-005	1.227500e-005	1.639702e-009
2.465631616159209e-008	-1.036335e-008	2.228887e-007	1.258764e-005	1.220867e-005	1.659556e-009
2.465831616159209e-008	-1.479285e-008	2.368197e-007	1.259006e-005	1.207617e-005	1.700693e-009
2.465931616159209e-008	-1.708277e-008	2.440248e-007	1.259127e-005	1.201003e-005	1.721984e-009
2.466031616159209e-008	-1.942278e-008	2.513890e-007	1.259248e-005	1.194398e-005	1.743753e-009
2.466131616159210e-008	-2.181343e-008	2.589167e-007	1.259369e-005	1.187804e-005	1.766017e-009
2.466231616159210e-008	-2.425473e-008	2.666077e-007	1.259489e-005	1.181219e-005	1.788777e-009
2.466331616159210e-008	-2.674668e-008	2.744620e-007	1.259610e-005	1.174645e-005	1.812033e-009
2.466431616159210e-008	-2.928927e-008	2.824797e-007	1.259731e-005	1.168081e-005	1.835785e-009
2.466531616159210e-008	-3.188251e-008	2.906608e-007	1.259851e-005	1.161528e-005	1.860032e-009
2.466631616159210e-008	-3.452639e-008	2.990052e-007	1.259972e-005	1.154985e-005	1.884775e-009
2.466987866159210e-008	-4.434723e-008	3.300466e-007	1.260400e-005	1.131772e-005	1.976945e-009
2.467012866159210e-008	-4.506267e-008	3.323109e-007	1.260431e-005	1.130150e-005	1.983676e-009
2.467062866159210e-008	-4.650324e-008	3.368714e-007	1.260491e-005	1.126906e-005	1.997237e-009
2.467128051820183e-008	-4.840033e-008	3.428796e-007	1.260569e-005	1.122678e-005	2.015109e-009
2.467239118637901e-008	-5.167928e-008	3.532689e-007	1.260702e-005	1.115475e-005	2.046026e-009
2.467350185455619e-008	-5.502000e-008	3.638641e-007	1.260836e-005	1.108278e-005	2.077580e-009
2.467461252273338e-008	-5.842248e-008	3.746652e-007	1.260969e-005	1.101088e-005	2.109772e-009
2.467572319091056e-008	-6.188674e-008	3.856722e-007	1.261102e-005	1.093903e-005	2.142602e-009
2.467683385908774e-008	-6.541276e-008	3.968851e-007	1.261235e-005	1.086725e-005	2.176070e-009
2.467794452726492e-008	-6.900055e-008	4.083040e-007	1.261368e-005	1.079553e-005	2.210176e-009
2.467905519544210e-008	-7.265010e-008	4.199288e-007	1.261501e-005	1.072387e-005	2.244920e-009
2.468061769544210e-008	-7.787715e-008	4.365979e-007	1.261688e-005	1.062322e-005	2.294786e-009
2.468072531925173e-008	-7.824244e-008	4.377638e-007	1.261701e-005	1.061630e-005	2.298276e-009
2.468082067784745e-008	-7.856660e-008	4.387985e-007	1.261712e-005	1.061016e-005	2.301374e-009
2.468092380796827e-008	-7.891767e-008	4.399192e-007	1.261724e-005	1.060353e-005	2.304729e-009
2.468099252526259e-008	-7.915190e-008	4.406670e-007	1.261733e-005	1.059911e-005	2.306968e-009
2.468129502705671e-008	-8.018597e-008	4.439690e-007	1.261769e-005	1.057966e-005	2.316856e-009
2.468139060853014e-008	-8.051346e-008	4.450149e-007	1.261780e-005	1.057352e-005	2.319988e-009
2.468147412044431e-008	-8.080008e-008	4.459304e-007	1.261790e-005	1.056815e-005	2.322730e-009
2.468156059840125e-008	-8.109719e-008	4.468794e-007	1.261800e-005	1.056260e-005	2.325573e-009
2.468158636947004e-008	-8.118580e-008	4.471624e-007	1.261804e-005	1.056095e-005	2.326421e-009
2.468159770176703e-008	-8.122478e-008	4.472869e-007	1.261805e-005	1.056022e-005	2.326794e-009
2.468160181607014e-008	-8.123894e-008	4.473322e-007	1.261805e-005	1.055995e-005	2.326929e-009
2.468160242677837e-008	-8.124103e-008	4.473389e-007	1.261805e-005	1.055991e-005	2.326949e-009
2.468160273917471e-008	-8.124211e-008	4.473423e-007	1.261806e-005	1.055989e-005	2.326960e-009
2.468160318125346e-008	-8.124363e-008	4.473472e-007	1.261806e-005	1.055987e-005	2.326974e-009
2.468160376494836e-008	-8.124564e-008	4.473536e-007	1.261806e-005	1.055983e-005	2.326993e-009
2.468160434188191e-008	-8.124763e-008	4.473599e-007	1.261806e-005	1.055979e-005	2.327012e-009
2.468160490453545e-008	-8.124956e-008	4.473661e-007	1.261806e-005	1.055976e-005	2.327031e-009
2.468160544480551e-008	-8.125142e-008	4.473721e-007	1.261806e-005	1.055972e-005	2.327049e-009
2.468160599693421e-008	-8.125332e-008	4.473781e-007	1.261806e-005	1.055969e-005	2.327067e-009
2.468160654489252e-008	-8.125521e-008	4.473841e-007	1.261806e-005	1.055965e-005	2.327085e-009
2.468160716609463e-008	-8.125734e-008	4.473910e-007	1.261806e-005	1.055961e-005	2.327105e-009
2.468160787017274e-008	-8.125976e-008	4.473987e-007	1.261806e-005	1.055957e-005	2.327128e-009
2.468160869888689e-008	-8.126262e-008	4.474078e-007	1.261806e-005	1.055951e-005	2.327156e-009
2.468160965876518e-008	-8.126592e-008	4.474184e-007	1.261806e-005	1.055945e-005	2.327187e-009
2.468161082648275e-008	-8.126994e-008	4.474312e-007	1.261806e-005	1.055938e-005	2.327226e-009
2.468161226211377e-008	-8.127488e-008	4.474470e-007	1.261807e-005	1.055928e-005	2.327273e-009
2.468161414433102e-008	-8.128136e-008	4.474677e-007	1.261807e-005	1.055916e-005	2.327335e-009
2.468162064515381e-008	-8.130372e-008	4.475392e-007	1.261808e-005	1.055874e-005	2.327549e-009
2.468222626496908e-008	-8.340234e-008	4.542461e-007	1.261880e-005	1.051989e-005	2.347646e-009
2.468283188478435e-008	-8.551727e-008	4.610087e-007	1.261952e-005	1.048107e-005	2.367919e-009
2.468343750459961e-008	-8.764849e-008	4.678272e-007	1.262025e-005	1.044229e-005	2.388368e-009
2.468404312441488e-008	-8.979602e-008	4.747015e-007	1.262097e-005	1.040353e-005	2.408992e-009
2.468464874423015e-008	-9.195986e-008	4.816315e-007	1.262169e-005	1.036480e-005	2.429791e-009
2.468525436404541e-008	-9.414000e-008	4.886174e-007	1.262241e-005	1.032611e-005	2.450766e-009
2.468585998386068e-008	-9.633645e-008	4.956590e-007	1.262314e-005	1.028745e-005	2.471917e-009
2.468599689916804e-008	-9.683598e-008	4.972612e-007	1.262330e-005	1.027870e-005	2.476731e-009
2.468734343772195e-008	-1.018091e-007	5.132237e-007	1.262490e-005	1.019277e-005	2.524721e-009
2.468868997627585e-008	-1.068669e-007	5.294828e-007	1.262651e-005	1.010708e-005	2.573657e-009
2.469003651482975e-008	-1.120093e-007	5.460387e-007	1.262811e-005	1.002163e-005	2.623541e-009
2.469138305338365e-008	-1.172365e-007	5.628913e-007	1.262971e-005	9.936426e-006	2.674371e-009
2.469272959193756e-008	-1.225483e-007	5.800406e-007	1.263131e-005	9.851458e-006	2.726148e-009
2.469407613049145e-008	-1.279448e-007	5.974865e-007	1.263291e-005	9.766730e-006	2.778873e-009
2.469542266904536e-008	-1.334259e-007	6.152292e-007	1.263450e-005	9.682243e-006	2.832544e-009
2.469642266904536e-008	-1.375494e-007	6.285976e-007	1.263569e-005	9.619705e-006	2.873027e-009
2.469742266904536e-008	-1.417181e-007	6.421275e-007	1.263687e-005	9.557349e-006	2.914032e-009
2.469840312819207e-008	-1.458491e-007	6.555506e-007	1.263803e-005	9.496436e-006	2.954746e-009
2.470032446480013e-008	-1.540676e-007	6.823006e-007	1.264030e-005	9.377811e-006	3.035979e-009
2.470261017908584e-008	-1.640701e-007	7.149231e-007	1.264301e-005	9.237977e-006	3.135187e-009
2.470489589337156e-008	-1.742829e-007	7.483406e-007	1.264570e-005	9.099697e-006	3.237042e-009
2.470718160765728e-008	-1.847061e-007	7.825531e-007	1.264840e-005	8.962971e-006	3.341543e-009
2.470946732194300e-008	-1.953397e-007	8.175606e-007	1.265109e-005	8.827798e-006	3.448691e-009
2.471175303622871e-008	-2.061837e-007	8.533631e-007	1.265377e-005	8.694180e-006	3.558485e-009
2.471403875051443e-008	-2.172381e-007	8.899606e-007	1.265646e-005	8.562115e-006	3.670926e-009
2.471632446480015e-008	-2.285028e-007	9.273531e-007	1.265914e-005	8.431604e-006	3.786013e-009
2.472303875051444e-008	-2.630682e-007	1.042497e-006	1.266699e-005	8.057806e-006	4.141233e-009
2.472975303622873e-008	-2.986702e-007	1.162647e-006	1.267481e-005	7.698366e-006	4.515072e-009
2.473646732194303e-008	-3.353089e-007	1.287802e-006	1.268261e-005	7.353283e-006	4.907531e-009
2.474318160765732e-008	-3.729841e-007	1.417963e-006	1.269038e-005	7.022557e-006	5.318610e-009
2.474989589337162e-008	-4.116959e-007	1.553130e-006	1.269812e-005	6.706189e-006	5.748308e-009
2.475661017908591e-008	-4.514443e-007	1.693302e-006	1.270583e-005	6.404179e-006	6.196626e-009
2.476332446480020e-008	-4.922294e-007	1.838479e-006	1.271352e-005	6.116526e-006	6.663563e-009
2.476675303622877e-008	-5.130535e-007	1.913515e-006	1.271743e-005	5.974982e-006	6.906659e-009
2.477018160765735e-008	-5.339104e-007	1.989223e-006	1.272134e-005	5.836840e-006	7.152990e-009
2.477361017908593e-008	-5.548002e-007	2.065603e-006	1.272524e-005	5.702099e-006	7.402556e-009
2.477703875051450e-008	-5.757228e-007	2.142654e-006	1.272913e-005	5.570760e-006	7.655358e-009
2.478046732194308e-008	-5.966782e-007	2.220376e-006	1.273302e-005	5.442822e-006	7.911395e-009
2.478389589337165e-008	-6.176665e-007	2.298770e-006	1.273690e-005	5.318285e-006	8.170667e-009
2.478732446480023e-008	-6.386876e-007	2.377836e-006	1.274077e-005	5.197150e-006	8.433174e-009
2.478832446480023e-008	-6.447973e-007	2.400945e-006	1.274190e-005	5.162388e-006	8.510136e-009
2.479789589337167e-008	-7.037348e-007	2.626193e-006	1.275267e-005	4.846758e-006	9.264442e-009
2.480746732194311e-008	-7.611933e-007	2.851410e-006	1.276339e-005	4.550943e-006	1.002904e-008
2.481703875051455e-008	-8.171730e-007	3.076596e-006	1.277406e-005	4.274944e-006	1.080393e-008
2.482661017908599e-008	-8.716737e-007	3.301751e-006	1.278467e-005	4.018760e-006	1.158911e-008
2.483618160765743e-008	-9.246956e-007	3.526875e-006	1.279524e-005	3.782391e-006	1.238458e-008
2.484575303622886e-008	-9.762386e-007	3.751969e-006	1.280576e-005	3.565837e-006	1.319034e-008
2.485532446480030e-008	-1.026303e-006	3.977031e-006	1.281623e-005	3.369099e-006	1.400640e-008
2.485861017908602e-008	-1.042781e-006	4.053037e-006	1.281981e-005	3.304001e-006	1.428511e-008
2.486189589337174e-008	-1.058982e-006	4.128657e-006	1.282339e-005	3.240506e-006	1.456381e-008
2.486518160765746e-008	-1.074904e-006	4.203892e-006	1.282696e-005	3.178614e-006	1.484252e-008
2.486846732194318e-008	-1.090548e-006	4.278741e-006	1.283052e-005	3.118326e-006	1.512122e-008
2.487175303622889e-008	-1.105914e-006	4.353205e-006	1.283408e-005	3.059641e-006	1.539992e-008
2.487503875051461e-008	-1.121002e-006	4.427283e-006	1.283764e-005	3.002560e-006	1.567862e-008
2.487832446480033e-008	-1.135811e-006	4.500976e-006	1.284119e-005	2.947082e-006	1.595731e-008
2.487932446480033e-008	-1.140258e-006	4.523301e-006	1.284227e-005	2.930436e-006	1.604204e-008
2.488032446480033e-008	-1.144677e-006	4.545583e-006	1.284335e-005	2.913890e-006	1.612674e-008
2.488232446480034e-008	-1.153430e-006	4.590012e-006	1.284550e-005	2.881037e-006	1.629606e-008
2.488346732194319e-008	-1.158381e-006	4.615321e-006	1.284673e-005	2.862418e-006	1.639276e-008
2.488461017908605e-008	-1.163291e-006	4.640558e-006	1.284796e-005	2.843895e-006	1.648938e-008
2.488575303622891e-008	-1.168160e-006	4.665721e-006	1.284919e-005	2.825468e-006	1.658591e-008
2.488689589337177e-008	-1.172987e-006	4.690812e-006	1.285042e-005	2.807136e-006	1.668237e-008
2.488803875051463e-008	-1.177773e-006	4.715830e-006	1.285165e-005	2.788900e-006	1.677874e-008
2.488918160765749e-008	-1.182518e-006	4.740776e-006	1.285288e-005	2.770759e-006	1.687503e-008
2.489032446480034e-008	-1.187221e-006	4.765649e-006	1.285411e-005	2.752714e-006	1.697124e-008
2.489132446480035e-008	-1.191304e-006	4.787350e-006	1.285518e-005	2.736973e-006	1.705533e-008
2.489169075264714e-008	-1.192792e-006	4.795284e-006	1.285557e-005	2.731203e-006	1.708612e-008
2.489175666479763e-008	-1.193059e-006	4.796711e-006	1.285564e-005	2.730165e-006	1.709165e-008
2.489182257694813e-008	-1.193326e-006	4.798137e-006	1.285571e-005	2.729128e-006	1.709719e-008
2.489188848909862e-008	-1.193592e-006	4.799562e-006	1.285578e-005	2.728094e-006	1.710272e-008
2.489195440124911e-008	-1.193859e-006	4.800987e-006	1.285585e-005	2.727063e-006	1.710826e-008
2.489202031339960e-008	-1.194125e-006	4.802412e-006	1.285592e-005	2.726033e-006	1.711379e-008
2.489208622555009e-008	-1.194391e-006	4.803837e-006	1.285600e-005	2.725006e-006	1.711933e-008
2.489215213770059e-008	-1.194657e-006	4.805261e-006	1.285607e-005	2.723982e-006	1.712486e-008
2.489468771207563e-008	-1.204765e-006	4.859827e-006	1.285878e-005	2.684836e-006	1.733744e-008
2.489722328645067e-008	-1.214663e-006	4.913986e-006	1.286150e-005	2.646344e-006	1.754941e-008
2.489975886082572e-008	-1.224353e-006	4.967738e-006	1.286421e-005	2.608508e-006	1.776077e-008
2.490229443520077e-008	-1.233834e-006	5.021083e-006	1.286692e-005	2.571327e-006	1.797152e-008
2.490483000957581e-008	-1.243105e-006	5.074021e-006	1.286962e-005	2.534801e-006	1.818166e-008
2.490736558395085e-008	-1.252168e-006	5.126552e-006	1.287233e-005	2.498930e-006	1.839118e-008
2.490990115832590e-008	-1.261021e-006	5.178676e-006	1.287503e-005	2.463714e-006	1.860010e-008
2.491118687261161e-008	-1.265434e-006	5.204953e-006	1.287639e-005	2.446089e-006	1.870579e-008
2.491247258689733e-008	-1.269795e-006	5.231126e-006	1.287776e-005	2.428629e-006	1.881131e-008
2.491375830118305e-008	-1.274106e-006	5.257196e-006	1.287913e-005	2.411335e-006	1.891667e-008
2.491504401546876e-008	-1.278364e-006	5.283163e-006	1.288049e-005	2.394207e-006	1.902187e-008
2.491632972975448e-008	-1.282572e-006	5.309026e-006	1.288186e-005	2.377245e-006	1.912691e-008
2.491761544404019e-008	-1.286728e-006	5.334786e-006	1.288322e-005	2.360448e-006	1.923178e-008
2.491890115832591e-008	-1.290833e-006	5.360443e-006	1.288458e-005	2.343818e-006	1.933648e-008
2.491990115832591e-008	-1.293991e-006	5.380327e-006	1.288564e-005	2.331055e-006	1.941780e-008
2.492090115832591e-008	-1.297118e-006	5.400149e-006	1.288670e-005	2.318573e-006	1.949902e-008
2.492190115832591e-008	-1.300214e-006	5.419906e-006	1.288776e-005	2.306494e-006	1.958014e-008
2.492347258689734e-008	-1.305018e-006	5.450834e-006	1.288942e-005	2.288366e-006	1.970742e-008
2.492504401546877e-008	-1.309739e-006	5.481582e-006	1.289108e-005	2.271167e-006	1.983438e-008
2.492661544404020e-008	-1.314375e-006	5.512150e-006	1.289274e-005	2.254896e-006	1.996101e-008
2.492818687261163e-008	-1.318928e-006	5.542538e-006	1.289440e-005	2.239554e-006	2.008730e-008
2.492975830118306e-008	-1.323397e-006	5.572747e-006	1.289606e-005	2.225140e-006	2.021327e-008
2.493132972975449e-008	-1.327783e-006	5.602775e-006	1.289771e-005	2.211654e-006	2.033891e-008
2.493290115832592e-008	-1.332084e-006	5.632624e-006	1.289937e-005	2.199097e-006	2.046422e-008
2.493390115832592e-008	-1.334773e-006	5.651507e-006	1.290042e-005	2.191558e-006	2.054374e-008
2.493490115832593e-008	-1.337431e-006	5.670322e-006	1.290148e-005	2.184340e-006	2.062312e-008
2.493531486013232e-008	-1.338521e-006	5.678085e-006	1.290191e-005	2.181517e-006	2.065591e-008
2.493544423915706e-008	-1.338860e-006	5.680508e-006	1.290205e-005	2.180687e-006	2.066616e-008
2.493550299784703e-008	-1.339014e-006	5.681607e-006	1.290211e-005	2.180278e-006	2.067082e-008
2.493551217711160e-008	-1.339038e-006	5.681779e-006	1.290212e-005	2.180204e-006	2.067154e-008
2.493551664691855e-008	-1.339049e-006	5.681863e-006	1.290212e-005	2.180169e-006	2.067190e-008
2.493552280926409e-008	-1.339065e-006	5.681978e-006	1.290213e-005	2.180125e-006	2.067238e-008
2.493552950513664e-008	-1.339083e-006	5.682104e-006	1.290214e-005	2.180078e-006	2.067291e-008
2.493553697930542e-008	-1.339102e-006	5.682243e-006	1.290214e-005	2.180027e-006	2.067351e-008
2.493554372489347e-008	-1.339120e-006	5.682370e-006	1.290215e-005	2.179981e-006	2.067404e-008
2.493555075769499e-008	-1.339138e-006	5.682501e-006	1.290216e-005	2.179933e-006	2.067460e-008
2.493555745753648e-008	-1.339156e-006	5.682627e-006	1.290217e-005	2.179887e-006	2.067513e-008
2.493556448316866e-008	-1.339174e-006	5.682758e-006	1.290217e-005	2.179838e-006	2.067568e-008
2.493557126946778e-008	-1.339192e-006	5.682885e-006	1.290218e-005	2.179791e-006	2.067622e-008
2.493557825874542e-008	-1.339210e-006	5.683015e-006	1.290219e-005	2.179743e-006	2.067677e-008
2.493558506816409e-008	-1.339228e-006	5.683143e-006	1.290219e-005	2.179695e-006	2.067731e-008
2.493559240705835e-008	-1.339247e-006	5.683280e-006	1.290220e-005	2.179644e-006	2.067789e-008
2.493560090612890e-008	-1.339269e-006	5.683439e-006	1.290221e-005	2.179585e-006	2.067857e-008
2.493561070114116e-008	-1.339295e-006	5.683622e-006	1.290222e-005	2.179516e-006	2.067934e-008
2.493562219329839e-008	-1.339325e-006	5.683837e-006	1.290223e-005	2.179436e-006	2.068025e-008
2.493565263901345e-008	-1.339404e-006	5.684406e-006	1.290227e-005	2.179224e-006	2.068266e-008
2.493810286302173e-008	-1.345671e-006	5.729956e-006	1.290484e-005	2.162215e-006	2.087606e-008
2.494055308703001e-008	-1.351734e-006	5.775031e-006	1.290741e-005	2.145381e-006	2.106847e-008
2.494300331103829e-008	-1.357591e-006	5.819631e-006	1.290998e-005	2.128721e-006	2.125991e-008
2.494545353504656e-008	-1.363244e-006	5.863757e-006	1.291255e-005	2.112236e-006	2.145037e-008
2.494790375905484e-008	-1.368692e-006	5.907409e-006	1.291512e-005	2.095926e-006	2.163984e-008
2.495035398306312e-008	-1.373935e-006	5.950586e-006	1.291768e-005	2.079791e-006	2.182834e-008
2.495280420707140e-008	-1.378973e-006	5.993289e-006	1.292024e-005	2.063830e-006	2.201585e-008
2.496451849278570e-008	-1.399761e-006	6.190090e-006	1.293243e-005	1.990216e-006	2.289768e-008
2.497623277849999e-008	-1.417138e-006	6.378093e-006	1.294457e-005	1.919881e-006	2.375961e-008
2.498794706421429e-008	-1.431105e-006	6.557300e-006	1.295665e-005	1.852824e-006	2.460166e-008
2.499966134992859e-008	-1.441661e-006	6.727708e-006	1.296866e-005	1.789045e-006	2.542383e-008
2.501137563564289e-008	-1.448807e-006	6.889320e-006	1.298062e-005	1.728545e-006	2.622610e-008
2.502308992135719e-008	-1.452543e-006	7.042134e-006	1.299253e-005	1.671324e-006	2.700849e-008
2.503480420707149e-008	-1.452868e-006	7.186151e-006	1.300437e-005	1.617381e-006	2.777100e-008
2.503580420707149e-008	-1.452831e-006	7.198193e-006	1.300538e-005	1.612873e-006	2.783537e-008
2.506308992135724e-008	-1.440877e-006	7.498830e-006	1.303272e-005	1.500383e-006	2.952944e-008
2.509037563564298e-008	-1.422183e-006	7.772641e-006	1.305979e-005	1.398115e-006	3.114649e-008
2.511766134992873e-008	-1.396748e-006	8.019626e-006	1.308659e-005	1.306071e-006	3.268653e-008
2.514494706421447e-008	-1.364572e-006	8.239786e-006	1.311311e-005	1.224250e-006	3.414955e-008
2.517223277850022e-008	-1.325655e-006	8.433119e-006	1.313936e-005	1.152652e-006	3.553556e-008
2.519951849278596e-008	-1.279997e-006	8.599627e-006	1.316534e-005	1.091277e-006	3.684455e-008
2.522680420707171e-008	-1.227599e-006	8.739309e-006	1.319104e-005	1.040126e-006	3.807654e-008
2.524223277850030e-008	-1.198684e-006	8.813699e-006	1.320547e-005	1.012977e-006	3.875147e-008
2.525766134992889e-008	-1.169480e-006	8.883523e-006	1.321982e-005	9.875294e-007	3.940929e-008
2.527308992135747e-008	-1.139989e-006	8.948783e-006	1.323410e-005	9.637846e-007	4.005000e-008
2.528851849278607e-008	-1.110210e-006	9.009477e-006	1.324830e-005	9.417422e-007	4.067360e-008
2.530394706421465e-008	-1.080144e-006	9.065606e-006	1.326242e-005	9.214021e-007	4.128009e-008
2.531937563564324e-008	-1.049789e-006	9.117169e-006	1.327647e-005	9.027643e-007	4.186947e-008
2.533480420707183e-008	-1.019147e-006	9.164168e-006	1.329044e-005	8.858289e-007	4.244175e-008
2.533580420707183e-008	-1.017179e-006	9.167130e-006	1.329134e-005	8.847593e-007	4.247842e-008
2.536394706421472e-008	-9.613580e-007	9.242060e-006	1.331662e-005	8.578774e-007	4.347841e-008
2.539208992135761e-008	-9.067653e-007	9.308640e-006	1.334166e-005	8.337363e-007	4.443830e-008
2.542023277850050e-008	-8.534003e-007	9.366868e-006	1.336647e-005	8.123360e-007	4.535808e-008
2.544837563564339e-008	-8.012631e-007	9.416746e-006	1.339106e-005	7.936766e-007	4.623775e-008
2.547651849278628e-008	-7.503536e-007	9.458273e-006	1.341541e-005	7.777580e-007	4.707732e-008
2.550466134992917e-008	-7.006718e-007	9.491449e-006	1.343952e-005	7.645803e-007	4.787677e-008
2.553280420707206e-008	-6.522179e-007	9.516274e-006	1.346341e-005	7.541433e-007	4.863612e-008
2.554737563564350e-008	-6.280452e-007	9.527805e-006	1.347570e-005	7.489515e-007	4.901911e-008
2.556194706421495e-008	-6.043585e-007	9.538076e-006	1.348792e-005	7.440670e-007	4.939438e-008
2.557651849278639e-008	-5.811580e-007	9.547086e-006	1.350010e-005	7.394898e-007	4.976192e-008
2.559108992135783e-008	-5.584434e-007	9.554836e-006	1.351221e-005	7.352199e-007	5.012174e-008
2.560566134992928e-008	-5.362149e-007	9.561326e-006	1.352426e-005	7.312574e-007	5.047383e-008
2.562023277850072e-008	-5.144725e-007	9.566556e-006	1.353626e-005	7.276022e-007	5.081820e-008
2.563480420707217e-008	-4.932161e-007	9.570525e-006	1.354820e-005	7.242544e-007	5.115485e-008
2.563580420707217e-008	-4.917758e-007	9.570769e-006	1.354902e-005	7.240281e-007	5.117773e-008
2.567851849278651e-008	-4.328178e-007	9.574748e-006	1.358368e-005	7.158844e-007	5.211613e-008
2.572123277850084e-008	-3.776092e-007	9.573297e-006	1.361788e-005	7.083927e-007	5.301004e-008
2.576394706421517e-008	-3.261499e-007	9.566414e-006	1.365163e-005	7.015531e-007	5.385947e-008
2.580666134992951e-008	-2.784400e-007	9.554100e-006	1.368493e-005	6.953656e-007	5.466441e-008
2.584937563564384e-008	-2.344795e-007	9.536355e-006	1.371777e-005	6.898301e-007	5.542486e-008
2.589208992135818e-008	-1.942684e-007	9.513179e-006	1.375016e-005	6.849467e-007	5.614083e-008
2.593480420707251e-008	-1.578066e-007	9.484573e-006	1.378210e-005	6.807153e-007	5.681231e-008
2.593580420707251e-008	-1.569796e-007	9.483905e-006	1.378284e-005	6.806063e-007	5.682783e-008
2.597851849278685e-008	-1.236548e-007	9.453128e-006	1.381435e-005	6.759864e-007	5.746922e-008
2.602123277850118e-008	-9.269501e-008	9.420346e-006	1.384544e-005	6.714776e-007	5.808463e-008
2.606394706421551e-008	-6.410010e-008	9.385561e-006	1.387612e-005	6.670799e-007	5.867405e-008
2.610666134992985e-008	-3.787011e-008	9.348772e-006	1.390639e-005	6.627933e-007	5.923748e-008
2.614937563564418e-008	-1.400504e-008	9.309979e-006	1.393625e-005	6.586178e-007	5.977492e-008
2.619208992135852e-008	7.495103e-009	9.269182e-006	1.396569e-005	6.545534e-007	6.028636e-008
2.623480420707285e-008	2.663033e-008	9.226382e-006	1.399473e-005	6.506001e-007	6.077182e-008
2.623580420707285e-008	2.706719e-008	9.225380e-006	1.399540e-005	6.505111e-007	6.078304e-008
2.627337563564433e-008	4.258851e-008	9.187072e-006	1.402061e-005	6.472078e-007	6.119478e-008
2.631094706421579e-008	5.706098e-008	9.148164e-006	1.404552e-005	6.441346e-007	6.159331e-008
2.634851849278727e-008	7.048461e-008	9.108655e-006	1.407013e-005	6.412915e-007	6.197865e-008
2.638608992135874e-008	8.285939e-008	9.068546e-006	1.409445e-005	6.386786e-007	6.235078e-008
2.642366134993021e-008	9.418533e-008	9.027836e-006	1.411847e-005	6.362958e-007	6.270971e-008
2.646123277850168e-008	1.044624e-007	8.986527e-006	1.414219e-005	6.341430e-007	6.305544e-008
2.649880420707315e-008	1.136907e-007	8.944617e-006	1.416562e-005	6.322205e-007	6.338797e-008
2.649980420707315e-008	1.139304e-007	8.943501e-006	1.416624e-005	6.321739e-007	6.339671e-008
2.650080420707315e-008	1.141697e-007	8.942385e-006	1.416686e-005	6.321276e-007	6.340544e-008
2.650280420707316e-008	1.146464e-007	8.940153e-006	1.416810e-005	6.320356e-007	6.342288e-008
2.653580420707319e-008	1.221988e-007	8.903180e-006	1.418841e-005	6.306276e-007	6.370614e-008
2.657851849278753e-008	1.309765e-007	8.854844e-006	1.421437e-005	6.291614e-007	6.405929e-008
2.662123277850186e-008	1.390619e-007	8.806317e-006	1.423998e-005	6.280019e-007	6.440068e-008
2.666394706421619e-008	1.464550e-007	8.757600e-006	1.426522e-005	6.271491e-007	6.473032e-008
2.670666134993053e-008	1.531559e-007	8.708692e-006	1.429011e-005	6.266030e-007	6.504820e-008
2.674937563564486e-008	1.591646e-007	8.659594e-006	1.431464e-005	6.263636e-007	6.535433e-008
2.679208992135920e-008	1.644809e-007	8.610304e-006	1.433881e-005	6.264309e-007	6.564870e-008
2.683480420707353e-008	1.691051e-007	8.560824e-006	1.436262e-005	6.268049e-007	6.593132e-008
2.683580420707353e-008	1.692108e-007	8.559668e-006	1.436317e-005	6.268151e-007	6.593785e-008
2.687851849278787e-008	1.733932e-007	8.510206e-006	1.438663e-005	6.274370e-007	6.621054e-008
2.692123277850220e-008	1.772151e-007	8.460802e-006	1.440975e-005	6.281552e-007	6.647424e-008
2.696394706421653e-008	1.806766e-007	8.411458e-006	1.443254e-005	6.289695e-007	6.672895e-008
2.700666134993087e-008	1.837777e-007	8.362171e-006	1.445499e-005	6.298801e-007	6.697466e-008
2.704937563564521e-008	1.865183e-007	8.312944e-006	1.447711e-005	6.308869e-007	6.721137e-008
2.709208992135954e-008	1.888985e-007	8.263776e-006	1.449889e-005	6.319898e-007	6.743909e-008
2.713480420707387e-008	1.909183e-007	8.214666e-006	1.452033e-005	6.331890e-007	6.765782e-008
2.713580420707387e-008	1.909643e-007	8.213519e-006	1.452083e-005	6.332151e-007	6.766285e-008
2.717337563564535e-008	1.925611e-007	8.170462e-006	1.453942e-005	6.342168e-007	6.784871e-008
2.721094706421681e-008	1.940080e-007	8.127538e-006	1.455776e-005	6.351629e-007	6.802883e-008
2.724851849278829e-008	1.953048e-007	8.084748e-006	1.457587e-005	6.360534e-007	6.820322e-008
2.728608992135976e-008	1.964516e-007	8.042092e-006	1.459372e-005	6.368882e-007	6.837186e-008
2.732366134993123e-008	1.974485e-007	7.999569e-006	1.461134e-005	6.376673e-007	6.853477e-008
2.736123277850270e-008	1.982953e-007	7.957180e-006	1.462871e-005	6.383908e-007	6.869194e-008
2.739880420707417e-008	1.989922e-007	7.914925e-006	1.464584e-005	6.390587e-007	6.884338e-008
2.739980420707417e-008	1.990100e-007	7.913804e-006	1.464629e-005	6.390748e-007	6.884734e-008
2.740008488140322e-008	1.990149e-007	7.913488e-006	1.464642e-005	6.390792e-007	6.884846e-008
2.740018803078867e-008	1.990168e-007	7.913372e-006	1.464647e-005	6.390809e-007	6.884886e-008
2.740026332335651e-008	1.990181e-007	7.913288e-006	1.464650e-005	6.390821e-007	6.884916e-008
2.740034369190289e-008	1.990195e-007	7.913198e-006	1.464654e-005	6.390834e-007	6.884948e-008
2.740035785332947e-008	1.990198e-007	7.913182e-006	1.464654e-005	6.390836e-007	6.884954e-008
2.740108083402293e-008	1.990325e-007	7.912371e-006	1.464687e-005	6.390952e-007	6.885240e-008
2.740180381471640e-008	1.990453e-007	7.911560e-006	1.464720e-005	6.391067e-007	6.885526e-008
2.740252679540986e-008	1.990579e-007	7.910749e-006	1.464752e-005	6.391182e-007	6.885812e-008
2.740324977610333e-008	1.990706e-007	7.909938e-006	1.464785e-005	6.391297e-007	6.886098e-008
2.740397275679679e-008	1.990832e-007	7.909128e-006	1.464818e-005	6.391412e-007	6.886383e-008
2.740469573749026e-008	1.990957e-007	7.908317e-006	1.464850e-005	6.391526e-007	6.886669e-008
2.740541871818372e-008	1.991083e-007	7.907506e-006	1.464883e-005	6.391640e-007	6.886954e-008
2.740641871818372e-008	1.991255e-007	7.906385e-006	1.464928e-005	6.391797e-007	6.887348e-008
2.744913300389806e-008	1.997670e-007	7.858582e-006	1.466841e-005	6.397870e-007	6.903800e-008
2.749184728961239e-008	2.003051e-007	7.811009e-006	1.468725e-005	6.402984e-007	6.919618e-008
2.753456157532673e-008	2.007399e-007	7.763666e-006	1.470580e-005	6.407139e-007	6.934801e-008
2.757727586104106e-008	2.010713e-007	7.716552e-006	1.472405e-005	6.410337e-007	6.949349e-008
2.761999014675540e-008	2.012993e-007	7.669667e-006	1.474201e-005	6.412575e-007	6.963262e-008
2.766270443246973e-008	2.014239e-007	7.623011e-006	1.475967e-005	6.413855e-007	6.976541e-008
2.770541871818406e-008	2.014452e-007	7.576585e-006	1.477704e-005	6.414177e-007	6.989185e-008
2.770641871818406e-008	2.014453e-007	7.575502e-006	1.477745e-005	6.414179e-007	6.989474e-008
2.774284728961267e-008	2.014146e-007	7.536114e-006	1.479203e-005	6.413858e-007	6.999789e-008
2.777927586104129e-008	2.013430e-007	7.496911e-006	1.480642e-005	6.413286e-007	7.009697e-008
2.781570443246990e-008	2.012303e-007	7.457894e-006	1.482060e-005	6.412463e-007	7.019197e-008
2.785213300389852e-008	2.010766e-007	7.419062e-006	1.483459e-005	6.411389e-007	7.028290e-008
2.788856157532713e-008	2.008820e-007	7.380415e-006	1.484837e-005	6.410064e-007	7.036975e-008
2.792499014675574e-008	2.006463e-007	7.341953e-006	1.486195e-005	6.408488e-007	7.045253e-008
2.796141871818435e-008	2.003697e-007	7.303676e-006	1.487533e-005	6.406661e-007	7.053124e-008
2.800641871818440e-008	1.999952e-007	7.256660e-006	1.489159e-005	6.404595e-007	7.062332e-008
2.826941871818470e-008	1.970681e-007	6.987719e-006	1.498082e-005	6.396504e-007	7.104857e-008
2.830641871818474e-008	1.965776e-007	6.950688e-006	1.499260e-005	6.396308e-007	7.109357e-008
2.831656157532761e-008	1.964403e-007	6.940571e-006	1.499579e-005	6.396303e-007	7.110529e-008
2.832670443247048e-008	1.963021e-007	6.930469e-006	1.499897e-005	6.396319e-007	7.111675e-008
2.833684728961335e-008	1.961627e-007	6.920383e-006	1.500214e-005	6.396355e-007	7.112795e-008
2.834699014675622e-008	1.960224e-007	6.910311e-006	1.500529e-005	6.396412e-007	7.113889e-008
2.835713300389909e-008	1.958810e-007	6.900254e-006	1.500843e-005	6.396489e-007	7.114957e-008
2.836727586104196e-008	1.957385e-007	6.890212e-006	1.501156e-005	6.396587e-007	7.115999e-008
2.837741871818482e-008	1.955950e-007	6.880185e-006	1.501467e-005	6.396705e-007	7.117015e-008
2.840356157532771e-008	1.952201e-007	6.854410e-006	1.502262e-005	6.397118e-007	7.119512e-008
2.842970443247060e-008	1.948400e-007	6.828733e-006	1.503048e-005	6.397648e-007	7.121843e-008
2.845584728961348e-008	1.944546e-007	6.803155e-006	1.503826e-005	6.398293e-007	7.124008e-008
2.848199014675637e-008	1.940640e-007	6.777675e-006	1.504594e-005	6.399053e-007	7.126009e-008
2.850813300389926e-008	1.936682e-007	6.752294e-006	1.505353e-005	6.399930e-007	7.127843e-008
2.853427586104215e-008	1.932671e-007	6.727011e-006	1.506103e-005	6.400923e-007	7.129512e-008
2.856041871818503e-008	1.928607e-007	6.701827e-006	1.506844e-005	6.402032e-007	7.131016e-008
2.860641871818508e-008	1.921370e-007	6.657750e-006	1.508127e-005	6.404164e-007	7.133279e-008
2.862741871818511e-008	1.918023e-007	6.637730e-006	1.508704e-005	6.405229e-007	7.134148e-008
2.864841871818513e-008	1.914656e-007	6.617771e-006	1.509275e-005	6.406325e-007	7.134917e-008
2.866941871818516e-008	1.911268e-007	6.597875e-006	1.509840e-005	6.407452e-007	7.135587e-008
2.869041871818518e-008	1.907859e-007	6.578042e-006	1.510400e-005	6.408609e-007	7.136158e-008
2.871141871818520e-008	1.904430e-007	6.558271e-006	1.510954e-005	6.409798e-007	7.136629e-008
2.873241871818523e-008	1.900980e-007	6.538563e-006	1.511502e-005	6.411017e-007	7.137000e-008
2.875341871818525e-008	1.897510e-007	6.518917e-006	1.512046e-005	6.412267e-007	7.137272e-008
2.890641871818542e-008	1.871778e-007	6.377644e-006	1.515838e-005	6.421446e-007	7.136382e-008
2.908901988751417e-008	1.840275e-007	6.213269e-006	1.519997e-005	6.431386e-007	7.128934e-008
2.908906479540682e-008	1.840267e-007	6.213229e-006	1.520001e-005	6.431388e-007	7.128931e-008
2.908907521659861e-008	1.840266e-007	6.213219e-006	1.520007e-005	6.431389e-007	7.128931e-008
2.908908404482984e-008	1.840264e-007	6.213211e-006	1.520016e-005	6.431389e-007	7.128930e-008
2.908911270592435e-008	1.840259e-007	6.213186e-006	1.520021e-005	6.431391e-007	7.128928e-008
2.908914136701887e-008	1.840254e-007	6.213161e-006	1.520024e-005	6.431392e-007	7.128927e-008
2.908917002811338e-008	1.840249e-007	6.213135e-006	1.520024e-005	6.431393e-007	7.128925e-008
2.908919868920789e-008	1.840244e-007	6.213110e-006	1.520023e-005	6.431395e-007	7.128923e-008
2.908922735030241e-008	1.840239e-007	6.213084e-006	1.520019e-005	6.431396e-007	7.128922e-008
2.908925601139692e-008	1.840234e-007	6.213059e-006	1.520013e-005	6.431398e-007	7.128920e-008
2.908928467249143e-008	1.840229e-007	6.213033e-006	1.520004e-005	6.431399e-007	7.128918e-008
2.908988791625055e-008	1.840135e-007	6.212497e-006	1.519868e-005	6.431428e-007	7.128882e-008
2.909069224126271e-008	1.840048e-007	6.211780e-006	1.519583e-005	6.431467e-007	7.128835e-008
2.909169224126271e-008	1.840015e-007	6.210886e-006	1.519086e-005	6.431516e-007	7.128779e-008
2.909269224126271e-008	1.840099e-007	6.209986e-006	1.518422e-005	6.431564e-007	7.128725e-008
2.909369224126271e-008	1.840339e-007	6.209080e-006	1.517582e-005	6.431612e-007	7.128676e-008
2.909469224126272e-008	1.840772e-007	6.208167e-006	1.516566e-005	6.431661e-007	7.128630e-008
2.909569224126272e-008	1.841436e-007	6.207244e-006	1.515374e-005	6.431709e-007	7.128591e-008
2.909669224126272e-008	1.842367e-007	6.206312e-006	1.514008e-005	6.431757e-007	7.128558e-008
2.909769224126272e-008	1.843601e-007	6.205368e-006	1.512468e-005	6.431806e-007	7.128534e-008
2.909869224126272e-008	1.845175e-007	6.204410e-006	1.510754e-005	6.431853e-007	7.128519e-008
2.909969224126272e-008	1.847125e-007	6.203439e-006	1.508868e-005	6.431902e-007	7.128514e-008
2.910069224126272e-008	1.849487e-007	6.202452e-006	1.506809e-005	6.431949e-007	7.128520e-008
2.910169224126272e-008	1.852297e-007	6.201449e-006	1.504579e-005	6.431998e-007	7.128538e-008
2.910269224126272e-008	1.855589e-007	6.200427e-006	1.502180e-005	6.432045e-007	7.128570e-008
2.910369224126273e-008	1.859401e-007	6.199387e-006	1.499611e-005	6.432093e-007	7.128617e-008
2.910569224126273e-008	1.868717e-007	6.197244e-006	1.493970e-005	6.432189e-007	7.128757e-008
2.910769224126273e-008	1.880524e-007	6.195011e-006	1.487666e-005	6.432284e-007	7.128966e-008
2.910969224126273e-008	1.895093e-007	6.192677e-006	1.480710e-005	6.432380e-007	7.129253e-008
2.911169224126273e-008	1.912693e-007	6.190234e-006	1.473113e-005	6.432475e-007	7.129627e-008
2.911369224126274e-008	1.933588e-007	6.187673e-006	1.464888e-005	6.432571e-007	7.130095e-008
2.911669224126274e-008	1.971674e-007	6.183590e-006	1.451401e-005	6.432713e-007	7.130991e-008
2.911969224126274e-008	2.018609e-007	6.179194e-006	1.436579e-005	6.432856e-007	7.132142e-008
2.912269224126275e-008	2.075221e-007	6.174457e-006	1.420474e-005	6.432998e-007	7.133573e-008
2.912538866983418e-008	2.133773e-007	6.169926e-006	1.404829e-005	6.433126e-007	7.135080e-008
2.912808509840561e-008	2.202624e-007	6.165041e-006	1.388356e-005	6.433254e-007	7.136893e-008
2.913078152697704e-008	2.281773e-007	6.159802e-006	1.371056e-005	6.433382e-007	7.139010e-008
2.913347795554847e-008	2.371220e-007	6.154210e-006	1.352929e-005	6.433509e-007	7.141433e-008
2.913617438411991e-008	2.470965e-007	6.148265e-006	1.333974e-005	6.433637e-007	7.144161e-008
2.913887081269134e-008	2.581008e-007	6.141966e-006	1.314193e-005	6.433765e-007	7.147195e-008
2.914156724126277e-008	2.701350e-007	6.135313e-006	1.293584e-005	6.433892e-007	7.150534e-008
2.914256724126277e-008	2.749680e-007	6.132723e-006	1.285868e-005	6.433939e-007	7.151884e-008
2.914742438411992e-008	3.003643e-007	6.119454e-006	1.248365e-005	6.434169e-007	7.158995e-008
2.915228152697707e-008	3.303276e-007	6.104702e-006	1.211158e-005	6.434398e-007	7.167516e-008
2.915713866983422e-008	3.648579e-007	6.088470e-006	1.174248e-005	6.434625e-007	7.177448e-008
2.916199581269136e-008	4.039551e-007	6.070756e-006	1.137635e-005	6.434851e-007	7.188790e-008
2.916685295554851e-008	4.476193e-007	6.051561e-006	1.101319e-005	6.435075e-007	7.201543e-008
2.917171009840566e-008	4.958504e-007	6.030885e-006	1.065300e-005	6.435298e-007	7.215706e-008
2.917656724126281e-008	5.486485e-007	6.008727e-006	1.029579e-005	6.435519e-007	7.231280e-008
2.918156724126281e-008	6.084400e-007	5.984262e-006	9.935221e-006	6.435744e-007	7.249065e-008
2.918842438411997e-008	6.997279e-007	5.947689e-006	9.448409e-006	6.436048e-007	7.276315e-008
2.919528152697712e-008	7.999962e-007	5.908594e-006	8.977354e-006	6.436345e-007	7.306604e-008
2.920213866983427e-008	9.092451e-007	5.866975e-006	8.522056e-006	6.436634e-007	7.339930e-008
2.920899581269142e-008	1.027475e-006	5.822834e-006	8.082515e-006	6.436915e-007	7.376294e-008
2.921585295554857e-008	1.154684e-006	5.776170e-006	7.658732e-006	6.437188e-007	7.415697e-008
2.922271009840572e-008	1.290875e-006	5.726983e-006	7.250706e-006	6.437454e-007	7.458137e-008
2.922956724126287e-008	1.436046e-006	5.675273e-006	6.858436e-006	6.437712e-007	7.503615e-008
2.923885295554859e-008	1.646813e-006	5.601609e-006	6.360883e-006	6.438043e-007	7.570226e-008
2.924813866983432e-008	1.865342e-006	5.526906e-006	5.894025e-006	6.438355e-007	7.640270e-008
2.925742438412004e-008	2.091634e-006	5.451164e-006	5.457863e-006	6.438648e-007	7.713747e-008
2.926671009840577e-008	2.325688e-006	5.374384e-006	5.052396e-006	6.438920e-007	7.790655e-008
2.927599581269149e-008	2.567506e-006	5.296564e-006	4.677625e-006	6.439173e-007	7.870996e-008
2.928528152697722e-008	2.817085e-006	5.217706e-006	4.333550e-006	6.439406e-007	7.954769e-008
2.929456724126294e-008	3.074428e-006	5.137809e-006	4.020170e-006	6.439619e-007	8.041975e-008
2.930285295554866e-008	3.304419e-006	5.068009e-006	3.762470e-006	6.439791e-007	8.121043e-008
2.931113866983439e-008	3.533634e-006	4.999793e-006	3.520841e-006	6.439949e-007	8.200837e-008
2.931942438412011e-008	3.762074e-006	4.933162e-006	3.295280e-006	6.440093e-007	8.281355e-008
2.932771009840584e-008	3.989739e-006	4.868116e-006	3.085790e-006	6.440223e-007	8.362598e-008
2.933599581269156e-008	4.216629e-006	4.804654e-006	2.892368e-006	6.440339e-007	8.444565e-008
2.934428152697729e-008	4.442743e-006	4.742777e-006	2.715017e-006	6.440441e-007	8.527258e-008
2.935256724126301e-008	4.668082e-006	4.682485e-006	2.553735e-006	6.440529e-007	8.610674e-008
2.935613866983444e-008	4.763766e-006	4.657346e-006	2.486934e-006	6.440563e-007	8.646468e-008
2.935971009840587e-008	4.858832e-006	4.632629e-006	2.422124e-006	6.440596e-007	8.682236e-008
2.936328152697731e-008	4.953280e-006	4.608336e-006	2.359303e-006	6.440626e-007	8.717980e-008
2.936685295554874e-008	5.047110e-006	4.584466e-006	2.298472e-006	6.440655e-007	8.753698e-008
2.937042438412017e-008	5.140322e-006	4.561020e-006	2.239631e-006	6.440681e-007	8.789392e-008
2.937399581269160e-008	5.232916e-006	4.537997e-006	2.182779e-006	6.440706e-007	8.825060e-008
2.937756724126304e-008	5.324891e-006	4.515397e-006	2.127917e-006	6.440728e-007	8.860704e-008
2.937856724126304e-008	5.350500e-006	4.509152e-006	2.112812e-006	6.440735e-007	8.870667e-008
2.937956724126304e-008	5.376053e-006	4.502941e-006	2.097812e-006	6.440740e-007	8.880625e-008
2.938156724126304e-008	5.426983e-006	4.490628e-006	2.068056e-006	6.440752e-007	8.900525e-008
2.938319582516282e-008	5.468287e-006	4.480706e-006	2.044104e-006	6.440760e-007	8.916716e-008
2.938482440906260e-008	5.509403e-006	4.470889e-006	2.020337e-006	6.440769e-007	8.932881e-008
2.938645299296238e-008	5.550330e-006	4.461177e-006	1.996754e-006	6.440777e-007	8.949020e-008
2.938808157686216e-008	5.591068e-006	4.451570e-006	1.973357e-006	6.440785e-007	8.965133e-008
2.938971016076193e-008	5.631617e-006	4.442068e-006	1.950144e-006	6.440793e-007	8.981221e-008
2.939133874466171e-008	5.671978e-006	4.432671e-006	1.927116e-006	6.440800e-007	8.997282e-008
2.939296732856149e-008	5.712150e-006	4.423378e-006	1.904274e-006	6.440807e-007	9.013318e-008
2.939309625455067e-008	5.715319e-006	4.422648e-006	1.902472e-006	6.440807e-007	9.014586e-008
2.939322518053985e-008	5.718487e-006	4.421919e-006	1.900674e-006	6.440808e-007	9.015854e-008
2.939335410652903e-008	5.721654e-006	4.421190e-006	1.898879e-006	6.440808e-007	9.017121e-008
2.939348303251821e-008	5.724819e-006	4.420462e-006	1.897087e-006	6.440809e-007	9.018388e-008
2.939361195850738e-008	5.727982e-006	4.419735e-006	1.895299e-006	6.440809e-007	9.019654e-008
2.939374088449656e-008	5.731144e-006	4.419009e-006	1.893514e-006	6.440810e-007	9.020920e-008
2.939386981048574e-008	5.734304e-006	4.418283e-006	1.891732e-006	6.440811e-007	9.022186e-008
2.939535995839305e-008	5.770733e-006	4.409950e-006	1.871231e-006	6.440816e-007	9.036804e-008
2.939685010630035e-008	5.806989e-006	4.401706e-006	1.850959e-006	6.440822e-007	9.051394e-008
2.939834025420766e-008	5.843070e-006	4.393552e-006	1.830915e-006	6.440827e-007	9.065955e-008
2.939983040211496e-008	5.878978e-006	4.385489e-006	1.811100e-006	6.440832e-007	9.080488e-008
2.940132055002226e-008	5.914710e-006	4.377515e-006	1.791514e-006	6.440837e-007	9.094991e-008
2.940281069792957e-008	5.950269e-006	4.369631e-006	1.772157e-006	6.440841e-007	9.109467e-008
2.940430084583687e-008	5.985653e-006	4.361838e-006	1.753029e-006	6.440846e-007	9.123913e-008
2.940530084583687e-008	6.009300e-006	4.356658e-006	1.740373e-006	6.440849e-007	9.133591e-008
2.940630084583688e-008	6.032867e-006	4.351518e-006	1.727997e-006	6.440851e-007	9.143255e-008
2.940730084583688e-008	6.056354e-006	4.346419e-006	1.716027e-006	6.440854e-007	9.152907e-008
2.940901513155117e-008	6.096444e-006	4.337770e-006	1.696503e-006	6.440858e-007	9.169424e-008
2.941072941726545e-008	6.136272e-006	4.329248e-006	1.678085e-006	6.440862e-007	9.185892e-008
2.941244370297974e-008	6.175838e-006	4.320853e-006	1.660772e-006	6.440866e-007	9.202311e-008
2.941415798869403e-008	6.215143e-006	4.312586e-006	1.644565e-006	6.440869e-007	9.218682e-008
2.941587227440832e-008	6.254187e-006	4.304446e-006	1.629463e-006	6.440872e-007	9.235003e-008
2.941758656012260e-008	6.292970e-006	4.296432e-006	1.615466e-006	6.440875e-007	9.251276e-008
2.941930084583689e-008	6.331491e-006	4.288546e-006	1.602575e-006	6.440877e-007	9.267500e-008
2.942230084583689e-008	6.398211e-006	4.275066e-006	1.582446e-006	6.440881e-007	9.295751e-008
2.942263591030088e-008	6.405613e-006	4.273584e-006	1.580395e-006	6.440882e-007	9.298896e-008
2.942274020162475e-008	6.407913e-006	4.273124e-006	1.579769e-006	6.440882e-007	9.299874e-008
2.942284124033252e-008	6.410140e-006	4.272680e-006	1.579139e-006	6.440882e-007	9.300821e-008
2.942285340064848e-008	6.410408e-006	4.272626e-006	1.579060e-006	6.440882e-007	9.300935e-008
2.942285945562214e-008	6.410541e-006	4.272600e-006	1.579021e-006	6.440882e-007	9.300992e-008
2.942286484568089e-008	6.410660e-006	4.272576e-006	1.578988e-006	6.440882e-007	9.301042e-008
2.942287149725293e-008	6.410807e-006	4.272546e-006	1.578948e-006	6.440882e-007	9.301105e-008
2.942287858453789e-008	6.410963e-006	4.272516e-006	1.578904e-006	6.440882e-007	9.301171e-008
2.942288567278135e-008	6.411119e-006	4.272484e-006	1.578861e-006	6.440882e-007	9.301237e-008
2.942289252241853e-008	6.411270e-006	4.272454e-006	1.578818e-006	6.440882e-007	9.301301e-008
2.942289940267394e-008	6.411421e-006	4.272424e-006	1.578775e-006	6.440882e-007	9.301366e-008
2.942290625642656e-008	6.411572e-006	4.272394e-006	1.578733e-006	6.440882e-007	9.301430e-008
2.942291317298123e-008	6.411724e-006	4.272363e-006	1.578689e-006	6.440882e-007	9.301495e-008
2.942292005040702e-008	6.411876e-006	4.272333e-006	1.578646e-006	6.440882e-007	9.301559e-008
2.942292796227028e-008	6.412050e-006	4.272299e-006	1.578597e-006	6.440882e-007	9.301634e-008
2.942293689548870e-008	6.412247e-006	4.272259e-006	1.578541e-006	6.440882e-007	9.301718e-008
2.942294747500976e-008	6.412480e-006	4.272213e-006	1.578475e-006	6.440882e-007	9.301817e-008
2.942297468378736e-008	6.413079e-006	4.272093e-006	1.578304e-006	6.440882e-007	9.302072e-008
2.942308579005777e-008	6.415525e-006	4.271606e-006	1.577607e-006	6.440882e-007	9.303113e-008
2.942319689632819e-008	6.417970e-006	4.271119e-006	1.576911e-006	6.440882e-007	9.304153e-008
2.942330800259860e-008	6.420412e-006	4.270633e-006	1.576215e-006	6.440882e-007	9.305194e-008
2.942341910886901e-008	6.422854e-006	4.270147e-006	1.575520e-006	6.440882e-007	9.306234e-008
2.942353021513942e-008	6.425294e-006	4.269663e-006	1.574825e-006	6.440882e-007	9.307274e-008
2.942364132140984e-008	6.427732e-006	4.269178e-006	1.574130e-006	6.440883e-007	9.308313e-008
2.942375242768025e-008	6.430168e-006	4.268695e-006	1.573436e-006	6.440883e-007	9.309353e-008
2.943049435688761e-008	6.575880e-006	4.240347e-006	1.531903e-006	6.440888e-007	9.371966e-008
2.945078007117334e-008	6.981861e-006	4.170710e-006	1.415755e-006	6.440865e-007	9.553986e-008
2.947106578545908e-008	7.359303e-006	4.112351e-006	1.307584e-006	6.440845e-007	9.729225e-008
2.949135149974482e-008	7.708205e-006	4.065268e-006	1.207389e-006	6.440828e-007	9.897682e-008
2.951163721403056e-008	8.028567e-006	4.029462e-006	1.115171e-006	6.440813e-007	1.005936e-007
2.953192292831629e-008	8.320390e-006	4.004934e-006	1.030930e-006	6.440800e-007	1.021425e-007
2.955220864260203e-008	8.583673e-006	3.991682e-006	9.546648e-007	6.440790e-007	1.036236e-007
2.957249435688777e-008	8.818417e-006	3.989708e-006	8.863766e-007	6.440782e-007	1.050370e-007
2.959492292831636e-008	9.056612e-006	3.993361e-006	8.170727e-007	6.440812e-007	1.065367e-007
2.961735149974496e-008	9.276859e-006	4.001319e-006	7.528952e-007	6.440879e-007	1.079804e-007
2.963978007117356e-008	9.479160e-006	4.013581e-006	6.938440e-007	6.440983e-007	1.093680e-007
2.966220864260216e-008	9.663514e-006	4.030148e-006	6.399191e-007	6.441125e-007	1.106995e-007
2.968463721403075e-008	9.829921e-006	4.051019e-006	5.911206e-007	6.441303e-007	1.119750e-007
2.970706578545935e-008	9.978381e-006	4.076194e-006	5.474484e-007	6.441519e-007	1.131944e-007
2.972949435688795e-008	1.010889e-005	4.105674e-006	5.089026e-007	6.441771e-007	1.143577e-007
2.973049435688795e-008	1.011459e-005	4.106942e-006	5.072181e-007	6.441784e-007	1.144088e-007
2.975706578545940e-008	1.025369e-005	4.143039e-006	4.660161e-007	6.442147e-007	1.157261e-007
2.978363721403086e-008	1.038043e-005	4.179428e-006	4.282500e-007	6.442564e-007	1.169911e-007
2.981020864260232e-008	1.049480e-005	4.216111e-006	3.939197e-007	6.443034e-007	1.182036e-007
2.983678007117378e-008	1.059682e-005	4.253085e-006	3.630252e-007	6.443558e-007	1.193637e-007
2.986335149974524e-008	1.068647e-005	4.290353e-006	3.355666e-007	6.444136e-007	1.204713e-007
2.988992292831670e-008	1.076377e-005	4.327913e-006	3.115439e-007	6.444768e-007	1.215266e-007
2.991649435688815e-008	1.082871e-005	4.365766e-006	2.909570e-007	6.445453e-007	1.225295e-007
2.991749435688816e-008	1.083122e-005	4.367256e-006	2.901926e-007	6.445479e-007	1.225670e-007
2.991777503121721e-008	1.083183e-005	4.367580e-006	2.899786e-007	6.445487e-007	1.225778e-007
2.991800723105694e-008	1.083160e-005	4.367113e-006	2.898019e-007	6.445493e-007	1.225860e-007
2.991866407789417e-008	1.081907e-005	4.353925e-006	2.893031e-007	6.445509e-007	1.226069e-007
2.992033257868794e-008	1.073035e-005	4.263545e-006	2.880421e-007	6.445550e-007	1.227919e-007
2.992133257868794e-008	1.064638e-005	4.178597e-006	2.872900e-007	6.445571e-007	1.230175e-007
2.992233257868794e-008	1.053843e-005	4.069680e-006	2.865407e-007	6.445589e-007	1.233509e-007
2.992333257868794e-008	1.040749e-005	3.937780e-006	2.857942e-007	6.445605e-007	1.238030e-007
2.992533257868795e-008	1.008119e-005	3.609593e-006	2.843094e-007	6.445624e-007	1.251112e-007
2.992733257868795e-008	9.678108e-006	3.204662e-006	2.828351e-007	6.445624e-007	1.270501e-007
2.992933257868795e-008	9.210788e-006	2.735536e-006	2.813710e-007	6.445604e-007	1.297424e-007
2.993133257868795e-008	8.692876e-006	2.215861e-006	2.799168e-007	6.445561e-007	1.333168e-007
2.993333257868795e-008	8.138243e-006	1.659506e-006	2.784722e-007	6.445492e-007	1.379000e-007
2.993533257868796e-008	7.560180e-006	1.079761e-006	2.770369e-007	6.445398e-007	1.436086e-007
2.993733257868796e-008	6.970751e-006	4.886907e-007	2.756110e-007	6.445279e-007	1.505431e-007
2.993933257868796e-008	6.380348e-006	-1.033133e-007	2.741943e-007	6.445133e-007	1.587845e-007
2.994133257868796e-008	5.797443e-006	-6.877794e-007	2.727868e-007	6.444963e-007	1.683934e-007
2.994333257868797e-008	5.228520e-006	-1.258222e-006	2.713884e-007	6.444768e-007	1.794097e-007
2.994533257868797e-008	4.678156e-006	-1.810066e-006	2.699992e-007	6.444550e-007	1.918548e-007
2.994733257868797e-008	4.149181e-006	-2.340481e-006	2.686193e-007	6.444311e-007	2.057335e-007
2.994833257868797e-008	3.892759e-006	-2.597609e-006	2.679326e-007	6.444183e-007	2.131823e-007
2.994904000411580e-008	3.714660e-006	-2.776202e-006	2.674481e-007	6.444090e-007	2.186526e-007
2.994952491547537e-008	3.594942e-006	-2.896255e-006	2.671167e-007	6.444025e-007	2.225253e-007
2.995013397191469e-008	3.447437e-006	-3.044177e-006	2.667014e-007	6.443941e-007	2.275144e-007
2.995051944513554e-008	3.355315e-006	-3.136562e-006	2.664389e-007	6.443888e-007	2.307296e-007
2.995064888082892e-008	3.324575e-006	-3.167390e-006	2.663508e-007	6.443869e-007	2.318219e-007
2.995069226563535e-008	3.314387e-006	-3.177607e-006	2.663213e-007	6.443863e-007	2.321907e-007
2.995073495588617e-008	3.304450e-006	-3.187573e-006	2.662923e-007	6.443858e-007	2.325553e-007
2.995075125323475e-008	3.300645e-006	-3.191389e-006	2.662812e-007	6.443855e-007	2.326947e-007
2.995075668776270e-008	3.299377e-006	-3.192662e-006	2.662775e-007	6.443854e-007	2.327411e-007
2.995075764884915e-008	3.299152e-006	-3.192887e-006	2.662768e-007	6.443854e-007	2.327493e-007
2.995075800572342e-008	3.299068e-006	-3.192971e-006	2.662766e-007	6.443854e-007	2.327524e-007
2.995075847599874e-008	3.298958e-006	-3.193081e-006	2.662763e-007	6.443854e-007	2.327564e-007
2.995075898450573e-008	3.298839e-006	-3.193201e-006	2.662759e-007	6.443854e-007	2.327608e-007
2.995075952053580e-008	3.298714e-006	-3.193326e-006	2.662756e-007	6.443854e-007	2.327653e-007
2.995076009408641e-008	3.298579e-006	-3.193461e-006	2.662752e-007	6.443854e-007	2.327703e-007
2.995076064211889e-008	3.298451e-006	-3.193590e-006	2.662748e-007	6.443854e-007	2.327749e-007
2.995076119914872e-008	3.298321e-006	-3.193720e-006	2.662744e-007	6.443854e-007	2.327797e-007
2.995076174290833e-008	3.298193e-006	-3.193848e-006	2.662740e-007	6.443854e-007	2.327844e-007
2.995076229887001e-008	3.298063e-006	-3.193979e-006	2.662737e-007	6.443854e-007	2.327891e-007
2.995076284621570e-008	3.297935e-006	-3.194107e-006	2.662733e-007	6.443854e-007	2.327938e-007
2.995076340115759e-008	3.297806e-006	-3.194237e-006	2.662729e-007	6.443854e-007	2.327985e-007
2.995076406052516e-008	3.297651e-006	-3.194392e-006	2.662725e-007	6.443853e-007	2.328042e-007
2.995076479876538e-008	3.297478e-006	-3.194565e-006	2.662720e-007	6.443853e-007	2.328105e-007
2.995076568244768e-008	3.297271e-006	-3.194773e-006	2.662714e-007	6.443853e-007	2.328181e-007
2.995076669931096e-008	3.297034e-006	-3.195011e-006	2.662707e-007	6.443853e-007	2.328267e-007
2.995076796563683e-008	3.296737e-006	-3.195309e-006	2.662698e-007	6.443852e-007	2.328376e-007
2.995076952839105e-008	3.296371e-006	-3.195676e-006	2.662688e-007	6.443852e-007	2.328509e-007
2.995077163970570e-008	3.295877e-006	-3.196172e-006	2.662673e-007	6.443852e-007	2.328690e-007
2.995078820631183e-008	3.291993e-006	-3.200066e-006	2.662561e-007	6.443850e-007	2.330107e-007
2.995109081963367e-008	3.219668e-006	-3.272595e-006	2.660505e-007	6.443807e-007	2.356111e-007
2.995139343295550e-008	3.146564e-006	-3.345902e-006	2.658452e-007	6.443763e-007	2.382328e-007
2.995169604627734e-008	3.072679e-006	-3.419989e-006	2.656402e-007	6.443719e-007	2.408760e-007
2.995199865959917e-008	2.998016e-006	-3.494854e-006	2.654353e-007	6.443674e-007	2.435406e-007
2.995230127292101e-008	2.922572e-006	-3.570497e-006	2.652306e-007	6.443629e-007	2.462265e-007
2.995260388624284e-008	2.846349e-006	-3.646920e-006	2.650262e-007	6.443583e-007	2.489339e-007
2.995290649956468e-008	2.769346e-006	-3.724121e-006	2.648219e-007	6.443537e-007	2.516626e-007
2.995390649956468e-008	2.512947e-006	-3.981170e-006	2.641481e-007	6.443382e-007	2.608141e-007
2.995590649956468e-008	1.983757e-006	-4.511632e-006	2.628071e-007	6.443055e-007	2.798525e-007
2.995790649956469e-008	1.434061e-006	-5.062560e-006	2.614749e-007	6.442707e-007	2.998598e-007
2.995990649956469e-008	8.653324e-007	-5.632483e-006	2.601512e-007	6.442337e-007	3.208222e-007
2.996190649956469e-008	2.791519e-007	-6.219819e-006	2.588359e-007	6.441944e-007	3.427263e-007
2.996290649956469e-008	-1.995684e-008	-6.519491e-006	2.581813e-007	6.441738e-007	3.540272e-007
2.996490649956469e-008	-6.290915e-007	-7.129724e-006	2.568783e-007	6.441310e-007	3.773175e-007
2.996790649956470e-008	-1.566473e-006	-8.068680e-006	2.549390e-007	6.440621e-007	4.139457e-007
2.996890649956470e-008	-1.885025e-006	-8.387739e-006	2.542965e-007	6.440379e-007	4.266035e-007
2.996990649956470e-008	-2.204966e-006	-8.708178e-006	2.536560e-007	6.440132e-007	4.394749e-007
2.997090649956470e-008	-2.526297e-006	-9.029995e-006	2.530174e-007	6.439878e-007	4.525600e-007
2.997190649956470e-008	-2.849016e-006	-9.353193e-006	2.523807e-007	6.439618e-007	4.658589e-007
2.997290649956470e-008	-3.173125e-006	-9.677770e-006	2.517460e-007	6.439352e-007	4.793714e-007
2.997390649956470e-008	-3.498623e-006	-1.000373e-005	2.511132e-007	6.439079e-007	4.930976e-007
2.997490649956471e-008	-3.825509e-006	-1.033106e-005	2.504823e-007	6.438801e-007	5.070376e-007
2.997590649956471e-008	-4.151830e-006	-1.065783e-005	2.498530e-007	6.438518e-007	5.211428e-007
2.997618717386179e-008	-4.243338e-006	-1.074946e-005	2.496767e-007	6.438437e-007	5.251386e-007
2.997641750983617e-008	-4.317804e-006	-1.082402e-005	2.495322e-007	6.438370e-007	5.284418e-007
2.997674161050853e-008	-4.419578e-006	-1.092594e-005	2.493291e-007	6.438276e-007	5.331331e-007
2.997707677125581e-008	-4.520673e-006	-1.102717e-005	2.491194e-007	6.438178e-007	5.380454e-007
2.997774709275037e-008	-4.713504e-006	-1.122029e-005	2.487006e-007	6.437979e-007	5.480119e-007
2.997874709275037e-008	-4.981979e-006	-1.148917e-005	2.480775e-007	6.437680e-007	5.631710e-007
2.997974709275038e-008	-5.226372e-006	-1.173397e-005	2.474562e-007	6.437377e-007	5.786890e-007
2.998074709275038e-008	-5.443400e-006	-1.195140e-005	2.468371e-007	6.437072e-007	5.946054e-007
2.998274709275038e-008	-5.791027e-006	-1.229979e-005	2.456056e-007	6.436454e-007	6.276605e-007
2.998474709275038e-008	-6.019572e-006	-1.252906e-005	2.443833e-007	6.435832e-007	6.623671e-007
2.998674709275038e-008	-6.128972e-006	-1.263915e-005	2.431708e-007	6.435212e-007	6.987204e-007
2.998874709275039e-008	-6.123688e-006	-1.263452e-005	2.419685e-007	6.434599e-007	7.366855e-007
2.999074709275039e-008	-6.012187e-006	-1.252364e-005	2.407767e-007	6.433997e-007	7.761996e-007
2.999274709275039e-008	-5.806723e-006	-1.231877e-005	2.395958e-007	6.433411e-007	8.171726e-007
2.999474709275039e-008	-5.522926e-006	-1.203552e-005	2.384261e-007	6.432845e-007	8.594869e-007
2.999674709275040e-008	-5.178785e-006	-1.169190e-005	2.372677e-007	6.432301e-007	9.030037e-007
2.999874709275040e-008	-4.793128e-006	-1.130674e-005	2.361208e-007	6.431782e-007	9.475716e-007
3.000174709275040e-008	-4.175748e-006	-1.069003e-005	2.344218e-007	6.431048e-007	1.016063e-006
3.000474709275040e-008	-3.556472e-006	-1.007136e-005	2.327482e-007	6.430370e-007	1.086106e-006
3.000774709275041e-008	-2.971776e-006	-9.487202e-006	2.310996e-007	6.429744e-007	1.157312e-006
3.001074709275041e-008	-2.443065e-006	-8.958965e-006	2.294751e-007	6.429167e-007	1.229385e-006
3.001274709275041e-008	-2.126543e-006	-8.642723e-006	2.284053e-007	6.428807e-007	1.277807e-006
3.001474709275042e-008	-1.839437e-006	-8.355870e-006	2.273456e-007	6.428464e-007	1.326470e-006
3.001674709275042e-008	-1.580841e-006	-8.097501e-006	2.262959e-007	6.428137e-007	1.375337e-006
3.001874709275042e-008	-1.348997e-006	-7.865857e-006	2.252560e-007	6.427825e-007	1.424376e-006
3.002074709275042e-008	-1.141635e-006	-7.658668e-006	2.242257e-007	6.427527e-007	1.473560e-006
3.002274709275042e-008	-9.562314e-007	-7.473413e-006	2.232047e-007	6.427241e-007	1.522863e-006
3.002474709275043e-008	-7.902068e-007	-7.307511e-006	2.221930e-007	6.426966e-007	1.572263e-006
3.002674709275043e-008	-6.410588e-007	-7.158460e-006	2.211903e-007	6.426702e-007	1.621737e-006
3.002874709275043e-008	-5.064497e-007	-7.023924e-006	2.201966e-007	6.426447e-007	1.671260e-006
3.003074709275043e-008	-3.842580e-007	-6.901782e-006	2.192116e-007	6.426201e-007	1.720808e-006
3.003274709275044e-008	-2.726005e-007	-6.790150e-006	2.182353e-007	6.425964e-007	1.770356e-006
3.003474709275044e-008	-1.698366e-007	-6.687388e-006	2.172676e-007	6.425735e-007	1.819879e-006
3.003674709275044e-008	-7.455867e-008	-6.592089e-006	2.163083e-007	6.425513e-007	1.869349e-006
3.003874709275044e-008	1.442533e-008	-6.503061e-006	2.153573e-007	6.425298e-007	1.918740e-006
3.004074709275045e-008	9.811385e-008	-6.419306e-006	2.144145e-007	6.425090e-007	1.968023e-006
3.004374709275045e-008	2.154884e-007	-6.301791e-006	2.130157e-007	6.424791e-007	2.041687e-006
3.004660423560759e-008	3.182098e-007	-6.198888e-006	2.117007e-007	6.424519e-007	2.111654e-006
3.004946137846474e-008	4.170910e-007	-6.099785e-006	2.104014e-007	6.424258e-007	2.181000e-006
3.005231852132189e-008	5.121321e-007	-6.004480e-006	2.091176e-007	6.424009e-007	2.249723e-006
3.005517566417903e-008	6.033331e-007	-5.912974e-006	2.078494e-007	6.423771e-007	2.317825e-006
3.005803280703618e-008	6.906940e-007	-5.825267e-006	2.065967e-007	6.423543e-007	2.385304e-006
3.006088994989333e-008	7.742148e-007	-5.741360e-006	2.053597e-007	6.423327e-007	2.452161e-006
3.006374709275047e-008	8.538954e-007	-5.661251e-006	2.041381e-007	6.423122e-007	2.518396e-006
3.007288994989334e-008	1.093901e-006	-5.419577e-006	2.003405e-007	6.422545e-007	2.724916e-006
3.008203280703621e-008	1.315987e-006	-5.195506e-006	1.966740e-007	6.422041e-007	2.919847e-006
3.009117566417908e-008	1.520153e-006	-4.989039e-006	1.931388e-007	6.421612e-007	3.103187e-006
3.010031852132194e-008	1.706398e-006	-4.800175e-006	1.897347e-007	6.421256e-007	3.274939e-006
3.010946137846481e-008	1.874723e-006	-4.628914e-006	1.864619e-007	6.420974e-007	3.435100e-006
3.011860423560767e-008	2.025127e-006	-4.475256e-006	1.833202e-007	6.420767e-007	3.583673e-006
3.012774709275054e-008	2.157612e-006	-4.339202e-006	1.803098e-007	6.420632e-007	3.720656e-006
3.013574709275055e-008	2.262608e-006	-4.230892e-006	1.777636e-007	6.420550e-007	3.829982e-006
3.014374709275056e-008	2.359200e-006	-4.130824e-006	1.752936e-007	6.420498e-007	3.932495e-006
3.015174709275057e-008	2.447387e-006	-4.038997e-006	1.728998e-007	6.420475e-007	4.028194e-006
3.015974709275058e-008	2.527170e-006	-3.955411e-006	1.705821e-007	6.420481e-007	4.117079e-006
3.016774709275059e-008	2.598547e-006	-3.880067e-006	1.683407e-007	6.420517e-007	4.199151e-006
3.017574709275060e-008	2.661520e-006	-3.812965e-006	1.661754e-007	6.420582e-007	4.274408e-006
3.018374709275061e-008	2.716087e-006	-3.754104e-006	1.640863e-007	6.420677e-007	4.342853e-006
3.018652387846490e-008	2.734174e-006	-3.734502e-006	1.633749e-007	6.420713e-007	4.365780e-006
3.018930066417918e-008	2.751462e-006	-3.715682e-006	1.626712e-007	6.420751e-007	4.388157e-006
3.019207744989348e-008	2.767952e-006	-3.697645e-006	1.619751e-007	6.420791e-007	4.409981e-006
3.019485423560776e-008	2.783644e-006	-3.680391e-006	1.612868e-007	6.420834e-007	4.431253e-006
3.019763102132205e-008	2.798538e-006	-3.663919e-006	1.606062e-007	6.420879e-007	4.451974e-006
3.020040780703634e-008	2.812633e-006	-3.648230e-006	1.599333e-007	6.420926e-007	4.472142e-006
3.020318459275063e-008	2.825931e-006	-3.633324e-006	1.592681e-007	6.420975e-007	4.491759e-006
3.020355959275062e-008	2.827448e-006	-3.631588e-006	1.591788e-007	6.420982e-007	4.494371e-006
3.020418459275062e-008	2.829059e-006	-3.629613e-006	1.590303e-007	6.420993e-007	4.498702e-006
3.020493459275062e-008	2.827246e-006	-3.630987e-006	1.588527e-007	6.421007e-007	4.503828e-006
3.020593459275062e-008	2.823403e-006	-3.634244e-006	1.586166e-007	6.421025e-007	4.510599e-006
3.020686693297434e-008	2.820849e-006	-3.636250e-006	1.583972e-007	6.421042e-007	4.516869e-006
3.020763479011719e-008	2.820220e-006	-3.636426e-006	1.582172e-007	6.421056e-007	4.521999e-006
3.020840264726005e-008	2.819950e-006	-3.636243e-006	1.580377e-007	6.421071e-007	4.527097e-006
3.020917050440291e-008	2.820037e-006	-3.635701e-006	1.578588e-007	6.421085e-007	4.532163e-006
3.020993836154577e-008	2.820482e-006	-3.634800e-006	1.576803e-007	6.421100e-007	4.537197e-006
3.021070621868863e-008	2.821286e-006	-3.633540e-006	1.575024e-007	6.421114e-007	4.542198e-006
3.021147407583148e-008	2.822447e-006	-3.631920e-006	1.573251e-007	6.421129e-007	4.547167e-006
3.021224193297434e-008	2.823966e-006	-3.629942e-006	1.571482e-007	6.421143e-007	4.552105e-006
3.021274193297434e-008	2.824835e-006	-3.628774e-006	1.570334e-007	6.421153e-007	4.555298e-006
3.021311693297434e-008	2.824795e-006	-3.628590e-006	1.569474e-007	6.421160e-007	4.557677e-006
3.021361693297434e-008	2.823703e-006	-3.629381e-006	1.568331e-007	6.421170e-007	4.560825e-006
3.021425126716596e-008	2.822549e-006	-3.630154e-006	1.566883e-007	6.421182e-007	4.564800e-006
3.021635776879851e-008	2.822686e-006	-3.628744e-006	1.562098e-007	6.421224e-007	4.577874e-006
3.021685776879851e-008	2.823782e-006	-3.627345e-006	1.560969e-007	6.421234e-007	4.580927e-006
3.021774442682928e-008	2.826845e-006	-3.623743e-006	1.558973e-007	6.421251e-007	4.586262e-006
3.021873178573284e-008	2.830289e-006	-3.619698e-006	1.556757e-007	6.421272e-007	4.592067e-006
3.022173178573284e-008	2.836533e-006	-3.611617e-006	1.550076e-007	6.421334e-007	4.608709e-006
3.022373178573285e-008	2.838343e-006	-3.608573e-006	1.545667e-007	6.421376e-007	4.618978e-006
3.022473178573285e-008	2.838200e-006	-3.608096e-006	1.543475e-007	6.421397e-007	4.623836e-006
3.022573178573285e-008	2.836889e-006	-3.608787e-006	1.541292e-007	6.421419e-007	4.628459e-006
3.022673178573285e-008	2.834397e-006	-3.610657e-006	1.539116e-007	6.421440e-007	4.632854e-006
3.022717677792938e-008	2.832682e-006	-3.612094e-006	1.538150e-007	6.421449e-007	4.634730e-006
3.022729257594180e-008	2.831982e-006	-3.612722e-006	1.537899e-007	6.421452e-007	4.635204e-006
3.022737533249300e-008	2.831443e-006	-3.613209e-006	1.537720e-007	6.421454e-007	4.635539e-006
3.022748313095793e-008	2.830925e-006	-3.613659e-006	1.537487e-007	6.421456e-007	4.635973e-006
3.022750272383070e-008	2.830853e-006	-3.613720e-006	1.537444e-007	6.421457e-007	4.636052e-006
3.022750915189181e-008	2.830828e-006	-3.613740e-006	1.537430e-007	6.421457e-007	4.636078e-006
3.022751035848735e-008	2.830824e-006	-3.613744e-006	1.537428e-007	6.421457e-007	4.636082e-006
3.022751072691720e-008	2.830823e-006	-3.613744e-006	1.537427e-007	6.421457e-007	4.636084e-006
3.022751114406787e-008	2.830822e-006	-3.613745e-006	1.537426e-007	6.421457e-007	4.636086e-006
3.022751163860654e-008	2.830820e-006	-3.613747e-006	1.537425e-007	6.421457e-007	4.636088e-006
3.022751225155248e-008	2.830818e-006	-3.613748e-006	1.537423e-007	6.421457e-007	4.636090e-006
3.022751281202095e-008	2.830816e-006	-3.613750e-006	1.537422e-007	6.421457e-007	4.636092e-006
3.022751352799065e-008	2.830814e-006	-3.613752e-006	1.537421e-007	6.421457e-007	4.636095e-006
3.022751426553706e-008	2.830812e-006	-3.613754e-006	1.537419e-007	6.421457e-007	4.636098e-006
3.022751522447812e-008	2.830808e-006	-3.613756e-006	1.537417e-007	6.421457e-007	4.636102e-006
3.022751626688872e-008	2.830805e-006	-3.613759e-006	1.537415e-007	6.421457e-007	4.636106e-006
3.022751765814019e-008	2.830800e-006	-3.613763e-006	1.537412e-007	6.421457e-007	4.636112e-006
3.022751930505622e-008	2.830795e-006	-3.613767e-006	1.537408e-007	6.421457e-007	4.636119e-006
3.022752168731092e-008	2.830787e-006	-3.613774e-006	1.537403e-007	6.421457e-007	4.636128e-006
3.022821222029043e-008	2.832001e-006	-3.612127e-006	1.535912e-007	6.421472e-007	4.638839e-006
3.022890275326994e-008	2.835688e-006	-3.608008e-006	1.534425e-007	6.421487e-007	4.641458e-006
3.022959328624946e-008	2.841848e-006	-3.601415e-006	1.532942e-007	6.421502e-007	4.643983e-006
3.023028381922897e-008	2.850480e-006	-3.592348e-006	1.531462e-007	6.421518e-007	4.646416e-006
3.023097435220849e-008	2.861585e-006	-3.580809e-006	1.529987e-007	6.421534e-007	4.648757e-006
3.023166488518800e-008	2.875162e-006	-3.566796e-006	1.528515e-007	6.421550e-007	4.651004e-006
3.023235541816751e-008	2.891212e-006	-3.550310e-006	1.527047e-007	6.421566e-007	4.653159e-006
3.023247910429636e-008	2.894539e-006	-3.546905e-006	1.526785e-007	6.421569e-007	4.653532e-006
3.023269827277636e-008	2.900558e-006	-3.540747e-006	1.526321e-007	6.421574e-007	4.654180e-006
3.023384387991433e-008	2.927599e-006	-3.512980e-006	1.523901e-007	6.421603e-007	4.657428e-006
3.023498948705232e-008	2.953435e-006	-3.486415e-006	1.521493e-007	6.421632e-007	4.660509e-006
3.023613509419029e-008	2.978066e-006	-3.461054e-006	1.519096e-007	6.421662e-007	4.663423e-006
3.023728070132827e-008	3.001492e-006	-3.436896e-006	1.516710e-007	6.421693e-007	4.666169e-006
3.023842630846624e-008	3.023713e-006	-3.413940e-006	1.514336e-007	6.421724e-007	4.668747e-006
3.023957191560423e-008	3.044729e-006	-3.392188e-006	1.511972e-007	6.421756e-007	4.671159e-006
3.024071752274220e-008	3.064541e-006	-3.371638e-006	1.509620e-007	6.421789e-007	4.673403e-006
3.024171752274220e-008	3.081175e-006	-3.354357e-006	1.507574e-007	6.421818e-007	4.675239e-006
3.024219535153620e-008	3.088814e-006	-3.346410e-006	1.506600e-007	6.421832e-007	4.676074e-006
3.024232977130267e-008	3.090884e-006	-3.344252e-006	1.506326e-007	6.421836e-007	4.676299e-006
3.024246350612671e-008	3.092916e-006	-3.342134e-006	1.506054e-007	6.421840e-007	4.676519e-006
3.024248288407620e-008	3.093216e-006	-3.341822e-006	1.506014e-007	6.421841e-007	4.676551e-006
3.024248863789610e-008	3.093305e-006	-3.341728e-006	1.506003e-007	6.421841e-007	4.676560e-006
3.024249290223076e-008	3.093372e-006	-3.341659e-006	1.505994e-007	6.421841e-007	4.676567e-006
3.024249885357444e-008	3.093464e-006	-3.341563e-006	1.505982e-007	6.421841e-007	4.676577e-006
3.024250629621873e-008	3.093580e-006	-3.341442e-006	1.505967e-007	6.421841e-007	4.676589e-006
3.024251339410232e-008	3.093691e-006	-3.341327e-006	1.505952e-007	6.421841e-007	4.676601e-006
3.024252040106914e-008	3.093800e-006	-3.341213e-006	1.505938e-007	6.421842e-007	4.676613e-006
3.024252713386437e-008	3.093905e-006	-3.341104e-006	1.505924e-007	6.421842e-007	4.676624e-006
3.024253406802641e-008	3.094013e-006	-3.340992e-006	1.505910e-007	6.421842e-007	4.676635e-006
3.024254090558608e-008	3.094119e-006	-3.340881e-006	1.505896e-007	6.421843e-007	4.676646e-006
3.024254785694468e-008	3.094228e-006	-3.340768e-006	1.505882e-007	6.421843e-007	4.676658e-006
3.024255470551198e-008	3.094334e-006	-3.340657e-006	1.505868e-007	6.421843e-007	4.676669e-006
3.024256211464244e-008	3.094450e-006	-3.340536e-006	1.505853e-007	6.421843e-007	4.676681e-006
3.024257071561312e-008	3.094585e-006	-3.340396e-006	1.505836e-007	6.421843e-007	4.676695e-006
3.024258061607612e-008	3.094739e-006	-3.340235e-006	1.505816e-007	6.421844e-007	4.676712e-006
3.024259226281891e-008	3.094922e-006	-3.340045e-006	1.505792e-007	6.421844e-007	4.676731e-006
3.024262321100805e-008	3.095408e-006	-3.339539e-006	1.505729e-007	6.421845e-007	4.676782e-006
3.024565259726312e-008	3.144296e-006	-3.288679e-006	1.499613e-007	6.421938e-007	4.681787e-006
3.024868198351818e-008	3.192786e-006	-3.238207e-006	1.493570e-007	6.422034e-007	4.686784e-006
3.025171136977325e-008	3.240876e-006	-3.188121e-006	1.487600e-007	6.422135e-007	4.691773e-006
3.025474075602832e-008	3.288566e-006	-3.138422e-006	1.481702e-007	6.422239e-007	4.696754e-006
3.025777014228338e-008	3.335857e-006	-3.089111e-006	1.475877e-007	6.422348e-007	4.701727e-006
3.026079952853844e-008	3.382749e-006	-3.040186e-006	1.470126e-007	6.422460e-007	4.706692e-006
3.026382891479351e-008	3.429241e-006	-2.991648e-006	1.464447e-007	6.422577e-007	4.711649e-006
3.028254320050782e-008	3.705336e-006	-2.702577e-006	1.431294e-007	6.423412e-007	4.742141e-006
3.030125748622213e-008	3.968161e-006	-2.426492e-006	1.400144e-007	6.424329e-007	4.772420e-006
3.031997177193643e-008	4.217716e-006	-2.163393e-006	1.370996e-007	6.425330e-007	4.802485e-006
3.033868605765073e-008	4.454000e-006	-1.913279e-006	1.343852e-007	6.426413e-007	4.832337e-006
3.035740034336504e-008	4.677014e-006	-1.676151e-006	1.318711e-007	6.427579e-007	4.861976e-006
3.037611462907935e-008	4.886759e-006	-1.452009e-006	1.295572e-007	6.428827e-007	4.891400e-006
3.039482891479366e-008	5.083233e-006	-1.240853e-006	1.274437e-007	6.430159e-007	4.920612e-006
3.040911462907939e-008	5.226505e-006	-1.086298e-006	1.259117e-007	6.431185e-007	4.942783e-006
3.042340034336512e-008	5.364196e-006	-9.372473e-007	1.244492e-007	6.432222e-007	4.964845e-006
3.043768605765085e-008	5.496305e-006	-7.937016e-007	1.230562e-007	6.433270e-007	4.986798e-006
3.045197177193658e-008	5.622832e-006	-6.556606e-007	1.217328e-007	6.434328e-007	5.008643e-006
3.046625748622231e-008	5.743777e-006	-5.231244e-007	1.204789e-007	6.435397e-007	5.030379e-006
3.048054320050804e-008	5.859141e-006	-3.960930e-007	1.192946e-007	6.436476e-007	5.052006e-006
3.049482891479377e-008	5.968922e-006	-2.745663e-007	1.181799e-007	6.437566e-007	5.073524e-006
3.049582891479377e-008	5.976462e-006	-2.662036e-007	1.181032e-007	6.437642e-007	5.075027e-006
3.051482891479379e-008	6.114327e-006	-1.126282e-007	1.167125e-007	6.439091e-007	5.103475e-006
3.053382891479382e-008	6.245074e-006	3.389870e-008	1.153950e-007	6.440527e-007	5.131752e-006
3.055282891479384e-008	6.368703e-006	1.733772e-007	1.141507e-007	6.441951e-007	5.159858e-006
3.057182891479386e-008	6.485215e-006	3.058072e-007	1.129795e-007	6.443362e-007	5.187792e-006
3.059082891479388e-008	6.594609e-006	4.311888e-007	1.118815e-007	6.444760e-007	5.215555e-006
3.060982891479390e-008	6.696885e-006	5.495220e-007	1.108567e-007	6.446145e-007	5.243147e-006
3.062882891479392e-008	6.792044e-006	6.608067e-007	1.099051e-007	6.447517e-007	5.270568e-006
3.065254320050824e-008	6.902486e-006	7.914389e-007	1.087902e-007	6.449193e-007	5.304564e-006
3.067625748622255e-008	7.005590e-006	9.147789e-007	1.077343e-007	6.450826e-007	5.338324e-006
3.069997177193686e-008	7.101355e-006	1.030827e-006	1.067374e-007	6.452418e-007	5.371848e-006
3.072368605765117e-008	7.189782e-006	1.139583e-006	1.057995e-007	6.453968e-007	5.405136e-006
3.074740034336548e-008	7.270870e-006	1.241046e-006	1.049205e-007	6.455477e-007	5.438187e-006
3.077111462907980e-008	7.344620e-006	1.335217e-006	1.041004e-007	6.456944e-007	5.471003e-006
3.079482891479411e-008	7.411032e-006	1.422097e-006	1.033394e-007	6.458368e-007	5.503582e-006
3.079582891479411e-008	7.413751e-006	1.425679e-006	1.033076e-007	6.458428e-007	5.504951e-006
3.083854320050845e-008	7.516751e-006	1.565638e-006	1.020473e-007	6.460858e-007	5.563036e-006
3.088125748622278e-008	7.607064e-006	1.692891e-006	1.008579e-007	6.463168e-007	5.620458e-006
3.092397177193712e-008	7.684690e-006	1.807437e-006	9.973939e-008	6.465357e-007	5.677217e-006
3.096668605765145e-008	7.749629e-006	1.909277e-006	9.869172e-008	6.467425e-007	5.733314e-006
3.100940034336578e-008	7.801881e-006	1.998411e-006	9.771491e-008	6.469373e-007	5.788748e-006
3.105211462908012e-008	7.841446e-006	2.074838e-006	9.680897e-008	6.471200e-007	5.843519e-006
3.109482891479445e-008	7.868323e-006	2.138559e-006	9.597389e-008	6.472907e-007	5.897628e-006
3.109582891479445e-008	7.868932e-006	2.140026e-006	9.595411e-008	6.472947e-007	5.898888e-006
3.113854320050879e-008	7.889090e-006	2.196903e-006	9.513568e-008	6.474563e-007	5.952380e-006
3.118125748622312e-008	7.903668e-006	2.248044e-006	9.433820e-008	6.476120e-007	6.005294e-006
3.122397177193746e-008	7.912666e-006	2.293449e-006	9.356166e-008	6.477617e-007	6.057629e-006
3.126668605765179e-008	7.916084e-006	2.333118e-006	9.280607e-008	6.479056e-007	6.109386e-006
3.130940034336612e-008	7.913922e-006	2.367052e-006	9.207143e-008	6.480435e-007	6.160565e-006
3.135211462908046e-008	7.906180e-006	2.395249e-006	9.135774e-008	6.481755e-007	6.211166e-006
3.139482891479479e-008	7.892858e-006	2.417711e-006	9.066499e-008	6.483015e-007	6.261188e-006
3.139582891479479e-008	7.892537e-006	2.418225e-006	9.064875e-008	6.483045e-007	6.262354e-006
3.149982891479491e-008	7.849343e-006	2.461220e-006	8.899266e-008	6.486020e-007	6.381898e-006
3.150182891479491e-008	7.848339e-006	2.461861e-006	8.896139e-008	6.486076e-007	6.384166e-006
3.169582891479513e-008	7.727660e-006	2.498421e-006	8.601064e-008	6.491263e-007	6.598746e-006
3.173854320050947e-008	7.695814e-006	2.500553e-006	8.538028e-008	6.492361e-007	6.644574e-006
3.178125748622380e-008	7.663014e-006	2.501490e-006	8.475517e-008	6.493447e-007	6.689923e-006
3.182397177193814e-008	7.629259e-006	2.501231e-006	8.413529e-008	6.494521e-007	6.734792e-006
3.186668605765247e-008	7.594550e-006	2.499777e-006	8.352066e-008	6.495583e-007	6.779181e-006
3.190940034336680e-008	7.558886e-006	2.497128e-006	8.291128e-008	6.496633e-007	6.823091e-006
3.195211462908114e-008	7.522268e-006	2.493284e-006	8.230714e-008	6.497671e-007	6.866522e-006
3.199482891479547e-008	7.484695e-006	2.488244e-006	8.170824e-008	6.498698e-007	6.909473e-006
3.199582891479547e-008	7.483816e-006	2.488124e-006	8.169427e-008	6.498722e-007	6.910473e-006
3.229582891479581e-008	7.210828e-006	2.436872e-006	7.761354e-008	6.505576e-007	7.199430e-006
3.239882891479593e-008	7.114923e-006	2.414444e-006	7.626183e-008	6.507781e-007	7.293683e-006
3.239982891479593e-008	7.113991e-006	2.414218e-006	7.624883e-008	6.507802e-007	7.294586e-006
3.240082891479593e-008	7.113058e-006	2.413993e-006	7.623583e-008	6.507823e-007	7.295489e-006
3.240268605765307e-008	7.111326e-006	2.413573e-006	7.621169e-008	6.507862e-007	7.297165e-006
3.240454320051022e-008	7.109594e-006	2.413153e-006	7.618756e-008	6.507901e-007	7.298841e-006
3.240640034336737e-008	7.107862e-006	2.412732e-006	7.616344e-008	6.507940e-007	7.300515e-006
3.240825748622451e-008	7.106130e-006	2.412311e-006	7.613932e-008	6.507979e-007	7.302189e-006
3.241011462908166e-008	7.104398e-006	2.411889e-006	7.611522e-008	6.508018e-007	7.303862e-006
3.241197177193881e-008	7.102666e-006	2.411467e-006	7.609112e-008	6.508058e-007	7.305534e-006
3.241382891479595e-008	7.100933e-006	2.411044e-006	7.606702e-008	6.508097e-007	7.307205e-006
3.259582891479615e-008	6.931375e-006	2.367792e-006	7.374382e-008	6.511801e-007	7.467222e-006
3.289582891479649e-008	6.655666e-006	2.291755e-006	7.007328e-008	6.517517e-007	7.715264e-006
3.319582891479683e-008	6.388150e-006	2.213875e-006	6.659209e-008	6.522919e-007	7.944835e-006
3.326982891479692e-008	6.323662e-006	2.194692e-006	6.576139e-008	6.524220e-007	7.998759e-006
3.328511462908265e-008	6.310419e-006	2.190736e-006	6.559115e-008	6.524488e-007	8.009769e-006
3.330040034336838e-008	6.297202e-006	2.186784e-006	6.542135e-008	6.524755e-007	8.020734e-006
3.331568605765411e-008	6.284012e-006	2.182834e-006	6.525201e-008	6.525021e-007	8.031656e-006
3.333097177193985e-008	6.270849e-006	2.178887e-006	6.508312e-008	6.525287e-007	8.042534e-006
3.334625748622558e-008	6.257714e-006	2.174944e-006	6.491469e-008	6.525552e-007	8.053368e-006
3.336154320051131e-008	6.244605e-006	2.171003e-006	6.474671e-008	6.525817e-007	8.064158e-006
3.337682891479704e-008	6.231523e-006	2.167066e-006	6.457918e-008	6.526082e-007	8.074905e-006
3.339368605765420e-008	6.217128e-006	2.162728e-006	6.439495e-008	6.526373e-007	8.086707e-006
3.341054320051136e-008	6.202766e-006	2.158395e-006	6.421127e-008	6.526663e-007	8.098457e-006
3.342740034336852e-008	6.188437e-006	2.154067e-006	6.402813e-008	6.526954e-007	8.110155e-006
3.344425748622569e-008	6.174141e-006	2.149743e-006	6.384554e-008	6.527243e-007	8.121801e-006
3.346111462908285e-008	6.159879e-006	2.145425e-006	6.366349e-008	6.527532e-007	8.133395e-006
3.347797177194001e-008	6.145650e-006	2.141112e-006	6.348199e-008	6.527821e-007	8.144938e-006
3.349482891479717e-008	6.131454e-006	2.136803e-006	6.330104e-008	6.528109e-007	8.156429e-006
3.349582891479717e-008	6.130613e-006	2.136547e-006	6.329032e-008	6.528126e-007	8.157108e-006
3.352740034336864e-008	6.104120e-006	2.128492e-006	6.295295e-008	6.528664e-007	8.178483e-006
3.355897177194011e-008	6.077744e-006	2.120458e-006	6.261743e-008	6.529199e-007	8.199683e-006
3.359054320051157e-008	6.051485e-006	2.112445e-006	6.228376e-008	6.529733e-007	8.220707e-006
3.362211462908303e-008	6.025343e-006	2.104453e-006	6.195194e-008	6.530265e-007	8.241556e-006
3.365368605765449e-008	5.999319e-006	2.096483e-006	6.162197e-008	6.530794e-007	8.262230e-006
3.368525748622596e-008	5.973413e-006	2.088533e-006	6.129385e-008	6.531321e-007	8.282729e-006
3.371682891479742e-008	5.947623e-006	2.080604e-006	6.096757e-008	6.531847e-007	8.303052e-006
3.379582891479751e-008	5.883604e-006	2.060870e-006	6.015898e-008	6.533150e-007	8.353165e-006
3.409582891479785e-008	5.647106e-006	1.987325e-006	5.718848e-008	6.537953e-007	8.534008e-006
3.439582891479819e-008	5.420847e-006	1.916099e-006	5.435747e-008	6.542523e-007	8.700572e-006
3.441268605765535e-008	5.408430e-006	1.912167e-006	5.420466e-008	6.542774e-007	8.709525e-006
3.442954320051252e-008	5.396043e-006	1.908242e-006	5.405238e-008	6.543024e-007	8.718436e-006
3.444640034336968e-008	5.383688e-006	1.904325e-006	5.390061e-008	6.543272e-007	8.727306e-006
3.446325748622684e-008	5.371364e-006	1.900416e-006	5.374935e-008	6.543521e-007	8.736133e-006
3.448011462908400e-008	5.359070e-006	1.896513e-006	5.359861e-008	6.543768e-007	8.744919e-006
3.449697177194117e-008	5.346807e-006	1.892619e-006	5.344838e-008	6.544015e-007	8.753663e-006
3.451382891479833e-008	5.334575e-006	1.888732e-006	5.329867e-008	6.544261e-007	8.762366e-006
3.469582891479853e-008	5.204444e-006	1.847239e-006	5.169847e-008	6.546879e-007	8.853724e-006
3.499582891479887e-008	4.997477e-006	1.780727e-006	4.915686e-008	6.551047e-007	8.994276e-006
3.529582891479922e-008	4.799515e-006	1.716512e-006	4.674545e-008	6.555046e-007	9.122987e-006
3.559582891479956e-008	4.610138e-006	1.654531e-006	4.445604e-008	6.558877e-007	9.240563e-006
3.589582891479990e-008	4.428937e-006	1.594715e-006	4.228169e-008	6.562543e-007	9.347668e-006
3.619582891480024e-008	4.255523e-006	1.536994e-006	4.021615e-008	6.566050e-007	9.444924e-006
3.649582891480058e-008	4.089523e-006	1.481299e-006	3.825358e-008	6.569407e-007	9.532912e-006
3.679582891480092e-008	3.930585e-006	1.427560e-006	3.638853e-008	6.572623e-007	9.612178e-006
3.709582891480126e-008	3.778370e-006	1.375711e-006	3.461586e-008	6.575705e-007	9.683236e-006
3.739582891480160e-008	3.632563e-006	1.325688e-006	3.293073e-008	6.578658e-007	9.746565e-006
3.739725748623017e-008	3.631883e-006	1.325454e-006	3.292291e-008	6.578672e-007	9.746849e-006
3.739868605765874e-008	3.631204e-006	1.325220e-006	3.291509e-008	6.578685e-007	9.747133e-006
3.740011462908731e-008	3.630524e-006	1.324986e-006	3.290727e-008	6.578699e-007	9.747416e-006
3.740154320051589e-008	3.629845e-006	1.324752e-006	3.289945e-008	6.578713e-007	9.747699e-006
3.740297177194446e-008	3.629166e-006	1.324519e-006	3.289164e-008	6.578727e-007	9.747982e-006
3.740440034337303e-008	3.628488e-006	1.324285e-006	3.288382e-008	6.578740e-007	9.748265e-006
3.740582891480161e-008	3.627809e-006	1.324051e-006	3.287601e-008	6.578754e-007	9.748548e-006
3.769582891480194e-008	3.492858e-006	1.277428e-006	3.132866e-008	6.581488e-007	9.802618e-006
3.799582891480228e-008	3.358971e-006	1.230870e-006	2.980532e-008	6.584198e-007	9.851821e-006
3.803768605765946e-008	3.340739e-006	1.224506e-006	2.959883e-008	6.584567e-007	9.858162e-006
3.807954320051666e-008	3.322613e-006	1.218174e-006	2.939375e-008	6.584934e-007	9.864381e-006
3.812140034337385e-008	3.304592e-006	1.211873e-006	2.919008e-008	6.585299e-007	9.870477e-006
3.816325748623104e-008	3.286677e-006	1.205604e-006	2.898784e-008	6.585662e-007	9.876452e-006
3.820511462908823e-008	3.268867e-006	1.199366e-006	2.878700e-008	6.586022e-007	9.882305e-006
3.824697177194542e-008	3.251162e-006	1.193160e-006	2.858759e-008	6.586381e-007	9.888036e-006
3.828882891480261e-008	3.233563e-006	1.186985e-006	2.838958e-008	6.586737e-007	9.893645e-006
3.829582891480262e-008	3.230630e-006	1.185956e-006	2.835660e-008	6.586796e-007	9.894572e-006
3.833654320051695e-008	3.213626e-006	1.179984e-006	2.816555e-008	6.587140e-007	9.899896e-006
3.837725748623128e-008	3.196718e-006	1.174041e-006	2.797577e-008	6.587482e-007	9.905111e-006
3.841797177194562e-008	3.179905e-006	1.168127e-006	2.778726e-008	6.587823e-007	9.910217e-006
3.845868605765994e-008	3.163188e-006	1.162242e-006	2.760003e-008	6.588161e-007	9.915214e-006
3.849940034337427e-008	3.146565e-006	1.156385e-006	2.741406e-008	6.588497e-007	9.920103e-006
3.854011462908861e-008	3.130038e-006	1.150557e-006	2.722937e-008	6.588832e-007	9.924883e-006
3.858082891480294e-008	3.113606e-006	1.144758e-006	2.704595e-008	6.589164e-007	9.929554e-006
3.859582891480296e-008	3.107575e-006	1.142628e-006	2.697868e-008	6.589286e-007	9.931248e-006
3.889582891480330e-008	2.989565e-006	1.100833e-006	2.566796e-008	6.591674e-007	9.962205e-006
3.919582891480364e-008	2.876352e-006	1.060521e-006	2.442252e-008	6.593964e-007	9.987773e-006
3.923854320051797e-008	2.860608e-006	1.054900e-006	2.424947e-008	6.594282e-007	9.990991e-006
3.928125748623231e-008	2.844958e-006	1.049306e-006	2.407771e-008	6.594598e-007	9.994110e-006
3.932397177194664e-008	2.829400e-006	1.043740e-006	2.390722e-008	6.594912e-007	9.997130e-006
3.936668605766097e-008	2.813935e-006	1.038203e-006	2.373801e-008	6.595225e-007	1.000005e-005
3.940940034337531e-008	2.798563e-006	1.032693e-006	2.357008e-008	6.595536e-007	1.000287e-005
3.945211462908964e-008	2.783283e-006	1.027211e-006	2.340343e-008	6.595845e-007	1.000559e-005
3.949482891480398e-008	2.768096e-006	1.021757e-006	2.323806e-008	6.596152e-007	1.000821e-005
3.949582891480398e-008	2.767741e-006	1.021630e-006	2.323420e-008	6.596159e-007	1.000827e-005
3.979582891480432e-008	2.663529e-006	9.841175e-007	2.210576e-008	6.598264e-007	1.002399e-005
4.009582891480466e-008	2.563529e-006	9.479729e-007	2.103171e-008	6.600283e-007	1.003519e-005
4.039582891480500e-008	2.467450e-006	9.130358e-007	2.000948e-008	6.602220e-007	1.004219e-005
4.069582891480534e-008	2.375236e-006	8.793833e-007	1.903660e-008	6.604078e-007	1.004519e-005
4.099582891480568e-008	2.286672e-006	8.469246e-007	1.811063e-008	6.605861e-007	1.004444e-005
4.129582891480602e-008	2.201597e-006	8.156193e-007	1.722924e-008	6.607571e-007	1.004016e-005
4.159582891480636e-008	2.119861e-006	7.854272e-007	1.639025e-008	6.609212e-007	1.003256e-005
4.189582891480670e-008	2.041318e-006	7.563098e-007	1.559159e-008	6.610787e-007	1.002183e-005
4.219582891480704e-008	1.965830e-006	7.282294e-007	1.483127e-008	6.612299e-007	1.000817e-005
4.223854320052137e-008	1.955324e-006	7.243138e-007	1.472603e-008	6.612509e-007	1.000599e-005
4.228125748623571e-008	1.944875e-006	7.204180e-007	1.462152e-008	6.612718e-007	1.000377e-005
4.232397177195004e-008	1.934485e-006	7.165422e-007	1.451773e-008	6.612926e-007	1.000148e-005
4.236668605766437e-008	1.924153e-006	7.126864e-007	1.441466e-008	6.613132e-007	9.999144e-006
4.240940034337871e-008	1.913879e-006	7.088504e-007	1.431232e-008	6.613338e-007	9.996752e-006
4.245211462909304e-008	1.903662e-006	7.050344e-007	1.421069e-008	6.613542e-007	9.994306e-006
4.249482891480738e-008	1.893504e-006	7.012383e-007	1.410978e-008	6.613745e-007	9.991805e-006
4.249582891480738e-008	1.893267e-006	7.011497e-007	1.410743e-008	6.613750e-007	9.991746e-006
4.279582891480772e-008	1.823504e-006	6.750356e-007	1.341830e-008	6.615143e-007	9.972728e-006
4.309582891480806e-008	1.756423e-006	6.498532e-007	1.276219e-008	6.616480e-007	9.951272e-006
4.313854320052239e-008	1.747084e-006	6.463418e-007	1.267137e-008	6.616666e-007	9.948026e-006
4.318125748623673e-008	1.737796e-006	6.428483e-007	1.258118e-008	6.616851e-007	9.944736e-006
4.322397177195107e-008	1.728559e-006	6.393727e-007	1.249161e-008	6.617034e-007	9.941401e-006
4.326668605766539e-008	1.719373e-006	6.359149e-007	1.240266e-008	6.617217e-007	9.938021e-006
4.330940034337973e-008	1.710238e-006	6.324751e-007	1.231433e-008	6.617399e-007	9.934596e-006
4.335211462909406e-008	1.701154e-006	6.290532e-007	1.222662e-008	6.617580e-007	9.931126e-006
4.339482891480840e-008	1.692121e-006	6.256492e-007	1.213954e-008	6.617759e-007	9.927611e-006
4.339582891480840e-008	1.691910e-006	6.255698e-007	1.213751e-008	6.617763e-007	9.927528e-006
4.369582891480874e-008	1.629858e-006	6.021536e-007	1.154274e-008	6.618995e-007	9.901637e-006
4.399582891480908e-008	1.570165e-006	5.795742e-007	1.097643e-008	6.620179e-007	9.873732e-006
4.429582891480942e-008	1.512733e-006	5.578020e-007	1.043723e-008	6.621315e-007	9.843938e-006
4.459582891480976e-008	1.457469e-006	5.368087e-007	9.923840e-009	6.622407e-007	9.812375e-006
4.489582891481010e-008	1.404285e-006	5.165666e-007	9.435007e-009	6.623455e-007	9.779154e-006
4.519582891481044e-008	1.353095e-006	4.970494e-007	8.969563e-009	6.624462e-007	9.744384e-006
4.549582891481078e-008	1.303819e-006	4.782313e-007	8.526396e-009	6.625428e-007	9.708166e-006
4.579582891481112e-008	1.256381e-006	4.600877e-007	8.104442e-009	6.626357e-007	9.670593e-006
4.609582891481146e-008	1.210705e-006	4.425948e-007	7.702690e-009	6.627249e-007	9.631758e-006
4.639582891481180e-008	1.166723e-006	4.257295e-007	7.320182e-009	6.628106e-007	9.591746e-006
4.669582891481214e-008	1.124367e-006	4.094696e-007	6.956002e-009	6.628929e-007	9.550637e-006
4.699582891481248e-008	1.083572e-006	3.937937e-007	6.609280e-009	6.629721e-007	9.508508e-006
4.729582891481282e-008	1.044278e-006	3.786811e-007	6.279190e-009	6.630481e-007	9.465432e-006
4.759582891481316e-008	1.006425e-006	3.641118e-007	5.964942e-009	6.631211e-007	9.421478e-006
4.789582891481350e-008	9.699584e-007	3.500666e-007	5.665787e-009	6.631913e-007	9.376711e-006
4.819582891481384e-008	9.348232e-007	3.365270e-007	5.381011e-009	6.632588e-007	9.331193e-006
4.849582891481418e-008	9.009684e-007	3.234750e-007	5.109934e-009	6.633236e-007	9.284981e-006
4.879582891481452e-008	8.683448e-007	3.108933e-007	4.851908e-009	6.633859e-007	9.238131e-006
4.909582891481486e-008	8.369051e-007	2.987652e-007	4.606317e-009	6.634457e-007	9.190697e-006
4.939582891481520e-008	8.066044e-007	2.870747e-007	4.372571e-009	6.635033e-007	9.142726e-006
4.969582891481554e-008	7.773992e-007	2.758062e-007	4.150116e-009	6.635586e-007	9.094267e-006
4.999582891481588e-008	7.492482e-007	2.649448e-007	3.938415e-009	6.636118e-007	9.045362e-006
4.999982891481589e-008	7.488798e-007	2.648027e-007	3.935662e-009	6.636125e-007	9.044707e-006
5.000000000000000e-008	7.488640e-007	2.647966e-007	3.935545e-009	6.636125e-007	9.044679e-006
