time	I(L21)	I(L22)	I(R2)	I(R10)	I(R30)
0.000000000000000e+000	-3.297555e-021	-5.882238e-022	-6.776264e-021	-7.300207e-021	-2.596169e-020
2.823107199787331e-010	-3.945408e-018	2.797012e-018	1.419963e-018	1.365447e-018	1.506986e-018
5.823107199787321e-010	-2.664152e-018	5.731670e-018	1.653461e-018	1.548807e-018	1.719443e-018
8.823107199787310e-010	-1.926389e-018	6.614246e-018	1.897828e-018	1.758209e-018	1.903501e-018
1.000000000000000e-009	-2.947647e-018	5.549007e-018	1.955574e-018	1.868699e-018	1.804873e-018
1.179500000000018e-009	-1.063165e-018	7.296068e-018	2.113274e-018	1.847429e-018	2.074491e-018
1.479500000000048e-009	-1.588681e-018	6.490342e-018	2.171747e-018	1.975712e-018	2.280333e-018
1.779500000000078e-009	-5.257985e-019	7.332850e-018	2.408015e-018	2.150943e-018	2.510399e-018
2.079500000000063e-009	-5.051419e-019	7.106697e-018	2.518406e-018	2.318065e-018	2.674668e-018
2.379500000000031e-009	-6.469202e-019	6.667163e-018	2.669518e-018	2.449098e-018	2.815187e-018
2.679499999999999e-009	-4.496128e-019	6.640958e-018	2.775738e-018	2.499326e-018	2.995846e-018
2.979499999999967e-009	3.463725e-019	7.244745e-018	2.965307e-018	2.612453e-018	3.069206e-018
3.279499999999935e-009	2.960569e-019	7.023214e-018	3.011787e-018	2.719258e-018	3.269065e-018
3.579499999999903e-009	5.273682e-019	7.065096e-018	3.019024e-018	2.789375e-018	3.407803e-018
3.879499999999935e-009	-3.538203e-019	6.026945e-018	3.159267e-018	2.920664e-018	3.528629e-018
3.892071428571376e-009	-3.687607e-019	6.006567e-018	3.173183e-018	2.904418e-018	3.526654e-018
3.904642857142817e-009	-3.583959e-019	6.011656e-018	3.178638e-018	2.891274e-018	3.525383e-018
3.917214285714258e-009	-3.227258e-019	6.042211e-018	3.175633e-018	2.881234e-018	3.524818e-018
3.929785714285698e-009	-2.617504e-019	6.098233e-018	3.164168e-018	2.874298e-018	3.524957e-018
3.942357142857139e-009	-1.754699e-019	6.179721e-018	3.144243e-018	2.870464e-018	3.525800e-018
3.954928571428580e-009	-6.388404e-020	6.286676e-018	3.115858e-018	2.869734e-018	3.527348e-018
3.967500000000021e-009	7.300703e-020	6.419098e-018	3.079013e-018	2.872108e-018	3.529601e-018
3.982071428571436e-009	-1.401185e-019	6.201070e-018	3.122021e-018	2.886600e-018	3.537065e-018
3.996642857142852e-009	-3.011112e-019	6.034743e-018	3.156220e-018	2.899616e-018	3.541744e-018
4.011214285714267e-009	-4.099712e-019	5.920116e-018	3.181608e-018	2.911156e-018	3.543640e-018
4.025785714285682e-009	-4.666985e-019	5.857191e-018	3.198187e-018	2.921220e-018	3.542751e-018
4.040357142857098e-009	-4.712931e-019	5.845966e-018	3.205955e-018	2.929807e-018	3.539078e-018
4.054928571428513e-009	-4.237549e-019	5.886442e-018	3.204914e-018	2.936919e-018	3.532621e-018
4.069499999999929e-009	-3.240840e-019	5.978619e-018	3.195062e-018	2.942554e-018	3.523380e-018
4.173499999999961e-009	-1.900043e-019	6.036159e-018	3.156438e-018	2.853161e-018	3.600790e-018
4.473500000000053e-009	-4.326876e-019	5.549800e-018	3.326680e-018	3.027146e-018	3.763398e-018
4.773500000000145e-009	3.370613e-018	5.759730e-018	3.449335e-018	3.074835e-018	3.880085e-018
5.073500000000237e-009	2.459482e-019	4.053439e-018	4.664846e-018	4.393783e-018	5.538638e-018
5.373500000000329e-009	-2.294235e-019	7.913677e-018	5.320664e-018	4.952632e-018	6.319982e-018
5.673500000000421e-009	2.024512e-018	1.081955e-017	5.087519e-018	4.762252e-018	6.095838e-018
5.973500000000513e-009	7.054113e-019	9.245514e-018	6.024961e-018	5.692886e-018	7.115322e-018
5.998500000000521e-009	4.448788e-019	8.970808e-018	5.919870e-018	5.513164e-018	7.017688e-018
5.999500000000521e-009	3.151430e-018	1.163214e-017	6.851794e-017	6.820341e-017	5.324782e-018
6.000500000000522e-009	8.479864e-018	1.690970e-017	4.792902e-016	4.795827e-016	3.629978e-018
6.001500000000522e-009	9.856075e-018	1.841831e-017	1.716844e-015	1.718399e-015	4.388800e-018
6.003928571429094e-009	7.790384e-018	1.391775e-017	9.660720e-015	9.668498e-015	5.042093e-018
6.006357142857667e-009	4.260076e-018	1.499735e-017	2.589480e-014	2.591345e-014	5.624972e-018
6.008785714286239e-009	-7.348503e-019	2.165713e-017	5.041909e-014	5.045326e-014	6.137438e-018
6.011214285714811e-009	-7.194394e-018	3.389708e-017	8.323359e-014	8.328793e-014	6.579490e-018
6.013642857143383e-009	-1.511856e-017	5.171720e-017	1.243383e-013	1.244174e-013	6.951129e-018
6.016071428571955e-009	-2.450734e-017	7.511749e-017	1.737332e-013	1.738418e-013	7.252353e-018
6.018500000000527e-009	-3.536073e-017	1.040980e-016	2.314183e-013	2.315611e-013	7.483165e-018
6.054785714286253e-009	1.569017e-016	-2.420693e-015	2.328464e-012	2.329834e-012	-4.061486e-018
6.091071428571978e-009	-2.599026e-015	5.692893e-015	5.835736e-012	5.839056e-012	1.879080e-017
6.127357142857704e-009	-8.303143e-015	2.444485e-014	1.075323e-011	1.075923e-011	7.604002e-017
6.163642857143429e-009	-1.695545e-014	5.383519e-014	1.708096e-011	1.709034e-011	1.676862e-016
6.199928571429154e-009	-2.855595e-014	9.386391e-014	2.481891e-011	2.483241e-011	2.937293e-016
6.236214285714880e-009	-4.310463e-014	1.445310e-013	3.396709e-011	3.398543e-011	4.541693e-016
6.272500000000605e-009	-6.060151e-014	2.058365e-013	4.452549e-011	4.454939e-011	6.490062e-016
6.273500000000605e-009	-6.114542e-014	2.078290e-013	4.482510e-011	4.484915e-011	6.563504e-016
6.316214285714904e-009	-8.764029e-014	3.038182e-013	5.859384e-011	5.862503e-011	9.658455e-016
6.358928571429203e-009	-1.171827e-013	4.201411e-013	7.350636e-011	7.354513e-011	1.359154e-015
6.401642857143502e-009	-1.497728e-013	5.567976e-013	8.956265e-011	8.960943e-011	1.836275e-015
6.444357142857801e-009	-1.854104e-013	7.137878e-013	1.067627e-010	1.068179e-010	2.397209e-015
6.487071428572100e-009	-2.240957e-013	8.911116e-013	1.251065e-010	1.251707e-010	3.041956e-015
6.529785714286398e-009	-2.658285e-013	1.088769e-012	1.445941e-010	1.446676e-010	3.770516e-015
6.572500000000697e-009	-3.106089e-013	1.306760e-012	1.652255e-010	1.653088e-010	4.582889e-015
6.573500000000697e-009	-3.116493e-013	1.312072e-012	1.657145e-010	1.657980e-010	4.602946e-015
6.873500000000789e-009	-6.414276e-013	3.327283e-012	3.314266e-010	3.315833e-010	1.281899e-014
6.900000418282007e-009	-6.704981e-013	3.541414e-012	3.476407e-010	3.478040e-010	1.374679e-014
7.144713296168485e-009	-9.240508e-013	5.742368e-012	5.071109e-010	5.073366e-010	2.378846e-014
7.444713296168577e-009	-1.185630e-012	8.886812e-012	7.231080e-010	7.234086e-010	3.947119e-014
7.744713296168425e-009	-1.391927e-012	1.239633e-011	9.580619e-010	9.584324e-010	5.851339e-014
7.766713296168414e-009	-1.405139e-012	1.266543e-011	9.759710e-010	9.763467e-010	6.003496e-014
7.767713296168413e-009	-1.405735e-012	1.267769e-011	9.767871e-010	9.771630e-010	6.010386e-014
7.767993970497466e-009	-1.405902e-012	1.268114e-011	9.770162e-010	9.773922e-010	6.012305e-014
7.768226161086782e-009	-1.406039e-012	1.268399e-011	9.772058e-010	9.775818e-010	6.013884e-014
7.768883066583345e-009	-1.406427e-012	1.269205e-011	9.777438e-010	9.781199e-010	6.018371e-014
7.770551613840212e-009	-1.407422e-012	1.271253e-011	9.791475e-010	9.795241e-010	6.030187e-014
7.771551613840212e-009	-1.408019e-012	1.272481e-011	9.800289e-010	9.804058e-010	6.037080e-014
7.772551613840211e-009	-1.408616e-012	1.273711e-011	9.809573e-010	9.813345e-010	6.043962e-014
7.773551613840211e-009	-1.409219e-012	1.274942e-011	9.819460e-010	9.823236e-010	6.051005e-014
7.775551613840210e-009	-1.410450e-012	1.277410e-011	9.841585e-010	9.845369e-010	6.064989e-014
7.777551613840209e-009	-1.411717e-012	1.279891e-011	9.867756e-010	9.871551e-010	6.078984e-014
7.779551613840208e-009	-1.413054e-012	1.282389e-011	9.899064e-010	9.902873e-010	6.093073e-014
7.781551613840207e-009	-1.414478e-012	1.284913e-011	9.936598e-010	9.940425e-010	6.107196e-014
7.783551613840205e-009	-1.416030e-012	1.287471e-011	9.981442e-010	9.985293e-010	6.121465e-014
7.785551613840204e-009	-1.417734e-012	1.290074e-011	1.003468e-009	1.003855e-009	6.135815e-014
7.787551613840203e-009	-1.419642e-012	1.292731e-011	1.009738e-009	1.010129e-009	6.150365e-014
7.789551613840202e-009	-1.421787e-012	1.295457e-011	1.017060e-009	1.017455e-009	6.165065e-014
7.792551613840201e-009	-1.425566e-012	1.299701e-011	1.030250e-009	1.030652e-009	6.187519e-014
7.795551613840199e-009	-1.430179e-012	1.304178e-011	1.046402e-009	1.046813e-009	6.210791e-014
7.798551613840198e-009	-1.435817e-012	1.308946e-011	1.065867e-009	1.066289e-009	6.234863e-014
7.801551613840196e-009	-1.442696e-012	1.314068e-011	1.088991e-009	1.089426e-009	6.259771e-014
7.806408756697337e-009	-1.453722e-012	1.322272e-011	1.131858e-009	1.132317e-009	6.299923e-014
7.811265899554477e-009	-1.472992e-012	1.332885e-011	1.189890e-009	1.190382e-009	6.346943e-014
7.816123042411618e-009	-1.500505e-012	1.345906e-011	1.263087e-009	1.263619e-009	6.400831e-014
7.820980185268757e-009	-1.536262e-012	1.361336e-011	1.351449e-009	1.352031e-009	6.461588e-014
7.825837328125897e-009	-1.580262e-012	1.379173e-011	1.454975e-009	1.455615e-009	6.529213e-014
7.830694470983038e-009	-1.632506e-012	1.399419e-011	1.573667e-009	1.574373e-009	6.603706e-014
7.835551613840178e-009	-1.692993e-012	1.422073e-011	1.707523e-009	1.708304e-009	6.685067e-014
7.840694470983033e-009	-1.770541e-012	1.449971e-011	1.871764e-009	1.872638e-009	6.782270e-014
7.845837328125887e-009	-1.870103e-012	1.484579e-011	2.060284e-009	2.061263e-009	6.899109e-014
7.850980185268741e-009	-1.991677e-012	1.525895e-011	2.273084e-009	2.274182e-009	7.035584e-014
7.856123042411597e-009	-2.135264e-012	1.573922e-011	2.510163e-009	2.511393e-009	7.191697e-014
7.861265899554451e-009	-2.300864e-012	1.628658e-011	2.771522e-009	2.772898e-009	7.367446e-014
7.866408756697305e-009	-2.488477e-012	1.690103e-011	3.057161e-009	3.058695e-009	7.562831e-014
7.871551613840160e-009	-2.698103e-012	1.758258e-011	3.367078e-009	3.368784e-009	7.777854e-014
7.873551613840159e-009	-2.789214e-012	1.787781e-011	3.494922e-009	3.496699e-009	7.870454e-014
7.875551613840158e-009	-2.884793e-012	1.818697e-011	3.626597e-009	3.628447e-009	7.967243e-014
7.882837328125868e-009	-3.263666e-012	1.940186e-011	4.144151e-009	4.146287e-009	8.344689e-014
7.890123042411579e-009	-3.717123e-012	2.086004e-011	4.706353e-009	4.708799e-009	8.796388e-014
7.897408756697289e-009	-4.245163e-012	2.256153e-011	5.313202e-009	5.315981e-009	9.322340e-014
7.904694470982999e-009	-4.847786e-012	2.450632e-011	5.964699e-009	5.967834e-009	9.922545e-014
7.911980185268709e-009	-5.524993e-012	2.669440e-011	6.660843e-009	6.664359e-009	1.059700e-013
7.919265899554421e-009	-6.276783e-012	2.912579e-011	7.401635e-009	7.405554e-009	1.134571e-013
7.926551613840131e-009	-7.103157e-012	3.180049e-011	8.187074e-009	8.191421e-009	1.216868e-013
7.935265899554413e-009	-8.213249e-012	3.540049e-011	9.177139e-009	9.182023e-009	1.327586e-013
7.943980185268693e-009	-9.439422e-012	3.942593e-011	1.019740e-008	1.020283e-008	1.452156e-013
7.952694470982974e-009	-1.078168e-011	4.387681e-011	1.124784e-008	1.125384e-008	1.590577e-013
7.961408756697256e-009	-1.224002e-011	4.875311e-011	1.232848e-008	1.233506e-008	1.742850e-013
7.970123042411538e-009	-1.381444e-011	5.405485e-011	1.343931e-008	1.344648e-008	1.908974e-013
7.978837328125818e-009	-1.550494e-011	5.978202e-011	1.458033e-008	1.458811e-008	2.088950e-013
7.987551613840099e-009	-1.731153e-011	6.593462e-011	1.575155e-008	1.575994e-008	2.282778e-013
7.991123042411527e-009	-1.808067e-011	6.857972e-011	1.623112e-008	1.623977e-008	2.366545e-013
7.994694470982953e-009	-1.886607e-011	7.129321e-011	1.671210e-008	1.672100e-008	2.452688e-013
7.998265899554380e-009	-1.966773e-011	7.407512e-011	1.719449e-008	1.720364e-008	2.541208e-013
8.001837328125806e-009	-2.048565e-011	7.692542e-011	1.767829e-008	1.768769e-008	2.632104e-013
8.005408756697233e-009	-2.131983e-011	7.984412e-011	1.816349e-008	1.817315e-008	2.725377e-013
8.008980185268659e-009	-2.217026e-011	8.283123e-011	1.865010e-008	1.866002e-008	2.821026e-013
8.012551613840086e-009	-2.303696e-011	8.588674e-011	1.913812e-008	1.914829e-008	2.919051e-013
8.013551613840086e-009	-2.328205e-011	8.675369e-011	1.927472e-008	1.928496e-008	2.946922e-013
8.014551613840085e-009	-2.352830e-011	8.762580e-011	1.941137e-008	1.942169e-008	2.974978e-013
8.016551613840084e-009	-2.402422e-011	8.938542e-011	1.968478e-008	1.969523e-008	3.031607e-013
8.017980185268654e-009	-2.438130e-011	9.065495e-011	1.988017e-008	1.989073e-008	3.072520e-013
8.019408756697226e-009	-2.474058e-011	9.193469e-011	2.007553e-008	2.008619e-008	3.113802e-013
8.020837328125796e-009	-2.510206e-011	9.322465e-011	2.027085e-008	2.028161e-008	3.155454e-013
8.022265899554367e-009	-2.546574e-011	9.452483e-011	2.046613e-008	2.047699e-008	3.197476e-013
8.023694470982937e-009	-2.583162e-011	9.583523e-011	2.066138e-008	2.067234e-008	3.239867e-013
8.025123042411509e-009	-2.619971e-011	9.715584e-011	2.085658e-008	2.086764e-008	3.282628e-013
8.026551613840079e-009	-2.656999e-011	9.848666e-011	2.105175e-008	2.106291e-008	3.325758e-013
8.027551613840079e-009	-2.683024e-011	9.942337e-011	2.118828e-008	2.119951e-008	3.356131e-013
8.027961081515119e-009	-2.693707e-011	9.980820e-011	2.124417e-008	2.125543e-008	3.368615e-013
8.027996380564761e-009	-2.694629e-011	9.984143e-011	2.124898e-008	2.126025e-008	3.369695e-013
8.028031679614403e-009	-2.695551e-011	9.987467e-011	2.125380e-008	2.126507e-008	3.370775e-013
8.028066978664045e-009	-2.696474e-011	9.990792e-011	2.125862e-008	2.126989e-008	3.371853e-013
8.028102277713685e-009	-2.697397e-011	9.994118e-011	2.126344e-008	2.127471e-008	3.372931e-013
8.028137576763327e-009	-2.698320e-011	9.997445e-011	2.126825e-008	2.127953e-008	3.374008e-013
8.028172875812969e-009	-2.699243e-011	1.000077e-010	2.127307e-008	2.128435e-008	3.375084e-013
8.028208174862611e-009	-2.700166e-011	1.000410e-010	2.127789e-008	2.128917e-008	3.376159e-013
8.028214996189908e-009	-2.700344e-011	1.000474e-010	2.127882e-008	2.129010e-008	3.376368e-013
8.030978011399211e-009	-2.773066e-011	1.026735e-010	2.165564e-008	2.166711e-008	3.461681e-013
8.033741026608512e-009	-2.846479e-011	1.053348e-010	2.203189e-008	2.204356e-008	3.548317e-013
8.036504041817815e-009	-2.920583e-011	1.080316e-010	2.240759e-008	2.241945e-008	3.636278e-013
8.039267057027118e-009	-2.995378e-011	1.107637e-010	2.278272e-008	2.279478e-008	3.725564e-013
8.042030072236420e-009	-3.070865e-011	1.135311e-010	2.315730e-008	2.316954e-008	3.816173e-013
8.044793087445722e-009	-3.147042e-011	1.163339e-010	2.353131e-008	2.354375e-008	3.908106e-013
8.047556102655024e-009	-3.223911e-011	1.191721e-010	2.390476e-008	2.391739e-008	4.001364e-013
8.052698959797879e-009	-3.368845e-011	1.245502e-010	2.459834e-008	2.461132e-008	4.178520e-013
8.057841816940733e-009	-3.515468e-011	1.300352e-010	2.528927e-008	2.530260e-008	4.359951e-013
8.062984674083587e-009	-3.663780e-011	1.356272e-010	2.597755e-008	2.599123e-008	4.545655e-013
8.068127531226443e-009	-3.813781e-011	1.413261e-010	2.666320e-008	2.667722e-008	4.735633e-013
8.073270388369297e-009	-3.965471e-011	1.471320e-010	2.734620e-008	2.736056e-008	4.929886e-013
8.078413245512151e-009	-4.118851e-011	1.530449e-010	2.802655e-008	2.804126e-008	5.128413e-013
8.083556102655006e-009	-4.273919e-011	1.590647e-010	2.870426e-008	2.871931e-008	5.331213e-013
8.089556102655002e-009	-4.456480e-011	1.662123e-010	2.949109e-008	2.950653e-008	5.573001e-013
8.095556102654999e-009	-4.640139e-011	1.734764e-010	3.027337e-008	3.028919e-008	5.819950e-013
8.101556102654996e-009	-4.824896e-011	1.808570e-010	3.105109e-008	3.106730e-008	6.072062e-013
8.107556102654993e-009	-5.010750e-011	1.883541e-010	3.182427e-008	3.184086e-008	6.329335e-013
8.113556102654990e-009	-5.197701e-011	1.959676e-010	3.259290e-008	3.260986e-008	6.591770e-013
8.119556102654987e-009	-5.385751e-011	2.036975e-010	3.335698e-008	3.337431e-008	6.859367e-013
8.125556102654984e-009	-5.574898e-011	2.115440e-010	3.411650e-008	3.413421e-008	7.132126e-013
8.130698959797838e-009	-5.737314e-011	2.183476e-010	3.476350e-008	3.478152e-008	7.369692e-013
8.135841816940692e-009	-5.899798e-011	2.252171e-010	3.540671e-008	3.542504e-008	7.610570e-013
8.140984674083546e-009	-6.062352e-011	2.321525e-010	3.604615e-008	3.606478e-008	7.854762e-013
8.146127531226402e-009	-6.224975e-011	2.391538e-010	3.668180e-008	3.670074e-008	8.102267e-013
8.151270388369256e-009	-6.387667e-011	2.462211e-010	3.731368e-008	3.733292e-008	8.353086e-013
8.156413245512111e-009	-6.550428e-011	2.533542e-010	3.794178e-008	3.796131e-008	8.607217e-013
8.161556102654965e-009	-6.713258e-011	2.605532e-010	3.856610e-008	3.858593e-008	8.864662e-013
8.162556102654964e-009	-6.744855e-011	2.619586e-010	3.868702e-008	3.870690e-008	8.915062e-013
8.163556102654964e-009	-6.776441e-011	2.633662e-010	3.880778e-008	3.882773e-008	8.965562e-013
8.164556102654963e-009	-6.808018e-011	2.647758e-010	3.892840e-008	3.894840e-008	9.016175e-013
8.166698959797819e-009	-6.875663e-011	2.678041e-010	3.918643e-008	3.920656e-008	9.125058e-013
8.168841816940675e-009	-6.943239e-011	2.708415e-010	3.944359e-008	3.946384e-008	9.234455e-013
8.170984674083531e-009	-7.010746e-011	2.738880e-010	3.969988e-008	3.972025e-008	9.344365e-013
8.173127531226388e-009	-7.078184e-011	2.769435e-010	3.995530e-008	3.997578e-008	9.454788e-013
8.175270388369244e-009	-7.145553e-011	2.800082e-010	4.020984e-008	4.023045e-008	9.565726e-013
8.177413245512100e-009	-7.212853e-011	2.830819e-010	4.046352e-008	4.048424e-008	9.677177e-013
8.179556102654956e-009	-7.280085e-011	2.861648e-010	4.071632e-008	4.073716e-008	9.789141e-013
8.182556102654954e-009	-7.374032e-011	2.904942e-010	4.106838e-008	4.108937e-008	9.946714e-013
8.183556102654953e-009	-7.405304e-011	2.919409e-010	4.118526e-008	4.120631e-008	9.999441e-013
8.184556102654953e-009	-7.436559e-011	2.933890e-010	4.130196e-008	4.132307e-008	1.005225e-012
8.184754844671794e-009	-7.442767e-011	2.936770e-010	4.132513e-008	4.134624e-008	1.006275e-012
8.184948597725727e-009	-7.448819e-011	2.939579e-010	4.134769e-008	4.136882e-008	1.007301e-012
8.184982810259959e-009	-7.449887e-011	2.940075e-010	4.135168e-008	4.137281e-008	1.007482e-012
8.184985546397939e-009	-7.449973e-011	2.940115e-010	4.135200e-008	4.137312e-008	1.007496e-012
8.184990169710685e-009	-7.450117e-011	2.940182e-010	4.135253e-008	4.137366e-008	1.007520e-012
8.184995968410086e-009	-7.450298e-011	2.940266e-010	4.135321e-008	4.137434e-008	1.007553e-012
8.185002963912981e-009	-7.450517e-011	2.940367e-010	4.135402e-008	4.137516e-008	1.007589e-012
8.185010610797859e-009	-7.450755e-011	2.940478e-010	4.135491e-008	4.137604e-008	1.007629e-012
8.185018551867994e-009	-7.451004e-011	2.940593e-010	4.135584e-008	4.137697e-008	1.007671e-012
8.185027925534393e-009	-7.451296e-011	2.940729e-010	4.135693e-008	4.137806e-008	1.007720e-012
8.185038553264773e-009	-7.451628e-011	2.940883e-010	4.135817e-008	4.137930e-008	1.007777e-012
8.185066874810722e-009	-7.452512e-011	2.941294e-010	4.136146e-008	4.138260e-008	1.007927e-012
8.185321741339630e-009	-7.460470e-011	2.944991e-010	4.139112e-008	4.141227e-008	1.009277e-012
8.185576607868536e-009	-7.468426e-011	2.948689e-010	4.142076e-008	4.144192e-008	1.010628e-012
8.185831474397444e-009	-7.476380e-011	2.952388e-010	4.145038e-008	4.147156e-008	1.011980e-012
8.186086340926350e-009	-7.484333e-011	2.956089e-010	4.147999e-008	4.150118e-008	1.013333e-012
8.186341207455257e-009	-7.492283e-011	2.959791e-010	4.150958e-008	4.153078e-008	1.014686e-012
8.186596073984163e-009	-7.500232e-011	2.963493e-010	4.153915e-008	4.156037e-008	1.016040e-012
8.186850940513071e-009	-7.508179e-011	2.967197e-010	4.156870e-008	4.158994e-008	1.017394e-012
8.201993797655920e-009	-7.980960e-011	3.190477e-010	4.329317e-008	4.331519e-008	1.099437e-012
8.217136654798769e-009	-8.441833e-011	3.415448e-010	4.496895e-008	4.499172e-008	1.183228e-012
8.232279511941618e-009	-8.890800e-011	3.642109e-010	4.659604e-008	4.661953e-008	1.268769e-012
8.247422369084469e-009	-9.327860e-011	3.870461e-010	4.817443e-008	4.819860e-008	1.356058e-012
8.262565226227318e-009	-9.753014e-011	4.100504e-010	4.970412e-008	4.972895e-008	1.445097e-012
8.277708083370167e-009	-1.016626e-010	4.332237e-010	5.118512e-008	5.121058e-008	1.535885e-012
8.292850940513016e-009	-1.056760e-010	4.565662e-010	5.261743e-008	5.264348e-008	1.628421e-012
8.293850940513015e-009	-1.059334e-010	4.580995e-010	5.271079e-008	5.273686e-008	1.634551e-012
8.321993797655858e-009	-1.128974e-010	5.015742e-010	5.524293e-008	5.527001e-008	1.810576e-012
8.350136654798700e-009	-1.192532e-010	5.444218e-010	5.765795e-008	5.768595e-008	1.988347e-012
8.378279511941542e-009	-1.250009e-010	5.866420e-010	5.995582e-008	5.998468e-008	2.167866e-012
8.406422369084386e-009	-1.301404e-010	6.282350e-010	6.213657e-008	6.216619e-008	2.349130e-012
8.434565226227228e-009	-1.346719e-010	6.692008e-010	6.420018e-008	6.423048e-008	2.532142e-012
8.462708083370071e-009	-1.385951e-010	7.095393e-010	6.614665e-008	6.617757e-008	2.716900e-012
8.490850940512913e-009	-1.419103e-010	7.492506e-010	6.797599e-008	6.800744e-008	2.903405e-012
8.505422369084334e-009	-1.433959e-010	7.692859e-010	6.889447e-008	6.892617e-008	2.999391e-012
8.519993797655755e-009	-1.447414e-010	7.890386e-010	6.979096e-008	6.982291e-008	3.095220e-012
8.534565226227176e-009	-1.459466e-010	8.085087e-010	7.066547e-008	7.069764e-008	3.190893e-012
8.549136654798596e-009	-1.470116e-010	8.276962e-010	7.151800e-008	7.155038e-008	3.286409e-012
8.563708083370018e-009	-1.479363e-010	8.466010e-010	7.234854e-008	7.238112e-008	3.381769e-012
8.578279511941438e-009	-1.487208e-010	8.652233e-010	7.315710e-008	7.318986e-008	3.476972e-012
8.592850940512860e-009	-1.493651e-010	8.835629e-010	7.394368e-008	7.397661e-008	3.572019e-012
8.593850940512859e-009	-1.494054e-010	8.848100e-010	7.399706e-008	7.403000e-008	3.578525e-012
8.625993797655699e-009	-1.502777e-010	9.241202e-010	7.565158e-008	7.568484e-008	3.787371e-012
8.658136654798540e-009	-1.506999e-010	9.620101e-010	7.723213e-008	7.726565e-008	3.993936e-012
8.690279511941380e-009	-1.506721e-010	9.984796e-010	7.873869e-008	7.877243e-008	4.198219e-012
8.722422369084222e-009	-1.501943e-010	1.033529e-009	8.017128e-008	8.020519e-008	4.400220e-012
8.754565226227062e-009	-1.492665e-010	1.067158e-009	8.152990e-008	8.156393e-008	4.599941e-012
8.786708083369902e-009	-1.478886e-010	1.099366e-009	8.281454e-008	8.284863e-008	4.797380e-012
8.818850940512742e-009	-1.460606e-010	1.130155e-009	8.402520e-008	8.405932e-008	4.992538e-012
8.819850940512742e-009	-1.460023e-010	1.131093e-009	8.406278e-008	8.409689e-008	4.998552e-012
8.820131614841794e-009	-1.459858e-010	1.131356e-009	8.407353e-008	8.410765e-008	5.000240e-012
8.820363814573644e-009	-1.459722e-010	1.131573e-009	8.408139e-008	8.411550e-008	5.001635e-012
8.820686403611440e-009	-1.459529e-010	1.131875e-009	8.408718e-008	8.412128e-008	5.003574e-012
8.821020647936462e-009	-1.459330e-010	1.132187e-009	8.409359e-008	8.412769e-008	5.005582e-012
8.821689136586504e-009	-1.458936e-010	1.132812e-009	8.412355e-008	8.415767e-008	5.009597e-012
8.822689136586504e-009	-1.458367e-010	1.133750e-009	8.421775e-008	8.425194e-008	5.015609e-012
8.823689136586503e-009	-1.457837e-010	1.134696e-009	8.438395e-008	8.441825e-008	5.021637e-012
8.824689136586503e-009	-1.457366e-010	1.135654e-009	8.463876e-008	8.467324e-008	5.027695e-012
8.825689136586502e-009	-1.456978e-010	1.136632e-009	8.499273e-008	8.502744e-008	5.033800e-012
8.826689136586502e-009	-1.456698e-010	1.137636e-009	8.545750e-008	8.549252e-008	5.039969e-012
8.827689136586501e-009	-1.456555e-010	1.138673e-009	8.604601e-008	8.608140e-008	5.046224e-012
8.828689136586501e-009	-1.456581e-010	1.139753e-009	8.677228e-008	8.680814e-008	5.052586e-012
8.829689136586500e-009	-1.456809e-010	1.140885e-009	8.765122e-008	8.768764e-008	5.059082e-012
8.830689136586500e-009	-1.457279e-010	1.142078e-009	8.869835e-008	8.873543e-008	5.065737e-012
8.832689136586499e-009	-1.459109e-010	1.144697e-009	9.136061e-008	9.139936e-008	5.079655e-012
8.834689136586498e-009	-1.462441e-010	1.147712e-009	9.488477e-008	9.492570e-008	5.094617e-012
8.836689136586496e-009	-1.467688e-010	1.151238e-009	9.938893e-008	9.943261e-008	5.110939e-012
8.838689136586495e-009	-1.475303e-010	1.155404e-009	1.049770e-007	1.050241e-007	5.128976e-012
8.840689136586494e-009	-1.485770e-010	1.160347e-009	1.117346e-007	1.117858e-007	5.149110e-012
8.842689136586493e-009	-1.499595e-010	1.166213e-009	1.197268e-007	1.197828e-007	5.171751e-012
8.844689136586492e-009	-1.517293e-010	1.173153e-009	1.289985e-007	1.290599e-007	5.197325e-012
8.846689136586491e-009	-1.539385e-010	1.181320e-009	1.395753e-007	1.396429e-007	5.226269e-012
8.848689136586490e-009	-1.566388e-010	1.190867e-009	1.514663e-007	1.515409e-007	5.259021e-012
8.850689136586489e-009	-1.598809e-010	1.201945e-009	1.646664e-007	1.647487e-007	5.296021e-012
8.851689136586489e-009	-1.617072e-010	1.208068e-009	1.717251e-007	1.718115e-007	5.316143e-012
8.852345635021616e-009	-1.629842e-010	1.212310e-009	1.765247e-007	1.766139e-007	5.329973e-012
8.852818116020291e-009	-1.639534e-010	1.215505e-009	1.800840e-007	1.801753e-007	5.340325e-012
8.853394923102779e-009	-1.651844e-010	1.219543e-009	1.845311e-007	1.846250e-007	5.353344e-012
8.853747597543320e-009	-1.659641e-010	1.222089e-009	1.873048e-007	1.874003e-007	5.361520e-012
8.854214903913476e-009	-1.670270e-010	1.225549e-009	1.910343e-007	1.911318e-007	5.372594e-012
8.854358384986405e-009	-1.673593e-010	1.226628e-009	1.921887e-007	1.922869e-007	5.376043e-012
8.854406596069903e-009	-1.674724e-010	1.226995e-009	1.925785e-007	1.926770e-007	5.377213e-012
8.854444609770908e-009	-1.675619e-010	1.227285e-009	1.928864e-007	1.929851e-007	5.378139e-012
8.854460056950860e-009	-1.675984e-010	1.227403e-009	1.930116e-007	1.931104e-007	5.378517e-012
8.854464837956111e-009	-1.676097e-010	1.227440e-009	1.930504e-007	1.931491e-007	5.378633e-012
8.854465784970658e-009	-1.676119e-010	1.227447e-009	1.930581e-007	1.931568e-007	5.378656e-012
8.854466118844163e-009	-1.676127e-010	1.227450e-009	1.930608e-007	1.931595e-007	5.378664e-012
8.854466620374262e-009	-1.676139e-010	1.227454e-009	1.930649e-007	1.931636e-007	5.378676e-012
8.854467115367182e-009	-1.676150e-010	1.227457e-009	1.930689e-007	1.931676e-007	5.378687e-012
8.854467637231599e-009	-1.676163e-010	1.227461e-009	1.930731e-007	1.931719e-007	5.378700e-012
8.854468211003773e-009	-1.676176e-010	1.227466e-009	1.930778e-007	1.931765e-007	5.378714e-012
8.854468760856139e-009	-1.676189e-010	1.227470e-009	1.930822e-007	1.931810e-007	5.378727e-012
8.854469319910850e-009	-1.676203e-010	1.227474e-009	1.930867e-007	1.931855e-007	5.378741e-012
8.854469862724640e-009	-1.676215e-010	1.227478e-009	1.930912e-007	1.931899e-007	5.378756e-012
8.854470518031203e-009	-1.676231e-010	1.227483e-009	1.930965e-007	1.931952e-007	5.378771e-012
8.854471236777819e-009	-1.676248e-010	1.227489e-009	1.931023e-007	1.932011e-007	5.378787e-012
8.854472112485070e-009	-1.676269e-010	1.227496e-009	1.931094e-007	1.932082e-007	5.378809e-012
8.854473101494078e-009	-1.676292e-010	1.227503e-009	1.931174e-007	1.932162e-007	5.378834e-012
8.854474346726864e-009	-1.676321e-010	1.227513e-009	1.931275e-007	1.932263e-007	5.378864e-012
8.854475856170631e-009	-1.676357e-010	1.227524e-009	1.931398e-007	1.932385e-007	5.378900e-012
8.854477907118445e-009	-1.676406e-010	1.227540e-009	1.931564e-007	1.932552e-007	5.378950e-012
8.854485206565660e-009	-1.676578e-010	1.227596e-009	1.932156e-007	1.933144e-007	5.379130e-012
8.854917912605640e-009	-1.687071e-010	1.230988e-009	1.967530e-007	1.968538e-007	5.389917e-012
8.855350618645619e-009	-1.697871e-010	1.234470e-009	2.003286e-007	2.004315e-007	5.400958e-012
8.855783324685598e-009	-1.708981e-010	1.238041e-009	2.039426e-007	2.040475e-007	5.412251e-012
8.856216030725575e-009	-1.720399e-010	1.241702e-009	2.075949e-007	2.077019e-007	5.423799e-012
8.856648736765554e-009	-1.732125e-010	1.245452e-009	2.112854e-007	2.113946e-007	5.435599e-012
8.857081442805534e-009	-1.744160e-010	1.249293e-009	2.150143e-007	2.151255e-007	5.447653e-012
8.857514148845513e-009	-1.756503e-010	1.253223e-009	2.187815e-007	2.188949e-007	5.459961e-012
8.858514148845512e-009	-1.786283e-010	1.262670e-009	2.276403e-007	2.277587e-007	5.489443e-012
8.860514148845511e-009	-1.851312e-010	1.283165e-009	2.460017e-007	2.461306e-007	5.552948e-012
8.863514148845510e-009	-1.963039e-010	1.318071e-009	2.751246e-007	2.752701e-007	5.660071e-012
8.865799863131222e-009	-2.059258e-010	1.347896e-009	2.986232e-007	2.987820e-007	5.750844e-012
8.868085577416937e-009	-2.167006e-010	1.381183e-009	3.231109e-007	3.232835e-007	5.851629e-012
8.870371291702649e-009	-2.286283e-010	1.417930e-009	3.485877e-007	3.487747e-007	5.962426e-012
8.872657005988362e-009	-2.417089e-010	1.458138e-009	3.750536e-007	3.752555e-007	6.083237e-012
8.874942720274074e-009	-2.559425e-010	1.501806e-009	4.025085e-007	4.027260e-007	6.214059e-012
8.877228434559789e-009	-2.713289e-010	1.548936e-009	4.309526e-007	4.311861e-007	6.354894e-012
8.879514148845501e-009	-2.878682e-010	1.599526e-009	4.603858e-007	4.606358e-007	6.505742e-012
8.881514148845500e-009	-3.034354e-010	1.647165e-009	4.868214e-007	4.870863e-007	6.647653e-012
8.882514148845500e-009	-3.115401e-010	1.671966e-009	5.002617e-007	5.005342e-007	6.721484e-012
8.882794823135989e-009	-3.138581e-010	1.679060e-009	5.040638e-007	5.043385e-007	6.742595e-012
8.883025407461790e-009	-3.157862e-010	1.684960e-009	5.072077e-007	5.074842e-007	6.760151e-012
8.883349302447194e-009	-3.185214e-010	1.693329e-009	5.116644e-007	5.119434e-007	6.785047e-012
8.883684336832161e-009	-3.213889e-010	1.702101e-009	5.163306e-007	5.166122e-007	6.811135e-012
8.884354405602096e-009	-3.272186e-010	1.719934e-009	5.257914e-007	5.260785e-007	6.864153e-012
8.885354405602096e-009	-3.361172e-010	1.747150e-009	5.401721e-007	5.404673e-007	6.945039e-012
8.886354405602095e-009	-3.452623e-010	1.775117e-009	5.548736e-007	5.551772e-007	7.028116e-012
8.887354405602095e-009	-3.546813e-010	1.803918e-009	5.699301e-007	5.702422e-007	7.113629e-012
8.888354405602094e-009	-3.643804e-010	1.833574e-009	5.853468e-007	5.856677e-007	7.201637e-012
8.889354405602094e-009	-3.743659e-010	1.864102e-009	6.011269e-007	6.014567e-007	7.292198e-012
8.890354405602093e-009	-3.846438e-010	1.895524e-009	6.172712e-007	6.176102e-007	7.385371e-012
8.891354405602093e-009	-3.952200e-010	1.927857e-009	6.337785e-007	6.341270e-007	7.481213e-012
8.892354405602092e-009	-4.061006e-010	1.961122e-009	6.506460e-007	6.510040e-007	7.579783e-012
8.893354405602092e-009	-4.172911e-010	1.995338e-009	6.678686e-007	6.682364e-007	7.681138e-012
8.894354405602091e-009	-4.287972e-010	2.030521e-009	6.854398e-007	6.858175e-007	7.785335e-012
8.895354405602091e-009	-4.406240e-010	2.066691e-009	7.033510e-007	7.037389e-007	7.892428e-012
8.896354405602090e-009	-4.527765e-010	2.103863e-009	7.215922e-007	7.219905e-007	8.002470e-012
8.897354405602090e-009	-4.652594e-010	2.142055e-009	7.401516e-007	7.405604e-007	8.115512e-012
8.898354405602089e-009	-4.780769e-010	2.181281e-009	7.590157e-007	7.594351e-007	8.231603e-012
8.899354405602089e-009	-4.912329e-010	2.221556e-009	7.781697e-007	7.785999e-007	8.350790e-012
8.900354405602088e-009	-5.047311e-010	2.262893e-009	7.975975e-007	7.980387e-007	8.473115e-012
8.901354405602088e-009	-5.185745e-010	2.305303e-009	8.172821e-007	8.177344e-007	8.598618e-012
8.902354405602087e-009	-5.327657e-010	2.348799e-009	8.372058e-007	8.376694e-007	8.727339e-012
8.903354405602087e-009	-5.473071e-010	2.393389e-009	8.573510e-007	8.578259e-007	8.859311e-012
8.904354405602086e-009	-5.622005e-010	2.439083e-009	8.776995e-007	8.781859e-007	8.994565e-012
8.907354405602084e-009	-6.090058e-010	2.582855e-009	9.397930e-007	9.403142e-007	9.420284e-012
8.910354405602083e-009	-6.590112e-010	2.736769e-009	1.003128e-006	1.003684e-006	9.876377e-012
8.913354405602081e-009	-7.122131e-010	2.900900e-009	1.067347e-006	1.067940e-006	1.036324e-011
8.916354405602080e-009	-7.685892e-010	3.075268e-009	1.132181e-006	1.132810e-006	1.088111e-011
8.919354405602078e-009	-8.281048e-010	3.259856e-009	1.197440e-006	1.198105e-006	1.143009e-011
8.922354405602077e-009	-8.907164e-010	3.454615e-009	1.262989e-006	1.263691e-006	1.201022e-011
8.925354405602075e-009	-9.563746e-010	3.659480e-009	1.328736e-006	1.329474e-006	1.262147e-011
8.927640119887788e-009	-1.008481e-009	3.822422e-009	1.378982e-006	1.379748e-006	1.310820e-011
8.929925834173502e-009	-1.062232e-009	3.991028e-009	1.429210e-006	1.430005e-006	1.361274e-011
8.932211548459215e-009	-1.117629e-009	4.165300e-009	1.479422e-006	1.480244e-006	1.413510e-011
8.934497262744927e-009	-1.174671e-009	4.345237e-009	1.529616e-006	1.530467e-006	1.467528e-011
8.936782977030640e-009	-1.233358e-009	4.530838e-009	1.579794e-006	1.580672e-006	1.523327e-011
8.939068691316354e-009	-1.293691e-009	4.722105e-009	1.629954e-006	1.630860e-006	1.580908e-011
8.941354405602067e-009	-1.355670e-009	4.919037e-009	1.680096e-006	1.681030e-006	1.640271e-011
8.945068691316351e-009	-1.459944e-009	5.251357e-009	1.761534e-006	1.762513e-006	1.740612e-011
8.948782977030634e-009	-1.567760e-009	5.597019e-009	1.842219e-006	1.843243e-006	1.845350e-011
8.952497262744918e-009	-1.679118e-009	5.956021e-009	1.922152e-006	1.923220e-006	1.954483e-011
8.956211548459202e-009	-1.794018e-009	6.328365e-009	2.001333e-006	2.002445e-006	2.068013e-011
8.959925834173486e-009	-1.912459e-009	6.714050e-009	2.079762e-006	2.080917e-006	2.185938e-011
8.963640119887769e-009	-2.034442e-009	7.113076e-009	2.157439e-006	2.158636e-006	2.308260e-011
8.967354405602053e-009	-2.159967e-009	7.525443e-009	2.234364e-006	2.235603e-006	2.434978e-011
8.976925834173478e-009	-2.503390e-009	8.660517e-009	2.427342e-006	2.428687e-006	2.784898e-011
8.986497262744900e-009	-2.855120e-009	9.846692e-009	2.609746e-006	2.611190e-006	3.154906e-011
8.996068691316325e-009	-3.215159e-009	1.108397e-008	2.781573e-006	2.783110e-006	3.545001e-011
9.005640119887747e-009	-3.583505e-009	1.237235e-008	2.942825e-006	2.944448e-006	3.955184e-011
9.015211548459171e-009	-3.960158e-009	1.371183e-008	3.093502e-006	3.095203e-006	4.385455e-011
9.024782977030594e-009	-4.345119e-009	1.510241e-008	3.233602e-006	3.235377e-006	4.835814e-011
9.034354405602018e-009	-4.738388e-009	1.654410e-008	3.363127e-006	3.364969e-006	5.306260e-011
9.042782977030585e-009	-5.079558e-009	1.782474e-008	3.467223e-006	3.469116e-006	5.729207e-011
9.051211548459153e-009	-5.414730e-009	1.910946e-008	3.564876e-006	3.566818e-006	6.158021e-011
9.059640119887719e-009	-5.743905e-009	2.039825e-008	3.656089e-006	3.658075e-006	6.592704e-011
9.068068691316287e-009	-6.067083e-009	2.169112e-008	3.740859e-006	3.742887e-006	7.033254e-011
9.076497262744853e-009	-6.384264e-009	2.298807e-008	3.819189e-006	3.821253e-006	7.479672e-011
9.084925834173421e-009	-6.695447e-009	2.428910e-008	3.891077e-006	3.893174e-006	7.931958e-011
9.093354405601988e-009	-7.000633e-009	2.559420e-008	3.956524e-006	3.958649e-006	8.390112e-011
9.095550834173415e-009	-7.078029e-009	2.593120e-008	3.973046e-006	3.975178e-006	8.509351e-011
9.097747262744843e-009	-7.154771e-009	2.626761e-008	3.989263e-006	3.991403e-006	8.628724e-011
9.099943691316270e-009	-7.230860e-009	2.660344e-008	4.005177e-006	4.007322e-006	8.748233e-011
9.102140119887698e-009	-7.306296e-009	2.693869e-008	4.020785e-006	4.022938e-006	8.867877e-011
9.104336548459125e-009	-7.381079e-009	2.727335e-008	4.036089e-006	4.038248e-006	8.987657e-011
9.106532977030553e-009	-7.455209e-009	2.760743e-008	4.051089e-006	4.053254e-006	9.107571e-011
9.108729405601980e-009	-7.528686e-009	2.794092e-008	4.065784e-006	4.067955e-006	9.227621e-011
9.109229405601981e-009	-7.545296e-009	2.801670e-008	4.069082e-006	4.071255e-006	9.254959e-011
9.110354405601980e-009	-7.582581e-009	2.818712e-008	4.076456e-006	4.078632e-006	9.316479e-011
9.110604405601981e-009	-7.590835e-009	2.822496e-008	4.078074e-006	4.080250e-006	9.330154e-011
9.111104405601981e-009	-7.607314e-009	2.830060e-008	4.081294e-006	4.083472e-006	9.357507e-011
9.111775394730862e-009	-7.629371e-009	2.840205e-008	4.085598e-006	4.087776e-006	9.394222e-011
9.115684681046840e-009	-7.756629e-009	2.899169e-008	4.110255e-006	4.112443e-006	9.608246e-011
9.116684681046839e-009	-7.788825e-009	2.914212e-008	4.116431e-006	4.118622e-006	9.663025e-011
9.118684681046838e-009	-7.852771e-009	2.944245e-008	4.128605e-006	4.130800e-006	9.772616e-011
9.121684681046836e-009	-7.947568e-009	2.989158e-008	4.146465e-006	4.148667e-006	9.937066e-011
9.124559681046836e-009	-8.037178e-009	3.032048e-008	4.163137e-006	4.165346e-006	1.009472e-010
9.124684681046837e-009	-8.041042e-009	3.033909e-008	4.163850e-006	4.166060e-006	1.010157e-010
9.124934681046837e-009	-8.048764e-009	3.037629e-008	4.165271e-006	4.167481e-006	1.011528e-010
9.125983420406339e-009	-8.081050e-009	3.053223e-008	4.171120e-006	4.173332e-006	1.017280e-010
9.126932236369556e-009	-8.110114e-009	3.067312e-008	4.176251e-006	4.178465e-006	1.022484e-010
9.127881052332773e-009	-8.139028e-009	3.081380e-008	4.181243e-006	4.183458e-006	1.027687e-010
9.128829868295991e-009	-8.167791e-009	3.095427e-008	4.186095e-006	4.188312e-006	1.032889e-010
9.129778684259210e-009	-8.196406e-009	3.109451e-008	4.190807e-006	4.193025e-006	1.038091e-010
9.130727500222427e-009	-8.224870e-009	3.123454e-008	4.195379e-006	4.197599e-006	1.043291e-010
9.131676316185645e-009	-8.253184e-009	3.137436e-008	4.199812e-006	4.202033e-006	1.048491e-010
9.132625132148862e-009	-8.281349e-009	3.151396e-008	4.204105e-006	4.206328e-006	1.053689e-010
9.133625132148861e-009	-8.310876e-009	3.166083e-008	4.208481e-006	4.210704e-006	1.059166e-010
9.134016666624566e-009	-8.322392e-009	3.171827e-008	4.210143e-006	4.212367e-006	1.061310e-010
9.134123905130891e-009	-8.325538e-009	3.173399e-008	4.210587e-006	4.212810e-006	1.061897e-010
9.134196598552464e-009	-8.327669e-009	3.174465e-008	4.210884e-006	4.213108e-006	1.062295e-010
9.134274940345854e-009	-8.329964e-009	3.175612e-008	4.211204e-006	4.213427e-006	1.062724e-010
9.134288252199929e-009	-8.330354e-009	3.175807e-008	4.211258e-006	4.213482e-006	1.062797e-010
9.134288525026164e-009	-8.330362e-009	3.175812e-008	4.211259e-006	4.213483e-006	1.062798e-010
9.135030586216564e-009	-8.352023e-009	3.186672e-008	4.214212e-006	4.216437e-006	1.066860e-010
9.135772647406964e-009	-8.373583e-009	3.197515e-008	4.217058e-006	4.219284e-006	1.070919e-010
9.136514708597363e-009	-8.395043e-009	3.208342e-008	4.219797e-006	4.222023e-006	1.074976e-010
9.137256769787761e-009	-8.416403e-009	3.219151e-008	4.222429e-006	4.224656e-006	1.079032e-010
9.137998830978161e-009	-8.437662e-009	3.229944e-008	4.224954e-006	4.227181e-006	1.083086e-010
9.138740892168560e-009	-8.458821e-009	3.240720e-008	4.227372e-006	4.229599e-006	1.087138e-010
9.139482953358960e-009	-8.479880e-009	3.251479e-008	4.229682e-006	4.231910e-006	1.091189e-010
9.139610752738049e-009	-8.483492e-009	3.253330e-008	4.230066e-006	4.232294e-006	1.091886e-010
9.140925382809905e-009	-8.520428e-009	3.272327e-008	4.233806e-006	4.236034e-006	1.099054e-010
9.142240012881762e-009	-8.556999e-009	3.291256e-008	4.237326e-006	4.239554e-006	1.106212e-010
9.143554642953618e-009	-8.593205e-009	3.310118e-008	4.240625e-006	4.242854e-006	1.113361e-010
9.144869273025473e-009	-8.629046e-009	3.328913e-008	4.243704e-006	4.245933e-006	1.120500e-010
9.146183903097329e-009	-8.664523e-009	3.347641e-008	4.246562e-006	4.248791e-006	1.127630e-010
9.147498533169186e-009	-8.699634e-009	3.366302e-008	4.249200e-006	4.251428e-006	1.134750e-010
9.148813163241041e-009	-8.734380e-009	3.384895e-008	4.251618e-006	4.253845e-006	1.141861e-010
9.149813163241041e-009	-8.760575e-009	3.398992e-008	4.253330e-006	4.255558e-006	1.147262e-010
9.150211565043702e-009	-8.770956e-009	3.404597e-008	4.253979e-006	4.256206e-006	1.149412e-010
9.150332909351266e-009	-8.774106e-009	3.406302e-008	4.254169e-006	4.256396e-006	1.150067e-010
9.150453397996059e-009	-8.777230e-009	3.407995e-008	4.254354e-006	4.256581e-006	1.150716e-010
9.150469543589707e-009	-8.777648e-009	3.408221e-008	4.254378e-006	4.256606e-006	1.150804e-010
9.150475566606459e-009	-8.777804e-009	3.408306e-008	4.254388e-006	4.256615e-006	1.150836e-010
9.150480294518150e-009	-8.777927e-009	3.408372e-008	4.254395e-006	4.256622e-006	1.150861e-010
9.150486590806482e-009	-8.778090e-009	3.408461e-008	4.254405e-006	4.256632e-006	1.150895e-010
9.150493822014829e-009	-8.778277e-009	3.408562e-008	4.254416e-006	4.256643e-006	1.150934e-010
9.150500954143628e-009	-8.778462e-009	3.408663e-008	4.254427e-006	4.256654e-006	1.150973e-010
9.150507861350294e-009	-8.778641e-009	3.408759e-008	4.254437e-006	4.256665e-006	1.151010e-010
9.150514685803845e-009	-8.778818e-009	3.408855e-008	4.254448e-006	4.256675e-006	1.151047e-010
9.150521561487680e-009	-8.778995e-009	3.408952e-008	4.254458e-006	4.256686e-006	1.151084e-010
9.150528452568495e-009	-8.779174e-009	3.409048e-008	4.254469e-006	4.256697e-006	1.151121e-010
9.150535355102090e-009	-8.779352e-009	3.409145e-008	4.254480e-006	4.256707e-006	1.151158e-010
9.150542242277802e-009	-8.779531e-009	3.409242e-008	4.254491e-006	4.256718e-006	1.151196e-010
9.150549749532807e-009	-8.779725e-009	3.409347e-008	4.254502e-006	4.256729e-006	1.151236e-010
9.150558472615289e-009	-8.779951e-009	3.409470e-008	4.254516e-006	4.256743e-006	1.151283e-010
9.150568515224585e-009	-8.780211e-009	3.409611e-008	4.254531e-006	4.256758e-006	1.151337e-010
9.150580349595361e-009	-8.780518e-009	3.409777e-008	4.254549e-006	4.256776e-006	1.151401e-010
9.150611940652967e-009	-8.781335e-009	3.410220e-008	4.254598e-006	4.256825e-006	1.151571e-010
9.153651681698920e-009	-8.858864e-009	3.452669e-008	4.259292e-006	4.261518e-006	1.167926e-010
9.156691422744873e-009	-8.934469e-009	3.494736e-008	4.263978e-006	4.266203e-006	1.184219e-010
9.159731163790826e-009	-9.008149e-009	3.536423e-008	4.268655e-006	4.270879e-006	1.200449e-010
9.162770904836779e-009	-9.079905e-009	3.577729e-008	4.273323e-006	4.275546e-006	1.216617e-010
9.165810645882733e-009	-9.149736e-009	3.618654e-008	4.277983e-006	4.280205e-006	1.232723e-010
9.168850386928685e-009	-9.217643e-009	3.659198e-008	4.282634e-006	4.284855e-006	1.248767e-010
9.171890127974639e-009	-9.283625e-009	3.699362e-008	4.287277e-006	4.289497e-006	1.264748e-010
9.189461556546059e-009	-9.619397e-009	3.922873e-008	4.313988e-006	4.316202e-006	1.355775e-010
9.207032985117477e-009	-9.911387e-009	4.136617e-008	4.340499e-006	4.342707e-006	1.445028e-010
9.224604413688897e-009	-1.015960e-008	4.340596e-008	4.366810e-006	4.369013e-006	1.532506e-010
9.242175842260316e-009	-1.036402e-008	4.534809e-008	4.392922e-006	4.395118e-006	1.618210e-010
9.259747270831736e-009	-1.052467e-008	4.719255e-008	4.418833e-006	4.421023e-006	1.702141e-010
9.277318699403154e-009	-1.064153e-008	4.893936e-008	4.444544e-006	4.446728e-006	1.784297e-010
9.294890127974575e-009	-1.071461e-008	5.058850e-008	4.470056e-006	4.472233e-006	1.864679e-010
9.305032985117426e-009	-1.074747e-008	5.151174e-008	4.484704e-006	4.486878e-006	1.910443e-010
9.315175842260278e-009	-1.077216e-008	5.241229e-008	4.499296e-006	4.501465e-006	1.955732e-010
9.325318699403129e-009	-1.078869e-008	5.329014e-008	4.513830e-006	4.515995e-006	2.000544e-010
9.335461556545983e-009	-1.079705e-008	5.414529e-008	4.528306e-006	4.530468e-006	2.044879e-010
9.345604413688834e-009	-1.079725e-008	5.497775e-008	4.542725e-006	4.544882e-006	2.088738e-010
9.355747270831686e-009	-1.078928e-008	5.578750e-008	4.557086e-006	4.559240e-006	2.132121e-010
9.365890127974538e-009	-1.077314e-008	5.657456e-008	4.571390e-006	4.573539e-006	2.175027e-010
9.366890127974537e-009	-1.077132e-008	5.665127e-008	4.572797e-006	4.574946e-006	2.179236e-010
9.400032985117377e-009	-1.065511e-008	5.904565e-008	4.619097e-006	4.621233e-006	2.315703e-010
9.433175842260216e-009	-1.050784e-008	6.129555e-008	4.664889e-006	4.667010e-006	2.448466e-010
9.466318699403056e-009	-1.032949e-008	6.340096e-008	4.710171e-006	4.712278e-006	2.577526e-010
9.499461556545897e-009	-1.012008e-008	6.536189e-008	4.754945e-006	4.757038e-006	2.702882e-010
9.532604413688737e-009	-9.879594e-009	6.717834e-008	4.799210e-006	4.801287e-006	2.824535e-010
9.565747270831577e-009	-9.608038e-009	6.885030e-008	4.842966e-006	4.845028e-006	2.942485e-010
9.598890127974416e-009	-9.305412e-009	7.037778e-008	4.886213e-006	4.888259e-006	3.056732e-010
9.608461556545841e-009	-9.221671e-009	7.081072e-008	4.898631e-006	4.900672e-006	3.089341e-010
9.618032985117263e-009	-9.137573e-009	7.123634e-008	4.911012e-006	4.913048e-006	3.121723e-010
9.627604413688688e-009	-9.053118e-009	7.165464e-008	4.923356e-006	4.925388e-006	3.153878e-010
9.637175842260110e-009	-8.968307e-009	7.206561e-008	4.935664e-006	4.937692e-006	3.185806e-010
9.646747270831535e-009	-8.883139e-009	7.246925e-008	4.947936e-006	4.949958e-006	3.217506e-010
9.656318699402957e-009	-8.797615e-009	7.286558e-008	4.960171e-006	4.962189e-006	3.248980e-010
9.665890127974382e-009	-8.711734e-009	7.325458e-008	4.972370e-006	4.974383e-006	3.280226e-010
9.666890127974381e-009	-8.702776e-009	7.329489e-008	4.973643e-006	4.975655e-006	3.283479e-010
9.703747270831505e-009	-8.367986e-009	7.471398e-008	5.020247e-006	5.022240e-006	3.401368e-010
9.740604413688629e-009	-8.040671e-009	7.606466e-008	5.066373e-006	5.068346e-006	3.516774e-010
9.777461556545753e-009	-7.720831e-009	7.734692e-008	5.112021e-006	5.113974e-006	3.629697e-010
9.814318699402875e-009	-7.408466e-009	7.856077e-008	5.157191e-006	5.159124e-006	3.740137e-010
9.851175842259999e-009	-7.103576e-009	7.970621e-008	5.201884e-006	5.203796e-006	3.848093e-010
9.888032985117123e-009	-6.806161e-009	8.078324e-008	5.246098e-006	5.247989e-006	3.953567e-010
9.924890127974247e-009	-6.516220e-009	8.179185e-008	5.289835e-006	5.291703e-006	4.056557e-010
9.966890127974225e-009	-6.203651e-009	8.290120e-008	5.339170e-006	5.341013e-006	4.171999e-010
1.000960441368849e-008	-5.902056e-009	8.396150e-008	5.388743e-006	5.390561e-006	4.286642e-010
1.005231869940275e-008	-5.615304e-009	8.497914e-008	5.437776e-006	5.439567e-006	4.399354e-010
1.009503298511702e-008	-5.343396e-009	8.595412e-008	5.486268e-006	5.488031e-006	4.510134e-010
1.013774727083128e-008	-5.086332e-009	8.688643e-008	5.534219e-006	5.535954e-006	4.618981e-010
1.018046155654554e-008	-4.844112e-009	8.777609e-008	5.581628e-006	5.583335e-006	4.725897e-010
1.022317584225981e-008	-4.616735e-009	8.862309e-008	5.628497e-006	5.630175e-006	4.830880e-010
1.026589012797407e-008	-4.404202e-009	8.942743e-008	5.674825e-006	5.676473e-006	4.933932e-010
1.026689012797407e-008	-4.399356e-009	8.944608e-008	5.675904e-006	5.677551e-006	4.936333e-010
1.030960441368833e-008	-4.200521e-009	9.022256e-008	5.721717e-006	5.723334e-006	5.037946e-010
1.035231869940260e-008	-4.012201e-009	9.097389e-008	5.767045e-006	5.768632e-006	5.138288e-010
1.039503298511686e-008	-3.834395e-009	9.170009e-008	5.811887e-006	5.813443e-006	5.237359e-010
1.043774727083112e-008	-3.667105e-009	9.240113e-008	5.856245e-006	5.857770e-006	5.335160e-010
1.048046155654539e-008	-3.510329e-009	9.307704e-008	5.900117e-006	5.901610e-006	5.431690e-010
1.052317584225965e-008	-3.364069e-009	9.372779e-008	5.943504e-006	5.944965e-006	5.526949e-010
1.056589012797391e-008	-3.228323e-009	9.435340e-008	5.986406e-006	5.987834e-006	5.620938e-010
1.056689012797391e-008	-3.225208e-009	9.436789e-008	5.987405e-006	5.988832e-006	5.623129e-010
1.060960441368818e-008	-3.097513e-009	9.497441e-008	6.029835e-006	6.031229e-006	5.716094e-010
1.065231869940244e-008	-2.976250e-009	9.556367e-008	6.071820e-006	6.073181e-006	5.808130e-010
1.069503298511670e-008	-2.861420e-009	9.613569e-008	6.113360e-006	6.114687e-006	5.899235e-010
1.073774727083097e-008	-2.753023e-009	9.669044e-008	6.154454e-006	6.155747e-006	5.989409e-010
1.078046155654523e-008	-2.651059e-009	9.722795e-008	6.195104e-006	6.196361e-006	6.078653e-010
1.082317584225949e-008	-2.555527e-009	9.774820e-008	6.235307e-006	6.236530e-006	6.166967e-010
1.086589012797376e-008	-2.466428e-009	9.825119e-008	6.275066e-006	6.276253e-006	6.254350e-010
1.086689012797376e-008	-2.464375e-009	9.826283e-008	6.275992e-006	6.277178e-006	6.256388e-010
1.100004394881053e-008	-2.213188e-009	9.974249e-008	6.397209e-006	6.398282e-006	6.523777e-010
1.100080372942706e-008	-2.211871e-009	9.975055e-008	6.397889e-006	6.398961e-006	6.525280e-010
1.100156351004360e-008	-2.210555e-009	9.975860e-008	6.398569e-006	6.399640e-006	6.526784e-010
1.100232329066014e-008	-2.209241e-009	9.976665e-008	6.399248e-006	6.400320e-006	6.528287e-010
1.100308307127668e-008	-2.207928e-009	9.977470e-008	6.399928e-006	6.400998e-006	6.529791e-010
1.100384285189321e-008	-2.206616e-009	9.978274e-008	6.400607e-006	6.401677e-006	6.531294e-010
1.100460263250975e-008	-2.205305e-009	9.979077e-008	6.401287e-006	6.402356e-006	6.532797e-010
1.100536241312629e-008	-2.203996e-009	9.979880e-008	6.401966e-006	6.403034e-006	6.534299e-010
1.116036241312621e-008	-1.959861e-009	1.013530e-007	6.537818e-006	6.538750e-006	6.835916e-010
1.120307669884047e-008	-1.900172e-009	1.017524e-007	6.574313e-006	6.575207e-006	6.917349e-010
1.124579098455474e-008	-1.842703e-009	1.021409e-007	6.610422e-006	6.611278e-006	6.998109e-010
1.128850527026900e-008	-1.787456e-009	1.025184e-007	6.646146e-006	6.646963e-006	7.078197e-010
1.133121955598326e-008	-1.734429e-009	1.028852e-007	6.681483e-006	6.682261e-006	7.157612e-010
1.137393384169753e-008	-1.683624e-009	1.032410e-007	6.716434e-006	6.717173e-006	7.236354e-010
1.141664812741179e-008	-1.635039e-009	1.035859e-007	6.751000e-006	6.751699e-006	7.314424e-010
1.145936241312605e-008	-1.588676e-009	1.039199e-007	6.785179e-006	6.785838e-006	7.391822e-010
1.146036241312605e-008	-1.587601e-009	1.039277e-007	6.785975e-006	6.786633e-006	7.393626e-010
1.150307669884032e-008	-1.542814e-009	1.042516e-007	6.819773e-006	6.820391e-006	7.470371e-010
1.154579098455458e-008	-1.499354e-009	1.045662e-007	6.853210e-006	6.853788e-006	7.546486e-010
1.158850527026884e-008	-1.457222e-009	1.048714e-007	6.886286e-006	6.886823e-006	7.621971e-010
1.163121955598311e-008	-1.416416e-009	1.051673e-007	6.919002e-006	6.919497e-006	7.696825e-010
1.167393384169737e-008	-1.376938e-009	1.054538e-007	6.951356e-006	6.951810e-006	7.771050e-010
1.171664812741163e-008	-1.338787e-009	1.057310e-007	6.983349e-006	6.983762e-006	7.844644e-010
1.175936241312590e-008	-1.301963e-009	1.059988e-007	7.014981e-006	7.015352e-006	7.917608e-010
1.176036241312590e-008	-1.301109e-009	1.060049e-007	7.015718e-006	7.016088e-006	7.919309e-010
1.189836241312582e-008	-1.188247e-009	1.068116e-007	7.115544e-006	7.115779e-006	8.150812e-010
1.189936241312582e-008	-1.187463e-009	1.068171e-007	7.116254e-006	7.116488e-006	8.152466e-010
1.190036241312582e-008	-1.186680e-009	1.068226e-007	7.116964e-006	7.117197e-006	8.154120e-010
1.190064308745487e-008	-1.186460e-009	1.068242e-007	7.117164e-006	7.117396e-006	8.154584e-010
1.190074623684032e-008	-1.186380e-009	1.068248e-007	7.117237e-006	7.117470e-006	8.154755e-010
1.190082152940817e-008	-1.186321e-009	1.068252e-007	7.117290e-006	7.117523e-006	8.154880e-010
1.190090189795455e-008	-1.186258e-009	1.068256e-007	7.117348e-006	7.117580e-006	8.155012e-010
1.190091605938112e-008	-1.186247e-009	1.068257e-007	7.117358e-006	7.117590e-006	8.155036e-010
1.190363886231668e-008	-1.184118e-009	1.068407e-007	7.119290e-006	7.119519e-006	8.159537e-010
1.190636166525223e-008	-1.181992e-009	1.068557e-007	7.121221e-006	7.121448e-006	8.164035e-010
1.190908446818779e-008	-1.179870e-009	1.068706e-007	7.123150e-006	7.123375e-006	8.168531e-010
1.191180727112334e-008	-1.177751e-009	1.068855e-007	7.125079e-006	7.125300e-006	8.173025e-010
1.191453007405890e-008	-1.175635e-009	1.069003e-007	7.127006e-006	7.127225e-006	8.177516e-010
1.191725287699446e-008	-1.173523e-009	1.069152e-007	7.128931e-006	7.129148e-006	8.182004e-010
1.191997567993001e-008	-1.171414e-009	1.069300e-007	7.130856e-006	7.131069e-006	8.186490e-010
1.203097567992995e-008	-1.088122e-009	1.075050e-007	7.208149e-006	7.208251e-006	8.367272e-010
1.207368996564422e-008	-1.057491e-009	1.077116e-007	7.237292e-006	7.237352e-006	8.435745e-010
1.211640425135848e-008	-1.027414e-009	1.079108e-007	7.266118e-006	7.266135e-006	8.503617e-010
1.215911853707274e-008	-9.978927e-010	1.081024e-007	7.294626e-006	7.294599e-006	8.570890e-010
1.220183282278701e-008	-9.689259e-010	1.082865e-007	7.322817e-006	7.322746e-006	8.637562e-010
1.224454710850127e-008	-9.405137e-010	1.084631e-007	7.350689e-006	7.350575e-006	8.703633e-010
1.228726139421553e-008	-9.126563e-010	1.086322e-007	7.378244e-006	7.378086e-006	8.769105e-010
1.232997567992980e-008	-8.853536e-010	1.087938e-007	7.405481e-006	7.405279e-006	8.833976e-010
1.233097567992980e-008	-8.847049e-010	1.087975e-007	7.406115e-006	7.405912e-006	8.835488e-010
1.263097567992964e-008	-6.020579e-010	1.097092e-007	7.588883e-006	7.588368e-006	9.277575e-010
1.276997567992957e-008	-4.190353e-010	1.100126e-007	7.668673e-006	7.668012e-006	9.474855e-010
1.278526139421528e-008	-3.983257e-010	1.100421e-007	7.677264e-006	7.676586e-006	9.496226e-010
1.280054710850098e-008	-3.776569e-010	1.100709e-007	7.685819e-006	7.685126e-006	9.517528e-010
1.281583282278669e-008	-3.570291e-010	1.100990e-007	7.694339e-006	7.693629e-006	9.538760e-010
1.283111853707239e-008	-3.364423e-010	1.101265e-007	7.702823e-006	7.702097e-006	9.559923e-010
1.284640425135810e-008	-3.158964e-010	1.101532e-007	7.711271e-006	7.710530e-006	9.581017e-010
1.286168996564381e-008	-2.953914e-010	1.101792e-007	7.719685e-006	7.718927e-006	9.602042e-010
1.287697567992951e-008	-2.749274e-010	1.102045e-007	7.728062e-006	7.727288e-006	9.622998e-010
1.293097567992949e-008	-2.036184e-010	1.102885e-007	7.757377e-006	7.756546e-006	9.696448e-010
1.296568996564375e-008	-1.585072e-010	1.103380e-007	7.775990e-006	7.775122e-006	9.743196e-010
1.300040425135802e-008	-1.142879e-010	1.103842e-007	7.794427e-006	7.793523e-006	9.789555e-010
1.303511853707229e-008	-7.096045e-011	1.104269e-007	7.812690e-006	7.811749e-006	9.835526e-010
1.306983282278656e-008	-2.852479e-011	1.104662e-007	7.830778e-006	7.829800e-006	9.881109e-010
1.310454710850082e-008	1.301907e-011	1.105022e-007	7.848692e-006	7.847676e-006	9.926304e-010
1.313926139421509e-008	5.367110e-011	1.105347e-007	7.866430e-006	7.865377e-006	9.971111e-010
1.317397567992936e-008	9.343132e-011	1.105638e-007	7.883993e-006	7.882903e-006	1.001553e-009
1.323097567992933e-008	1.564992e-010	1.106044e-007	7.912467e-006	7.911317e-006	1.008760e-009
1.327368996564359e-008	-3.921911e-010	1.107936e-007	7.933502e-006	7.932306e-006	1.012178e-009
1.331640425135786e-008	-3.887620e-010	1.108164e-007	7.954289e-006	7.953047e-006	1.017269e-009
1.335911853707212e-008	1.667866e-010	1.106726e-007	7.974828e-006	7.973541e-006	1.024034e-009
1.340183282278638e-008	1.274455e-009	1.103622e-007	7.995120e-006	7.993788e-006	1.032471e-009
1.344454710850065e-008	2.934242e-009	1.098854e-007	8.015165e-006	8.013787e-006	1.042582e-009
1.348726139421491e-008	5.146149e-009	1.092420e-007	8.034962e-006	8.033539e-006	1.054365e-009
1.352997567992917e-008	7.910176e-009	1.084321e-007	8.054512e-006	8.053044e-006	1.067821e-009
1.353097567992917e-008	7.987643e-009	1.084115e-007	8.054967e-006	8.053497e-006	1.068188e-009
1.357368996564344e-008	1.160208e-008	1.075218e-007	8.074272e-006	8.072757e-006	1.085247e-009
1.361640425135770e-008	1.498475e-008	1.067663e-007	8.093345e-006	8.091784e-006	1.102043e-009
1.365911853707196e-008	1.813565e-008	1.061452e-007	8.112185e-006	8.110579e-006	1.118576e-009
1.370183282278623e-008	2.105478e-008	1.056583e-007	8.130792e-006	8.129141e-006	1.134847e-009
1.374454710850049e-008	2.374214e-008	1.053058e-007	8.149168e-006	8.147470e-006	1.150854e-009
1.378726139421475e-008	2.619773e-008	1.050875e-007	8.167311e-006	8.165568e-006	1.166599e-009
1.382997567992902e-008	2.842154e-008	1.050035e-007	8.185221e-006	8.183432e-006	1.182081e-009
1.383097567992902e-008	2.847023e-008	1.050017e-007	8.185638e-006	8.183848e-006	1.182431e-009
1.385205170342532e-008	2.946542e-008	1.049758e-007	8.194391e-006	8.192579e-006	1.189730e-009
1.387312772692163e-008	3.042302e-008	1.049599e-007	8.203091e-006	8.201257e-006	1.196934e-009
1.389420375041793e-008	3.134302e-008	1.049541e-007	8.211736e-006	8.209880e-006	1.204042e-009
1.391527977391424e-008	3.222543e-008	1.049583e-007	8.220328e-006	8.218449e-006	1.211055e-009
1.393635579741054e-008	3.307025e-008	1.049725e-007	8.228865e-006	8.226965e-006	1.217973e-009
1.395743182090685e-008	3.387747e-008	1.049968e-007	8.237349e-006	8.235426e-006	1.224796e-009
1.397850784440315e-008	3.464710e-008	1.050311e-007	8.245779e-006	8.243833e-006	1.231523e-009
1.399179355868886e-008	3.511980e-008	1.050536e-007	8.251066e-006	8.249106e-006	1.235723e-009
1.400507927297457e-008	3.558231e-008	1.050774e-007	8.256332e-006	8.254357e-006	1.239892e-009
1.401836498726027e-008	3.603460e-008	1.051025e-007	8.261576e-006	8.259588e-006	1.244029e-009
1.403165070154598e-008	3.647670e-008	1.051289e-007	8.266800e-006	8.264798e-006	1.248134e-009
1.404493641583169e-008	3.690859e-008	1.051565e-007	8.272003e-006	8.269986e-006	1.252208e-009
1.405822213011740e-008	3.733028e-008	1.051855e-007	8.277185e-006	8.275154e-006	1.256250e-009
1.407150784440310e-008	3.774177e-008	1.052157e-007	8.282345e-006	8.280301e-006	1.260261e-009
1.412650784440308e-008	3.935881e-008	1.053437e-007	8.303492e-006	8.301389e-006	1.276564e-009
1.442650784440292e-008	4.631216e-008	1.059206e-007	8.412756e-006	8.410339e-006	1.358173e-009
1.472650784440276e-008	5.138304e-008	1.060091e-007	8.512192e-006	8.509463e-006	1.430485e-009
1.502650784440282e-008	5.544705e-008	1.056165e-007	8.602387e-006	8.599352e-006	1.496205e-009
1.532650784440316e-008	5.888652e-008	1.048599e-007	8.683890e-006	8.680554e-006	1.556812e-009
1.562650784440350e-008	6.188783e-008	1.038376e-007	8.757217e-006	8.753587e-006	1.613103e-009
1.592650784440384e-008	6.455052e-008	1.026163e-007	8.822853e-006	8.818937e-006	1.665507e-009
1.599950784440392e-008	6.515430e-008	1.022943e-007	8.837713e-006	8.833728e-006	1.677700e-009
1.600150784440392e-008	6.517062e-008	1.022854e-007	8.838114e-006	8.834128e-006	1.678031e-009
1.601779355868965e-008	6.530302e-008	1.022122e-007	8.841369e-006	8.837367e-006	1.680720e-009
1.603407927297539e-008	6.543464e-008	1.021387e-007	8.844602e-006	8.840585e-006	1.683399e-009
1.605036498726112e-008	6.556549e-008	1.020648e-007	8.847816e-006	8.843783e-006	1.686068e-009
1.606665070154685e-008	6.569557e-008	1.019904e-007	8.851008e-006	8.846960e-006	1.688726e-009
1.608293641583258e-008	6.582487e-008	1.019157e-007	8.854179e-006	8.850117e-006	1.691373e-009
1.609922213011832e-008	6.595341e-008	1.018405e-007	8.857330e-006	8.853252e-006	1.694010e-009
1.611550784440405e-008	6.608118e-008	1.017649e-007	8.860460e-006	8.856367e-006	1.696636e-009
1.622650784440418e-008	6.693234e-008	1.012393e-007	8.881252e-006	8.877058e-006	1.714259e-009
1.650000000000000e-008	6.888999e-008	9.987289e-008	8.928547e-006	8.924107e-006	1.755636e-009
1.651116978753193e-008	6.896592e-008	9.981509e-008	8.930363e-006	8.925912e-006	1.757264e-009
1.681116978753227e-008	7.089479e-008	9.820992e-008	8.975863e-006	8.971151e-006	1.799245e-009
1.689916978753237e-008	7.142170e-008	9.772108e-008	8.988047e-006	8.983259e-006	1.810918e-009
1.690016978753237e-008	7.142759e-008	9.771549e-008	8.988182e-006	8.983394e-006	1.811049e-009
1.690216978753237e-008	7.143937e-008	9.770428e-008	8.988452e-006	8.983663e-006	1.811311e-009
1.691502693038953e-008	7.151484e-008	9.763218e-008	8.990187e-006	8.985387e-006	1.812991e-009
1.692788407324669e-008	7.158997e-008	9.755992e-008	8.991911e-006	8.987100e-006	1.814665e-009
1.694074121610385e-008	7.166474e-008	9.748751e-008	8.993624e-006	8.988802e-006	1.816333e-009
1.695359835896100e-008	7.173916e-008	9.741494e-008	8.995326e-006	8.990493e-006	1.817994e-009
1.696645550181816e-008	7.181323e-008	9.734220e-008	8.997017e-006	8.992173e-006	1.819650e-009
1.697931264467532e-008	7.188695e-008	9.726931e-008	8.998697e-006	8.993842e-006	1.821299e-009
1.699216978753247e-008	7.196031e-008	9.719626e-008	9.000367e-006	8.995501e-006	1.822942e-009
1.711116978753261e-008	7.262302e-008	9.651297e-008	9.015315e-006	9.010351e-006	1.837863e-009
1.741116978753295e-008	7.416700e-008	9.473666e-008	9.049073e-006	9.043869e-006	1.873182e-009
1.771116978753329e-008	7.553744e-008	9.289233e-008	9.077474e-006	9.072040e-006	1.905257e-009
1.771959835896187e-008	7.557353e-008	9.283963e-008	9.078197e-006	9.072758e-006	1.906111e-009
1.772802693039045e-008	7.560949e-008	9.278688e-008	9.078917e-006	9.073472e-006	1.906963e-009
1.773645550181903e-008	7.564533e-008	9.273408e-008	9.079633e-006	9.074181e-006	1.907813e-009
1.774488407324762e-008	7.568103e-008	9.268124e-008	9.080345e-006	9.074887e-006	1.908660e-009
1.775331264467619e-008	7.571661e-008	9.262835e-008	9.081053e-006	9.075588e-006	1.909505e-009
1.776174121610478e-008	7.575206e-008	9.257542e-008	9.081757e-006	9.076286e-006	1.910347e-009
1.777016978753336e-008	7.578738e-008	9.252243e-008	9.082457e-006	9.076979e-006	1.911187e-009
1.778231264467623e-008	7.583804e-008	9.244603e-008	9.083458e-006	9.077972e-006	1.912392e-009
1.779445550181910e-008	7.588845e-008	9.236953e-008	9.084452e-006	9.078956e-006	1.913592e-009
1.780659835896197e-008	7.593859e-008	9.229295e-008	9.085437e-006	9.079933e-006	1.914787e-009
1.781874121610484e-008	7.598847e-008	9.221626e-008	9.086414e-006	9.080901e-006	1.915977e-009
1.783088407324771e-008	7.603810e-008	9.213949e-008	9.087383e-006	9.081861e-006	1.917162e-009
1.784302693039058e-008	7.608746e-008	9.206262e-008	9.088344e-006	9.082813e-006	1.918341e-009
1.785516978753345e-008	7.613657e-008	9.198566e-008	9.089297e-006	9.083758e-006	1.919515e-009
1.786202693039060e-008	7.616419e-008	9.194216e-008	9.089832e-006	9.084287e-006	1.920176e-009
1.786888407324776e-008	7.619177e-008	9.189861e-008	9.090364e-006	9.084814e-006	1.920835e-009
1.787574121610491e-008	7.621933e-008	9.185502e-008	9.090893e-006	9.085338e-006	1.921493e-009
1.788259835896205e-008	7.624686e-008	9.181138e-008	9.091419e-006	9.085860e-006	1.922149e-009
1.788945550181921e-008	7.627436e-008	9.176770e-008	9.091943e-006	9.086379e-006	1.922804e-009
1.789631264467636e-008	7.630182e-008	9.172397e-008	9.092464e-006	9.086896e-006	1.923457e-009
1.790316978753351e-008	7.632926e-008	9.168020e-008	9.092983e-006	9.087411e-006	1.924109e-009
1.791845550181924e-008	7.639031e-008	9.158243e-008	9.094129e-006	9.088548e-006	1.925556e-009
1.793374121610497e-008	7.645184e-008	9.148426e-008	9.095261e-006	9.089673e-006	1.926998e-009
1.794902693039070e-008	7.651384e-008	9.138569e-008	9.096381e-006	9.090786e-006	1.928435e-009
1.796431264467643e-008	7.657632e-008	9.128673e-008	9.097488e-006	9.091886e-006	1.929866e-009
1.797959835896216e-008	7.663928e-008	9.118737e-008	9.098581e-006	9.092974e-006	1.931291e-009
1.799488407324790e-008	7.670271e-008	9.108762e-008	9.099662e-006	9.094049e-006	1.932712e-009
1.801016978753363e-008	7.676663e-008	9.098746e-008	9.100729e-006	9.095113e-006	1.934126e-009
1.801116978753363e-008	7.677084e-008	9.098089e-008	9.100798e-006	9.095182e-006	1.934219e-009
1.803516978753366e-008	7.687360e-008	9.082241e-008	9.102445e-006	9.096824e-006	1.936433e-009
1.805916978753368e-008	7.697683e-008	9.066344e-008	9.104062e-006	9.098437e-006	1.938633e-009
1.808316978753371e-008	7.708052e-008	9.050399e-008	9.105648e-006	9.100020e-006	1.940820e-009
1.810716978753374e-008	7.718468e-008	9.034405e-008	9.107205e-006	9.101574e-006	1.942992e-009
1.813116978753377e-008	7.728930e-008	9.018362e-008	9.108730e-006	9.103097e-006	1.945150e-009
1.815516978753379e-008	7.739438e-008	9.002271e-008	9.110225e-006	9.104591e-006	1.947295e-009
1.817916978753382e-008	7.749993e-008	8.986130e-008	9.111690e-006	9.106056e-006	1.949426e-009
1.831116978753397e-008	7.805055e-008	8.897806e-008	9.119229e-006	9.113591e-006	1.960790e-009
1.861116978753431e-008	7.907493e-008	8.699084e-008	9.133179e-006	9.127549e-006	1.984163e-009
1.890816978753465e-008	7.982273e-008	8.501132e-008	9.142828e-006	9.137224e-006	2.003914e-009
1.891116978753465e-008	7.982929e-008	8.499112e-008	9.142906e-006	9.137301e-006	2.004097e-009
1.892574121610610e-008	7.986093e-008	8.489299e-008	9.143275e-006	9.137673e-006	2.004982e-009
1.894031264467754e-008	7.989220e-008	8.479477e-008	9.143636e-006	9.138036e-006	2.005860e-009
1.895488407324899e-008	7.992310e-008	8.469644e-008	9.143988e-006	9.138390e-006	2.006730e-009
1.896945550182043e-008	7.995364e-008	8.459801e-008	9.144331e-006	9.138735e-006	2.007593e-009
1.898402693039188e-008	7.998381e-008	8.449947e-008	9.144666e-006	9.139072e-006	2.008448e-009
1.899859835896332e-008	8.001361e-008	8.440084e-008	9.144991e-006	9.139399e-006	2.009296e-009
1.901316978753477e-008	8.004305e-008	8.430211e-008	9.145308e-006	9.139718e-006	2.010137e-009
1.921116978753499e-008	8.041200e-008	8.295076e-008	9.148706e-006	9.143149e-006	2.020858e-009
1.940750000000001e-008	8.072794e-008	8.159416e-008	9.150464e-006	9.144948e-006	2.030232e-009
1.950549999999968e-008	8.086931e-008	8.091172e-008	9.150765e-006	9.145272e-006	2.034459e-009
1.980550000000002e-008	8.124021e-008	7.880585e-008	9.149394e-006	9.143985e-006	2.045587e-009
2.010550000000036e-008	8.152283e-008	7.668225e-008	9.144730e-006	9.139423e-006	2.054074e-009
2.040550000000070e-008	8.172067e-008	7.454850e-008	9.136973e-006	9.131782e-006	2.060011e-009
2.070550000000104e-008	8.183650e-008	7.241013e-008	9.126310e-006	9.121250e-006	2.063487e-009
2.100550000000138e-008	8.187348e-008	7.027142e-008	9.112919e-006	9.108003e-006	2.064585e-009
2.130550000000172e-008	8.183521e-008	6.813594e-008	9.096964e-006	9.092206e-006	2.063391e-009
2.149850000000194e-008	8.178730e-008	6.676081e-008	9.085421e-006	9.080770e-006	2.061496e-009
2.149950000000194e-008	8.178710e-008	6.675366e-008	9.085359e-006	9.080708e-006	2.061484e-009
2.150050000000194e-008	8.178689e-008	6.674652e-008	9.085296e-006	9.080646e-006	2.061473e-009
2.150150000000195e-008	8.178669e-008	6.673936e-008	9.085234e-006	9.080584e-006	2.061461e-009
2.150407142857338e-008	8.178617e-008	6.672098e-008	9.085073e-006	9.080425e-006	2.061430e-009
2.150664285714481e-008	8.178566e-008	6.670259e-008	9.084913e-006	9.080266e-006	2.061400e-009
2.150921428571624e-008	8.178514e-008	6.668420e-008	9.084752e-006	9.080107e-006	2.061369e-009
2.151178571428767e-008	8.178464e-008	6.666581e-008	9.084591e-006	9.079947e-006	2.061338e-009
2.151435714285910e-008	8.178413e-008	6.664742e-008	9.084430e-006	9.079787e-006	2.061307e-009
2.151692857143053e-008	8.178363e-008	6.662903e-008	9.084268e-006	9.079627e-006	2.061276e-009
2.151950000000197e-008	8.178313e-008	6.661063e-008	9.084107e-006	9.079467e-006	2.061245e-009
2.160550000000206e-008	8.176783e-008	6.599512e-008	9.078615e-006	9.074024e-006	2.060127e-009
2.164750000000211e-008	8.176140e-008	6.569435e-008	9.075868e-006	9.071302e-006	2.059530e-009
2.168950000000216e-008	8.175398e-008	6.539404e-008	9.073080e-006	9.068538e-006	2.058895e-009
2.173150000000221e-008	8.174556e-008	6.509419e-008	9.070250e-006	9.065733e-006	2.058223e-009
2.177350000000225e-008	8.173615e-008	6.479481e-008	9.067378e-006	9.062887e-006	2.057514e-009
2.181550000000230e-008	8.172575e-008	6.449589e-008	9.064465e-006	9.059999e-006	2.056767e-009
2.185750000000235e-008	8.171435e-008	6.419743e-008	9.061511e-006	9.057071e-006	2.055983e-009
2.189950000000240e-008	8.170196e-008	6.389943e-008	9.058515e-006	9.054101e-006	2.055161e-009
2.190150000000240e-008	8.170131e-008	6.388526e-008	9.058372e-006	9.053959e-006	2.055121e-009
2.190550000000240e-008	8.169998e-008	6.385693e-008	9.058084e-006	9.053673e-006	2.055040e-009
2.194821428571674e-008	8.168492e-008	6.355476e-008	9.054991e-006	9.050606e-006	2.054158e-009
2.199092857143107e-008	8.166801e-008	6.325316e-008	9.051856e-006	9.047498e-006	2.053235e-009
2.203364285714541e-008	8.164925e-008	6.295213e-008	9.048681e-006	9.044350e-006	2.052271e-009
2.207635714285974e-008	8.162864e-008	6.265166e-008	9.045466e-006	9.041161e-006	2.051267e-009
2.211907142857408e-008	8.160618e-008	6.235177e-008	9.042209e-006	9.037931e-006	2.050222e-009
2.216178571428841e-008	8.158186e-008	6.205244e-008	9.038913e-006	9.034662e-006	2.049136e-009
2.220450000000274e-008	8.155570e-008	6.175367e-008	9.035575e-006	9.031352e-006	2.048010e-009
2.220550000000274e-008	8.155506e-008	6.174668e-008	9.035496e-006	9.031274e-006	2.047983e-009
2.240000038813254e-008	8.167493e-008	6.030232e-008	9.019804e-006	9.015708e-006	2.043086e-009
2.247858983935951e-008	8.324417e-008	5.924599e-008	9.013237e-006	9.009194e-006	2.045502e-009
2.277858983935985e-008	9.294545e-008	5.524725e-008	8.987026e-006	8.983189e-006	2.072460e-009
2.281873269650275e-008	9.378536e-008	5.496437e-008	8.983385e-006	8.979576e-006	2.075391e-009
2.285887555364565e-008	9.455735e-008	5.469920e-008	8.979713e-006	8.975932e-006	2.078126e-009
2.289901841078855e-008	9.526141e-008	5.445173e-008	8.976012e-006	8.972259e-006	2.080665e-009
2.293916126793146e-008	9.589756e-008	5.422196e-008	8.972280e-006	8.968555e-006	2.083009e-009
2.297930412507436e-008	9.646579e-008	5.400989e-008	8.968519e-006	8.964822e-006	2.085157e-009
2.301944698221726e-008	9.696609e-008	5.381553e-008	8.964727e-006	8.961060e-006	2.087110e-009
2.305958983936017e-008	9.739848e-008	5.363886e-008	8.960906e-006	8.957267e-006	2.088867e-009
2.307858983936019e-008	9.759838e-008	5.355119e-008	8.959087e-006	8.955461e-006	2.089660e-009
2.326658983936040e-008	9.916961e-008	5.269517e-008	8.940746e-006	8.937258e-006	2.095841e-009
2.326758983936040e-008	9.917635e-008	5.269055e-008	8.940647e-006	8.937159e-006	2.095867e-009
2.326787051368946e-008	9.917824e-008	5.268926e-008	8.940619e-006	8.937131e-006	2.095874e-009
2.326810270646572e-008	9.917981e-008	5.268818e-008	8.940596e-006	8.937109e-006	2.095880e-009
2.326875960692286e-008	9.918422e-008	5.268515e-008	8.940531e-006	8.937044e-006	2.095897e-009
2.327042815002554e-008	9.919541e-008	5.267744e-008	8.940366e-006	8.936880e-006	2.095939e-009
2.327242815002554e-008	9.920876e-008	5.266820e-008	8.940166e-006	8.936682e-006	2.095990e-009
2.327442815002554e-008	9.922206e-008	5.265895e-008	8.939968e-006	8.936486e-006	2.096040e-009
2.327642815002554e-008	9.923531e-008	5.264969e-008	8.939770e-006	8.936288e-006	2.096090e-009
2.327842815002555e-008	9.924850e-008	5.264043e-008	8.939572e-006	8.936092e-006	2.096140e-009
2.328042815002555e-008	9.926164e-008	5.263117e-008	8.939374e-006	8.935895e-006	2.096190e-009
2.328242815002555e-008	9.927472e-008	5.262189e-008	8.939176e-006	8.935699e-006	2.096239e-009
2.328442815002555e-008	9.928775e-008	5.261261e-008	8.938979e-006	8.935504e-006	2.096288e-009
2.328642815002555e-008	9.930072e-008	5.260333e-008	8.938781e-006	8.935308e-006	2.096337e-009
2.328842815002556e-008	9.931364e-008	5.259403e-008	8.938585e-006	8.935112e-006	2.096385e-009
2.329142815002556e-008	9.933290e-008	5.258008e-008	8.938291e-006	8.934820e-006	2.096457e-009
2.329442815002556e-008	9.935206e-008	5.256613e-008	8.937998e-006	8.934530e-006	2.096529e-009
2.329742815002557e-008	9.937109e-008	5.255215e-008	8.937707e-006	8.934241e-006	2.096600e-009
2.330042815002557e-008	9.939000e-008	5.253816e-008	8.937417e-006	8.933954e-006	2.096670e-009
2.330614243573986e-008	9.942569e-008	5.251148e-008	8.936868e-006	8.933409e-006	2.096802e-009
2.331185672145415e-008	9.946096e-008	5.248475e-008	8.936329e-006	8.932874e-006	2.096933e-009
2.331757100716845e-008	9.949583e-008	5.245799e-008	8.935800e-006	8.932349e-006	2.097061e-009
2.332328529288274e-008	9.953027e-008	5.243119e-008	8.935281e-006	8.931834e-006	2.097187e-009
2.332899957859703e-008	9.956431e-008	5.240435e-008	8.934772e-006	8.931329e-006	2.097311e-009
2.333471386431132e-008	9.959793e-008	5.237748e-008	8.934273e-006	8.930835e-006	2.097433e-009
2.334042815002562e-008	9.963114e-008	5.235056e-008	8.933785e-006	8.930350e-006	2.097553e-009
2.334514243573991e-008	9.965824e-008	5.232834e-008	8.933393e-006	8.929962e-006	2.097650e-009
2.334985672145420e-008	9.968508e-008	5.230611e-008	8.933012e-006	8.929585e-006	2.097746e-009
2.335457100716849e-008	9.971166e-008	5.228387e-008	8.932642e-006	8.929218e-006	2.097841e-009
2.335928529288278e-008	9.973797e-008	5.226162e-008	8.932282e-006	8.928862e-006	2.097935e-009
2.336399957859707e-008	9.976402e-008	5.223936e-008	8.931933e-006	8.928516e-006	2.098027e-009
2.336871386431136e-008	9.978981e-008	5.221709e-008	8.931594e-006	8.928181e-006	2.098118e-009
2.337342815002565e-008	9.981532e-008	5.219481e-008	8.931266e-006	8.927856e-006	2.098208e-009
2.337442815002565e-008	9.982071e-008	5.219009e-008	8.931198e-006	8.927789e-006	2.098227e-009
2.338242815002566e-008	9.986333e-008	5.215227e-008	8.930674e-006	8.927271e-006	2.098376e-009
2.339042815002567e-008	9.990524e-008	5.211450e-008	8.930185e-006	8.926789e-006	2.098522e-009
2.339842815002568e-008	9.994644e-008	5.207679e-008	8.929732e-006	8.926342e-006	2.098664e-009
2.340642815002569e-008	9.998693e-008	5.203913e-008	8.929315e-006	8.925931e-006	2.098804e-009
2.341442815002570e-008	1.000267e-007	5.200152e-008	8.928933e-006	8.925556e-006	2.098940e-009
2.342242815002571e-008	1.000658e-007	5.196397e-008	8.928588e-006	8.925216e-006	2.099073e-009
2.343042815002572e-008	1.001041e-007	5.192647e-008	8.928278e-006	8.924912e-006	2.099203e-009
2.344142815002573e-008	1.001558e-007	5.187507e-008	8.927917e-006	8.924561e-006	2.099377e-009
2.345242815002574e-008	1.002062e-007	5.182395e-008	8.927609e-006	8.924262e-006	2.099546e-009
2.346342815002576e-008	1.002554e-007	5.177310e-008	8.927352e-006	8.924014e-006	2.099710e-009
2.347442815002577e-008	1.003034e-007	5.172252e-008	8.927147e-006	8.923818e-006	2.099869e-009
2.348542815002578e-008	1.003502e-007	5.167222e-008	8.926994e-006	8.923673e-006	2.100024e-009
2.349642815002579e-008	1.003958e-007	5.162220e-008	8.926893e-006	8.923580e-006	2.100174e-009
2.350742815002581e-008	1.004401e-007	5.157245e-008	8.926843e-006	8.923538e-006	2.100319e-009
2.351842815002582e-008	1.004834e-007	5.152307e-008	8.926827e-006	8.923531e-006	2.100459e-009
2.352942815002583e-008	1.005256e-007	5.147401e-008	8.926829e-006	8.923542e-006	2.100596e-009
2.354042815002584e-008	1.005668e-007	5.142526e-008	8.926850e-006	8.923572e-006	2.100729e-009
2.355142815002586e-008	1.006070e-007	5.137683e-008	8.926889e-006	8.923620e-006	2.100858e-009
2.356242815002587e-008	1.006462e-007	5.132872e-008	8.926946e-006	8.923686e-006	2.100983e-009
2.357342815002588e-008	1.006843e-007	5.128092e-008	8.927021e-006	8.923771e-006	2.101104e-009
2.358442815002589e-008	1.007214e-007	5.123343e-008	8.927115e-006	8.923874e-006	2.101221e-009
2.359057100716876e-008	1.007417e-007	5.120703e-008	8.927166e-006	8.923929e-006	2.101284e-009
2.359671386431162e-008	1.007618e-007	5.118071e-008	8.927215e-006	8.923983e-006	2.101347e-009
2.360285672145448e-008	1.007815e-007	5.115447e-008	8.927265e-006	8.924037e-006	2.101408e-009
2.360899957859735e-008	1.008010e-007	5.112831e-008	8.927313e-006	8.924091e-006	2.101469e-009
2.361514243574021e-008	1.008203e-007	5.110223e-008	8.927361e-006	8.924144e-006	2.101528e-009
2.362128529288308e-008	1.008392e-007	5.107622e-008	8.927409e-006	8.924197e-006	2.101586e-009
2.362742815002594e-008	1.008579e-007	5.105029e-008	8.927456e-006	8.924249e-006	2.101643e-009
2.363157100716880e-008	1.008704e-007	5.103284e-008	8.927487e-006	8.924283e-006	2.101680e-009
2.363571386431166e-008	1.008827e-007	5.101542e-008	8.927517e-006	8.924316e-006	2.101717e-009
2.363985672145453e-008	1.008949e-007	5.099802e-008	8.927545e-006	8.924347e-006	2.101754e-009
2.364399957859739e-008	1.009070e-007	5.098065e-008	8.927571e-006	8.924377e-006	2.101790e-009
2.364814243574025e-008	1.009190e-007	5.096331e-008	8.927597e-006	8.924406e-006	2.101826e-009
2.365228529288311e-008	1.009309e-007	5.094600e-008	8.927621e-006	8.924434e-006	2.101861e-009
2.365642815002597e-008	1.009427e-007	5.092871e-008	8.927644e-006	8.924460e-006	2.101896e-009
2.365885672145455e-008	1.009496e-007	5.091859e-008	8.927656e-006	8.924475e-006	2.101916e-009
2.366128529288312e-008	1.009564e-007	5.090847e-008	8.927668e-006	8.924489e-006	2.101935e-009
2.366371386431170e-008	1.009632e-007	5.089836e-008	8.927680e-006	8.924502e-006	2.101955e-009
2.366614243574027e-008	1.009699e-007	5.088826e-008	8.927691e-006	8.924515e-006	2.101975e-009
2.366857100716884e-008	1.009766e-007	5.087817e-008	8.927701e-006	8.924527e-006	2.101994e-009
2.367099957859742e-008	1.009833e-007	5.086808e-008	8.927711e-006	8.924539e-006	2.102013e-009
2.367342815002599e-008	1.009899e-007	5.085800e-008	8.927720e-006	8.924550e-006	2.102032e-009
2.367442815002599e-008	1.009926e-007	5.085385e-008	8.927724e-006	8.924554e-006	2.102040e-009
2.367828529288314e-008	1.010031e-007	5.083786e-008	8.927737e-006	8.924570e-006	2.102070e-009
2.368214243574029e-008	1.010134e-007	5.082189e-008	8.927748e-006	8.924584e-006	2.102099e-009
2.368599957859744e-008	1.010237e-007	5.080593e-008	8.927757e-006	8.924597e-006	2.102128e-009
2.368985672145458e-008	1.010339e-007	5.078998e-008	8.927764e-006	8.924607e-006	2.102156e-009
2.369371386431173e-008	1.010439e-007	5.077405e-008	8.927770e-006	8.924616e-006	2.102184e-009
2.369757100716888e-008	1.010539e-007	5.075813e-008	8.927774e-006	8.924623e-006	2.102211e-009
2.370142815002603e-008	1.010639e-007	5.074222e-008	8.927776e-006	8.924629e-006	2.102238e-009
2.370242815002603e-008	1.010664e-007	5.073810e-008	8.927776e-006	8.924630e-006	2.102245e-009
2.370342815002603e-008	1.010690e-007	5.073398e-008	8.927776e-006	8.924630e-006	2.102252e-009
2.370542815002603e-008	1.010741e-007	5.072573e-008	8.927776e-006	8.924631e-006	2.102266e-009
2.370771386431175e-008	1.010798e-007	5.071632e-008	8.927775e-006	8.924632e-006	2.102281e-009
2.370999957859746e-008	1.010856e-007	5.070691e-008	8.927773e-006	8.924632e-006	2.102297e-009
2.371228529288318e-008	1.010913e-007	5.069750e-008	8.927770e-006	8.924631e-006	2.102312e-009
2.371457100716890e-008	1.010970e-007	5.068809e-008	8.927766e-006	8.924629e-006	2.102327e-009
2.371685672145461e-008	1.011027e-007	5.067869e-008	8.927762e-006	8.924626e-006	2.102342e-009
2.371914243574033e-008	1.011084e-007	5.066929e-008	8.927756e-006	8.924623e-006	2.102356e-009
2.372142815002605e-008	1.011140e-007	5.065989e-008	8.927749e-006	8.924618e-006	2.102371e-009
2.372214243574034e-008	1.011157e-007	5.065695e-008	8.927747e-006	8.924616e-006	2.102375e-009
2.372285672145462e-008	1.011175e-007	5.065401e-008	8.927744e-006	8.924614e-006	2.102380e-009
2.372357100716891e-008	1.011192e-007	5.065108e-008	8.927741e-006	8.924612e-006	2.102384e-009
2.372428529288319e-008	1.011210e-007	5.064814e-008	8.927739e-006	8.924610e-006	2.102389e-009
2.372499957859748e-008	1.011227e-007	5.064520e-008	8.927736e-006	8.924608e-006	2.102393e-009
2.372571386431177e-008	1.011244e-007	5.064227e-008	8.927733e-006	8.924606e-006	2.102398e-009
2.372642815002605e-008	1.011262e-007	5.063933e-008	8.927730e-006	8.924603e-006	2.102402e-009
2.372781188519628e-008	1.011295e-007	5.063365e-008	8.927724e-006	8.924598e-006	2.102411e-009
2.372793017077757e-008	1.011298e-007	5.063316e-008	8.927723e-006	8.924598e-006	2.102412e-009
2.372804741066010e-008	1.011301e-007	5.063268e-008	8.927723e-006	8.924597e-006	2.102412e-009
2.372806282882507e-008	1.011301e-007	5.063261e-008	8.927723e-006	8.924597e-006	2.102412e-009
2.372806888126210e-008	1.011301e-007	5.063259e-008	8.927723e-006	8.924597e-006	2.102412e-009
2.372807371914605e-008	1.011301e-007	5.063257e-008	8.927723e-006	8.924597e-006	2.102412e-009
2.372808008706101e-008	1.011302e-007	5.063254e-008	8.927723e-006	8.924597e-006	2.102412e-009
2.372808728223688e-008	1.011302e-007	5.063252e-008	8.927723e-006	8.924597e-006	2.102413e-009
2.372809441437722e-008	1.011302e-007	5.063249e-008	8.927723e-006	8.924597e-006	2.102413e-009
2.372810130515542e-008	1.011302e-007	5.063246e-008	8.927723e-006	8.924597e-006	2.102413e-009
2.372810814497496e-008	1.011302e-007	5.063243e-008	8.927723e-006	8.924597e-006	2.102413e-009
2.372811501214578e-008	1.011302e-007	5.063240e-008	8.927722e-006	8.924597e-006	2.102413e-009
2.372812191158543e-008	1.011303e-007	5.063237e-008	8.927722e-006	8.924597e-006	2.102413e-009
2.372812880638649e-008	1.011303e-007	5.063234e-008	8.927722e-006	8.924597e-006	2.102413e-009
2.372813569956980e-008	1.011303e-007	5.063232e-008	8.927722e-006	8.924597e-006	2.102413e-009
2.372814338766033e-008	1.011303e-007	5.063228e-008	8.927722e-006	8.924597e-006	2.102413e-009
2.372815222605196e-008	1.011303e-007	5.063225e-008	8.927722e-006	8.924597e-006	2.102413e-009
2.372816251287906e-008	1.011304e-007	5.063221e-008	8.927722e-006	8.924597e-006	2.102413e-009
2.372818904831068e-008	1.011304e-007	5.063210e-008	8.927722e-006	8.924596e-006	2.102413e-009
2.372824298678489e-008	1.011306e-007	5.063187e-008	8.927722e-006	8.924596e-006	2.102414e-009
2.372829692525909e-008	1.011307e-007	5.063165e-008	8.927721e-006	8.924596e-006	2.102414e-009
2.372835086373331e-008	1.011308e-007	5.063143e-008	8.927721e-006	8.924596e-006	2.102414e-009
2.372840480220751e-008	1.011310e-007	5.063121e-008	8.927721e-006	8.924596e-006	2.102415e-009
2.372845874068172e-008	1.011311e-007	5.063099e-008	8.927721e-006	8.924596e-006	2.102415e-009
2.372851267915593e-008	1.011312e-007	5.063077e-008	8.927720e-006	8.924595e-006	2.102415e-009
2.372856661763014e-008	1.011313e-007	5.063055e-008	8.927720e-006	8.924595e-006	2.102416e-009
2.373228399774192e-008	1.011403e-007	5.061528e-008	8.927700e-006	8.924578e-006	2.102438e-009
2.373600137785371e-008	1.011491e-007	5.060000e-008	8.927677e-006	8.924558e-006	2.102460e-009
2.373971875796549e-008	1.011579e-007	5.058473e-008	8.927651e-006	8.924534e-006	2.102482e-009
2.374343613807727e-008	1.011667e-007	5.056946e-008	8.927621e-006	8.924507e-006	2.102503e-009
2.374715351818905e-008	1.011753e-007	5.055419e-008	8.927588e-006	8.924477e-006	2.102524e-009
2.375087089830083e-008	1.011839e-007	5.053892e-008	8.927551e-006	8.924444e-006	2.102545e-009
2.375458827841262e-008	1.011924e-007	5.052365e-008	8.927511e-006	8.924407e-006	2.102565e-009
2.377101684984121e-008	1.012292e-007	5.045623e-008	8.927292e-006	8.924202e-006	2.102648e-009
2.378744542126980e-008	1.012649e-007	5.038855e-008	8.927020e-006	8.923942e-006	2.102723e-009
2.380387399269839e-008	1.012995e-007	5.032060e-008	8.926692e-006	8.923628e-006	2.102790e-009
2.382030256412698e-008	1.013329e-007	5.025238e-008	8.926311e-006	8.923260e-006	2.102848e-009
2.383673113555557e-008	1.013653e-007	5.018389e-008	8.925876e-006	8.922837e-006	2.102897e-009
2.385315970698416e-008	1.013965e-007	5.011513e-008	8.925386e-006	8.922361e-006	2.102938e-009
2.386958827841275e-008	1.014266e-007	5.004610e-008	8.924841e-006	8.921829e-006	2.102970e-009
2.388073113555562e-008	1.014465e-007	4.999898e-008	8.924448e-006	8.921444e-006	2.102987e-009
2.389187399269849e-008	1.014661e-007	4.995164e-008	8.924034e-006	8.921039e-006	2.102999e-009
2.390301684984136e-008	1.014852e-007	4.990409e-008	8.923600e-006	8.920615e-006	2.103008e-009
2.391415970698423e-008	1.015039e-007	4.985631e-008	8.923147e-006	8.920170e-006	2.103013e-009
2.392530256412710e-008	1.015221e-007	4.980831e-008	8.922674e-006	8.919706e-006	2.103013e-009
2.393644542126997e-008	1.015400e-007	4.976010e-008	8.922181e-006	8.919222e-006	2.103010e-009
2.394758827841284e-008	1.015574e-007	4.971166e-008	8.921668e-006	8.918718e-006	2.103002e-009
2.394858827841284e-008	1.015590e-007	4.970730e-008	8.921621e-006	8.918672e-006	2.103002e-009
2.398058827841287e-008	1.016067e-007	4.956677e-008	8.920027e-006	8.917104e-006	2.102956e-009
2.401258827841291e-008	1.016516e-007	4.942412e-008	8.918318e-006	8.915419e-006	2.102878e-009
2.404458827841295e-008	1.016937e-007	4.927936e-008	8.916491e-006	8.913618e-006	2.102767e-009
2.407658827841298e-008	1.017330e-007	4.913249e-008	8.914549e-006	8.911701e-006	2.102622e-009
2.410858827841302e-008	1.017695e-007	4.898351e-008	8.912490e-006	8.909667e-006	2.102445e-009
2.414058827841306e-008	1.018032e-007	4.883241e-008	8.910315e-006	8.907517e-006	2.102234e-009
2.417258827841309e-008	1.018341e-007	4.867920e-008	8.908023e-006	8.905251e-006	2.101990e-009
2.424858827841318e-008	1.018978e-007	4.830737e-008	8.902273e-006	8.899562e-006	2.101282e-009
2.429471869903392e-008	1.019297e-007	4.807646e-008	8.898564e-006	8.895890e-006	2.100765e-009
2.429485118982319e-008	1.019298e-007	4.807579e-008	8.898553e-006	8.895879e-006	2.100763e-009
2.429488193524107e-008	1.019298e-007	4.807564e-008	8.898552e-006	8.895877e-006	2.100763e-009
2.429489612747415e-008	1.019298e-007	4.807557e-008	8.898551e-006	8.895876e-006	2.100763e-009
2.429490111899924e-008	1.019298e-007	4.807554e-008	8.898551e-006	8.895876e-006	2.100762e-009
2.429491110204942e-008	1.019298e-007	4.807549e-008	8.898551e-006	8.895876e-006	2.100762e-009
2.429491341868630e-008	1.019298e-007	4.807548e-008	8.898551e-006	8.895876e-006	2.100762e-009
2.429491538121633e-008	1.019298e-007	4.807547e-008	8.898551e-006	8.895876e-006	2.100762e-009
2.429526256949935e-008	1.019300e-007	4.807372e-008	8.898511e-006	8.895836e-006	2.100758e-009
2.429560975778237e-008	1.019303e-007	4.807196e-008	8.898471e-006	8.895796e-006	2.100754e-009
2.429595694606539e-008	1.019305e-007	4.807021e-008	8.898429e-006	8.895754e-006	2.100750e-009
2.429630413434841e-008	1.019307e-007	4.806845e-008	8.898387e-006	8.895712e-006	2.100746e-009
2.429665132263143e-008	1.019309e-007	4.806670e-008	8.898343e-006	8.895669e-006	2.100742e-009
2.429699851091445e-008	1.019311e-007	4.806494e-008	8.898298e-006	8.895624e-006	2.100737e-009
2.429734569919747e-008	1.019313e-007	4.806319e-008	8.898252e-006	8.895579e-006	2.100733e-009
2.429834569919747e-008	1.019320e-007	4.805813e-008	8.898168e-006	8.895496e-006	2.100721e-009
2.429934569919747e-008	1.019326e-007	4.805307e-008	8.898132e-006	8.895461e-006	2.100709e-009
2.430034569919747e-008	1.019332e-007	4.804802e-008	8.898157e-006	8.895486e-006	2.100697e-009
2.430134569919747e-008	1.019338e-007	4.804298e-008	8.898251e-006	8.895580e-006	2.100685e-009
2.430234569919747e-008	1.019344e-007	4.803796e-008	8.898426e-006	8.895758e-006	2.100673e-009
2.430334569919748e-008	1.019350e-007	4.803296e-008	8.898698e-006	8.896031e-006	2.100661e-009
2.430434569919748e-008	1.019356e-007	4.802800e-008	8.899080e-006	8.896414e-006	2.100649e-009
2.430534569919748e-008	1.019362e-007	4.802307e-008	8.899588e-006	8.896923e-006	2.100637e-009
2.430634569919748e-008	1.019367e-007	4.801819e-008	8.900236e-006	8.897572e-006	2.100625e-009
2.430734569919748e-008	1.019372e-007	4.801337e-008	8.901040e-006	8.898378e-006	2.100613e-009
2.430834569919748e-008	1.019377e-007	4.800862e-008	8.902015e-006	8.899354e-006	2.100602e-009
2.431034569919748e-008	1.019385e-007	4.799940e-008	8.904536e-006	8.901879e-006	2.100579e-009
2.431234569919749e-008	1.019392e-007	4.799062e-008	8.907908e-006	8.905255e-006	2.100558e-009
2.431534569919749e-008	1.019397e-007	4.797856e-008	8.914752e-006	8.912108e-006	2.100529e-009
2.431834569919749e-008	1.019396e-007	4.796825e-008	8.923938e-006	8.921301e-006	2.100504e-009
2.432134569919750e-008	1.019387e-007	4.796017e-008	8.935592e-006	8.932965e-006	2.100485e-009
2.432334569919750e-008	1.019375e-007	4.795626e-008	8.944757e-006	8.942137e-006	2.100476e-009
2.432534569919750e-008	1.019359e-007	4.795371e-008	8.955034e-006	8.952423e-006	2.100471e-009
2.432634569919750e-008	1.019348e-007	4.795297e-008	8.960586e-006	8.957979e-006	2.100470e-009
2.432734569919750e-008	1.019337e-007	4.795264e-008	8.966408e-006	8.963807e-006	2.100470e-009
2.432834569919750e-008	1.019324e-007	4.795267e-008	8.972478e-006	8.969881e-006	2.100471e-009
2.432900861717491e-008	1.019314e-007	4.795291e-008	8.976642e-006	8.974048e-006	2.100472e-009
2.432949786700865e-008	1.019307e-007	4.795323e-008	8.979807e-006	8.977216e-006	2.100474e-009
2.433008066869138e-008	1.019297e-007	4.795375e-008	8.983665e-006	8.981076e-006	2.100476e-009
2.433043669682736e-008	1.019291e-007	4.795414e-008	8.986070e-006	8.983484e-006	2.100477e-009
2.433091736201631e-008	1.019283e-007	4.795476e-008	8.989366e-006	8.986782e-006	2.100479e-009
2.433106034802036e-008	1.019280e-007	4.795496e-008	8.990353e-006	8.987770e-006	2.100480e-009
2.433110948021767e-008	1.019280e-007	4.795504e-008	8.990694e-006	8.988111e-006	2.100480e-009
2.433114799448829e-008	1.019279e-007	4.795509e-008	8.990963e-006	8.988381e-006	2.100480e-009
2.433116384744810e-008	1.019279e-007	4.795512e-008	8.991074e-006	8.988491e-006	2.100481e-009
2.433116880542369e-008	1.019278e-007	4.795513e-008	8.991108e-006	8.988525e-006	2.100481e-009
2.433116970066421e-008	1.019278e-007	4.795513e-008	8.991115e-006	8.988532e-006	2.100481e-009
2.433117004097308e-008	1.019278e-007	4.795513e-008	8.991116e-006	8.988534e-006	2.100481e-009
2.433117056417501e-008	1.019278e-007	4.795513e-008	8.991120e-006	8.988538e-006	2.100481e-009
2.433117105808453e-008	1.019278e-007	4.795513e-008	8.991124e-006	8.988542e-006	2.100481e-009
2.433117157553570e-008	1.019278e-007	4.795513e-008	8.991127e-006	8.988545e-006	2.100481e-009
2.433117214712272e-008	1.019278e-007	4.795513e-008	8.991131e-006	8.988549e-006	2.100481e-009
2.433117269800109e-008	1.019278e-007	4.795513e-008	8.991135e-006	8.988553e-006	2.100481e-009
2.433117325734237e-008	1.019278e-007	4.795513e-008	8.991139e-006	8.988556e-006	2.100481e-009
2.433117380049176e-008	1.019278e-007	4.795513e-008	8.991143e-006	8.988561e-006	2.100481e-009
2.433117438588257e-008	1.019278e-007	4.795514e-008	8.991147e-006	8.988564e-006	2.100481e-009
2.433117506525569e-008	1.019278e-007	4.795514e-008	8.991152e-006	8.988569e-006	2.100481e-009
2.433117584741789e-008	1.019278e-007	4.795514e-008	8.991157e-006	8.988574e-006	2.100481e-009
2.433117676547922e-008	1.019278e-007	4.795514e-008	8.991164e-006	8.988581e-006	2.100481e-009
2.433117785307841e-008	1.019278e-007	4.795514e-008	8.991171e-006	8.988589e-006	2.100481e-009
2.433117919540007e-008	1.019278e-007	4.795514e-008	8.991180e-006	8.988598e-006	2.100481e-009
2.433118090387698e-008	1.019278e-007	4.795514e-008	8.991193e-006	8.988610e-006	2.100481e-009
2.433118321892573e-008	1.019278e-007	4.795515e-008	8.991208e-006	8.988626e-006	2.100481e-009
2.433167379486028e-008	1.019269e-007	4.795599e-008	8.994653e-006	8.992073e-006	2.100483e-009
2.433216437079484e-008	1.019259e-007	4.795695e-008	8.998136e-006	8.995559e-006	2.100487e-009
2.433265494672940e-008	1.019249e-007	4.795801e-008	9.001659e-006	8.999084e-006	2.100490e-009
2.433314552266395e-008	1.019239e-007	4.795919e-008	9.005220e-006	9.002648e-006	2.100494e-009
2.433363609859851e-008	1.019228e-007	4.796048e-008	9.008821e-006	9.006251e-006	2.100498e-009
2.433412667453307e-008	1.019216e-007	4.796188e-008	9.012460e-006	9.009893e-006	2.100502e-009
2.433461725046763e-008	1.019205e-007	4.796339e-008	9.016138e-006	9.013575e-006	2.100507e-009
2.433661725046763e-008	1.019153e-007	4.797081e-008	9.031563e-006	9.029010e-006	2.100529e-009
2.433961725046763e-008	1.019062e-007	4.798587e-008	9.055958e-006	9.053423e-006	2.100574e-009
2.434190296475335e-008	1.018981e-007	4.800039e-008	9.075589e-006	9.073068e-006	2.100616e-009
2.434418867903907e-008	1.018890e-007	4.801812e-008	9.095990e-006	9.093483e-006	2.100668e-009
2.434647439332478e-008	1.018788e-007	4.803907e-008	9.117160e-006	9.114668e-006	2.100729e-009
2.434876010761050e-008	1.018676e-007	4.806322e-008	9.139099e-006	9.136622e-006	2.100799e-009
2.435104582189621e-008	1.018552e-007	4.809058e-008	9.161808e-006	9.159347e-006	2.100878e-009
2.435333153618193e-008	1.018418e-007	4.812115e-008	9.185285e-006	9.182841e-006	2.100966e-009
2.435561725046765e-008	1.018272e-007	4.815493e-008	9.209532e-006	9.207106e-006	2.101064e-009
2.435690296475336e-008	1.018185e-007	4.817557e-008	9.223450e-006	9.221033e-006	2.101123e-009
2.435818867903908e-008	1.018095e-007	4.819736e-008	9.237568e-006	9.235161e-006	2.101186e-009
2.435947439332480e-008	1.018000e-007	4.822031e-008	9.251887e-006	9.249489e-006	2.101252e-009
2.436076010761051e-008	1.017902e-007	4.824441e-008	9.266405e-006	9.264017e-006	2.101322e-009
2.436204582189623e-008	1.017799e-007	4.826967e-008	9.281124e-006	9.278747e-006	2.101395e-009
2.436333153618195e-008	1.017693e-007	4.829609e-008	9.296043e-006	9.293676e-006	2.101472e-009
2.436461725046766e-008	1.017584e-007	4.832366e-008	9.311163e-006	9.308807e-006	2.101551e-009
2.436561725046766e-008	1.017496e-007	4.834583e-008	9.323022e-006	9.320674e-006	2.101616e-009
2.436589792495777e-008	1.017471e-007	4.835218e-008	9.326371e-006	9.324024e-006	2.101634e-009
2.436612884081710e-008	1.017450e-007	4.835747e-008	9.329140e-006	9.326795e-006	2.101649e-009
2.436645246429623e-008	1.017421e-007	4.836497e-008	9.333058e-006	9.330716e-006	2.101671e-009
2.436678733281487e-008	1.017390e-007	4.837284e-008	9.337162e-006	9.334823e-006	2.101694e-009
2.436745706985214e-008	1.017327e-007	4.838885e-008	9.345476e-006	9.343142e-006	2.101740e-009
2.436845706985214e-008	1.017232e-007	4.841335e-008	9.358107e-006	9.355782e-006	2.101811e-009
2.436945706985214e-008	1.017134e-007	4.843857e-008	9.371002e-006	9.368687e-006	2.101884e-009
2.437045706985214e-008	1.017034e-007	4.846459e-008	9.384191e-006	9.381884e-006	2.101959e-009
2.437145706985214e-008	1.016931e-007	4.849143e-008	9.397675e-006	9.395378e-006	2.102037e-009
2.437245706985214e-008	1.016825e-007	4.851911e-008	9.411455e-006	9.409167e-006	2.102118e-009
2.437345706985214e-008	1.016716e-007	4.854764e-008	9.425530e-006	9.423251e-006	2.102200e-009
2.437445706985214e-008	1.016605e-007	4.857705e-008	9.439897e-006	9.437628e-006	2.102286e-009
2.437545706985215e-008	1.016491e-007	4.860734e-008	9.454552e-006	9.452293e-006	2.102374e-009
2.437645706985215e-008	1.016374e-007	4.863854e-008	9.469488e-006	9.467240e-006	2.102464e-009
2.437745706985215e-008	1.016253e-007	4.867066e-008	9.484696e-006	9.482459e-006	2.102557e-009
2.437845706985215e-008	1.016130e-007	4.870371e-008	9.500169e-006	9.497940e-006	2.102653e-009
2.437945706985215e-008	1.016004e-007	4.873772e-008	9.515892e-006	9.513676e-006	2.102752e-009
2.438045706985215e-008	1.015875e-007	4.877268e-008	9.531855e-006	9.529649e-006	2.102854e-009
2.438145706985215e-008	1.015742e-007	4.880862e-008	9.548043e-006	9.545847e-006	2.102958e-009
2.438245706985215e-008	1.015606e-007	4.884554e-008	9.564441e-006	9.562256e-006	2.103066e-009
2.438345706985215e-008	1.015468e-007	4.888346e-008	9.581034e-006	9.578860e-006	2.103176e-009
2.438545706985216e-008	1.015180e-007	4.896232e-008	9.614741e-006	9.612591e-006	2.103406e-009
2.438745706985216e-008	1.014880e-007	4.904524e-008	9.649042e-006	9.646914e-006	2.103648e-009
2.439045706985216e-008	1.014405e-007	4.917734e-008	9.701342e-006	9.699249e-006	2.104033e-009
2.439145706985216e-008	1.014240e-007	4.922344e-008	9.718949e-006	9.716868e-006	2.104168e-009
2.439245706985217e-008	1.014073e-007	4.927058e-008	9.736624e-006	9.734555e-006	2.104306e-009
2.439345706985217e-008	1.013901e-007	4.931875e-008	9.754355e-006	9.752298e-006	2.104447e-009
2.439445706985217e-008	1.013727e-007	4.936796e-008	9.772136e-006	9.770090e-006	2.104591e-009
2.439645706985217e-008	1.013369e-007	4.946948e-008	9.807809e-006	9.805786e-006	2.104889e-009
2.439845706985217e-008	1.012997e-007	4.957513e-008	9.843588e-006	9.841589e-006	2.105199e-009
2.440045706985217e-008	1.012614e-007	4.968488e-008	9.879432e-006	9.877456e-006	2.105522e-009
2.440245706985218e-008	1.012218e-007	4.979871e-008	9.915308e-006	9.913355e-006	2.105857e-009
2.440445706985218e-008	1.011810e-007	4.991660e-008	9.951191e-006	9.949263e-006	2.106205e-009
2.440745706985218e-008	1.011175e-007	5.010097e-008	1.000500e-005	1.000310e-005	2.106750e-009
2.441045706985219e-008	1.010514e-007	5.029429e-008	1.005874e-005	1.005688e-005	2.107323e-009
2.441345706985219e-008	1.009827e-007	5.049644e-008	1.011239e-005	1.011056e-005	2.107923e-009
2.441588564128076e-008	1.009251e-007	5.066666e-008	1.015577e-005	1.015398e-005	2.108429e-009
2.441831421270934e-008	1.008660e-007	5.084235e-008	1.019902e-005	1.019725e-005	2.108953e-009
2.442074278413791e-008	1.008054e-007	5.102351e-008	1.024212e-005	1.024038e-005	2.109495e-009
2.442317135556649e-008	1.007432e-007	5.121015e-008	1.028508e-005	1.028337e-005	2.110054e-009
2.442559992699506e-008	1.006796e-007	5.140226e-008	1.032791e-005	1.032622e-005	2.110630e-009
2.442802849842364e-008	1.006143e-007	5.159985e-008	1.037059e-005	1.036893e-005	2.111224e-009
2.443045706985221e-008	1.005476e-007	5.180291e-008	1.041313e-005	1.041150e-005	2.111836e-009
2.443502849842364e-008	1.004176e-007	5.220050e-008	1.049285e-005	1.049127e-005	2.113036e-009
2.443959992699508e-008	1.002836e-007	5.261438e-008	1.057134e-005	1.056981e-005	2.114291e-009
2.444417135556651e-008	1.001456e-007	5.304455e-008	1.064859e-005	1.064711e-005	2.115602e-009
2.444874278413794e-008	1.000035e-007	5.349101e-008	1.072461e-005	1.072318e-005	2.116968e-009
2.445331421270938e-008	9.985749e-008	5.395377e-008	1.079939e-005	1.079801e-005	2.118390e-009
2.445788564128081e-008	9.970743e-008	5.443281e-008	1.087294e-005	1.087160e-005	2.119867e-009
2.446245706985224e-008	9.955335e-008	5.492815e-008	1.094525e-005	1.094396e-005	2.121399e-009
2.446631421270939e-008	9.942116e-008	5.535659e-008	1.100483e-005	1.100358e-005	2.122730e-009
2.447017135556654e-008	9.928748e-008	5.579329e-008	1.106314e-005	1.106192e-005	2.124093e-009
2.447402849842369e-008	9.915229e-008	5.623825e-008	1.112018e-005	1.111900e-005	2.125487e-009
2.447788564128083e-008	9.901560e-008	5.669146e-008	1.117595e-005	1.117480e-005	2.126912e-009
2.448174278413798e-008	9.887741e-008	5.715293e-008	1.123045e-005	1.122934e-005	2.128369e-009
2.448559992699513e-008	9.873771e-008	5.762265e-008	1.128368e-005	1.128261e-005	2.129857e-009
2.448945706985228e-008	9.859651e-008	5.810063e-008	1.133565e-005	1.133461e-005	2.131376e-009
2.449045706985228e-008	9.855986e-008	5.822536e-008	1.134889e-005	1.134785e-005	2.131773e-009
2.450045706985229e-008	9.818510e-008	5.951197e-008	1.147553e-005	1.147457e-005	2.135891e-009
2.451045706985230e-008	9.781326e-008	6.081805e-008	1.159414e-005	1.159325e-005	2.140123e-009
2.452045706985231e-008	9.744433e-008	6.214360e-008	1.170470e-005	1.170388e-005	2.144470e-009
2.453045706985232e-008	9.707833e-008	6.348862e-008	1.180722e-005	1.180647e-005	2.148932e-009
2.454045706985233e-008	9.671524e-008	6.485312e-008	1.190171e-005	1.190101e-005	2.153507e-009
2.455045706985234e-008	9.635507e-008	6.623709e-008	1.198816e-005	1.198750e-005	2.158198e-009
2.456045706985236e-008	9.599782e-008	6.764053e-008	1.206656e-005	1.206596e-005	2.163002e-009
2.456474278413807e-008	9.584943e-008	6.823646e-008	1.209855e-005	1.209796e-005	2.165064e-009
2.456902849842380e-008	9.570304e-008	6.883129e-008	1.212951e-005	1.212894e-005	2.167133e-009
2.457331421270951e-008	9.555864e-008	6.942501e-008	1.215943e-005	1.215888e-005	2.169210e-009
2.457759992699523e-008	9.541625e-008	7.001763e-008	1.218833e-005	1.218779e-005	2.171294e-009
2.458188564128095e-008	9.527585e-008	7.060914e-008	1.221619e-005	1.221567e-005	2.173385e-009
2.458617135556667e-008	9.513746e-008	7.119955e-008	1.224302e-005	1.224251e-005	2.175484e-009
2.459045706985239e-008	9.500106e-008	7.178885e-008	1.226882e-005	1.226833e-005	2.177590e-009
2.459145706985239e-008	9.496961e-008	7.192590e-008	1.227473e-005	1.227424e-005	2.178081e-009
2.459245706985239e-008	9.493827e-008	7.206284e-008	1.228058e-005	1.228010e-005	2.178573e-009
2.459345706985239e-008	9.490702e-008	7.219969e-008	1.228639e-005	1.228591e-005	2.179065e-009
2.459383206985239e-008	9.489536e-008	7.225096e-008	1.228855e-005	1.228806e-005	2.179249e-009
2.459433206985239e-008	9.487982e-008	7.231930e-008	1.229139e-005	1.229091e-005	2.179495e-009
2.459494413735524e-008	9.486085e-008	7.240291e-008	1.229487e-005	1.229439e-005	2.179797e-009
2.459575252606083e-008	9.483587e-008	7.251326e-008	1.229944e-005	1.229896e-005	2.180195e-009
2.459656091476643e-008	9.481097e-008	7.262353e-008	1.230399e-005	1.230351e-005	2.180593e-009
2.459736930347202e-008	9.478615e-008	7.273372e-008	1.230850e-005	1.230803e-005	2.180991e-009
2.459817769217761e-008	9.476141e-008	7.284382e-008	1.231299e-005	1.231252e-005	2.181390e-009
2.459898608088320e-008	9.473675e-008	7.295383e-008	1.231745e-005	1.231698e-005	2.181788e-009
2.459979446958880e-008	9.471218e-008	7.306376e-008	1.232188e-005	1.232142e-005	2.182187e-009
2.460060285829439e-008	9.468769e-008	7.317360e-008	1.232628e-005	1.232582e-005	2.182586e-009
2.460160285829439e-008	9.465751e-008	7.330934e-008	1.233169e-005	1.233123e-005	2.183079e-009
2.460360285829439e-008	9.459755e-008	7.358038e-008	1.234235e-005	1.234189e-005	2.184066e-009
2.460560285829439e-008	9.453811e-008	7.385081e-008	1.235282e-005	1.235238e-005	2.185053e-009
2.460860285829440e-008	9.444994e-008	7.425530e-008	1.236821e-005	1.236777e-005	2.186535e-009
2.460960285829440e-008	9.442083e-008	7.438981e-008	1.237325e-005	1.237282e-005	2.187030e-009
2.461060285829440e-008	9.439184e-008	7.452415e-008	1.237824e-005	1.237780e-005	2.187524e-009
2.461160285829440e-008	9.436299e-008	7.465832e-008	1.238314e-005	1.238271e-005	2.188018e-009
2.461260285829440e-008	9.433428e-008	7.479231e-008	1.238792e-005	1.238749e-005	2.188512e-009
2.461530598329440e-008	9.425737e-008	7.515357e-008	1.240014e-005	1.239972e-005	2.189848e-009
2.461541535829440e-008	9.425428e-008	7.516816e-008	1.240061e-005	1.240019e-005	2.189902e-009
2.461547004579440e-008	9.425273e-008	7.517545e-008	1.240085e-005	1.240042e-005	2.189929e-009
2.461553254579440e-008	9.425097e-008	7.518378e-008	1.240111e-005	1.240069e-005	2.189960e-009
2.461568277373585e-008	9.424674e-008	7.520381e-008	1.240176e-005	1.240133e-005	2.190034e-009
2.461583414138456e-008	9.424247e-008	7.522397e-008	1.240240e-005	1.240197e-005	2.190109e-009
2.461601617253699e-008	9.423734e-008	7.524822e-008	1.240317e-005	1.240274e-005	2.190199e-009
2.461619970951602e-008	9.423218e-008	7.527266e-008	1.240394e-005	1.240351e-005	2.190290e-009
2.461840521289049e-008	9.417062e-008	7.556571e-008	1.241277e-005	1.241235e-005	2.191379e-009
2.461940521289049e-008	9.414291e-008	7.569827e-008	1.241658e-005	1.241617e-005	2.191872e-009
2.461960120015156e-008	9.413750e-008	7.572422e-008	1.241731e-005	1.241689e-005	2.191969e-009
2.461973987997307e-008	9.413368e-008	7.574257e-008	1.241782e-005	1.241740e-005	2.192038e-009
2.461980976207537e-008	9.413176e-008	7.575181e-008	1.241807e-005	1.241766e-005	2.192072e-009
2.461982334899806e-008	9.413139e-008	7.575361e-008	1.241812e-005	1.241771e-005	2.192079e-009
2.462035877311781e-008	9.411668e-008	7.582438e-008	1.242008e-005	1.241967e-005	2.192343e-009
2.462089419723755e-008	9.410203e-008	7.589507e-008	1.242199e-005	1.242158e-005	2.192607e-009
2.462142962135730e-008	9.408741e-008	7.596569e-008	1.242386e-005	1.242345e-005	2.192871e-009
2.462196504547704e-008	9.407284e-008	7.603625e-008	1.242568e-005	1.242527e-005	2.193135e-009
2.462250046959679e-008	9.405832e-008	7.610673e-008	1.242746e-005	1.242705e-005	2.193399e-009
2.462303589371653e-008	9.404384e-008	7.617714e-008	1.242919e-005	1.242878e-005	2.193663e-009
2.462357131783628e-008	9.402940e-008	7.624747e-008	1.243088e-005	1.243048e-005	2.193926e-009
2.462387286493953e-008	9.402129e-008	7.628706e-008	1.243181e-005	1.243140e-005	2.194075e-009
2.462400389135763e-008	9.401778e-008	7.630424e-008	1.243220e-005	1.243179e-005	2.194140e-009
2.462425243765478e-008	9.401112e-008	7.633682e-008	1.243291e-005	1.243250e-005	2.194262e-009
2.462450098395195e-008	9.400447e-008	7.636938e-008	1.243362e-005	1.243321e-005	2.194384e-009
2.462474953024910e-008	9.399784e-008	7.640191e-008	1.243431e-005	1.243390e-005	2.194506e-009
2.462499807654627e-008	9.399122e-008	7.643442e-008	1.243500e-005	1.243459e-005	2.194629e-009
2.462524662284342e-008	9.398462e-008	7.646691e-008	1.243567e-005	1.243526e-005	2.194751e-009
2.462549516914058e-008	9.397802e-008	7.649937e-008	1.243633e-005	1.243592e-005	2.194873e-009
2.462574371543774e-008	9.397144e-008	7.653180e-008	1.243698e-005	1.243657e-005	2.194995e-009
2.462874371543775e-008	9.389283e-008	7.692196e-008	1.244430e-005	1.244389e-005	2.196468e-009
2.463174371543775e-008	9.381593e-008	7.730899e-008	1.245048e-005	1.245008e-005	2.197936e-009
2.463374371543775e-008	9.376564e-008	7.756516e-008	1.245397e-005	1.245357e-005	2.198913e-009
2.463574371543775e-008	9.371617e-008	7.781980e-008	1.245695e-005	1.245655e-005	2.199887e-009
2.463674371543776e-008	9.369170e-008	7.794659e-008	1.245828e-005	1.245788e-005	2.200373e-009
2.463694118884212e-008	9.368689e-008	7.797158e-008	1.245853e-005	1.245813e-005	2.200469e-009
2.463713350344146e-008	9.368222e-008	7.799590e-008	1.245876e-005	1.245836e-005	2.200562e-009
2.463716731723362e-008	9.368141e-008	7.800018e-008	1.245880e-005	1.245840e-005	2.200579e-009
2.463717032029071e-008	9.368133e-008	7.800055e-008	1.245881e-005	1.245841e-005	2.200580e-009
2.463717218232529e-008	9.368129e-008	7.800079e-008	1.245881e-005	1.245841e-005	2.200581e-009
2.463717527215114e-008	9.368121e-008	7.800118e-008	1.245881e-005	1.245841e-005	2.200582e-009
2.463718145180283e-008	9.368106e-008	7.800196e-008	1.245882e-005	1.245842e-005	2.200585e-009
2.463718856286404e-008	9.368089e-008	7.800286e-008	1.245883e-005	1.245843e-005	2.200589e-009
2.463719613449254e-008	9.368070e-008	7.800381e-008	1.245884e-005	1.245844e-005	2.200593e-009
2.463720356059987e-008	9.368053e-008	7.800475e-008	1.245885e-005	1.245845e-005	2.200596e-009
2.463721262052550e-008	9.368031e-008	7.800590e-008	1.245886e-005	1.245846e-005	2.200601e-009
2.463722261102417e-008	9.368006e-008	7.800716e-008	1.245887e-005	1.245847e-005	2.200605e-009
2.463724924216400e-008	9.367942e-008	7.801052e-008	1.245890e-005	1.245850e-005	2.200618e-009
2.463730434674469e-008	9.367808e-008	7.801748e-008	1.245897e-005	1.245857e-005	2.200645e-009
2.463735945132537e-008	9.367675e-008	7.802444e-008	1.245904e-005	1.245864e-005	2.200672e-009
2.463741455590605e-008	9.367542e-008	7.803140e-008	1.245911e-005	1.245871e-005	2.200698e-009
2.463746966048674e-008	9.367408e-008	7.803836e-008	1.245917e-005	1.245877e-005	2.200725e-009
2.463752476506742e-008	9.367275e-008	7.804531e-008	1.245924e-005	1.245884e-005	2.200752e-009
2.463757986964810e-008	9.367142e-008	7.805226e-008	1.245931e-005	1.245891e-005	2.200779e-009
2.463763497422879e-008	9.367010e-008	7.805921e-008	1.245938e-005	1.245898e-005	2.200806e-009
2.464392817459015e-008	9.352280e-008	7.884430e-008	1.246706e-005	1.246666e-005	2.203844e-009
2.465022137495150e-008	9.338268e-008	7.961471e-008	1.247471e-005	1.247432e-005	2.206856e-009
2.465651457531286e-008	9.324974e-008	8.037042e-008	1.248234e-005	1.248194e-005	2.209843e-009
2.466280777567422e-008	9.312399e-008	8.111144e-008	1.248993e-005	1.248954e-005	2.212805e-009
2.466910097603558e-008	9.300541e-008	8.183777e-008	1.249750e-005	1.249711e-005	2.215741e-009
2.467539417639694e-008	9.289401e-008	8.254941e-008	1.250503e-005	1.250465e-005	2.218652e-009
2.468168737675830e-008	9.278979e-008	8.324636e-008	1.251254e-005	1.251216e-005	2.221537e-009
2.470068737675832e-008	9.251101e-008	8.527238e-008	1.253506e-005	1.253469e-005	2.230104e-009
2.472383023390120e-008	9.225940e-008	8.755801e-008	1.256215e-005	1.256179e-005	2.240219e-009
2.474697309104409e-008	9.205679e-008	8.971633e-008	1.258894e-005	1.258858e-005	2.250067e-009
2.477011594818697e-008	9.190318e-008	9.174733e-008	1.261543e-005	1.261507e-005	2.259648e-009
2.479325880532985e-008	9.179856e-008	9.365101e-008	1.264161e-005	1.264127e-005	2.268963e-009
2.481640166247274e-008	9.174294e-008	9.542738e-008	1.266749e-005	1.266716e-005	2.278011e-009
2.483954451961562e-008	9.173632e-008	9.707643e-008	1.269307e-005	1.269274e-005	2.286792e-009
2.486268737675850e-008	9.177869e-008	9.859816e-008	1.271835e-005	1.271803e-005	2.295306e-009
2.488225880532996e-008	9.182826e-008	9.982354e-008	1.273953e-005	1.273921e-005	2.302343e-009
2.490183023390140e-008	9.189033e-008	1.009954e-007	1.276053e-005	1.276022e-005	2.309239e-009
2.492140166247286e-008	9.196490e-008	1.021137e-007	1.278136e-005	1.278106e-005	2.315994e-009
2.494097309104431e-008	9.205198e-008	1.031784e-007	1.280202e-005	1.280172e-005	2.322607e-009
2.496054451961576e-008	9.215155e-008	1.041897e-007	1.282250e-005	1.282221e-005	2.329080e-009
2.498011594818721e-008	9.226363e-008	1.051473e-007	1.284280e-005	1.284252e-005	2.335411e-009
2.499968737675866e-008	9.238821e-008	1.060515e-007	1.286293e-005	1.286265e-005	2.341602e-009
2.500068737675866e-008	9.239453e-008	1.060970e-007	1.286396e-005	1.286368e-005	2.341916e-009
2.502983023390155e-008	9.259220e-008	1.073593e-007	1.289362e-005	1.289335e-005	2.350886e-009
2.505897309104444e-008	9.279317e-008	1.085534e-007	1.292296e-005	1.292269e-005	2.359630e-009
2.508811594818733e-008	9.299745e-008	1.096793e-007	1.295197e-005	1.295172e-005	2.368146e-009
2.511725880533022e-008	9.320503e-008	1.107369e-007	1.298067e-005	1.298043e-005	2.376435e-009
2.514640166247311e-008	9.341592e-008	1.117264e-007	1.300905e-005	1.300881e-005	2.384498e-009
2.517554451961600e-008	9.363011e-008	1.126476e-007	1.303711e-005	1.303687e-005	2.392333e-009
2.520468737675889e-008	9.384760e-008	1.135006e-007	1.306484e-005	1.306462e-005	2.399941e-009
2.521825880533034e-008	9.394529e-008	1.138865e-007	1.307767e-005	1.307744e-005	2.403430e-009
2.523183023390178e-008	9.404184e-008	1.142630e-007	1.309043e-005	1.309021e-005	2.406881e-009
2.524540166247322e-008	9.413724e-008	1.146301e-007	1.310314e-005	1.310292e-005	2.410294e-009
2.525897309104467e-008	9.423149e-008	1.149878e-007	1.311578e-005	1.311556e-005	2.413670e-009
2.527254451961611e-008	9.432460e-008	1.153360e-007	1.312836e-005	1.312815e-005	2.417007e-009
2.528611594818755e-008	9.441656e-008	1.156748e-007	1.314088e-005	1.314067e-005	2.420307e-009
2.529968737675900e-008	9.450737e-008	1.160041e-007	1.315334e-005	1.315313e-005	2.423568e-009
2.530068737675900e-008	9.451399e-008	1.160281e-007	1.315425e-005	1.315405e-005	2.423807e-009
2.532897309104475e-008	9.469852e-008	1.166839e-007	1.318001e-005	1.317981e-005	2.430479e-009
2.535725880533049e-008	9.487567e-008	1.173118e-007	1.320553e-005	1.320534e-005	2.437019e-009
2.538554451961624e-008	9.504544e-008	1.179118e-007	1.323082e-005	1.323062e-005	2.443429e-009
2.541383023390199e-008	9.520784e-008	1.184838e-007	1.325586e-005	1.325567e-005	2.449709e-009
2.544211594818773e-008	9.536286e-008	1.190280e-007	1.328065e-005	1.328047e-005	2.455858e-009
2.547040166247348e-008	9.551050e-008	1.195443e-007	1.330521e-005	1.330504e-005	2.461877e-009
2.549868737675922e-008	9.565076e-008	1.200327e-007	1.332953e-005	1.332936e-005	2.467765e-009
2.551311594818781e-008	9.571910e-008	1.202753e-007	1.334185e-005	1.334168e-005	2.470731e-009
2.552754451961640e-008	9.578545e-008	1.205128e-007	1.335412e-005	1.335395e-005	2.473669e-009
2.554197309104499e-008	9.584982e-008	1.207452e-007	1.336632e-005	1.336615e-005	2.476580e-009
2.555640166247358e-008	9.591221e-008	1.209725e-007	1.337847e-005	1.337830e-005	2.479463e-009
2.557083023390216e-008	9.597262e-008	1.211948e-007	1.339056e-005	1.339040e-005	2.482319e-009
2.558525880533075e-008	9.603104e-008	1.214119e-007	1.340259e-005	1.340243e-005	2.485148e-009
2.559968737675934e-008	9.608749e-008	1.216239e-007	1.341457e-005	1.341441e-005	2.487950e-009
2.560068737675934e-008	9.609133e-008	1.216384e-007	1.341539e-005	1.341524e-005	2.488143e-009
2.564340166247368e-008	9.624526e-008	1.222340e-007	1.345049e-005	1.345033e-005	2.496264e-009
2.568611594818801e-008	9.638436e-008	1.227991e-007	1.348512e-005	1.348497e-005	2.504197e-009
2.572883023390234e-008	9.650864e-008	1.233339e-007	1.351928e-005	1.351913e-005	2.511943e-009
2.577154451961668e-008	9.661810e-008	1.238382e-007	1.355298e-005	1.355284e-005	2.519502e-009
2.581425880533101e-008	9.671273e-008	1.243122e-007	1.358621e-005	1.358607e-005	2.526872e-009
2.585697309104534e-008	9.679253e-008	1.247558e-007	1.361898e-005	1.361884e-005	2.534056e-009
2.589968737675968e-008	9.685751e-008	1.251690e-007	1.365128e-005	1.365115e-005	2.541052e-009
2.590068737675968e-008	9.685891e-008	1.251785e-007	1.365203e-005	1.365190e-005	2.541214e-009
2.594340166247402e-008	9.691130e-008	1.255703e-007	1.368389e-005	1.368376e-005	2.548056e-009
2.598611594818835e-008	9.695344e-008	1.259429e-007	1.371532e-005	1.371520e-005	2.554757e-009
2.602883023390268e-008	9.698532e-008	1.262963e-007	1.374634e-005	1.374621e-005	2.561318e-009
2.607154451961702e-008	9.700694e-008	1.266304e-007	1.377693e-005	1.377681e-005	2.567738e-009
2.611425880533135e-008	9.701830e-008	1.269452e-007	1.380711e-005	1.380698e-005	2.574018e-009
2.615697309104568e-008	9.701941e-008	1.272409e-007	1.383686e-005	1.383674e-005	2.580158e-009
2.619968737676002e-008	9.701026e-008	1.275173e-007	1.386619e-005	1.386607e-005	2.586156e-009
2.620068737676002e-008	9.700997e-008	1.275236e-007	1.386687e-005	1.386675e-005	2.586296e-009
2.624340166247436e-008	9.699272e-008	1.277847e-007	1.389579e-005	1.389567e-005	2.592171e-009
2.628611594818869e-008	9.696860e-008	1.280320e-007	1.392432e-005	1.392421e-005	2.597930e-009
2.632883023390302e-008	9.693759e-008	1.282655e-007	1.395247e-005	1.395235e-005	2.603574e-009
2.637154451961736e-008	9.689972e-008	1.284851e-007	1.398023e-005	1.398011e-005	2.609102e-009
2.641425880533169e-008	9.685496e-008	1.286909e-007	1.400760e-005	1.400748e-005	2.614514e-009
2.645697309104602e-008	9.680333e-008	1.288830e-007	1.403458e-005	1.403446e-005	2.619810e-009
2.649968737676036e-008	9.674483e-008	1.290611e-007	1.406117e-005	1.406105e-005	2.624991e-009
2.650068737676036e-008	9.674341e-008	1.290652e-007	1.406179e-005	1.406167e-005	2.625111e-009
2.650268737676036e-008	9.674057e-008	1.290733e-007	1.406303e-005	1.406290e-005	2.625351e-009
2.680068737676070e-008	9.619367e-008	1.300037e-007	1.423828e-005	1.423814e-005	2.658572e-009
2.682425880533216e-008	9.614066e-008	1.300556e-007	1.425140e-005	1.425126e-005	2.660988e-009
2.684783023390361e-008	9.608692e-008	1.301046e-007	1.426442e-005	1.426428e-005	2.663377e-009
2.687140166247507e-008	9.603245e-008	1.301506e-007	1.427734e-005	1.427719e-005	2.665737e-009
2.689497309104652e-008	9.597726e-008	1.301936e-007	1.429015e-005	1.429000e-005	2.668069e-009
2.691854451961798e-008	9.592133e-008	1.302336e-007	1.430285e-005	1.430270e-005	2.670373e-009
2.694211594818943e-008	9.586468e-008	1.302707e-007	1.431545e-005	1.431531e-005	2.672648e-009
2.696568737676089e-008	9.580729e-008	1.303048e-007	1.432795e-005	1.432780e-005	2.674895e-009
2.698483023390377e-008	9.576132e-008	1.303300e-007	1.433802e-005	1.433788e-005	2.676703e-009
2.700397309104665e-008	9.571538e-008	1.303534e-007	1.434803e-005	1.434789e-005	2.678495e-009
2.702311594818952e-008	9.566948e-008	1.303749e-007	1.435797e-005	1.435783e-005	2.680270e-009
2.704225880533241e-008	9.562362e-008	1.303945e-007	1.436784e-005	1.436771e-005	2.682028e-009
2.706140166247528e-008	9.557780e-008	1.304121e-007	1.437765e-005	1.437752e-005	2.683770e-009
2.708054451961816e-008	9.553202e-008	1.304279e-007	1.438739e-005	1.438726e-005	2.685496e-009
2.709968737676104e-008	9.548627e-008	1.304418e-007	1.439706e-005	1.439694e-005	2.687205e-009
2.710068737676104e-008	9.548387e-008	1.304425e-007	1.439756e-005	1.439744e-005	2.687294e-009
2.714068737676109e-008	9.538849e-008	1.304655e-007	1.441755e-005	1.441744e-005	2.690812e-009
2.718068737676113e-008	9.528982e-008	1.304822e-007	1.443727e-005	1.443716e-005	2.694250e-009
2.722068737676118e-008	9.518787e-008	1.304926e-007	1.445671e-005	1.445661e-005	2.697607e-009
2.726068737676122e-008	9.508263e-008	1.304968e-007	1.447587e-005	1.447578e-005	2.700884e-009
2.730068737676127e-008	9.497411e-008	1.304948e-007	1.449476e-005	1.449468e-005	2.704081e-009
2.734068737676131e-008	9.486230e-008	1.304864e-007	1.451337e-005	1.451330e-005	2.707198e-009
2.738068737676136e-008	9.474721e-008	1.304719e-007	1.453171e-005	1.453164e-005	2.710234e-009
2.739868737676138e-008	9.469376e-008	1.304636e-007	1.453987e-005	1.453981e-005	2.711572e-009
2.739968737676138e-008	9.469077e-008	1.304631e-007	1.454033e-005	1.454027e-005	2.711646e-009
2.739996805109043e-008	9.468993e-008	1.304630e-007	1.454045e-005	1.454039e-005	2.711666e-009
2.740007120047587e-008	9.468962e-008	1.304629e-007	1.454050e-005	1.454044e-005	2.711674e-009
2.740014649304372e-008	9.468940e-008	1.304629e-007	1.454053e-005	1.454047e-005	2.711680e-009
2.740022686159010e-008	9.468916e-008	1.304628e-007	1.454057e-005	1.454051e-005	2.711686e-009
2.740024102301668e-008	9.468911e-008	1.304628e-007	1.454058e-005	1.454052e-005	2.711687e-009
2.740196398807379e-008	9.468395e-008	1.304620e-007	1.454135e-005	1.454130e-005	2.711814e-009
2.740368695313090e-008	9.467878e-008	1.304611e-007	1.454213e-005	1.454207e-005	2.711941e-009
2.740540991818801e-008	9.467360e-008	1.304602e-007	1.454291e-005	1.454285e-005	2.712067e-009
2.740713288324513e-008	9.466842e-008	1.304593e-007	1.454369e-005	1.454363e-005	2.712194e-009
2.740885584830224e-008	9.466322e-008	1.304584e-007	1.454446e-005	1.454440e-005	2.712320e-009
2.741057881335936e-008	9.465802e-008	1.304575e-007	1.454524e-005	1.454518e-005	2.712447e-009
2.741230177841647e-008	9.465282e-008	1.304566e-007	1.454602e-005	1.454596e-005	2.712573e-009
2.767130177841676e-008	9.379595e-008	1.301953e-007	1.465713e-005	1.465712e-005	2.729796e-009
2.771258749270252e-008	9.364595e-008	1.301317e-007	1.467385e-005	1.467385e-005	2.732222e-009
2.775387320698828e-008	9.349449e-008	1.300619e-007	1.469032e-005	1.469032e-005	2.734567e-009
2.779515892127404e-008	9.334157e-008	1.299860e-007	1.470652e-005	1.470654e-005	2.736831e-009
2.783644463555980e-008	9.318717e-008	1.299039e-007	1.472247e-005	1.472249e-005	2.739014e-009
2.787773034984557e-008	9.303131e-008	1.298156e-007	1.473817e-005	1.473819e-005	2.741117e-009
2.791901606413133e-008	9.287398e-008	1.297212e-007	1.475360e-005	1.475364e-005	2.743138e-009
2.796030177841709e-008	9.271518e-008	1.296207e-007	1.476878e-005	1.476882e-005	2.745079e-009
2.797130177841710e-008	9.267373e-008	1.295926e-007	1.477278e-005	1.477282e-005	2.745586e-009
2.826930177841744e-008	9.160614e-008	1.286656e-007	1.487462e-005	1.487471e-005	2.757518e-009
2.827130177841744e-008	9.159918e-008	1.286584e-007	1.487526e-005	1.487536e-005	2.757587e-009
2.828644463556032e-008	9.154651e-008	1.286036e-007	1.488010e-005	1.488020e-005	2.758098e-009
2.830158749270319e-008	9.149373e-008	1.285482e-007	1.488491e-005	1.488501e-005	2.758600e-009
2.831673034984606e-008	9.144083e-008	1.284922e-007	1.488969e-005	1.488979e-005	2.759092e-009
2.833187320698894e-008	9.138782e-008	1.284356e-007	1.489443e-005	1.489453e-005	2.759574e-009
2.834701606413181e-008	9.133469e-008	1.283784e-007	1.489915e-005	1.489925e-005	2.760046e-009
2.836215892127469e-008	9.128145e-008	1.283206e-007	1.490383e-005	1.490394e-005	2.760509e-009
2.837730177841756e-008	9.122809e-008	1.282622e-007	1.490848e-005	1.490859e-005	2.760963e-009
2.840344463556045e-008	9.113556e-008	1.281600e-007	1.491644e-005	1.491656e-005	2.761722e-009
2.842958749270333e-008	9.104229e-008	1.280562e-007	1.492431e-005	1.492443e-005	2.762452e-009
2.845573034984622e-008	9.094829e-008	1.279508e-007	1.493209e-005	1.493221e-005	2.763152e-009
2.848187320698911e-008	9.085355e-008	1.278437e-007	1.493978e-005	1.493990e-005	2.763821e-009
2.850801606413200e-008	9.075808e-008	1.277350e-007	1.494738e-005	1.494751e-005	2.764461e-009
2.853415892127488e-008	9.066186e-008	1.276246e-007	1.495489e-005	1.495502e-005	2.765070e-009
2.856030177841777e-008	9.056492e-008	1.275126e-007	1.496231e-005	1.496245e-005	2.765650e-009
2.857130177841778e-008	9.052383e-008	1.274651e-007	1.496540e-005	1.496555e-005	2.765884e-009
2.859258749270352e-008	9.044391e-008	1.273722e-007	1.497135e-005	1.497150e-005	2.766323e-009
2.861387320698926e-008	9.036341e-008	1.272783e-007	1.497724e-005	1.497739e-005	2.766742e-009
2.863515892127500e-008	9.028233e-008	1.271833e-007	1.498307e-005	1.498322e-005	2.767140e-009
2.865644463556073e-008	9.020068e-008	1.270873e-007	1.498884e-005	1.498900e-005	2.767518e-009
2.867773034984647e-008	9.011844e-008	1.269903e-007	1.499456e-005	1.499472e-005	2.767876e-009
2.869901606413221e-008	9.003562e-008	1.268922e-007	1.500022e-005	1.500039e-005	2.768213e-009
2.872030177841795e-008	8.995222e-008	1.267931e-007	1.500583e-005	1.500599e-005	2.768530e-009
2.887130177841812e-008	8.974986e-008	1.259210e-007	1.504398e-005	1.504417e-005	2.771346e-009
2.891401606413246e-008	9.133130e-008	1.251018e-007	1.505426e-005	1.505446e-005	2.776580e-009
2.895673034984679e-008	9.319834e-008	1.242672e-007	1.506433e-005	1.506454e-005	2.783093e-009
2.899944463556112e-008	9.535098e-008	1.234171e-007	1.507419e-005	1.507441e-005	2.790885e-009
2.904215892127546e-008	9.778922e-008	1.225515e-007	1.508384e-005	1.508406e-005	2.799956e-009
2.908487320698979e-008	1.005131e-007	1.216706e-007	1.509327e-005	1.509350e-005	2.810305e-009
2.912758749270413e-008	1.035225e-007	1.207742e-007	1.510249e-005	1.510273e-005	2.821932e-009
2.917030177841846e-008	1.068175e-007	1.198623e-007	1.511150e-005	1.511174e-005	2.834839e-009
2.917130177841846e-008	1.068777e-007	1.198473e-007	1.511171e-005	1.511195e-005	2.835098e-009
2.920515892127564e-008	1.087818e-007	1.194147e-007	1.511870e-005	1.511895e-005	2.843668e-009
2.923901606413283e-008	1.105556e-007	1.190321e-007	1.512557e-005	1.512582e-005	2.851952e-009
2.927287320699001e-008	1.121992e-007	1.186995e-007	1.513231e-005	1.513257e-005	2.859950e-009
2.930673034984719e-008	1.137127e-007	1.184169e-007	1.513892e-005	1.513919e-005	2.867662e-009
2.934058749270437e-008	1.150959e-007	1.181843e-007	1.514541e-005	1.514568e-005	2.875087e-009
2.937444463556155e-008	1.163490e-007	1.180017e-007	1.515177e-005	1.515205e-005	2.882227e-009
2.940830177841873e-008	1.174718e-007	1.178690e-007	1.515801e-005	1.515829e-005	2.889081e-009
2.947130177841880e-008	1.194016e-007	1.176301e-007	1.516929e-005	1.516958e-005	2.901264e-009
2.948558749270453e-008	1.198018e-007	1.175835e-007	1.517179e-005	1.517208e-005	2.903916e-009
2.949987320699026e-008	1.201911e-007	1.175381e-007	1.517427e-005	1.517457e-005	2.906531e-009
2.951415892127599e-008	1.205694e-007	1.174941e-007	1.517673e-005	1.517702e-005	2.909110e-009
2.952844463556172e-008	1.209368e-007	1.174513e-007	1.517916e-005	1.517946e-005	2.911652e-009
2.954273034984745e-008	1.212932e-007	1.174098e-007	1.518158e-005	1.518188e-005	2.914158e-009
2.955701606413319e-008	1.216386e-007	1.173696e-007	1.518397e-005	1.518427e-005	2.916627e-009
2.957130177841892e-008	1.219731e-007	1.173307e-007	1.518634e-005	1.518665e-005	2.919059e-009
2.965230177841901e-008	1.237083e-007	1.171131e-007	1.519939e-005	1.519971e-005	2.932237e-009
2.965330177841901e-008	1.237281e-007	1.171104e-007	1.519955e-005	1.519991e-005	2.932393e-009
2.965358245274806e-008	1.237337e-007	1.171097e-007	1.519959e-005	1.519990e-005	2.932437e-009
2.965381465270207e-008	1.237382e-007	1.171091e-007	1.519963e-005	1.519963e-005	2.932473e-009
2.965514011910827e-008	1.237597e-007	1.171138e-007	1.519983e-005	1.519462e-005	2.932695e-009
2.965614011910827e-008	1.237713e-007	1.171271e-007	1.520004e-005	1.518888e-005	2.932883e-009
2.965639710370311e-008	1.237735e-007	1.171324e-007	1.520005e-005	1.518713e-005	2.932935e-009
2.965661031724143e-008	1.237748e-007	1.171380e-007	1.519982e-005	1.518549e-005	2.932982e-009
2.965764109895065e-008	1.237790e-007	1.171683e-007	1.519634e-005	1.517597e-005	2.933211e-009
2.965867188065986e-008	1.237689e-007	1.172361e-007	1.519069e-005	1.516430e-005	2.933538e-009
2.965970266236908e-008	1.237446e-007	1.173413e-007	1.518287e-005	1.515049e-005	2.933963e-009
2.966073344407830e-008	1.237061e-007	1.174840e-007	1.517289e-005	1.513455e-005	2.934485e-009
2.966176422578752e-008	1.236533e-007	1.176641e-007	1.516074e-005	1.511646e-005	2.935106e-009
2.966279500749674e-008	1.235863e-007	1.178817e-007	1.514642e-005	1.509623e-005	2.935824e-009
2.966382578920596e-008	1.235050e-007	1.181367e-007	1.512995e-005	1.507385e-005	2.936640e-009
2.966482578920596e-008	1.234014e-007	1.184520e-007	1.511182e-005	1.505005e-005	2.937615e-009
2.966582578920596e-008	1.232765e-007	1.188256e-007	1.509164e-005	1.502423e-005	2.938748e-009
2.966682578920596e-008	1.231285e-007	1.192623e-007	1.506941e-005	1.499640e-005	2.940051e-009
2.966782578920596e-008	1.229560e-007	1.197670e-007	1.504515e-005	1.496657e-005	2.941540e-009
2.966882578920596e-008	1.227571e-007	1.203444e-007	1.501886e-005	1.493475e-005	2.943227e-009
2.966982578920596e-008	1.225303e-007	1.209995e-007	1.499055e-005	1.490096e-005	2.945126e-009
2.967182578920597e-008	1.219865e-007	1.225620e-007	1.492793e-005	1.482752e-005	2.949619e-009
2.967382578920597e-008	1.213115e-007	1.244928e-007	1.485739e-005	1.474637e-005	2.955128e-009
2.967582578920597e-008	1.204925e-007	1.268305e-007	1.477905e-005	1.465762e-005	2.961766e-009
2.967782578920597e-008	1.195169e-007	1.296133e-007	1.469302e-005	1.456143e-005	2.969643e-009
2.967982578920597e-008	1.183719e-007	1.328795e-007	1.459945e-005	1.445794e-005	2.978870e-009
2.968182578920598e-008	1.170450e-007	1.366670e-007	1.449849e-005	1.434732e-005	2.989560e-009
2.968482578920598e-008	1.146868e-007	1.434087e-007	1.433352e-005	1.416841e-005	3.008580e-009
2.968782578920598e-008	1.118503e-007	1.515363e-007	1.415286e-005	1.397449e-005	3.031516e-009
2.969082578920599e-008	1.084947e-007	1.611763e-007	1.395714e-005	1.376624e-005	3.058745e-009
2.969382578920599e-008	1.045800e-007	1.724545e-007	1.374705e-005	1.354440e-005	3.090641e-009
2.969566730706314e-008	1.019022e-007	1.801797e-007	1.361076e-005	1.340129e-005	3.112501e-009
2.969750882492028e-008	9.897021e-008	1.886624e-007	1.347001e-005	1.325405e-005	3.136544e-009
2.969935034277743e-008	9.578385e-008	1.979027e-007	1.332482e-005	1.310268e-005	3.162773e-009
2.970119186063457e-008	9.234317e-008	2.079004e-007	1.317516e-005	1.294717e-005	3.191185e-009
2.970303337849171e-008	8.864816e-008	2.186556e-007	1.302105e-005	1.278753e-005	3.221783e-009
2.970487489634886e-008	8.469884e-008	2.301683e-007	1.286249e-005	1.262376e-005	3.254565e-009
2.970671641420600e-008	8.049519e-008	2.424385e-007	1.269947e-005	1.245585e-005	3.289531e-009
2.970751998563457e-008	7.855814e-008	2.481035e-007	1.262691e-005	1.238258e-005	3.305695e-009
2.970832355706315e-008	7.656452e-008	2.539396e-007	1.255401e-005	1.230921e-005	3.322358e-009
2.970912712849172e-008	7.451435e-008	2.599466e-007	1.248075e-005	1.223575e-005	3.339520e-009
2.970993069992029e-008	7.240761e-008	2.661247e-007	1.240715e-005	1.216220e-005	3.357180e-009
2.971073427134886e-008	7.024432e-008	2.724738e-007	1.233319e-005	1.208856e-005	3.375338e-009
2.971153784277744e-008	6.802446e-008	2.789940e-007	1.225889e-005	1.201483e-005	3.393996e-009
2.971234141420601e-008	6.574804e-008	2.856851e-007	1.218424e-005	1.194101e-005	3.413152e-009
2.971719855706316e-008	5.092712e-008	3.291752e-007	1.173003e-005	1.148987e-005	3.537449e-009
2.972205569992031e-008	3.361948e-008	3.804618e-007	1.127769e-005	1.104144e-005	3.685090e-009
2.972691284277745e-008	1.382514e-008	4.395447e-007	1.082723e-005	1.059572e-005	3.856075e-009
2.973176998563460e-008	-8.455920e-009	5.064240e-007	1.037864e-005	1.015270e-005	4.050404e-009
2.973662712849175e-008	-3.322368e-008	5.810997e-007	9.931935e-006	9.712389e-006	4.268077e-009
2.974148427134890e-008	-6.047816e-008	6.635719e-007	9.487105e-006	9.274782e-006	4.509094e-009
2.974634141420605e-008	-9.021934e-008	7.538404e-007	9.044152e-006	8.839881e-006	4.773455e-009
2.975034141420605e-008	-1.168086e-007	8.351296e-007	8.688001e-006	8.490712e-006	5.012814e-009
2.975605569992034e-008	-1.582980e-007	9.622335e-007	8.185739e-006	7.999478e-006	5.387530e-009
2.976176998563463e-008	-2.029140e-007	1.100328e-006	7.701223e-006	7.526048e-006	5.797898e-009
2.976748427134893e-008	-2.506568e-007	1.249412e-006	7.234454e-006	7.070424e-006	6.243916e-009
2.977319855706322e-008	-3.015262e-007	1.409487e-006	6.785431e-006	6.632605e-006	6.725586e-009
2.977891284277751e-008	-3.555224e-007	1.580552e-006	6.354155e-006	6.212591e-006	7.242907e-009
2.978462712849180e-008	-4.126452e-007	1.762608e-006	5.940626e-006	5.810382e-006	7.795879e-009
2.979034141420610e-008	-4.728948e-007	1.955654e-006	5.544843e-006	5.425978e-006	8.384502e-009
2.979691284277753e-008	-5.455114e-007	2.190437e-006	5.120602e-006	5.013837e-006	9.105121e-009
2.980348427134897e-008	-6.196355e-007	2.433174e-006	4.722542e-006	4.626852e-006	9.857271e-009
2.981005569992041e-008	-6.952672e-007	2.683863e-006	4.350661e-006	4.265023e-006	1.064095e-008
2.981662712849184e-008	-7.724064e-007	2.942505e-006	4.004961e-006	3.928350e-006	1.145616e-008
2.982319855706327e-008	-8.510530e-007	3.209100e-006	3.685440e-006	3.616833e-006	1.230290e-008
2.982976998563471e-008	-9.312072e-007	3.483648e-006	3.392100e-006	3.330471e-006	1.318117e-008
2.983634141420615e-008	-1.012869e-006	3.766149e-006	3.124939e-006	3.069266e-006	1.409098e-008
2.984305569992044e-008	-1.096007e-006	4.058118e-006	2.876234e-006	2.825305e-006	1.504083e-008
2.984976998563474e-008	-1.178117e-006	4.350976e-006	2.645566e-006	2.598523e-006	1.600345e-008
2.985648427134903e-008	-1.259198e-006	4.644726e-006	2.432933e-006	2.388919e-006	1.697885e-008
2.986319855706332e-008	-1.339251e-006	4.939365e-006	2.238336e-006	2.196493e-006	1.796701e-008
2.986991284277761e-008	-1.418275e-006	5.234894e-006	2.061775e-006	2.021245e-006	1.896795e-008
2.987662712849191e-008	-1.496271e-006	5.531313e-006	1.903250e-006	1.863175e-006	1.998165e-008
2.988334141420620e-008	-1.573238e-006	5.828623e-006	1.762761e-006	1.722283e-006	2.100813e-008
2.988876998563478e-008	-1.633768e-006	6.066784e-006	1.657305e-006	1.616137e-006	2.183917e-008
2.989419855706335e-008	-1.692879e-006	6.303050e-006	1.558469e-006	1.516343e-006	2.267096e-008
2.989962712849193e-008	-1.750573e-006	6.537420e-006	1.466252e-006	1.422899e-006	2.350351e-008
2.990505569992051e-008	-1.806850e-006	6.769895e-006	1.380654e-006	1.335806e-006	2.433682e-008
2.991048427134909e-008	-1.861708e-006	7.000474e-006	1.301675e-006	1.255064e-006	2.517088e-008
2.991591284277767e-008	-1.915149e-006	7.229157e-006	1.229316e-006	1.180673e-006	2.600570e-008
2.992134141420625e-008	-1.967172e-006	7.455945e-006	1.163576e-006	1.112633e-006	2.684127e-008
2.992234141420625e-008	-1.976565e-006	7.497364e-006	1.151780e-006	1.100415e-006	2.699475e-008
2.992334141420625e-008	-1.985904e-006	7.538697e-006	1.140118e-006	1.088358e-006	2.714819e-008
2.992534141420625e-008	-2.004422e-006	7.621104e-006	1.117130e-006	1.064716e-006	2.745489e-008
2.992734141420625e-008	-2.022727e-006	7.703157e-006	1.094590e-006	1.041679e-006	2.776135e-008
2.992834141420625e-008	-2.031798e-006	7.744050e-006	1.083484e-006	1.030351e-006	2.791448e-008
2.993034141420626e-008	-2.049776e-006	7.825556e-006	1.061653e-006	1.007980e-006	2.822053e-008
2.993134141420626e-008	-2.058681e-006	7.866165e-006	1.051098e-006	9.969392e-007	2.837343e-008
2.993334141420626e-008	-2.076320e-006	7.947086e-006	1.031200e-006	9.751398e-007	2.867895e-008
2.993534141420626e-008	-2.093728e-006	8.027599e-006	1.012843e-006	9.537455e-007	2.898405e-008
2.993634141420626e-008	-2.102343e-006	8.067695e-006	1.004216e-006	9.433693e-007	2.913642e-008
2.993834141420626e-008	-2.119392e-006	8.147555e-006	9.880341e-007	9.237805e-007	2.944077e-008
2.994034141420627e-008	-2.136205e-006	8.226973e-006	9.731623e-007	9.056035e-007	2.974456e-008
2.994054258909621e-008	-2.137883e-006	8.234937e-006	9.717385e-007	9.038470e-007	2.977509e-008
2.994479640656326e-008	-2.172676e-006	8.401998e-006	9.457796e-007	8.703279e-007	3.041862e-008
2.994579640656327e-008	-2.180696e-006	8.440957e-006	9.405584e-007	8.632339e-007	3.056943e-008
2.994599450824951e-008	-2.182277e-006	8.448657e-006	9.395676e-007	8.618717e-007	3.059928e-008
2.994942051309169e-008	-2.209122e-006	8.580858e-006	9.250206e-007	8.410370e-007	3.111393e-008
2.995042051309169e-008	-2.216820e-006	8.619165e-006	9.214990e-007	8.356768e-007	3.126368e-008
2.995082955733338e-008	-2.219951e-006	8.634797e-006	9.201938e-007	8.335768e-007	3.132488e-008
2.995095295087845e-008	-2.220892e-006	8.639506e-006	9.198229e-007	8.329616e-007	3.134333e-008
2.995107556869096e-008	-2.221826e-006	8.644181e-006	9.194115e-007	8.323576e-007	3.136165e-008
2.995109220607893e-008	-2.221952e-006	8.644816e-006	9.193500e-007	8.322760e-007	3.136414e-008
2.995109820407441e-008	-2.221998e-006	8.645045e-006	9.193306e-007	8.322467e-007	3.136504e-008
2.995110285947235e-008	-2.222033e-006	8.645222e-006	9.193175e-007	8.322240e-007	3.136573e-008
2.995110910587936e-008	-2.222081e-006	8.645460e-006	9.192992e-007	8.321935e-007	3.136666e-008
2.995111636366684e-008	-2.222136e-006	8.645737e-006	9.192772e-007	8.321580e-007	3.136775e-008
2.995112349410378e-008	-2.222190e-006	8.646009e-006	9.192548e-007	8.321232e-007	3.136881e-008
2.995113041371665e-008	-2.222243e-006	8.646272e-006	9.192327e-007	8.320895e-007	3.136985e-008
2.995113722667062e-008	-2.222295e-006	8.646532e-006	9.192106e-007	8.320563e-007	3.137087e-008
2.995114410908904e-008	-2.222347e-006	8.646794e-006	9.191880e-007	8.320227e-007	3.137189e-008
2.995115099372476e-008	-2.222399e-006	8.647056e-006	9.191654e-007	8.319892e-007	3.137292e-008
2.995115790217254e-008	-2.222452e-006	8.647320e-006	9.191424e-007	8.319556e-007	3.137396e-008
2.995116478471478e-008	-2.222504e-006	8.647582e-006	9.191195e-007	8.319221e-007	3.137498e-008
2.995117180411643e-008	-2.222558e-006	8.647849e-006	9.190961e-007	8.318880e-007	3.137603e-008
2.995118023133470e-008	-2.222622e-006	8.648170e-006	9.190679e-007	8.318470e-007	3.137729e-008
2.995118962174316e-008	-2.222693e-006	8.648529e-006	9.190365e-007	8.318015e-007	3.137870e-008
2.995120093617849e-008	-2.222779e-006	8.648960e-006	9.189986e-007	8.317465e-007	3.138038e-008
2.995123027289840e-008	-2.223002e-006	8.650078e-006	9.189003e-007	8.316044e-007	3.138477e-008
2.995180245002238e-008	-2.227332e-006	8.671843e-006	9.169853e-007	8.289210e-007	3.147020e-008
2.995237462714637e-008	-2.231640e-006	8.693562e-006	9.150747e-007	8.263476e-007	3.155555e-008
2.995294680427035e-008	-2.235926e-006	8.715235e-006	9.131686e-007	8.238841e-007	3.164082e-008
2.995351898139433e-008	-2.240190e-006	8.736863e-006	9.112668e-007	8.215307e-007	3.172602e-008
2.995409115851832e-008	-2.244432e-006	8.758446e-006	9.093695e-007	8.192872e-007	3.181113e-008
2.995466333564230e-008	-2.248652e-006	8.779982e-006	9.074767e-007	8.171537e-007	3.189617e-008
2.995523551276628e-008	-2.252851e-006	8.801473e-006	9.055882e-007	8.151302e-007	3.198113e-008
2.995623551276628e-008	-2.260141e-006	8.838934e-006	9.022972e-007	8.118336e-007	3.212944e-008
2.995669753662640e-008	-2.263488e-006	8.856198e-006	9.007810e-007	8.104640e-007	3.219788e-008
2.995682962694594e-008	-2.264441e-006	8.861125e-006	9.003483e-007	8.100964e-007	3.221744e-008
2.995696103802097e-008	-2.265387e-006	8.866023e-006	8.999182e-007	8.096856e-007	3.223688e-008
2.995697982201595e-008	-2.265522e-006	8.866723e-006	8.998567e-007	8.096216e-007	3.223966e-008
2.995698562476766e-008	-2.265564e-006	8.866939e-006	8.998377e-007	8.096050e-007	3.224052e-008
2.995698997026507e-008	-2.265595e-006	8.867101e-006	8.998235e-007	8.095944e-007	3.224116e-008
2.995699598945253e-008	-2.265639e-006	8.867325e-006	8.998038e-007	8.095787e-007	3.224205e-008
2.995700338939673e-008	-2.265692e-006	8.867601e-006	8.997796e-007	8.095583e-007	3.224314e-008
2.995701049676776e-008	-2.265743e-006	8.867865e-006	8.997563e-007	8.095379e-007	3.224419e-008
2.995701748238917e-008	-2.265793e-006	8.868125e-006	8.997335e-007	8.095174e-007	3.224523e-008
2.995702423415472e-008	-2.265842e-006	8.868377e-006	8.997114e-007	8.094971e-007	3.224623e-008
2.995703115558211e-008	-2.265891e-006	8.868635e-006	8.996888e-007	8.094761e-007	3.224725e-008
2.995703800458905e-008	-2.265941e-006	8.868890e-006	8.996664e-007	8.094552e-007	3.224827e-008
2.995704494555314e-008	-2.265991e-006	8.869149e-006	8.996437e-007	8.094339e-007	3.224929e-008
2.995705180235412e-008	-2.266040e-006	8.869404e-006	8.996212e-007	8.094128e-007	3.225031e-008
2.995705904840912e-008	-2.266092e-006	8.869674e-006	8.995975e-007	8.093904e-007	3.225138e-008
2.995706756760389e-008	-2.266153e-006	8.869992e-006	8.995697e-007	8.093640e-007	3.225264e-008
2.995707725279169e-008	-2.266223e-006	8.870352e-006	8.995380e-007	8.093339e-007	3.225407e-008
2.995708874830568e-008	-2.266306e-006	8.870780e-006	8.995004e-007	8.092983e-007	3.225577e-008
2.995711899077450e-008	-2.266523e-006	8.871906e-006	8.994015e-007	8.092043e-007	3.226025e-008
2.995825236763476e-008	-2.274609e-006	8.913992e-006	8.957067e-007	8.056919e-007	3.242767e-008
2.997325236763477e-008	-2.370955e-006	9.449580e-006	8.488354e-007	7.611466e-007	3.460803e-008
2.998825236763479e-008	-2.455566e-006	9.958109e-006	8.044606e-007	7.189830e-007	3.673511e-008
3.000325236763481e-008	-2.528443e-006	1.043958e-005	7.625825e-007	6.792013e-007	3.880889e-008
3.001825236763482e-008	-2.589585e-006	1.089399e-005	7.232010e-007	6.418013e-007	4.082939e-008
3.003325236763484e-008	-2.638994e-006	1.132134e-005	6.863161e-007	6.067832e-007	4.279660e-008
3.004825236763486e-008	-2.676668e-006	1.172164e-005	6.519278e-007	5.741469e-007	4.471052e-008
3.006325236763488e-008	-2.702608e-006	1.209487e-005	6.200362e-007	5.438924e-007	4.657116e-008
3.008982379620633e-008	-2.725085e-006	1.269702e-005	5.689124e-007	4.954217e-007	4.974107e-008
3.011639522477780e-008	-2.732321e-006	1.325066e-005	5.220332e-007	4.510002e-007	5.278759e-008
3.014296665334925e-008	-2.724316e-006	1.375581e-005	4.793984e-007	4.106280e-007	5.571074e-008
3.016953808192071e-008	-2.701069e-006	1.421245e-005	4.410081e-007	3.743052e-007	5.851049e-008
3.019610951049217e-008	-2.662581e-006	1.462060e-005	4.068623e-007	3.420315e-007	6.118687e-008
3.022268093906363e-008	-2.608851e-006	1.498025e-005	3.769609e-007	3.138072e-007	6.373986e-008
3.024925236763509e-008	-2.539880e-006	1.529139e-005	3.513041e-007	2.896322e-007	6.616946e-008
3.025825236763510e-008	-2.516939e-006	1.539297e-005	3.428802e-007	2.816978e-007	6.697474e-008
3.029068093906371e-008	-2.424021e-006	1.571885e-005	3.159433e-007	2.563678e-007	6.976332e-008
3.032310951049231e-008	-2.328046e-006	1.601227e-005	2.915395e-007	2.334526e-007	7.243321e-008
3.035553808192092e-008	-2.229013e-006	1.627323e-005	2.696690e-007	2.129524e-007	7.498441e-008
3.038796665334953e-008	-2.126924e-006	1.650173e-005	2.503315e-007	1.948670e-007	7.741691e-008
3.042039522477814e-008	-2.021777e-006	1.669777e-005	2.335272e-007	1.791964e-007	7.973072e-008
3.045282379620674e-008	-1.913573e-006	1.686135e-005	2.192560e-007	1.659407e-007	8.192584e-008
3.048525236763535e-008	-1.802312e-006	1.699248e-005	2.075180e-007	1.550999e-007	8.400226e-008
3.048625236763535e-008	-1.798880e-006	1.699657e-005	2.071559e-007	1.547654e-007	8.406571e-008
3.048653304196441e-008	-1.798012e-006	1.699762e-005	2.070545e-007	1.546718e-007	8.408373e-008
3.048676524100431e-008	-1.798028e-006	1.699776e-005	2.069708e-007	1.545944e-007	8.409792e-008
3.048742211327659e-008	-1.809968e-006	1.698624e-005	2.067344e-007	1.543761e-007	8.413547e-008
3.048809063691921e-008	-1.837037e-006	1.695961e-005	2.064946e-007	1.541545e-007	8.420069e-008
3.048909063691921e-008	-1.897273e-006	1.690003e-005	2.061369e-007	1.538239e-007	8.436088e-008
3.049009063691921e-008	-1.980448e-006	1.681754e-005	2.057806e-007	1.534943e-007	8.460941e-008
3.049109063691921e-008	-2.087667e-006	1.671103e-005	2.054257e-007	1.531659e-007	8.496463e-008
3.049209063691921e-008	-2.217954e-006	1.658149e-005	2.050722e-007	1.528384e-007	8.543719e-008
3.049309063691921e-008	-2.370220e-006	1.643002e-005	2.047201e-007	1.525119e-007	8.603871e-008
3.049409063691922e-008	-2.543213e-006	1.625787e-005	2.043694e-007	1.521863e-007	8.678211e-008
3.049509063691922e-008	-2.735536e-006	1.606646e-005	2.040201e-007	1.518617e-007	8.768141e-008
3.049709063691922e-008	-3.171984e-006	1.563204e-005	2.033256e-007	1.512147e-007	9.000834e-008
3.049909063691922e-008	-3.666380e-006	1.513999e-005	2.026367e-007	1.505708e-007	9.314608e-008
3.050109063691922e-008	-4.204855e-006	1.460421e-005	2.019533e-007	1.499297e-007	9.722346e-008
3.050309063691923e-008	-4.773708e-006	1.403841e-005	2.012752e-007	1.492913e-007	1.023631e-007
3.050509063691923e-008	-5.360148e-006	1.345540e-005	2.006026e-007	1.486554e-007	1.086744e-007
3.050709063691923e-008	-5.952851e-006	1.286651e-005	1.999353e-007	1.480220e-007	1.162489e-007
3.050909063691923e-008	-6.542306e-006	1.228124e-005	1.992733e-007	1.473911e-007	1.251579e-007
3.051109063691924e-008	-7.120974e-006	1.170712e-005	1.986165e-007	1.467627e-007	1.354520e-007
3.051309063691924e-008	-7.683287e-006	1.114969e-005	1.979649e-007	1.461369e-007	1.471618e-007
3.051509063691924e-008	-8.225511e-006	1.061268e-005	1.973185e-007	1.455138e-007	1.603007e-007
3.051609063691924e-008	-8.488380e-006	1.035253e-005	1.969971e-007	1.452033e-007	1.674058e-007
3.051709063691924e-008	-8.745552e-006	1.009815e-005	1.966771e-007	1.448934e-007	1.748665e-007
3.051809063691924e-008	-8.997536e-006	9.849023e-006	1.963582e-007	1.445842e-007	1.826409e-007
3.051862926577319e-008	-9.130327e-006	9.717798e-006	1.961870e-007	1.444180e-007	1.869832e-007
3.051928324788811e-008	-9.288323e-006	9.561733e-006	1.959796e-007	1.442164e-007	1.924079e-007
3.051963101739095e-008	-9.371447e-006	9.479647e-006	1.958695e-007	1.441094e-007	1.953524e-007
3.052008688654909e-008	-9.480308e-006	9.372158e-006	1.957255e-007	1.439691e-007	1.992688e-007
3.052025160617631e-008	-9.519896e-006	9.333069e-006	1.956735e-007	1.439185e-007	2.006944e-007
3.052029945246827e-008	-9.531492e-006	9.321619e-006	1.956584e-007	1.439038e-007	2.011103e-007
3.052033485754893e-008	-9.540116e-006	9.313103e-006	1.956473e-007	1.438929e-007	2.014184e-007
3.052034904476643e-008	-9.543573e-006	9.309687e-006	1.956428e-007	1.438886e-007	2.015419e-007
3.052035322065809e-008	-9.544593e-006	9.308680e-006	1.956415e-007	1.438873e-007	2.015783e-007
3.052035393111200e-008	-9.544767e-006	9.308509e-006	1.956413e-007	1.438871e-007	2.015844e-007
3.052035423606738e-008	-9.544840e-006	9.308436e-006	1.956412e-007	1.438870e-007	2.015871e-007
3.052035468785678e-008	-9.544951e-006	9.308327e-006	1.956410e-007	1.438869e-007	2.015910e-007
3.052035524650729e-008	-9.545088e-006	9.308193e-006	1.956408e-007	1.438867e-007	2.015959e-007
3.052035583960390e-008	-9.545232e-006	9.308050e-006	1.956407e-007	1.438865e-007	2.016011e-007
3.052035639093243e-008	-9.545367e-006	9.307917e-006	1.956405e-007	1.438863e-007	2.016059e-007
3.052035701943306e-008	-9.545520e-006	9.307765e-006	1.956403e-007	1.438861e-007	2.016113e-007
3.052035772326280e-008	-9.545692e-006	9.307596e-006	1.956401e-007	1.438859e-007	2.016175e-007
3.052035856991331e-008	-9.545898e-006	9.307391e-006	1.956398e-007	1.438857e-007	2.016249e-007
3.052035953873695e-008	-9.546135e-006	9.307159e-006	1.956395e-007	1.438854e-007	2.016333e-007
3.052036073445289e-008	-9.546427e-006	9.306870e-006	1.956391e-007	1.438850e-007	2.016437e-007
3.052036219176616e-008	-9.546782e-006	9.306519e-006	1.956386e-007	1.438845e-007	2.016564e-007
3.052036413173857e-008	-9.547256e-006	9.306051e-006	1.956380e-007	1.438840e-007	2.016733e-007
3.052037089061772e-008	-9.548906e-006	9.304422e-006	1.956359e-007	1.438819e-007	2.017322e-007
3.052106261016207e-008	-9.720704e-006	9.134755e-006	1.954182e-007	1.436696e-007	2.078357e-007
3.052175432970643e-008	-9.895114e-006	8.962511e-006	1.952012e-007	1.434577e-007	2.140513e-007
3.052244604925077e-008	-1.007214e-005	8.787690e-006	1.949846e-007	1.432461e-007	2.203791e-007
3.052313776879513e-008	-1.025177e-005	8.610292e-006	1.947687e-007	1.430348e-007	2.268190e-007
3.052382948833948e-008	-1.043402e-005	8.430317e-006	1.945533e-007	1.428237e-007	2.333711e-007
3.052452120788384e-008	-1.061887e-005	8.247764e-006	1.943385e-007	1.426130e-007	2.400354e-007
3.052521292742819e-008	-1.080634e-005	8.062634e-006	1.941242e-007	1.424026e-007	2.468118e-007
3.052621292742819e-008	-1.108137e-005	7.791062e-006	1.938156e-007	1.420989e-007	2.568162e-007
3.052921292742819e-008	-1.193502e-005	6.948263e-006	1.928968e-007	1.411914e-007	2.882534e-007
3.053135578457105e-008	-1.257532e-005	6.316160e-006	1.922474e-007	1.405465e-007	3.120449e-007
3.053349864171391e-008	-1.322694e-005	5.673155e-006	1.916033e-007	1.399040e-007	3.368425e-007
3.053564149885677e-008	-1.388988e-005	5.019248e-006	1.909645e-007	1.392637e-007	3.626463e-007
3.053778435599963e-008	-1.456413e-005	4.354439e-006	1.903311e-007	1.386258e-007	3.894562e-007
3.053992721314249e-008	-1.524970e-005	3.678729e-006	1.897030e-007	1.379901e-007	4.172723e-007
3.054207007028534e-008	-1.594658e-005	2.992117e-006	1.890803e-007	1.373568e-007	4.460945e-007
3.054421292742821e-008	-1.665479e-005	2.294603e-006	1.884629e-007	1.367257e-007	4.759229e-007
3.054521292742821e-008	-1.698241e-005	1.972093e-006	1.881763e-007	1.364318e-007	4.901067e-007
3.054549360187511e-008	-1.707428e-005	1.881686e-006	1.880961e-007	1.363494e-007	4.941242e-007
3.054572397160033e-008	-1.714902e-005	1.808144e-006	1.880303e-007	1.362818e-007	4.974453e-007
3.054604804366163e-008	-1.725107e-005	1.707792e-006	1.879379e-007	1.361868e-007	5.021614e-007
3.054638318670905e-008	-1.735233e-005	1.608293e-006	1.878426e-007	1.360886e-007	5.070998e-007
3.054705347280387e-008	-1.754525e-005	1.418926e-006	1.876522e-007	1.358925e-007	5.171192e-007
3.054805347280388e-008	-1.781340e-005	1.156118e-006	1.873691e-007	1.356003e-007	5.323591e-007
3.054905347280388e-008	-1.805694e-005	9.179665e-007	1.870870e-007	1.353088e-007	5.479590e-007
3.055005347280388e-008	-1.827259e-005	7.077516e-007	1.868060e-007	1.350180e-007	5.639581e-007
3.055105347280388e-008	-1.845922e-005	5.265735e-007	1.865261e-007	1.347281e-007	5.803635e-007
3.055205347280388e-008	-1.861606e-005	3.751997e-007	1.862473e-007	1.344389e-007	5.971800e-007
3.055305347280388e-008	-1.874269e-005	2.540435e-007	1.859696e-007	1.341508e-007	6.144098e-007
3.055405347280388e-008	-1.883901e-005	1.631888e-007	1.856930e-007	1.338636e-007	6.320529e-007
3.055505347280388e-008	-1.890523e-005	1.024180e-007	1.854175e-007	1.335776e-007	6.501073e-007
3.055605347280388e-008	-1.894182e-005	7.123848e-008	1.851430e-007	1.332926e-007	6.685691e-007
3.055705347280389e-008	-1.894952e-005	6.890100e-008	1.848696e-007	1.330089e-007	6.874328e-007
3.055805347280389e-008	-1.892932e-005	9.441044e-008	1.845973e-007	1.327263e-007	7.066913e-007
3.055905347280389e-008	-1.888245e-005	1.465292e-007	1.843260e-007	1.324451e-007	7.263353e-007
3.056005347280389e-008	-1.881037e-005	2.237793e-007	1.840558e-007	1.321653e-007	7.463543e-007
3.056105347280389e-008	-1.871479e-005	3.244486e-007	1.837867e-007	1.318868e-007	7.667356e-007
3.056205347280389e-008	-1.859763e-005	4.466070e-007	1.835186e-007	1.316098e-007	7.874650e-007
3.056305347280389e-008	-1.846101e-005	5.881349e-007	1.832516e-007	1.313342e-007	8.085266e-007
3.056405347280389e-008	-1.830718e-005	7.467638e-007	1.829856e-007	1.310602e-007	8.299029e-007
3.056505347280390e-008	-1.813850e-005	9.201260e-007	1.827206e-007	1.307877e-007	8.515757e-007
3.056605347280390e-008	-1.795740e-005	1.105810e-006	1.824566e-007	1.305167e-007	8.735258e-007
3.056805347280390e-008	-1.756741e-005	1.504602e-006	1.819319e-007	1.299795e-007	9.181799e-007
3.057105347280390e-008	-1.694625e-005	2.138085e-006	1.811523e-007	1.291855e-007	9.867603e-007
3.057405347280391e-008	-1.632631e-005	2.769305e-006	1.803818e-007	1.284054e-007	1.056844e-006
3.057705347280391e-008	-1.574347e-005	3.362411e-006	1.796202e-007	1.276389e-007	1.128045e-006
3.058005347280391e-008	-1.521842e-005	3.896817e-006	1.788675e-007	1.268855e-007	1.200072e-006
3.058305347280392e-008	-1.475945e-005	4.364313e-006	1.781235e-007	1.261444e-007	1.272717e-006
3.058605347280392e-008	-1.436622e-005	4.765336e-006	1.773881e-007	1.254152e-007	1.345830e-006
3.058905347280392e-008	-1.403316e-005	5.105525e-006	1.766612e-007	1.246972e-007	1.419305e-006
3.059133918708964e-008	-1.382310e-005	5.320579e-006	1.761131e-007	1.241577e-007	1.475562e-006
3.059362490137535e-008	-1.363080e-005	5.517611e-006	1.755697e-007	1.236239e-007	1.531856e-006
3.059591061566107e-008	-1.345626e-005	5.696623e-006	1.750311e-007	1.230957e-007	1.588187e-006
3.059819632994679e-008	-1.329948e-005	5.857613e-006	1.744971e-007	1.225731e-007	1.644555e-006
3.060048204423251e-008	-1.316047e-005	6.000583e-006	1.739679e-007	1.220561e-007	1.700959e-006
3.060276775851822e-008	-1.303922e-005	6.125531e-006	1.734433e-007	1.215448e-007	1.757401e-006
3.060505347280394e-008	-1.293573e-005	6.232458e-006	1.729235e-007	1.210391e-007	1.813879e-006
3.060905347280394e-008	-1.276973e-005	6.403968e-006	1.720250e-007	1.201668e-007	1.912818e-006
3.061305347280395e-008	-1.261359e-005	6.565095e-006	1.711397e-007	1.193091e-007	2.010729e-006
3.061705347280395e-008	-1.246731e-005	6.715839e-006	1.702675e-007	1.184661e-007	2.107613e-006
3.062105347280396e-008	-1.233087e-005	6.856200e-006	1.694085e-007	1.176376e-007	2.203470e-006
3.062505347280396e-008	-1.220429e-005	6.986178e-006	1.685626e-007	1.168237e-007	2.298300e-006
3.062905347280397e-008	-1.208756e-005	7.105773e-006	1.677298e-007	1.160244e-007	2.392102e-006
3.063305347280397e-008	-1.198068e-005	7.214985e-006	1.669102e-007	1.152397e-007	2.484877e-006
3.064233918708970e-008	-1.173981e-005	7.459269e-006	1.650593e-007	1.134751e-007	2.693502e-006
3.065162490137542e-008	-1.151612e-005	7.684476e-006	1.632665e-007	1.117726e-007	2.890260e-006
3.066091061566114e-008	-1.130960e-005	7.890605e-006	1.615320e-007	1.101323e-007	3.075151e-006
3.067019632994687e-008	-1.112025e-005	8.077657e-006	1.598555e-007	1.085541e-007	3.248176e-006
3.067948204423260e-008	-1.094808e-005	8.245632e-006	1.582373e-007	1.070380e-007	3.409334e-006
3.068876775851832e-008	-1.079307e-005	8.394529e-006	1.566771e-007	1.055841e-007	3.558625e-006
3.069805347280405e-008	-1.065524e-005	8.524349e-006	1.551752e-007	1.041923e-007	3.696050e-006
3.070605347280405e-008	-1.054666e-005	8.625031e-006	1.539198e-007	1.030330e-007	3.804038e-006
3.071405347280406e-008	-1.044584e-005	8.717115e-006	1.526978e-007	1.019080e-007	3.905343e-006
3.072205347280407e-008	-1.035277e-005	8.800600e-006	1.515092e-007	1.008172e-007	3.999964e-006
3.073005347280408e-008	-1.026746e-005	8.875488e-006	1.503540e-007	9.976082e-008	4.087903e-006
3.073805347280409e-008	-1.018990e-005	8.941777e-006	1.492322e-007	9.873868e-008	4.169158e-006
3.074605347280410e-008	-1.012010e-005	8.999468e-006	1.481437e-007	9.775083e-008	4.243730e-006
3.075405347280411e-008	-1.005806e-005	9.048561e-006	1.470886e-007	9.679727e-008	4.311618e-006
3.075633918708983e-008	-1.004094e-005	9.061891e-006	1.467919e-007	9.652951e-008	4.330406e-006
3.075862490137554e-008	-1.002433e-005	9.074661e-006	1.464975e-007	9.626411e-008	4.348819e-006
3.076091061566126e-008	-1.000823e-005	9.086872e-006	1.462055e-007	9.600106e-008	4.366858e-006
3.076319632994698e-008	-9.992643e-006	9.098524e-006	1.459158e-007	9.574037e-008	4.384523e-006
3.076548204423270e-008	-9.977562e-006	9.109617e-006	1.456284e-007	9.548203e-008	4.401814e-006
3.076776775851841e-008	-9.962990e-006	9.120150e-006	1.453434e-007	9.522604e-008	4.418731e-006
3.077005347280413e-008	-9.948926e-006	9.130124e-006	1.450607e-007	9.497241e-008	4.435273e-006
3.077105347280413e-008	-9.943497e-006	9.133750e-006	1.449377e-007	9.486212e-008	4.442408e-006
3.077205347280413e-008	-9.939120e-006	9.136318e-006	1.448150e-007	9.475218e-008	4.449485e-006
3.077242847280413e-008	-9.938858e-006	9.135900e-006	1.447692e-007	9.471109e-008	4.452106e-006
3.077292847280413e-008	-9.939339e-006	9.134511e-006	1.447082e-007	9.465641e-008	4.455576e-006
3.077362537313587e-008	-9.939533e-006	9.133048e-006	1.446233e-007	9.458039e-008	4.460391e-006
3.077558334005632e-008	-9.937040e-006	9.131956e-006	1.443859e-007	9.436781e-008	4.473789e-006
3.077858334005632e-008	-9.934134e-006	9.129322e-006	1.440253e-007	9.404510e-008	4.493848e-006
3.077956548291347e-008	-9.933152e-006	9.128477e-006	1.439080e-007	9.394026e-008	4.500295e-006
3.078054762577061e-008	-9.932176e-006	9.127620e-006	1.437912e-007	9.383580e-008	4.506685e-006
3.078152976862776e-008	-9.931206e-006	9.126750e-006	1.436747e-007	9.373173e-008	4.513018e-006
3.078251191148489e-008	-9.930243e-006	9.125867e-006	1.435586e-007	9.362803e-008	4.519295e-006
3.078349405434204e-008	-9.929285e-006	9.124973e-006	1.434429e-007	9.352471e-008	4.525514e-006
3.078447619719918e-008	-9.928334e-006	9.124065e-006	1.433276e-007	9.342177e-008	4.531676e-006
3.078545834005633e-008	-9.927389e-006	9.123146e-006	1.432127e-007	9.331921e-008	4.537782e-006
3.078558334005632e-008	-9.927180e-006	9.123117e-006	1.431982e-007	9.330619e-008	4.538554e-006
3.078583334005632e-008	-9.926433e-006	9.123389e-006	1.431690e-007	9.328018e-008	4.540090e-006
3.078694355659884e-008	-9.923246e-006	9.124455e-006	1.430398e-007	9.316494e-008	4.546785e-006
3.078775774147120e-008	-9.921449e-006	9.124690e-006	1.429454e-007	9.308075e-008	4.551559e-006
3.078857192634355e-008	-9.919780e-006	9.124794e-006	1.428512e-007	9.299681e-008	4.556227e-006
3.078938611121590e-008	-9.918239e-006	9.124766e-006	1.427573e-007	9.291312e-008	4.560789e-006
3.079020029608825e-008	-9.916825e-006	9.124607e-006	1.426637e-007	9.282968e-008	4.565246e-006
3.079101448096061e-008	-9.915538e-006	9.124317e-006	1.425703e-007	9.274650e-008	4.569597e-006
3.079182866583295e-008	-9.914378e-006	9.123895e-006	1.424772e-007	9.266356e-008	4.573842e-006
3.079264285070531e-008	-9.913346e-006	9.123341e-006	1.423843e-007	9.258088e-008	4.577981e-006
3.079364285070531e-008	-9.912485e-006	9.122248e-006	1.422706e-007	9.247969e-008	4.582907e-006
3.079464285070531e-008	-9.912323e-006	9.120453e-006	1.421573e-007	9.237887e-008	4.587639e-006
3.079564285070531e-008	-9.913020e-006	9.117792e-006	1.420443e-007	9.227836e-008	4.592182e-006
3.079595396565242e-008	-9.913509e-006	9.116691e-006	1.420092e-007	9.224716e-008	4.593547e-006
3.079603321957387e-008	-9.913694e-006	9.116350e-006	1.420003e-007	9.223923e-008	4.593886e-006
3.079607638270961e-008	-9.913790e-006	9.116169e-006	1.419954e-007	9.223491e-008	4.594070e-006
3.079610013235990e-008	-9.913828e-006	9.116085e-006	1.419928e-007	9.223253e-008	4.594171e-006
3.079610846918772e-008	-9.913840e-006	9.116056e-006	1.419918e-007	9.223169e-008	4.594206e-006
3.079611030421896e-008	-9.913841e-006	9.116051e-006	1.419916e-007	9.223151e-008	4.594214e-006
3.079611071744693e-008	-9.913842e-006	9.116049e-006	1.419916e-007	9.223147e-008	4.594216e-006
3.079611115225512e-008	-9.913842e-006	9.116048e-006	1.419915e-007	9.223143e-008	4.594217e-006
3.079611169440404e-008	-9.913843e-006	9.116046e-006	1.419915e-007	9.223137e-008	4.594220e-006
3.079611266922417e-008	-9.913844e-006	9.116044e-006	1.419914e-007	9.223128e-008	4.594224e-006
3.079611355570693e-008	-9.913845e-006	9.116041e-006	1.419913e-007	9.223119e-008	4.594228e-006
3.079611482745488e-008	-9.913847e-006	9.116037e-006	1.419911e-007	9.223106e-008	4.594233e-006
3.079611611572124e-008	-9.913848e-006	9.116033e-006	1.419910e-007	9.223093e-008	4.594239e-006
3.079611813394039e-008	-9.913850e-006	9.116027e-006	1.419907e-007	9.223073e-008	4.594247e-006
3.079612050236447e-008	-9.913852e-006	9.116020e-006	1.419905e-007	9.223049e-008	4.594257e-006
3.079612467322414e-008	-9.913857e-006	9.116007e-006	1.419900e-007	9.223007e-008	4.594275e-006
3.079684187621109e-008	-9.910797e-006	9.117652e-006	1.419094e-007	9.215845e-008	4.597252e-006
3.079755907919805e-008	-9.905061e-006	9.121967e-006	1.418290e-007	9.208702e-008	4.600129e-006
3.079827628218500e-008	-9.896647e-006	9.128951e-006	1.417488e-007	9.201579e-008	4.602905e-006
3.079899348517196e-008	-9.885557e-006	9.138606e-006	1.416688e-007	9.194476e-008	4.605579e-006
3.079971068815891e-008	-9.871791e-006	9.150931e-006	1.415890e-007	9.187393e-008	4.608153e-006
3.080042789114587e-008	-9.855348e-006	9.165926e-006	1.415093e-007	9.180330e-008	4.610627e-006
3.080114509413283e-008	-9.836228e-006	9.183591e-006	1.414299e-007	9.173286e-008	4.612999e-006
3.080127188553184e-008	-9.832366e-006	9.187193e-006	1.414158e-007	9.172044e-008	4.613405e-006
3.080258071278140e-008	-9.796191e-006	9.220678e-006	1.412715e-007	9.159272e-008	4.617383e-006
3.080388954003095e-008	-9.761693e-006	9.252461e-006	1.411278e-007	9.146569e-008	4.621141e-006
3.080519836728051e-008	-9.728874e-006	9.282542e-006	1.409847e-007	9.133936e-008	4.624677e-006
3.080650719453007e-008	-9.697732e-006	9.310922e-006	1.408422e-007	9.121371e-008	4.627993e-006
3.080781602177962e-008	-9.668269e-006	9.337599e-006	1.407004e-007	9.108877e-008	4.631088e-006
3.080912484902918e-008	-9.640484e-006	9.362575e-006	1.405592e-007	9.096451e-008	4.633962e-006
3.081043367627873e-008	-9.614377e-006	9.385849e-006	1.404186e-007	9.084096e-008	4.636615e-006
3.081143367627873e-008	-9.594926e-006	9.403124e-006	1.403116e-007	9.074694e-008	4.638514e-006
3.081185167345867e-008	-9.587054e-006	9.410084e-006	1.402669e-007	9.070774e-008	4.639272e-006
3.081197665393218e-008	-9.584768e-006	9.412096e-006	1.402536e-007	9.069604e-008	4.639490e-006
3.081210089084129e-008	-9.582521e-006	9.414071e-006	1.402404e-007	9.068442e-008	4.639703e-006
3.081211791271166e-008	-9.582209e-006	9.414346e-006	1.402386e-007	9.068283e-008	4.639733e-006
3.081212388826045e-008	-9.582099e-006	9.414443e-006	1.402379e-007	9.068227e-008	4.639743e-006
3.081212848793878e-008	-9.582013e-006	9.414518e-006	1.402374e-007	9.068184e-008	4.639751e-006
3.081213469450055e-008	-9.581900e-006	9.414619e-006	1.402368e-007	9.068126e-008	4.639761e-006
3.081214197435791e-008	-9.581765e-006	9.414737e-006	1.402360e-007	9.068058e-008	4.639774e-006
3.081214910251790e-008	-9.581634e-006	9.414853e-006	1.402352e-007	9.067991e-008	4.639786e-006
3.081215603258140e-008	-9.581506e-006	9.414965e-006	1.402345e-007	9.067926e-008	4.639798e-006
3.081216283590935e-008	-9.581380e-006	9.415076e-006	1.402338e-007	9.067863e-008	4.639810e-006
3.081216972415584e-008	-9.581253e-006	9.415188e-006	1.402330e-007	9.067799e-008	4.639822e-006
3.081217660329871e-008	-9.581127e-006	9.415300e-006	1.402323e-007	9.067735e-008	4.639834e-006
3.081218351676544e-008	-9.580998e-006	9.415412e-006	1.402316e-007	9.067670e-008	4.639845e-006
3.081219039535786e-008	-9.580871e-006	9.415525e-006	1.402308e-007	9.067605e-008	4.639857e-006
3.081219773803723e-008	-9.580735e-006	9.415644e-006	1.402301e-007	9.067537e-008	4.639870e-006
3.081220635031978e-008	-9.580576e-006	9.415785e-006	1.402291e-007	9.067456e-008	4.639885e-006
3.081221617042933e-008	-9.580394e-006	9.415945e-006	1.402281e-007	9.067364e-008	4.639902e-006
3.081222781419715e-008	-9.580179e-006	9.416135e-006	1.402268e-007	9.067256e-008	4.639922e-006
3.081225860229902e-008	-9.579607e-006	9.416640e-006	1.402236e-007	9.066968e-008	4.639975e-006
3.081528580317870e-008	-9.521990e-006	9.467554e-006	1.399030e-007	9.038876e-008	4.645197e-006
3.081831300405838e-008	-9.464734e-006	9.518004e-006	1.395855e-007	9.011123e-008	4.650412e-006
3.082134020493806e-008	-9.407838e-006	9.567990e-006	1.392712e-007	8.983711e-008	4.655619e-006
3.082436740581773e-008	-9.351303e-006	9.617510e-006	1.389601e-007	8.956639e-008	4.660818e-006
3.082739460669741e-008	-9.295128e-006	9.666566e-006	1.386521e-007	8.929907e-008	4.666009e-006
3.083042180757709e-008	-9.239313e-006	9.715158e-006	1.383473e-007	8.903515e-008	4.671192e-006
3.083344900845677e-008	-9.183859e-006	9.763285e-006	1.380457e-007	8.877463e-008	4.676367e-006
3.085330615131393e-008	-8.831278e-006	1.006449e-005	1.361610e-007	8.716794e-008	4.710168e-006
3.087316329417110e-008	-8.492938e-006	1.034883e-005	1.343745e-007	8.566375e-008	4.743733e-006
3.089302043702826e-008	-8.168841e-006	1.061631e-005	1.326861e-007	8.426206e-008	4.777060e-006
3.091287757988543e-008	-7.858986e-006	1.086691e-005	1.310958e-007	8.296288e-008	4.810149e-006
3.093273472274259e-008	-7.563374e-006	1.110065e-005	1.296037e-007	8.176620e-008	4.843002e-006
3.095259186559976e-008	-7.282003e-006	1.131751e-005	1.282097e-007	8.067202e-008	4.875618e-006
3.097244900845692e-008	-7.014874e-006	1.151751e-005	1.269138e-007	7.968035e-008	4.907996e-006
3.098159186559980e-008	-6.895453e-006	1.160588e-005	1.263342e-007	7.924002e-008	4.922836e-006
3.099073472274266e-008	-6.778439e-006	1.169162e-005	1.257682e-007	7.881316e-008	4.937631e-006
3.099987757988553e-008	-6.663832e-006	1.177472e-005	1.252156e-007	7.839977e-008	4.952382e-006
3.100902043702839e-008	-6.551633e-006	1.185518e-005	1.246766e-007	7.799984e-008	4.967087e-006
3.101816329417126e-008	-6.441841e-006	1.193300e-005	1.241512e-007	7.761338e-008	4.981748e-006
3.102730615131413e-008	-6.334457e-006	1.200819e-005	1.236392e-007	7.724038e-008	4.996365e-006
3.103644900845700e-008	-6.229480e-006	1.208074e-005	1.231408e-007	7.688084e-008	5.010936e-006
3.103744900845700e-008	-6.218122e-006	1.208855e-005	1.230868e-007	7.684208e-008	5.012527e-006
3.107702043702847e-008	-5.796880e-006	1.236619e-005	1.211153e-007	7.547122e-008	5.075023e-006
3.111659186559995e-008	-5.406105e-006	1.261362e-005	1.192727e-007	7.421695e-008	5.136810e-006
3.115616329417142e-008	-5.045797e-006	1.283082e-005	1.175589e-007	7.307929e-008	5.197889e-006
3.119573472274289e-008	-4.715956e-006	1.301779e-005	1.159740e-007	7.205822e-008	5.258259e-006
3.123530615131436e-008	-4.416582e-006	1.317453e-005	1.145180e-007	7.115375e-008	5.317920e-006
3.127487757988584e-008	-4.147675e-006	1.330105e-005	1.131909e-007	7.036587e-008	5.376873e-006
3.131444900845731e-008	-3.909235e-006	1.339734e-005	1.119927e-007	6.969459e-008	5.435118e-006
3.133744900845734e-008	-3.776718e-006	1.344885e-005	1.113024e-007	6.930246e-008	5.468714e-006
3.136059186560022e-008	-3.651185e-006	1.349348e-005	1.106340e-007	6.892898e-008	5.502300e-006
3.138373472274310e-008	-3.531349e-006	1.353304e-005	1.099823e-007	6.856745e-008	5.535685e-006
3.140687757988599e-008	-3.417209e-006	1.356755e-005	1.093473e-007	6.821788e-008	5.568869e-006
3.143002043702887e-008	-3.308765e-006	1.359698e-005	1.087290e-007	6.788026e-008	5.601853e-006
3.145316329417176e-008	-3.206017e-006	1.362136e-005	1.081273e-007	6.755460e-008	5.634635e-006
3.147630615131464e-008	-3.108966e-006	1.364067e-005	1.075423e-007	6.724089e-008	5.667216e-006
3.149944900845752e-008	-3.017611e-006	1.365492e-005	1.069739e-007	6.693914e-008	5.699597e-006
3.150144900845752e-008	-3.009871e-006	1.365603e-005	1.069251e-007	6.691316e-008	5.702387e-006
3.152002043702897e-008	-2.939924e-006	1.366467e-005	1.064770e-007	6.667556e-008	5.728222e-006
3.153859186560043e-008	-2.872557e-006	1.367120e-005	1.060352e-007	6.644163e-008	5.753939e-006
3.155716329417187e-008	-2.807771e-006	1.367561e-005	1.055997e-007	6.621137e-008	5.779538e-006
3.157573472274332e-008	-2.745565e-006	1.367791e-005	1.051705e-007	6.598477e-008	5.805018e-006
3.159430615131477e-008	-2.685940e-006	1.367810e-005	1.047475e-007	6.576185e-008	5.830379e-006
3.161287757988622e-008	-2.628895e-006	1.367618e-005	1.043308e-007	6.554259e-008	5.855621e-006
3.163144900845767e-008	-2.574431e-006	1.367214e-005	1.039204e-007	6.532699e-008	5.880745e-006
3.163744900845768e-008	-2.557223e-006	1.367055e-005	1.037886e-007	6.525765e-008	5.888838e-006
3.168016329417201e-008	-2.443337e-006	1.365228e-005	1.028699e-007	6.477498e-008	5.946084e-006
3.172287757988635e-008	-2.337571e-006	1.362806e-005	1.019684e-007	6.429925e-008	6.002763e-006
3.176559186560068e-008	-2.239926e-006	1.359789e-005	1.010841e-007	6.383046e-008	6.058876e-006
3.180830615131501e-008	-2.150401e-006	1.356177e-005	1.002169e-007	6.336860e-008	6.114422e-006
3.185102043702935e-008	-2.068996e-006	1.351970e-005	9.936694e-008	6.291368e-008	6.169402e-006
3.189373472274368e-008	-1.995711e-006	1.347168e-005	9.853414e-008	6.246570e-008	6.223814e-006
3.193644900845802e-008	-1.930546e-006	1.341770e-005	9.771852e-008	6.202465e-008	6.277660e-006
3.193744900845802e-008	-1.929042e-006	1.341643e-005	9.769946e-008	6.201430e-008	6.278915e-006
3.198016329417235e-008	-1.868606e-006	1.335954e-005	9.689288e-008	6.157445e-008	6.332221e-006
3.202287757988669e-008	-1.812082e-006	1.330030e-005	9.609536e-008	6.113703e-008	6.385020e-006
3.206559186560102e-008	-1.759469e-006	1.323871e-005	9.530689e-008	6.070203e-008	6.437312e-006
3.210830615131535e-008	-1.710767e-006	1.317477e-005	9.452749e-008	6.026947e-008	6.489096e-006
3.215102043702969e-008	-1.665977e-006	1.310849e-005	9.375715e-008	5.983933e-008	6.540372e-006
3.219373472274402e-008	-1.625099e-006	1.303986e-005	9.299588e-008	5.941162e-008	6.591141e-006
3.223644900845836e-008	-1.588132e-006	1.296888e-005	9.224366e-008	5.898633e-008	6.641403e-006
3.223744900845836e-008	-1.587277e-006	1.296722e-005	9.222611e-008	5.897639e-008	6.642574e-006
3.239944900845854e-008	-1.466052e-006	1.269031e-005	8.943337e-008	5.737999e-008	6.828870e-006
3.240044900845854e-008	-1.465397e-006	1.268856e-005	8.941643e-008	5.737023e-008	6.829999e-006
3.240244900845855e-008	-1.464090e-006	1.268506e-005	8.938257e-008	5.735070e-008	6.832256e-006
3.253744900845870e-008	-1.384200e-006	1.244636e-005	8.712791e-008	5.604270e-008	6.982307e-006
3.258016329417303e-008	-1.362141e-006	1.236991e-005	8.642725e-008	5.563306e-008	7.028837e-006
3.262287757988737e-008	-1.341038e-006	1.229347e-005	8.573215e-008	5.522561e-008	7.074937e-006
3.266559186560170e-008	-1.320892e-006	1.221703e-005	8.504259e-008	5.482037e-008	7.120607e-006
3.270830615131603e-008	-1.301702e-006	1.214059e-005	8.435859e-008	5.441734e-008	7.165848e-006
3.275102043703037e-008	-1.283468e-006	1.206415e-005	8.368014e-008	5.401651e-008	7.210660e-006
3.279373472274470e-008	-1.266190e-006	1.198771e-005	8.300724e-008	5.361788e-008	7.255041e-006
3.283644900845904e-008	-1.249869e-006	1.191127e-005	8.233989e-008	5.322146e-008	7.298994e-006
3.283744900845904e-008	-1.249490e-006	1.190948e-005	8.232432e-008	5.321220e-008	7.300018e-006
3.313744900845938e-008	-1.149595e-006	1.138148e-005	7.778195e-008	5.049499e-008	7.597282e-006
3.326944900845953e-008	-1.112165e-006	1.115502e-005	7.586077e-008	4.933690e-008	7.721958e-006
3.328487757988812e-008	-1.107985e-006	1.112882e-005	7.563938e-008	4.920305e-008	7.736295e-006
3.330030615131670e-008	-1.103839e-006	1.110268e-005	7.541844e-008	4.906951e-008	7.750582e-006
3.331573472274530e-008	-1.099727e-006	1.107661e-005	7.519796e-008	4.893628e-008	7.764822e-006
3.333116329417389e-008	-1.095649e-006	1.105059e-005	7.497793e-008	4.880337e-008	7.779013e-006
3.334659186560248e-008	-1.091605e-006	1.102464e-005	7.475837e-008	4.867078e-008	7.793155e-006
3.336202043703106e-008	-1.087596e-006	1.099874e-005	7.453925e-008	4.853849e-008	7.807249e-006
3.337744900845965e-008	-1.083620e-006	1.097291e-005	7.432060e-008	4.840652e-008	7.821295e-006
3.343744900845972e-008	-1.068433e-006	1.087304e-005	7.347113e-008	4.789633e-008	7.875466e-006
3.347744900845977e-008	-1.058560e-006	1.080698e-005	7.290523e-008	4.755890e-008	7.911176e-006
3.351744900845981e-008	-1.048838e-006	1.074135e-005	7.234351e-008	4.722360e-008	7.946579e-006
3.355744900845986e-008	-1.039268e-006	1.067616e-005	7.178599e-008	4.689041e-008	7.981673e-006
3.359744900845990e-008	-1.029848e-006	1.061141e-005	7.123265e-008	4.655933e-008	8.016460e-006
3.363744900845995e-008	-1.020580e-006	1.054709e-005	7.068350e-008	4.623038e-008	8.050939e-006
3.367744900845999e-008	-1.011463e-006	1.048321e-005	7.013854e-008	4.590355e-008	8.085110e-006
3.371744900846004e-008	-1.002497e-006	1.041976e-005	6.959777e-008	4.557883e-008	8.118973e-006
3.373744900846006e-008	-9.980541e-007	1.038821e-005	6.932974e-008	4.541725e-008	8.135795e-006
3.403744900846040e-008	-9.348972e-007	9.928096e-006	6.543949e-008	4.305527e-008	8.379385e-006
3.405759186560328e-008	-9.316632e-007	9.898329e-006	6.518642e-008	4.290078e-008	8.395163e-006
3.407773472274616e-008	-9.279473e-007	9.868516e-006	6.493427e-008	4.274680e-008	8.410873e-006
3.409787757988904e-008	-9.237495e-007	9.838658e-006	6.468306e-008	4.259333e-008	8.426515e-006
3.411802043703192e-008	-9.190696e-007	9.808754e-006	6.443279e-008	4.244035e-008	8.442088e-006
3.413816329417480e-008	-9.139078e-007	9.778803e-006	6.418345e-008	4.228788e-008	8.457593e-006
3.415830615131768e-008	-9.082640e-007	9.748808e-006	6.393504e-008	4.213591e-008	8.473030e-006
3.417844900846056e-008	-9.021382e-007	9.718766e-006	6.368757e-008	4.198445e-008	8.488398e-006
3.418616329417486e-008	-8.963387e-007	9.706154e-006	6.359305e-008	4.192661e-008	8.494275e-006
3.419387757988915e-008	-8.831456e-007	9.691578e-006	6.349852e-008	4.186872e-008	8.500164e-006
3.420159186560345e-008	-8.625588e-007	9.675036e-006	6.340397e-008	4.181077e-008	8.506064e-006
3.420930615131774e-008	-8.345785e-007	9.656529e-006	6.330939e-008	4.175277e-008	8.511976e-006
3.421702043703203e-008	-7.992045e-007	9.636056e-006	6.321479e-008	4.169472e-008	8.517900e-006
3.422473472274633e-008	-7.564369e-007	9.613618e-006	6.312017e-008	4.163662e-008	8.523836e-006
3.423244900846062e-008	-7.062757e-007	9.589215e-006	6.302552e-008	4.157847e-008	8.529783e-006
3.424102043703206e-008	-6.347561e-007	9.557903e-006	6.292019e-008	4.151367e-008	8.536427e-006
3.424959186560350e-008	-5.493014e-007	9.523367e-006	6.281443e-008	4.144845e-008	8.543103e-006
3.425816329417494e-008	-4.499116e-007	9.485607e-006	6.270825e-008	4.138282e-008	8.549810e-006
3.426673472274637e-008	-3.365867e-007	9.444624e-006	6.260164e-008	4.131678e-008	8.556549e-006
3.427530615131781e-008	-2.093267e-007	9.400417e-006	6.249462e-008	4.125032e-008	8.563320e-006
3.428387757988925e-008	-6.813152e-008	9.352986e-006	6.238718e-008	4.118345e-008	8.570123e-006
3.429244900846069e-008	8.699874e-008	9.302332e-006	6.227931e-008	4.111616e-008	8.576957e-006
3.429873472274641e-008	2.086059e-007	9.263733e-006	6.219951e-008	4.106613e-008	8.581988e-006
3.430502043703213e-008	3.344316e-007	9.224543e-006	6.211919e-008	4.101559e-008	8.587029e-006
3.431130615131785e-008	4.644757e-007	9.184764e-006	6.203834e-008	4.096453e-008	8.592078e-006
3.431759186560358e-008	5.987382e-007	9.144395e-006	6.195697e-008	4.091296e-008	8.597137e-006
3.432387757988930e-008	7.372193e-007	9.103436e-006	6.187507e-008	4.086087e-008	8.602205e-006
3.433016329417502e-008	8.799188e-007	9.061887e-006	6.179265e-008	4.080826e-008	8.607283e-006
3.433644900846074e-008	1.026837e-006	9.019748e-006	6.170971e-008	4.075514e-008	8.612369e-006
3.433744900846074e-008	1.050220e-006	9.013103e-006	6.169660e-008	4.074678e-008	8.613178e-006
3.434816329417504e-008	1.308051e-006	8.940980e-006	6.155526e-008	4.065629e-008	8.621863e-006
3.435887757988934e-008	1.565786e-006	8.870590e-006	6.141359e-008	4.056546e-008	8.630541e-006
3.436959186560364e-008	1.823427e-006	8.801934e-006	6.127159e-008	4.047430e-008	8.639210e-006
3.438030615131793e-008	2.080972e-006	8.735011e-006	6.112926e-008	4.038280e-008	8.647872e-006
3.439102043703223e-008	2.338423e-006	8.669821e-006	6.098661e-008	4.029097e-008	8.656525e-006
3.440173472274653e-008	2.595779e-006	8.606365e-006	6.084363e-008	4.019880e-008	8.665170e-006
3.441244900846083e-008	2.853040e-006	8.544643e-006	6.070033e-008	4.010629e-008	8.673807e-006
3.442687757988942e-008	3.190047e-006	8.466930e-006	6.050781e-008	3.998216e-008	8.685401e-006
3.444130615131800e-008	3.513210e-006	8.394952e-006	6.031573e-008	3.985835e-008	8.696934e-006
3.445573472274659e-008	3.822529e-006	8.328709e-006	6.012408e-008	3.973484e-008	8.708409e-006
3.447016329417518e-008	4.118003e-006	8.268200e-006	5.993287e-008	3.961165e-008	8.719823e-006
3.448459186560377e-008	4.399634e-006	8.213427e-006	5.974208e-008	3.948877e-008	8.731178e-006
3.449902043703235e-008	4.667420e-006	8.164389e-006	5.955174e-008	3.936620e-008	8.742474e-006
3.451344900846094e-008	4.921361e-006	8.121086e-006	5.936182e-008	3.924394e-008	8.753710e-006
3.453102043703239e-008	5.212001e-006	8.074788e-006	5.913157e-008	3.909579e-008	8.767307e-006
3.454859186560384e-008	5.487951e-006	8.033101e-006	5.890343e-008	3.894935e-008	8.780823e-006
3.456616329417529e-008	5.749210e-006	7.996025e-006	5.867740e-008	3.880462e-008	8.794255e-006
3.458373472274673e-008	5.995780e-006	7.963560e-006	5.845347e-008	3.866160e-008	8.807606e-006
3.460130615131818e-008	6.227660e-006	7.935707e-006	5.823165e-008	3.852030e-008	8.820874e-006
3.461887757988963e-008	6.444851e-006	7.912465e-006	5.801193e-008	3.838072e-008	8.834060e-006
3.463644900846108e-008	6.647351e-006	7.893834e-006	5.779433e-008	3.824285e-008	8.847164e-006
3.463744900846108e-008	6.658645e-006	7.892799e-006	5.778203e-008	3.823507e-008	8.847908e-006
3.464716329417538e-008	6.766136e-006	7.883381e-006	5.766214e-008	3.815904e-008	8.855118e-006
3.465687757988968e-008	6.870462e-006	7.874694e-006	5.754295e-008	3.808356e-008	8.862306e-006
3.466659186560397e-008	6.971622e-006	7.866739e-006	5.742446e-008	3.800863e-008	8.869470e-006
3.467630615131826e-008	7.069616e-006	7.859515e-006	5.730666e-008	3.793427e-008	8.876612e-006
3.468602043703256e-008	7.164446e-006	7.853022e-006	5.718956e-008	3.786046e-008	8.883731e-006
3.469573472274686e-008	7.256109e-006	7.847261e-006	5.707315e-008	3.778721e-008	8.890827e-006
3.470544900846116e-008	7.344607e-006	7.842231e-006	5.695744e-008	3.771451e-008	8.897900e-006
3.470644900846116e-008	7.353719e-006	7.841861e-006	5.694557e-008	3.770706e-008	8.898628e-006
3.470672968279021e-008	7.356190e-006	7.841678e-006	5.694224e-008	3.770498e-008	8.898833e-006
3.470696187729908e-008	7.357526e-006	7.840821e-006	5.693949e-008	3.770324e-008	8.898995e-006
3.470757979283260e-008	7.349343e-006	7.826819e-006	5.693216e-008	3.769862e-008	8.899332e-006
3.470819770836613e-008	7.333466e-006	7.805148e-006	5.692484e-008	3.769393e-008	8.899606e-006
3.470881562389965e-008	7.309897e-006	7.775809e-006	5.691751e-008	3.768918e-008	8.899818e-006
3.470943353943316e-008	7.278633e-006	7.738801e-006	5.691020e-008	3.768435e-008	8.899968e-006
3.471005145496669e-008	7.239677e-006	7.694125e-006	5.690288e-008	3.767946e-008	8.900056e-006
3.471066937050021e-008	7.193027e-006	7.641779e-006	5.689557e-008	3.767449e-008	8.900081e-006
3.471128728603373e-008	7.138683e-006	7.581766e-006	5.688825e-008	3.766947e-008	8.900045e-006
3.471328728603373e-008	6.919118e-006	7.344083e-006	5.686461e-008	3.765233e-008	8.899570e-006
3.471528728603373e-008	6.636271e-006	7.043491e-006	5.684100e-008	3.763382e-008	8.898581e-006
3.471728728603374e-008	6.301531e-006	6.691417e-006	5.681741e-008	3.761368e-008	8.897168e-006
3.472028728603374e-008	5.729587e-006	6.094298e-006	5.678208e-008	3.758007e-008	8.894486e-006
3.472328728603374e-008	5.111543e-006	5.452112e-006	5.674683e-008	3.754211e-008	8.891438e-006
3.472628728603375e-008	4.485578e-006	4.803037e-006	5.671164e-008	3.749974e-008	8.888333e-006
3.472928728603375e-008	3.882040e-006	4.177388e-006	5.667651e-008	3.745317e-008	8.885421e-006
3.473228728603375e-008	3.322165e-006	3.596335e-006	5.664145e-008	3.740272e-008	8.882868e-006
3.473528728603376e-008	2.818559e-006	3.072410e-006	5.660645e-008	3.734887e-008	8.880773e-006
3.473828728603376e-008	2.376702e-006	2.611004e-006	5.657152e-008	3.729209e-008	8.879178e-006
3.474028728603376e-008	2.116697e-006	2.338353e-006	5.654827e-008	3.725285e-008	8.878392e-006
3.474228728603377e-008	1.883428e-006	2.092721e-006	5.652505e-008	3.721268e-008	8.877821e-006
3.474428728603377e-008	1.675544e-006	1.872731e-006	5.650185e-008	3.717168e-008	8.877452e-006
3.474628728603377e-008	1.491378e-006	1.676697e-006	5.647869e-008	3.713001e-008	8.877272e-006
3.474828728603377e-008	1.329087e-006	1.502754e-006	5.645555e-008	3.708776e-008	8.877268e-006
3.475028728603377e-008	1.186692e-006	1.348908e-006	5.643244e-008	3.704503e-008	8.877420e-006
3.475228728603378e-008	1.062099e-006	1.213048e-006	5.640936e-008	3.700191e-008	8.877714e-006
3.475428728603378e-008	9.538107e-007	1.093662e-006	5.638630e-008	3.695850e-008	8.878138e-006
3.475628728603378e-008	8.600474e-007	9.889567e-007	5.636328e-008	3.691486e-008	8.878676e-006
3.475828728603378e-008	7.791541e-007	8.972659e-007	5.634028e-008	3.687106e-008	8.879317e-006
3.476028728603379e-008	7.096146e-007	8.170632e-007	5.631730e-008	3.682716e-008	8.880046e-006
3.476228728603379e-008	6.500554e-007	7.469657e-007	5.629436e-008	3.678321e-008	8.880856e-006
3.476528728603379e-008	5.767703e-007	6.580902e-007	5.626000e-008	3.671726e-008	8.882194e-006
3.476828728603380e-008	5.196005e-007	5.855697e-007	5.622570e-008	3.665141e-008	8.883660e-006
3.477128728603380e-008	4.755712e-007	5.264104e-007	5.619146e-008	3.658576e-008	8.885230e-006
3.477428728603380e-008	4.422727e-007	4.781861e-007	5.615728e-008	3.652038e-008	8.886883e-006
3.477728728603381e-008	4.178299e-007	4.390083e-007	5.612317e-008	3.645534e-008	8.888605e-006
3.477928728603381e-008	4.058334e-007	4.172884e-007	5.610046e-008	3.641219e-008	8.889788e-006
3.478028728603381e-008	4.013719e-007	4.079932e-007	5.608911e-008	3.639069e-008	8.890390e-006
3.478114377417943e-008	3.998177e-007	4.023127e-007	5.607940e-008	3.637232e-008	8.890924e-006
3.478201279480656e-008	4.018253e-007	4.001444e-007	5.606955e-008	3.635373e-008	8.891494e-006
3.478247019122833e-008	4.046007e-007	4.007260e-007	5.606437e-008	3.634397e-008	8.891808e-006
3.478303520814418e-008	4.087825e-007	4.022024e-007	5.605797e-008	3.633193e-008	8.892200e-006
3.478399641209712e-008	4.147759e-007	4.036055e-007	5.604709e-008	3.631152e-008	8.892859e-006
3.478699641209712e-008	4.326815e-007	4.072692e-007	5.601316e-008	3.624822e-008	8.894911e-006
3.478985355495427e-008	4.497960e-007	4.109414e-007	5.598091e-008	3.618854e-008	8.896867e-006
3.479271069781142e-008	4.664557e-007	4.142729e-007	5.594872e-008	3.612940e-008	8.898820e-006
3.479556784066856e-008	4.826606e-007	4.172636e-007	5.591657e-008	3.607081e-008	8.900768e-006
3.479842498352571e-008	4.984107e-007	4.199136e-007	5.588448e-008	3.601276e-008	8.902712e-006
3.480128212638285e-008	5.137060e-007	4.222229e-007	5.585244e-008	3.595526e-008	8.904651e-006
3.480413926924000e-008	5.285465e-007	4.241914e-007	5.582046e-008	3.589830e-008	8.906587e-006
3.480699641209715e-008	5.429322e-007	4.258192e-007	5.578853e-008	3.584189e-008	8.908518e-006
3.481428212638287e-008	5.764302e-007	4.273161e-007	5.570734e-008	3.570059e-008	8.913415e-006
3.482156784066859e-008	6.074637e-007	4.270198e-007	5.562648e-008	3.556217e-008	8.918287e-006
3.482885355495431e-008	6.360327e-007	4.249302e-007	5.554594e-008	3.542663e-008	8.923136e-006
3.483613926924004e-008	6.621372e-007	4.210474e-007	5.546572e-008	3.529396e-008	8.927960e-006
3.484342498352576e-008	6.857773e-007	4.153714e-007	5.538582e-008	3.516418e-008	8.932760e-006
3.485071069781148e-008	7.069529e-007	4.079022e-007	5.530624e-008	3.503728e-008	8.937536e-006
3.485799641209720e-008	7.256641e-007	3.986397e-007	5.522698e-008	3.491326e-008	8.942288e-006
3.486828212638293e-008	7.494588e-007	3.840466e-007	5.511561e-008	3.474250e-008	8.948967e-006
3.487856784066865e-008	7.717068e-007	3.689840e-007	5.500480e-008	3.457596e-008	8.955622e-006
3.488885355495438e-008	7.924081e-007	3.534521e-007	5.489454e-008	3.441366e-008	8.962255e-006
3.489913926924011e-008	8.115625e-007	3.374507e-007	5.478484e-008	3.425559e-008	8.968864e-006
3.490942498352584e-008	8.291703e-007	3.209799e-007	5.467569e-008	3.410175e-008	8.975451e-006
3.491971069781156e-008	8.452312e-007	3.040397e-007	5.456709e-008	3.395213e-008	8.982015e-006
3.492999641209729e-008	8.597455e-007	2.866302e-007	5.445905e-008	3.380675e-008	8.988555e-006
3.493099641209729e-008	8.611963e-007	2.850171e-007	5.444858e-008	3.379276e-008	8.989191e-006
3.493942498352587e-008	8.731051e-007	2.714953e-007	5.436053e-008	3.367642e-008	8.994541e-006
3.494785355495445e-008	8.847627e-007	2.582719e-007	5.427274e-008	3.356225e-008	8.999881e-006
3.495628212638303e-008	8.961691e-007	2.453467e-007	5.418522e-008	3.345025e-008	9.005211e-006
3.496471069781161e-008	9.073243e-007	2.327199e-007	5.409796e-008	3.334041e-008	9.010531e-006
3.497313926924020e-008	9.182282e-007	2.203913e-007	5.401096e-008	3.323275e-008	9.015841e-006
3.498156784066877e-008	9.288809e-007	2.083610e-007	5.392423e-008	3.312725e-008	9.021142e-006
3.498999641209735e-008	9.392824e-007	1.966290e-007	5.383776e-008	3.302392e-008	9.026433e-006
3.499342498352593e-008	9.434925e-007	1.919581e-007	5.380142e-008	3.298239e-008	9.028583e-006
3.499685355495450e-008	9.476758e-007	1.873366e-007	5.376160e-008	3.294116e-008	9.030731e-006
3.500028212638308e-008	9.518324e-007	1.827643e-007	5.371831e-008	3.290024e-008	9.032877e-006
3.500371069781166e-008	9.559622e-007	1.782414e-007	5.367154e-008	3.285963e-008	9.035022e-006
3.500713926924023e-008	9.600653e-007	1.737679e-007	5.362129e-008	3.281932e-008	9.037166e-006
3.501056784066880e-008	9.641416e-007	1.693436e-007	5.356756e-008	3.277932e-008	9.039308e-006
3.501399641209738e-008	9.681912e-007	1.649687e-007	5.351036e-008	3.273963e-008	9.041448e-006
3.501899641209739e-008	9.740515e-007	1.586761e-007	5.342171e-008	3.268228e-008	9.044566e-006
3.502399641209739e-008	9.798586e-007	1.524732e-007	5.332582e-008	3.262552e-008	9.047682e-006
3.502899641209740e-008	9.856126e-007	1.463599e-007	5.322267e-008	3.256934e-008	9.050793e-006
3.503399641209740e-008	9.913134e-007	1.403363e-007	5.311228e-008	3.251375e-008	9.053902e-006
3.503899641209741e-008	9.969612e-007	1.344024e-007	5.299464e-008	3.245874e-008	9.057007e-006
3.504399641209742e-008	1.002556e-006	1.285582e-007	5.286976e-008	3.240431e-008	9.060108e-006
3.504899641209742e-008	1.008097e-006	1.228036e-007	5.273762e-008	3.235047e-008	9.063207e-006
3.505242498352600e-008	1.011867e-006	1.189014e-007	5.264181e-008	3.231385e-008	9.065329e-006
3.505585355495457e-008	1.015613e-006	1.150341e-007	5.254817e-008	3.227749e-008	9.067450e-006
3.505928212638315e-008	1.019334e-006	1.112017e-007	5.245669e-008	3.224136e-008	9.069570e-006
3.506271069781172e-008	1.023030e-006	1.074042e-007	5.236737e-008	3.220549e-008	9.071688e-006
3.506613926924030e-008	1.026703e-006	1.036415e-007	5.228021e-008	3.216986e-008	9.073804e-006
3.506956784066887e-008	1.030351e-006	9.991379e-008	5.219522e-008	3.213447e-008	9.075918e-006
3.507299641209745e-008	1.033974e-006	9.622094e-008	5.211240e-008	3.209934e-008	9.078031e-006
3.507985355495460e-008	1.041146e-006	8.893930e-008	5.196441e-008	3.202980e-008	9.082253e-006
3.508671069781175e-008	1.048226e-006	8.176897e-008	5.182233e-008	3.196113e-008	9.086468e-006
3.509356784066890e-008	1.055212e-006	7.470998e-008	5.168616e-008	3.189332e-008	9.090677e-006
3.510042498352605e-008	1.062105e-006	6.776230e-008	5.155590e-008	3.182636e-008	9.094879e-006
3.510728212638320e-008	1.068905e-006	6.092596e-008	5.143155e-008	3.176027e-008	9.099075e-006
3.511413926924036e-008	1.075612e-006	5.420094e-008	5.131312e-008	3.169503e-008	9.103265e-006
3.512099641209750e-008	1.082226e-006	4.758725e-008	5.120059e-008	3.163066e-008	9.107448e-006
3.513656784066895e-008	1.096874e-006	3.296724e-008	5.095311e-008	3.148773e-008	9.116923e-006
3.515213926924040e-008	1.111139e-006	1.873263e-008	5.071518e-008	3.134811e-008	9.126365e-006
3.516771069781184e-008	1.125020e-006	4.883415e-009	5.048682e-008	3.121181e-008	9.135774e-006
3.518328212638329e-008	1.138518e-006	-8.580406e-009	5.026802e-008	3.107881e-008	9.145150e-006
3.519885355495473e-008	1.151633e-006	-2.165883e-008	5.005878e-008	3.094913e-008	9.154494e-006
3.521442498352618e-008	1.164365e-006	-3.435186e-008	4.985911e-008	3.082277e-008	9.163805e-006
3.522999641209763e-008	1.176713e-006	-4.665950e-008	4.966900e-008	3.069971e-008	9.173084e-006
3.523099641209763e-008	1.177499e-006	-4.744333e-008	4.965677e-008	3.069187e-008	9.173678e-006
3.525328212638337e-008	1.194579e-006	-6.449438e-008	4.938712e-008	3.052084e-008	9.186897e-006
3.527556784066911e-008	1.211187e-006	-8.107684e-008	4.912767e-008	3.035398e-008	9.200051e-006
3.529785355495484e-008	1.227324e-006	-9.719071e-008	4.887844e-008	3.019129e-008	9.213139e-006
3.532013926924059e-008	1.242989e-006	-1.128360e-007	4.863941e-008	3.003276e-008	9.226161e-006
3.534242498352633e-008	1.258183e-006	-1.280127e-007	4.841059e-008	2.987840e-008	9.239118e-006
3.536471069781207e-008	1.272905e-006	-1.427207e-007	4.819198e-008	2.972821e-008	9.252009e-006
3.538699641209780e-008	1.287156e-006	-1.569602e-007	4.798358e-008	2.958218e-008	9.264834e-006
3.553099641209797e-008	1.372487e-006	-2.421801e-007	4.680549e-008	2.869963e-008	9.346171e-006
3.557371069781230e-008	1.395695e-006	-2.653521e-007	4.649381e-008	2.845679e-008	9.369787e-006
3.561642498352664e-008	1.418371e-006	-2.879918e-007	4.618464e-008	2.821856e-008	9.393178e-006
3.565913926924097e-008	1.440516e-006	-3.100994e-007	4.587798e-008	2.798495e-008	9.416346e-006
3.570185355495530e-008	1.462128e-006	-3.316748e-007	4.557383e-008	2.775596e-008	9.439291e-006
3.574456784066964e-008	1.483209e-006	-3.527180e-007	4.527219e-008	2.753158e-008	9.462012e-006
3.578728212638397e-008	1.503757e-006	-3.732290e-007	4.497306e-008	2.731182e-008	9.484509e-006
3.582999641209831e-008	1.523774e-006	-3.932078e-007	4.467644e-008	2.709667e-008	9.506783e-006
3.583099641209831e-008	1.524241e-006	-3.936741e-007	4.466940e-008	2.709164e-008	9.507302e-006
3.613099641209865e-008	1.656432e-006	-5.256034e-007	4.249902e-008	2.564583e-008	9.657721e-006
3.643099641209899e-008	1.775955e-006	-6.448792e-007	4.026120e-008	2.429346e-008	9.798037e-006
3.647371069781332e-008	1.792092e-006	-6.609822e-007	3.994092e-008	2.410702e-008	9.817224e-006
3.651642498352766e-008	1.808034e-006	-6.768905e-007	3.962121e-008	2.392191e-008	9.836223e-006
3.655913926924199e-008	1.823782e-006	-6.926040e-007	3.930205e-008	2.373814e-008	9.855034e-006
3.660185355495632e-008	1.839334e-006	-7.081228e-007	3.898346e-008	2.355569e-008	9.873658e-006
3.664456784067066e-008	1.854691e-006	-7.234468e-007	3.866542e-008	2.337457e-008	9.892094e-006
3.668728212638499e-008	1.869853e-006	-7.385761e-007	3.834794e-008	2.319478e-008	9.910342e-006
3.672999641209933e-008	1.884820e-006	-7.535106e-007	3.803102e-008	2.301632e-008	9.928403e-006
3.673099641209933e-008	1.885168e-006	-7.538581e-007	3.802362e-008	2.301216e-008	9.928824e-006
3.703099641209967e-008	1.985247e-006	-8.537137e-007	3.583428e-008	2.179348e-008	1.005061e-005
3.733099641210001e-008	2.077011e-006	-9.452686e-007	3.372151e-008	2.063314e-008	1.016391e-005
3.739999641210009e-008	2.097005e-006	-9.652166e-007	3.324798e-008	2.037419e-008	1.018882e-005
3.740299641210009e-008	2.097865e-006	-9.660747e-007	3.322750e-008	2.036300e-008	1.018989e-005
3.763099641210035e-008	2.161057e-006	-1.029119e-006	3.169827e-008	1.952824e-008	1.026919e-005
3.793099641210069e-008	2.238823e-006	-1.106412e-006	2.976856e-008	1.847623e-008	1.036689e-005
3.823099641210103e-008	2.314539e-006	-1.182242e-006	2.793116e-008	1.747307e-008	1.045743e-005
3.825328212638677e-008	2.319767e-006	-1.187459e-006	2.779831e-008	1.740045e-008	1.046388e-005
3.827556784067251e-008	2.324945e-006	-1.192624e-006	2.766595e-008	1.732811e-008	1.047029e-005
3.829785355495825e-008	2.330071e-006	-1.197737e-006	2.753410e-008	1.725603e-008	1.047667e-005
3.832013926924399e-008	2.335146e-006	-1.202798e-006	2.740274e-008	1.718422e-008	1.048301e-005
3.834242498352973e-008	2.340170e-006	-1.207807e-006	2.727188e-008	1.711268e-008	1.048931e-005
3.836471069781547e-008	2.345142e-006	-1.212765e-006	2.714152e-008	1.704141e-008	1.049558e-005
3.838699641210121e-008	2.350063e-006	-1.217670e-006	2.701166e-008	1.697041e-008	1.050181e-005
3.853099641210137e-008	2.380838e-006	-1.248369e-006	2.618431e-008	1.651801e-008	1.054120e-005
3.866199641210152e-008	2.407434e-006	-1.274896e-006	2.544870e-008	1.611593e-008	1.057575e-005
3.867371069781582e-008	2.409723e-006	-1.277190e-006	2.540916e-008	1.608041e-008	1.057878e-005
3.868542498353012e-008	2.412041e-006	-1.279496e-006	2.531056e-008	1.604496e-008	1.058180e-005
3.869713926924442e-008	2.414388e-006	-1.281813e-006	2.515289e-008	1.600957e-008	1.058482e-005
3.870885355495871e-008	2.416764e-006	-1.284142e-006	2.493615e-008	1.597426e-008	1.058782e-005
3.872056784067301e-008	2.419168e-006	-1.286483e-006	2.466034e-008	1.593901e-008	1.059081e-005
3.873228212638731e-008	2.421602e-006	-1.288835e-006	2.432545e-008	1.590384e-008	1.059380e-005
3.874399641210161e-008	2.424065e-006	-1.291199e-006	2.393150e-008	1.586873e-008	1.059677e-005
3.875142498353019e-008	2.425684e-006	-1.292731e-006	2.360920e-008	1.584650e-008	1.059865e-005
3.875885355495877e-008	2.427344e-006	-1.294295e-006	2.325095e-008	1.582430e-008	1.060053e-005
3.876628212638735e-008	2.429046e-006	-1.295892e-006	2.285676e-008	1.580212e-008	1.060241e-005
3.877371069781593e-008	2.430789e-006	-1.297521e-006	2.242664e-008	1.577996e-008	1.060428e-005
3.878113926924451e-008	2.432573e-006	-1.299183e-006	2.196057e-008	1.575783e-008	1.060614e-005
3.878856784067309e-008	2.434399e-006	-1.300877e-006	2.145857e-008	1.573572e-008	1.060801e-005
3.879599641210167e-008	2.436266e-006	-1.302604e-006	2.092063e-008	1.571364e-008	1.060987e-005
3.880085355495882e-008	2.437515e-006	-1.303760e-006	2.055472e-008	1.569921e-008	1.061108e-005
3.880571069781597e-008	2.438781e-006	-1.304935e-006	2.018061e-008	1.568480e-008	1.061229e-005
3.881056784067311e-008	2.440066e-006	-1.306129e-006	1.979830e-008	1.567039e-008	1.061350e-005
3.881542498353027e-008	2.441370e-006	-1.307343e-006	1.940779e-008	1.565599e-008	1.061471e-005
3.882028212638741e-008	2.442691e-006	-1.308576e-006	1.900909e-008	1.564160e-008	1.061592e-005
3.882513926924456e-008	2.444031e-006	-1.309829e-006	1.860218e-008	1.562721e-008	1.061713e-005
3.882999641210171e-008	2.445389e-006	-1.311101e-006	1.818707e-008	1.561284e-008	1.061833e-005
3.883099641210171e-008	2.445670e-006	-1.311365e-006	1.810149e-008	1.560988e-008	1.061858e-005
3.884013926924458e-008	2.448288e-006	-1.313829e-006	1.729994e-008	1.558285e-008	1.062084e-005
3.884928212638744e-008	2.450947e-006	-1.316355e-006	1.649938e-008	1.555585e-008	1.062310e-005
3.885842498353031e-008	2.453647e-006	-1.318942e-006	1.569980e-008	1.552887e-008	1.062535e-005
3.886756784067318e-008	2.456388e-006	-1.321591e-006	1.490121e-008	1.550191e-008	1.062759e-005
3.887671069781605e-008	2.459171e-006	-1.324300e-006	1.410361e-008	1.547498e-008	1.062983e-005
3.888585355495891e-008	2.461995e-006	-1.327071e-006	1.330699e-008	1.544808e-008	1.063206e-005
3.889499641210178e-008	2.464860e-006	-1.329903e-006	1.251136e-008	1.542119e-008	1.063429e-005
3.890128212638750e-008	2.466839e-006	-1.331875e-006	1.197667e-008	1.540273e-008	1.063582e-005
3.890756784067322e-008	2.468825e-006	-1.333861e-006	1.145015e-008	1.538427e-008	1.063735e-005
3.891385355495894e-008	2.470816e-006	-1.335862e-006	1.093180e-008	1.536582e-008	1.063887e-005
3.892013926924467e-008	2.472813e-006	-1.337877e-006	1.042162e-008	1.534738e-008	1.064039e-005
3.892642498353039e-008	2.474817e-006	-1.339907e-006	9.919614e-009	1.532895e-008	1.064191e-005
3.893271069781611e-008	2.476827e-006	-1.341951e-006	9.425777e-009	1.531053e-008	1.064342e-005
3.893899641210183e-008	2.478843e-006	-1.344010e-006	8.940111e-009	1.529212e-008	1.064494e-005
3.894599641210184e-008	2.481090e-006	-1.346314e-006	8.416070e-009	1.527163e-008	1.064662e-005
3.895299641210185e-008	2.483332e-006	-1.348616e-006	7.906945e-009	1.525115e-008	1.064829e-005
3.895999641210186e-008	2.485568e-006	-1.350919e-006	7.412735e-009	1.523069e-008	1.064997e-005
3.896699641210186e-008	2.487798e-006	-1.353221e-006	6.933442e-009	1.521024e-008	1.065164e-005
3.897399641210187e-008	2.490023e-006	-1.355523e-006	6.469064e-009	1.518980e-008	1.065331e-005
3.898099641210188e-008	2.492242e-006	-1.357825e-006	6.019603e-009	1.516938e-008	1.065497e-005
3.898799641210189e-008	2.494455e-006	-1.360126e-006	5.585057e-009	1.514897e-008	1.065664e-005
3.905999641210197e-008	2.516300e-006	-1.382866e-006	1.811361e-009	1.493993e-008	1.067354e-005
3.906099641210197e-008	2.516590e-006	-1.383167e-006	1.766487e-009	1.493704e-008	1.067378e-005
3.906127708643102e-008	2.516672e-006	-1.383251e-006	1.758666e-009	1.493623e-008	1.067384e-005
3.906138023581646e-008	2.516701e-006	-1.383282e-006	1.758020e-009	1.493593e-008	1.067387e-005
3.906145552838431e-008	2.516723e-006	-1.383304e-006	1.755180e-009	1.493571e-008	1.067388e-005
3.906153589693070e-008	2.516746e-006	-1.383329e-006	1.752386e-009	1.493548e-008	1.067390e-005
3.906155005835727e-008	2.516750e-006	-1.383333e-006	1.751607e-009	1.493544e-008	1.067391e-005
3.910359935887380e-008	2.528510e-006	-1.395482e-006	2.057103e-010	1.481427e-008	1.068362e-005
3.920859935887392e-008	2.554018e-006	-1.421510e-006	-3.619824e-009	1.451533e-008	1.070740e-005
3.921117078744535e-008	2.554571e-006	-1.422071e-006	-3.713335e-009	1.450808e-008	1.070797e-005
3.921374221601679e-008	2.555121e-006	-1.422628e-006	-3.808295e-009	1.450084e-008	1.070854e-005
3.921631364458822e-008	2.555667e-006	-1.423182e-006	-3.904704e-009	1.449359e-008	1.070911e-005
3.921888507315965e-008	2.556211e-006	-1.423732e-006	-4.002562e-009	1.448636e-008	1.070969e-005
3.922145650173108e-008	2.556751e-006	-1.424279e-006	-4.101868e-009	1.447912e-008	1.071026e-005
3.922402793030251e-008	2.557287e-006	-1.424823e-006	-4.202623e-009	1.447189e-008	1.071083e-005
3.922659935887394e-008	2.557821e-006	-1.425363e-006	-4.304828e-009	1.446467e-008	1.071140e-005
3.923174221601681e-008	2.558877e-006	-1.426433e-006	-4.517007e-009	1.445023e-008	1.071254e-005
3.923688507315967e-008	2.559921e-006	-1.427489e-006	-4.732438e-009	1.443580e-008	1.071368e-005
3.924202793030253e-008	2.560952e-006	-1.428532e-006	-4.951122e-009	1.442139e-008	1.071482e-005
3.924717078744539e-008	2.561970e-006	-1.429562e-006	-5.173057e-009	1.440700e-008	1.071596e-005
3.925231364458826e-008	2.562976e-006	-1.430578e-006	-5.398244e-009	1.439262e-008	1.071709e-005
3.925745650173112e-008	2.563969e-006	-1.431581e-006	-5.626683e-009	1.437826e-008	1.071822e-005
3.926259935887398e-008	2.564949e-006	-1.432571e-006	-5.858373e-009	1.436391e-008	1.071935e-005
3.927017078744542e-008	2.566368e-006	-1.434005e-006	-6.199107e-009	1.434281e-008	1.072101e-005
3.927774221601686e-008	2.567763e-006	-1.435413e-006	-6.540207e-009	1.432175e-008	1.072267e-005
3.928531364458830e-008	2.569132e-006	-1.436794e-006	-6.881674e-009	1.430073e-008	1.072433e-005
3.929288507315973e-008	2.570476e-006	-1.438149e-006	-7.223507e-009	1.427973e-008	1.072598e-005
3.930045650173117e-008	2.571794e-006	-1.439479e-006	-7.565706e-009	1.425878e-008	1.072763e-005
3.930802793030261e-008	2.573088e-006	-1.440782e-006	-7.908272e-009	1.423785e-008	1.072927e-005
3.931559935887404e-008	2.574356e-006	-1.442059e-006	-8.251204e-009	1.421697e-008	1.073091e-005
3.940359935887414e-008	2.587501e-006	-1.455257e-006	-1.225290e-008	1.397678e-008	1.074973e-005
3.942074221601702e-008	2.586953e-006	-1.456264e-006	-1.303773e-008	1.393058e-008	1.075333e-005
3.943788507315990e-008	2.588200e-006	-1.458017e-006	-1.382451e-008	1.388454e-008	1.075692e-005
3.945502793030278e-008	2.591242e-006	-1.460517e-006	-1.461324e-008	1.383865e-008	1.076050e-005
3.947217078744565e-008	2.596080e-006	-1.463763e-006	-1.540391e-008	1.379292e-008	1.076406e-005
3.948931364458853e-008	2.602713e-006	-1.467756e-006	-1.619654e-008	1.374733e-008	1.076761e-005
3.950645650173140e-008	2.611141e-006	-1.472495e-006	-1.699111e-008	1.370191e-008	1.077115e-005
3.952359935887428e-008	2.621364e-006	-1.477981e-006	-1.778763e-008	1.365663e-008	1.077467e-005
3.953574221601715e-008	2.643970e-006	-1.490510e-006	-1.835304e-008	1.362438e-008	1.077719e-005
3.954788507316002e-008	2.663956e-006	-1.503493e-006	-1.891942e-008	1.359186e-008	1.077968e-005
3.956002793030289e-008	2.681324e-006	-1.516927e-006	-1.948680e-008	1.355908e-008	1.078215e-005
3.957217078744576e-008	2.696073e-006	-1.530814e-006	-2.005516e-008	1.352604e-008	1.078460e-005
3.958431364458864e-008	2.708204e-006	-1.545153e-006	-2.062450e-008	1.349273e-008	1.078703e-005
3.959645650173150e-008	2.717716e-006	-1.559945e-006	-2.119483e-008	1.345916e-008	1.078944e-005
3.960859935887438e-008	2.724609e-006	-1.575189e-006	-2.176614e-008	1.342533e-008	1.079182e-005
3.962202793030296e-008	2.729790e-006	-1.588084e-006	-2.239918e-008	1.338760e-008	1.079446e-005
3.963545650173155e-008	2.734890e-006	-1.599601e-006	-2.303334e-008	1.334999e-008	1.079709e-005
3.964888507316013e-008	2.739910e-006	-1.609738e-006	-2.366865e-008	1.331250e-008	1.079971e-005
3.966231364458872e-008	2.744851e-006	-1.618497e-006	-2.430508e-008	1.327512e-008	1.080233e-005
3.967574221601731e-008	2.749712e-006	-1.625876e-006	-2.494264e-008	1.323787e-008	1.080495e-005
3.968917078744589e-008	2.754493e-006	-1.631876e-006	-2.558134e-008	1.320073e-008	1.080756e-005
3.970259935887448e-008	2.759193e-006	-1.636497e-006	-2.622117e-008	1.316372e-008	1.081016e-005
3.970359935887448e-008	2.759549e-006	-1.636834e-006	-2.626886e-008	1.316098e-008	1.081035e-005
3.973888507316024e-008	2.772103e-006	-1.646006e-006	-2.795610e-008	1.306443e-008	1.081716e-005
3.977417078744599e-008	2.782312e-006	-1.653620e-006	-2.965179e-008	1.296895e-008	1.082389e-005
3.980945650173174e-008	2.790176e-006	-1.659678e-006	-3.135593e-008	1.287453e-008	1.083055e-005
3.984474221601750e-008	2.795697e-006	-1.664178e-006	-3.306851e-008	1.278119e-008	1.083713e-005
3.988002793030326e-008	2.798873e-006	-1.667121e-006	-3.478954e-008	1.268891e-008	1.084365e-005
3.991531364458901e-008	2.799705e-006	-1.668507e-006	-3.651901e-008	1.259770e-008	1.085008e-005
3.995059935887476e-008	2.798192e-006	-1.668336e-006	-3.825694e-008	1.250756e-008	1.085645e-005
4.000359935887482e-008	2.795751e-006	-1.665637e-006	-4.087994e-008	1.237670e-008	1.086590e-005
4.030359935887516e-008	2.769549e-006	-1.637675e-006	-5.604696e-008	1.168368e-008	1.091655e-005
4.060359935887550e-008	2.754569e-006	-1.621866e-006	-7.171909e-008	1.104076e-008	1.096256e-005
4.064631364458984e-008	2.753919e-006	-1.621163e-006	-7.398881e-008	1.095175e-008	1.096875e-005
4.068902793030417e-008	2.753502e-006	-1.620691e-006	-7.626713e-008	1.086322e-008	1.097486e-005
4.073174221601851e-008	2.753319e-006	-1.620451e-006	-7.855403e-008	1.077520e-008	1.098089e-005
4.077445650173284e-008	2.753368e-006	-1.620442e-006	-8.084953e-008	1.068767e-008	1.098682e-005
4.081717078744717e-008	2.753651e-006	-1.620664e-006	-8.315361e-008	1.060063e-008	1.099267e-005
4.085988507316151e-008	2.754167e-006	-1.621118e-006	-8.546628e-008	1.051410e-008	1.099843e-005
4.090259935887584e-008	2.754917e-006	-1.621803e-006	-8.778754e-008	1.042805e-008	1.100411e-005
4.090359935887584e-008	2.754935e-006	-1.621820e-006	-8.784198e-008	1.042605e-008	1.100424e-005
4.094631364459018e-008	2.755846e-006	-1.622691e-006	-9.017146e-008	1.034047e-008	1.100983e-005
4.098902793030451e-008	2.756877e-006	-1.623682e-006	-9.250848e-008	1.025537e-008	1.101534e-005
4.103174221601885e-008	2.758027e-006	-1.624794e-006	-9.485304e-008	1.017076e-008	1.102077e-005
4.107445650173318e-008	2.759297e-006	-1.626027e-006	-9.720512e-008	1.008662e-008	1.102611e-005
4.111717078744751e-008	2.760686e-006	-1.627381e-006	-9.956474e-008	1.000297e-008	1.103137e-005
4.115988507316185e-008	2.762194e-006	-1.628855e-006	-1.019319e-007	9.919800e-009	1.103655e-005
4.120259935887618e-008	2.763822e-006	-1.630450e-006	-1.043066e-007	9.837112e-009	1.104165e-005
4.120359935887618e-008	2.763860e-006	-1.630487e-006	-1.043623e-007	9.835182e-009	1.104177e-005
4.124631364459052e-008	2.765549e-006	-1.632147e-006	-1.067441e-007	9.752995e-009	1.104679e-005
4.128902793030485e-008	2.767278e-006	-1.633848e-006	-1.091325e-007	9.671311e-009	1.105173e-005
4.133174221601919e-008	2.769047e-006	-1.635590e-006	-1.115274e-007	9.590131e-009	1.105660e-005
4.137445650173352e-008	2.770856e-006	-1.637373e-006	-1.139289e-007	9.509453e-009	1.106139e-005
4.141717078744785e-008	2.772705e-006	-1.639198e-006	-1.163369e-007	9.429279e-009	1.106610e-005
4.145988507316219e-008	2.774594e-006	-1.641064e-006	-1.187515e-007	9.349608e-009	1.107073e-005
4.150259935887652e-008	2.776523e-006	-1.642971e-006	-1.211725e-007	9.270440e-009	1.107528e-005
4.150359935887652e-008	2.776568e-006	-1.643015e-006	-1.212293e-007	9.268594e-009	1.107539e-005
4.154631364459086e-008	2.778502e-006	-1.644929e-006	-1.236566e-007	9.189955e-009	1.107987e-005
4.158902793030519e-008	2.780434e-006	-1.646839e-006	-1.260895e-007	9.111835e-009	1.108428e-005
4.163174221601953e-008	2.782362e-006	-1.648748e-006	-1.285280e-007	9.034232e-009	1.108861e-005
4.167445650173386e-008	2.784288e-006	-1.650654e-006	-1.309720e-007	8.957147e-009	1.109287e-005
4.171717078744819e-008	2.786210e-006	-1.652557e-006	-1.334217e-007	8.880580e-009	1.109705e-005
4.175988507316253e-008	2.788129e-006	-1.654459e-006	-1.358770e-007	8.804531e-009	1.110117e-005
4.180259935887686e-008	2.790045e-006	-1.656357e-006	-1.383379e-007	8.729001e-009	1.110521e-005
4.180359935887686e-008	2.790090e-006	-1.656401e-006	-1.383956e-007	8.727238e-009	1.110530e-005
4.210359935887721e-008	2.802895e-006	-1.669095e-006	-1.558157e-007	8.211480e-009	1.113170e-005
4.240359935887755e-008	2.814286e-006	-1.680387e-006	-1.734492e-007	7.721058e-009	1.115478e-005
4.244631364459188e-008	2.815778e-006	-1.681864e-006	-1.759800e-007	7.653263e-009	1.115780e-005
4.248902793030622e-008	2.817236e-006	-1.683308e-006	-1.785148e-007	7.585959e-009	1.116076e-005
4.253174221602055e-008	2.818660e-006	-1.684718e-006	-1.810537e-007	7.519146e-009	1.116366e-005
4.257445650173488e-008	2.820049e-006	-1.686094e-006	-1.835965e-007	7.452824e-009	1.116650e-005
4.261717078744921e-008	2.821404e-006	-1.687437e-006	-1.861434e-007	7.386993e-009	1.116928e-005
4.265988507316355e-008	2.822725e-006	-1.688746e-006	-1.886943e-007	7.321653e-009	1.117199e-005
4.270259935887788e-008	2.824012e-006	-1.690021e-006	-1.912493e-007	7.256804e-009	1.117464e-005
4.270359935887789e-008	2.824041e-006	-1.690050e-006	-1.913091e-007	7.255292e-009	1.117470e-005
4.300359935887823e-008	2.832032e-006	-1.697959e-006	-2.093139e-007	6.813291e-009	1.119165e-005
4.303088507316397e-008	2.830886e-006	-1.697853e-006	-2.109568e-007	6.774259e-009	1.119304e-005
4.305817078744971e-008	2.830866e-006	-1.698202e-006	-2.126004e-007	6.735400e-009	1.119442e-005
4.308545650173546e-008	2.831970e-006	-1.699008e-006	-2.142448e-007	6.696715e-009	1.119577e-005
4.311274221602121e-008	2.834199e-006	-1.700269e-006	-2.158899e-007	6.658203e-009	1.119711e-005
4.314002793030695e-008	2.837552e-006	-1.701986e-006	-2.175357e-007	6.619866e-009	1.119842e-005
4.316731364459270e-008	2.842031e-006	-1.704159e-006	-2.191822e-007	6.581702e-009	1.119971e-005
4.319459935887844e-008	2.847635e-006	-1.706788e-006	-2.208294e-007	6.543712e-009	1.120099e-005
4.320802793030703e-008	2.863050e-006	-1.711011e-006	-2.216402e-007	6.525456e-009	1.120164e-005
4.322145650173561e-008	2.889157e-006	-1.724057e-006	-2.224518e-007	6.506322e-009	1.120231e-005
4.323488507316420e-008	2.925956e-006	-1.745927e-006	-2.232642e-007	6.486309e-009	1.120297e-005
4.324831364459279e-008	2.973447e-006	-1.776620e-006	-2.240774e-007	6.465417e-009	1.120364e-005
4.326174221602138e-008	3.031629e-006	-1.816137e-006	-2.248914e-007	6.443647e-009	1.120431e-005
4.327517078744996e-008	3.100504e-006	-1.864477e-006	-2.257062e-007	6.420998e-009	1.120498e-005
4.328859935887855e-008	3.180071e-006	-1.921640e-006	-2.265218e-007	6.397471e-009	1.120565e-005
4.330359935887857e-008	3.274684e-006	-2.000255e-006	-2.274348e-007	6.368244e-009	1.120637e-005
4.331574221602144e-008	3.356759e-006	-2.075783e-006	-2.281752e-007	6.342704e-009	1.120691e-005
4.332788507316431e-008	3.437962e-006	-2.154244e-006	-2.289168e-007	6.315277e-009	1.120744e-005
4.334002793030718e-008	3.518292e-006	-2.235638e-006	-2.296595e-007	6.285960e-009	1.120794e-005
4.335217078745005e-008	3.597748e-006	-2.319965e-006	-2.304034e-007	6.254756e-009	1.120842e-005
4.336431364459292e-008	3.676332e-006	-2.407224e-006	-2.311485e-007	6.221663e-009	1.120889e-005
4.337645650173579e-008	3.754042e-006	-2.497417e-006	-2.318947e-007	6.186682e-009	1.120933e-005
4.338859935887866e-008	3.830879e-006	-2.590542e-006	-2.326421e-007	6.149812e-009	1.120975e-005
4.340788507316440e-008	3.947190e-006	-2.732489e-006	-2.338319e-007	6.086288e-009	1.121042e-005
4.342717078745013e-008	4.056167e-006	-2.864047e-006	-2.350234e-007	6.021005e-009	1.121108e-005
4.344645650173587e-008	4.157808e-006	-2.985216e-006	-2.362166e-007	5.953963e-009	1.121175e-005
4.346574221602161e-008	4.252115e-006	-3.095997e-006	-2.374115e-007	5.885162e-009	1.121241e-005
4.348502793030734e-008	4.339088e-006	-3.196390e-006	-2.386081e-007	5.814602e-009	1.121308e-005
4.350431364459308e-008	4.418726e-006	-3.286394e-006	-2.398064e-007	5.742283e-009	1.121375e-005
4.352359935887882e-008	4.491029e-006	-3.366009e-006	-2.410065e-007	5.668205e-009	1.121442e-005
4.353488507316454e-008	4.530941e-006	-3.407487e-006	-2.417087e-007	5.625862e-009	1.121482e-005
4.354617078745027e-008	4.568963e-006	-3.446598e-006	-2.424111e-007	5.583888e-009	1.121522e-005
4.355745650173599e-008	4.605093e-006	-3.483344e-006	-2.431136e-007	5.542282e-009	1.121561e-005
4.356874221602173e-008	4.639332e-006	-3.517722e-006	-2.438162e-007	5.501043e-009	1.121601e-005
4.358002793030745e-008	4.671680e-006	-3.549735e-006	-2.445189e-007	5.460173e-009	1.121640e-005
4.359131364459318e-008	4.702137e-006	-3.579381e-006	-2.452218e-007	5.419671e-009	1.121679e-005
4.360259935887890e-008	4.730703e-006	-3.606661e-006	-2.459247e-007	5.379537e-009	1.121718e-005
4.360359935887891e-008	4.733158e-006	-3.609032e-006	-2.459870e-007	5.376017e-009	1.121721e-005
4.363102793030751e-008	4.788637e-006	-3.663113e-006	-2.476958e-007	5.281245e-009	1.121813e-005
4.365845650173611e-008	4.840960e-006	-3.713551e-006	-2.494036e-007	5.189921e-009	1.121904e-005
4.368588507316471e-008	4.890128e-006	-3.760345e-006	-2.511105e-007	5.102045e-009	1.121992e-005
4.371331364459332e-008	4.936139e-006	-3.803494e-006	-2.528165e-007	5.017617e-009	1.122079e-005
4.374074221602192e-008	4.978995e-006	-3.843000e-006	-2.545215e-007	4.936637e-009	1.122164e-005
4.376817078745052e-008	5.018695e-006	-3.878862e-006	-2.562255e-007	4.859105e-009	1.122247e-005
4.379559935887912e-008	5.055239e-006	-3.911081e-006	-2.579286e-007	4.785021e-009	1.122328e-005
4.381088507316485e-008	5.071727e-006	-3.930057e-006	-2.588768e-007	4.744579e-009	1.122370e-005
4.382617078745059e-008	5.086865e-006	-3.947523e-006	-2.598245e-007	4.704999e-009	1.122412e-005
4.384145650173632e-008	5.100652e-006	-3.963480e-006	-2.607717e-007	4.666281e-009	1.122453e-005
4.385674221602205e-008	5.113090e-006	-3.977928e-006	-2.617184e-007	4.628424e-009	1.122494e-005
4.387202793030778e-008	5.124178e-006	-3.990866e-006	-2.626646e-007	4.591429e-009	1.122534e-005
4.388731364459351e-008	5.133916e-006	-4.002295e-006	-2.636102e-007	4.555295e-009	1.122573e-005
4.390259935887925e-008	5.142304e-006	-4.012215e-006	-2.645554e-007	4.520023e-009	1.122612e-005
4.390359935887925e-008	5.142852e-006	-4.012820e-006	-2.646172e-007	4.517748e-009	1.122614e-005
4.398959935887934e-008	5.176792e-006	-4.047413e-006	-2.699247e-007	4.335954e-009	1.122825e-005
4.399288507316506e-008	5.177602e-006	-4.048169e-006	-2.701276e-007	4.329537e-009	1.122832e-005
4.399617078745078e-008	5.178379e-006	-4.048894e-006	-2.703322e-007	4.323158e-009	1.122840e-005
4.399945650173649e-008	5.179125e-006	-4.049586e-006	-2.705387e-007	4.316815e-009	1.122847e-005
4.400274221602222e-008	5.179838e-006	-4.050246e-006	-2.707469e-007	4.310509e-009	1.122855e-005
4.400602793030794e-008	5.180519e-006	-4.050874e-006	-2.709569e-007	4.304240e-009	1.122863e-005
4.400931364459365e-008	5.181167e-006	-4.051470e-006	-2.711688e-007	4.298008e-009	1.122870e-005
4.401259935887937e-008	5.181783e-006	-4.052034e-006	-2.713824e-007	4.291812e-009	1.122878e-005
4.401774221602224e-008	5.182682e-006	-4.052855e-006	-2.717201e-007	4.282188e-009	1.122889e-005
4.402288507316509e-008	5.183510e-006	-4.053610e-006	-2.720626e-007	4.272650e-009	1.122901e-005
4.402802793030796e-008	5.184267e-006	-4.054297e-006	-2.724099e-007	4.263197e-009	1.122912e-005
4.403317078745082e-008	5.184952e-006	-4.054918e-006	-2.727621e-007	4.253829e-009	1.122924e-005
4.403831364459369e-008	5.185566e-006	-4.055471e-006	-2.731191e-007	4.244547e-009	1.122935e-005
4.404345650173654e-008	5.186109e-006	-4.055958e-006	-2.734809e-007	4.235350e-009	1.122947e-005
4.404859935887941e-008	5.186580e-006	-4.056378e-006	-2.738475e-007	4.226239e-009	1.122958e-005
4.405188507316513e-008	5.186848e-006	-4.056616e-006	-2.740853e-007	4.220460e-009	1.122965e-005
4.405517078745084e-008	5.187090e-006	-4.056831e-006	-2.743225e-007	4.214714e-009	1.122972e-005
4.405845650173656e-008	5.187306e-006	-4.057022e-006	-2.745591e-007	4.209001e-009	1.122979e-005
4.406174221602229e-008	5.187497e-006	-4.057189e-006	-2.747951e-007	4.203321e-009	1.122986e-005
4.406502793030800e-008	5.187662e-006	-4.057332e-006	-2.750305e-007	4.197673e-009	1.122993e-005
4.406831364459372e-008	5.187801e-006	-4.057452e-006	-2.752653e-007	4.192059e-009	1.123000e-005
4.407159935887944e-008	5.187915e-006	-4.057548e-006	-2.754995e-007	4.186477e-009	1.123007e-005
4.407831364459373e-008	5.188067e-006	-4.057670e-006	-2.759695e-007	4.175174e-009	1.123022e-005
4.408502793030803e-008	5.188129e-006	-4.057707e-006	-2.764370e-007	4.163999e-009	1.123036e-005
4.409174221602232e-008	5.188100e-006	-4.057659e-006	-2.769020e-007	4.152950e-009	1.123050e-005
4.409845650173661e-008	5.187981e-006	-4.057525e-006	-2.773646e-007	4.142028e-009	1.123064e-005
4.410517078745090e-008	5.187772e-006	-4.057307e-006	-2.778247e-007	4.131233e-009	1.123077e-005
4.411188507316520e-008	5.187472e-006	-4.057003e-006	-2.782824e-007	4.120566e-009	1.123091e-005
4.411859935887949e-008	5.187082e-006	-4.056613e-006	-2.787376e-007	4.110025e-009	1.123104e-005
4.413059935887950e-008	5.186168e-006	-4.055709e-006	-2.795508e-007	4.091503e-009	1.123128e-005
4.414259935887952e-008	5.185046e-006	-4.054597e-006	-2.803618e-007	4.073331e-009	1.123151e-005
4.415459935887953e-008	5.183715e-006	-4.053276e-006	-2.811707e-007	4.055507e-009	1.123175e-005
4.416659935887954e-008	5.182176e-006	-4.051748e-006	-2.819773e-007	4.038033e-009	1.123197e-005
4.417859935887956e-008	5.180428e-006	-4.050012e-006	-2.827817e-007	4.020908e-009	1.123220e-005
4.419059935887957e-008	5.178472e-006	-4.048068e-006	-2.835839e-007	4.004133e-009	1.123241e-005
4.420259935887959e-008	5.176307e-006	-4.045915e-006	-2.843839e-007	3.987706e-009	1.123263e-005
4.420359935887959e-008	5.176121e-006	-4.045730e-006	-2.844506e-007	3.986350e-009	1.123265e-005
4.431059935887971e-008	5.150472e-006	-4.020051e-006	-2.915382e-007	3.852742e-009	1.123441e-005
4.450359935887993e-008	5.085475e-006	-3.954915e-006	-3.040241e-007	3.656451e-009	1.123688e-005
4.454631364459426e-008	5.069075e-006	-3.938486e-006	-3.067345e-007	3.619018e-009	1.123730e-005
4.458902793030860e-008	5.052437e-006	-3.921819e-006	-3.094330e-007	3.582750e-009	1.123768e-005
4.463174221602293e-008	5.035562e-006	-3.904914e-006	-3.121195e-007	3.547646e-009	1.123802e-005
4.467445650173726e-008	5.018448e-006	-3.887771e-006	-3.147942e-007	3.513708e-009	1.123832e-005
4.471717078745160e-008	5.001097e-006	-3.870389e-006	-3.174568e-007	3.480933e-009	1.123857e-005
4.475988507316593e-008	4.983509e-006	-3.852769e-006	-3.201076e-007	3.449324e-009	1.123878e-005
4.480259935888027e-008	4.965682e-006	-3.834910e-006	-3.227464e-007	3.418879e-009	1.123895e-005
4.480359935888027e-008	4.965267e-006	-3.834495e-006	-3.228081e-007	3.418168e-009	1.123896e-005
4.510359935888061e-008	4.839894e-006	-3.708912e-006	-3.411461e-007	3.219724e-009	1.123899e-005
4.540359935888095e-008	4.715660e-006	-3.584473e-006	-3.592027e-007	3.040982e-009	1.123710e-005
4.570359935888129e-008	4.594140e-006	-3.462755e-006	-3.770359e-007	2.874571e-009	1.123337e-005
4.600359935888163e-008	4.475720e-006	-3.344144e-006	-3.946692e-007	2.717764e-009	1.122791e-005
4.630359935888197e-008	4.360475e-006	-3.228716e-006	-4.121058e-007	2.569413e-009	1.122081e-005
4.660359935888231e-008	4.248353e-006	-3.116417e-006	-4.293398e-007	2.428904e-009	1.121216e-005
4.690359935888265e-008	4.139530e-006	-3.007317e-006	-4.463619e-007	2.295805e-009	1.120203e-005
4.720359935888299e-008	4.036064e-006	-2.903811e-006	-4.631619e-007	2.168975e-009	1.119051e-005
4.750359935888333e-008	3.933922e-006	-2.801499e-006	-4.797290e-007	2.048661e-009	1.117768e-005
4.766459935888351e-008	3.879900e-006	-2.747394e-006	-4.885209e-007	1.986998e-009	1.117027e-005
4.767688507316924e-008	3.875789e-006	-2.743283e-006	-4.891710e-007	1.982373e-009	1.116969e-005
4.768917078745497e-008	3.871706e-006	-2.739190e-006	-4.898648e-007	1.977760e-009	1.116911e-005
4.770145650174069e-008	3.867651e-006	-2.735113e-006	-4.906022e-007	1.973156e-009	1.116853e-005
4.771374221602643e-008	3.863626e-006	-2.731053e-006	-4.913833e-007	1.968563e-009	1.116794e-005
4.772602793031215e-008	3.859628e-006	-2.727011e-006	-4.922080e-007	1.963981e-009	1.116736e-005
4.773831364459788e-008	3.855660e-006	-2.722985e-006	-4.930764e-007	1.959409e-009	1.116677e-005
4.775059935888361e-008	3.851720e-006	-2.718977e-006	-4.939885e-007	1.954848e-009	1.116617e-005
4.775802793031219e-008	3.849376e-006	-2.716577e-006	-4.945906e-007	1.952094e-009	1.116582e-005
4.776545650174077e-008	3.847057e-006	-2.714197e-006	-4.952187e-007	1.949342e-009	1.116546e-005
4.777288507316935e-008	3.844763e-006	-2.711837e-006	-4.958727e-007	1.946593e-009	1.116510e-005
4.778031364459793e-008	3.842493e-006	-2.709497e-006	-4.965527e-007	1.943846e-009	1.116474e-005
4.778774221602651e-008	3.840249e-006	-2.707178e-006	-4.972586e-007	1.941101e-009	1.116438e-005
4.779517078745509e-008	3.838029e-006	-2.704879e-006	-4.979906e-007	1.938358e-009	1.116401e-005
4.780259935888367e-008	3.835833e-006	-2.702599e-006	-4.987484e-007	1.935617e-009	1.116365e-005
4.780359935888367e-008	3.835540e-006	-2.702295e-006	-4.988519e-007	1.935248e-009	1.116360e-005
4.781945650174083e-008	3.830980e-006	-2.697544e-006	-5.005766e-007	1.929407e-009	1.116282e-005
4.783531364459799e-008	3.826492e-006	-2.692899e-006	-5.023490e-007	1.923558e-009	1.116204e-005
4.785117078745515e-008	3.822076e-006	-2.688363e-006	-5.041691e-007	1.917704e-009	1.116126e-005
4.786702793031231e-008	3.817732e-006	-2.683934e-006	-5.060368e-007	1.911842e-009	1.116047e-005
4.788288507316947e-008	3.813460e-006	-2.679613e-006	-5.079521e-007	1.905975e-009	1.115968e-005
4.789874221602664e-008	3.809260e-006	-2.675399e-006	-5.099151e-007	1.900100e-009	1.115889e-005
4.791459935888379e-008	3.805132e-006	-2.671293e-006	-5.119258e-007	1.894219e-009	1.115809e-005
4.792617078745523e-008	3.802124e-006	-2.668337e-006	-5.133857e-007	1.889914e-009	1.115751e-005
4.793774221602668e-008	3.799116e-006	-2.665391e-006	-5.148420e-007	1.885603e-009	1.115692e-005
4.794931364459812e-008	3.796111e-006	-2.662455e-006	-5.162947e-007	1.881286e-009	1.115633e-005
4.796088507316956e-008	3.793107e-006	-2.659529e-006	-5.177438e-007	1.876964e-009	1.115575e-005
4.797245650174100e-008	3.790104e-006	-2.656613e-006	-5.191892e-007	1.872635e-009	1.115515e-005
4.798402793031245e-008	3.787103e-006	-2.653706e-006	-5.206311e-007	1.868300e-009	1.115456e-005
4.799559935888389e-008	3.784104e-006	-2.650810e-006	-5.220693e-007	1.863959e-009	1.115397e-005
4.810359935888401e-008	3.755295e-006	-2.622610e-006	-5.352406e-007	1.823462e-009	1.114834e-005
4.811945650174117e-008	3.750910e-006	-2.618254e-006	-5.371415e-007	1.817545e-009	1.114750e-005
4.813531364459833e-008	3.746473e-006	-2.613843e-006	-5.390353e-007	1.811652e-009	1.114666e-005
4.815117078745549e-008	3.741985e-006	-2.609377e-006	-5.409220e-007	1.805782e-009	1.114581e-005
4.816702793031265e-008	3.737444e-006	-2.604854e-006	-5.428016e-007	1.799935e-009	1.114497e-005
4.818288507316981e-008	3.732851e-006	-2.600276e-006	-5.446742e-007	1.794112e-009	1.114412e-005
4.819874221602698e-008	3.728206e-006	-2.595643e-006	-5.465397e-007	1.788311e-009	1.114326e-005
4.821459935888413e-008	3.723510e-006	-2.590953e-006	-5.483981e-007	1.782534e-009	1.114241e-005
4.822759935888415e-008	3.719618e-006	-2.587072e-006	-5.499476e-007	1.777823e-009	1.114170e-005
4.824059935888416e-008	3.715697e-006	-2.583159e-006	-5.514995e-007	1.773134e-009	1.114099e-005
4.825359935888418e-008	3.711746e-006	-2.579217e-006	-5.530540e-007	1.768468e-009	1.114029e-005
4.826659935888419e-008	3.707765e-006	-2.575243e-006	-5.546110e-007	1.763823e-009	1.113957e-005
4.827959935888421e-008	3.703753e-006	-2.571239e-006	-5.561705e-007	1.759202e-009	1.113886e-005
4.829259935888422e-008	3.699712e-006	-2.567205e-006	-5.577325e-007	1.754602e-009	1.113815e-005
4.830559935888424e-008	3.695641e-006	-2.563140e-006	-5.592971e-007	1.750025e-009	1.113743e-005
4.830759935888424e-008	3.695013e-006	-2.562513e-006	-5.595360e-007	1.749323e-009	1.113732e-005
4.830859935888424e-008	3.694699e-006	-2.562199e-006	-5.596555e-007	1.748547e-009	1.113726e-005
4.830888003321329e-008	3.694611e-006	-2.562111e-006	-5.596891e-007	1.752390e-009	1.113725e-005
4.830898318259873e-008	3.694578e-006	-2.562078e-006	-5.597014e-007	1.756375e-009	1.113724e-005
4.830905847516658e-008	3.694554e-006	-2.562055e-006	-5.597104e-007	1.757387e-009	1.113724e-005
4.830913884371297e-008	3.694529e-006	-2.562030e-006	-5.597200e-007	1.757800e-009	1.113723e-005
4.830915300513954e-008	3.694525e-006	-2.562025e-006	-5.597217e-007	1.757796e-009	1.113723e-005
4.837621531981702e-008	3.673135e-006	-2.540639e-006	-5.676794e-007	2.222391e-009	1.113350e-005
4.839907246267418e-008	3.663157e-006	-2.532041e-006	-5.703683e-007	2.379152e-009	1.113221e-005
4.842192960553136e-008	3.654862e-006	-2.524184e-006	-5.730463e-007	2.535091e-009	1.113092e-005
4.844478674838852e-008	3.648253e-006	-2.517069e-006	-5.757133e-007	2.690209e-009	1.112962e-005
4.846764389124569e-008	3.643327e-006	-2.510695e-006	-5.783693e-007	2.844506e-009	1.112833e-005
4.849050103410286e-008	3.640086e-006	-2.505063e-006	-5.810145e-007	2.997983e-009	1.112703e-005
4.851335817696003e-008	3.638530e-006	-2.500173e-006	-5.836486e-007	3.150638e-009	1.112573e-005
4.853621531981720e-008	3.638658e-006	-2.496024e-006	-5.862719e-007	3.302472e-009	1.112443e-005
4.854850103410293e-008	3.646006e-006	-2.498520e-006	-5.876776e-007	3.383481e-009	1.112373e-005
4.856078674838865e-008	3.651474e-006	-2.500955e-006	-5.890802e-007	3.464055e-009	1.112303e-005
4.857307246267438e-008	3.655061e-006	-2.503329e-006	-5.904799e-007	3.544194e-009	1.112232e-005
4.858535817696012e-008	3.656768e-006	-2.505643e-006	-5.918766e-007	3.623897e-009	1.112160e-005
4.859764389124584e-008	3.656594e-006	-2.507897e-006	-5.932702e-007	3.703166e-009	1.112087e-005
4.860992960553157e-008	3.654539e-006	-2.510090e-006	-5.946608e-007	3.782000e-009	1.112014e-005
4.862221531981730e-008	3.650604e-006	-2.512222e-006	-5.960484e-007	3.860399e-009	1.111939e-005
4.862978674838873e-008	3.648560e-006	-2.513025e-006	-5.969021e-007	3.908516e-009	1.111893e-005
4.863735817696017e-008	3.646537e-006	-2.513566e-006	-5.977547e-007	3.956502e-009	1.111847e-005
4.864492960553161e-008	3.644537e-006	-2.513844e-006	-5.986061e-007	4.004356e-009	1.111802e-005
4.865250103410304e-008	3.642558e-006	-2.513861e-006	-5.994564e-007	4.052080e-009	1.111756e-005
4.866007246267448e-008	3.640601e-006	-2.513616e-006	-6.003055e-007	4.099672e-009	1.111710e-005
4.866764389124592e-008	3.638666e-006	-2.513109e-006	-6.011535e-007	4.147133e-009	1.111665e-005
4.867521531981736e-008	3.636752e-006	-2.512340e-006	-6.020005e-007	4.194463e-009	1.111619e-005
4.867621531981736e-008	3.636512e-006	-2.512218e-006	-6.021123e-007	4.200707e-009	1.111613e-005
4.870535817696025e-008	3.631495e-006	-2.505083e-006	-6.053609e-007	4.381743e-009	1.111440e-005
4.873450103410314e-008	3.625686e-006	-2.497436e-006	-6.085934e-007	4.561589e-009	1.111266e-005
4.876364389124603e-008	3.619085e-006	-2.489276e-006	-6.118096e-007	4.740244e-009	1.111091e-005
4.879278674838892e-008	3.611692e-006	-2.480604e-006	-6.150097e-007	4.917709e-009	1.110915e-005
4.882192960553181e-008	3.603508e-006	-2.471418e-006	-6.181937e-007	5.093985e-009	1.110738e-005
4.885107246267470e-008	3.594532e-006	-2.461720e-006	-6.213615e-007	5.269070e-009	1.110560e-005
4.888021531981759e-008	3.584764e-006	-2.451509e-006	-6.245131e-007	5.442965e-009	1.110380e-005
4.897621531981770e-008	3.547171e-006	-2.416593e-006	-6.347839e-007	6.008370e-009	1.109782e-005
4.901892960553203e-008	3.530204e-006	-2.398926e-006	-6.392986e-007	6.256519e-009	1.109513e-005
4.906164389124637e-008	3.513207e-006	-2.381375e-006	-6.437805e-007	6.502781e-009	1.109243e-005
4.910435817696070e-008	3.496180e-006	-2.363939e-006	-6.482295e-007	6.747156e-009	1.108970e-005
4.914707246267503e-008	3.479123e-006	-2.346618e-006	-6.526455e-007	6.989644e-009	1.108696e-005
4.918978674838937e-008	3.462036e-006	-2.329414e-006	-6.570287e-007	7.230245e-009	1.108419e-005
4.923250103410370e-008	3.444919e-006	-2.312325e-006	-6.613790e-007	7.468959e-009	1.108141e-005
4.927521531981804e-008	3.427772e-006	-2.295351e-006	-6.656964e-007	7.705785e-009	1.107861e-005
4.927621531981804e-008	3.427382e-006	-2.294958e-006	-6.657971e-007	7.711307e-009	1.107854e-005
4.931892960553237e-008	3.410849e-006	-2.278273e-006	-6.700815e-007	7.946266e-009	1.107572e-005
4.936164389124671e-008	3.394610e-006	-2.261904e-006	-6.743341e-007	8.179315e-009	1.107288e-005
4.940435817696104e-008	3.378665e-006	-2.245852e-006	-6.785551e-007	8.410457e-009	1.107003e-005
4.944707246267537e-008	3.363014e-006	-2.230116e-006	-6.827443e-007	8.639690e-009	1.106715e-005
4.948978674838971e-008	3.347657e-006	-2.214697e-006	-6.869018e-007	8.867015e-009	1.106426e-005
4.953250103410404e-008	3.332594e-006	-2.199594e-006	-6.910276e-007	9.092431e-009	1.106136e-005
4.957521531981838e-008	3.317826e-006	-2.184808e-006	-6.951217e-007	9.315938e-009	1.105843e-005
4.957621531981838e-008	3.317483e-006	-2.184464e-006	-6.952172e-007	9.321147e-009	1.105836e-005
4.961892960553271e-008	3.302993e-006	-2.169937e-006	-6.992794e-007	9.542635e-009	1.105542e-005
4.966164389124705e-008	3.288709e-006	-2.155616e-006	-7.033109e-007	9.762172e-009	1.105246e-005
4.970435817696138e-008	3.274632e-006	-2.141501e-006	-7.073118e-007	9.979758e-009	1.104948e-005
4.974707246267571e-008	3.260760e-006	-2.127592e-006	-7.112821e-007	1.019539e-008	1.104649e-005
4.978978674839005e-008	3.247094e-006	-2.113888e-006	-7.152216e-007	1.040907e-008	1.104348e-005
4.983250103410438e-008	3.233634e-006	-2.100391e-006	-7.191306e-007	1.062080e-008	1.104045e-005
4.987521531981872e-008	3.220380e-006	-2.087100e-006	-7.230088e-007	1.083058e-008	1.103741e-005
4.987621531981872e-008	3.220071e-006	-2.086791e-006	-7.230993e-007	1.083547e-008	1.103734e-005
4.991892960553305e-008	3.206986e-006	-2.073675e-006	-7.269467e-007	1.104324e-008	1.103428e-005
4.996164389124739e-008	3.194042e-006	-2.060701e-006	-7.307645e-007	1.124909e-008	1.103120e-005
5.000435817696172e-008	3.181238e-006	-2.047869e-006	-7.345527e-007	1.145301e-008	1.102811e-005
5.004707246267605e-008	3.168575e-006	-2.035178e-006	-7.383113e-007	1.165501e-008	1.102500e-005
5.008978674839039e-008	3.156052e-006	-2.022629e-006	-7.420402e-007	1.185507e-008	1.102188e-005
5.013250103410472e-008	3.143670e-006	-2.010222e-006	-7.457395e-007	1.205322e-008	1.101874e-005
5.017521531981906e-008	3.131428e-006	-1.997956e-006	-7.494091e-007	1.224944e-008	1.101559e-005
5.017621531981906e-008	3.131142e-006	-1.997670e-006	-7.494947e-007	1.225401e-008	1.101552e-005
5.021892960553339e-008	3.119011e-006	-1.985516e-006	-7.531346e-007	1.244827e-008	1.101235e-005
5.026164389124773e-008	3.106974e-006	-1.973457e-006	-7.567458e-007	1.264068e-008	1.100916e-005
5.030435817696206e-008	3.095032e-006	-1.961493e-006	-7.603284e-007	1.283122e-008	1.100596e-005
5.034707246267639e-008	3.083185e-006	-1.949626e-006	-7.638823e-007	1.301990e-008	1.100275e-005
5.038978674839073e-008	3.071433e-006	-1.937853e-006	-7.674076e-007	1.320672e-008	1.099952e-005
5.043250103410506e-008	3.059776e-006	-1.926177e-006	-7.709043e-007	1.339168e-008	1.099627e-005
5.047521531981940e-008	3.048214e-006	-1.914596e-006	-7.743724e-007	1.357478e-008	1.099302e-005
5.047621531981940e-008	3.047944e-006	-1.914325e-006	-7.744533e-007	1.357905e-008	1.099294e-005
5.051892960553373e-008	3.036458e-006	-1.902821e-006	-7.778925e-007	1.376028e-008	1.098967e-005
5.056164389124807e-008	3.025041e-006	-1.891387e-006	-7.813042e-007	1.393974e-008	1.098638e-005
5.060435817696240e-008	3.013694e-006	-1.880021e-006	-7.846881e-007	1.411743e-008	1.098308e-005
5.064707246267673e-008	3.002415e-006	-1.868725e-006	-7.880445e-007	1.429335e-008	1.097976e-005
5.068978674839107e-008	2.991205e-006	-1.857498e-006	-7.913731e-007	1.446749e-008	1.097643e-005
5.073250103410540e-008	2.980064e-006	-1.846340e-006	-7.946741e-007	1.463986e-008	1.097309e-005
5.077521531981974e-008	2.968992e-006	-1.835251e-006	-7.979475e-007	1.481046e-008	1.096973e-005
5.077621531981974e-008	2.968733e-006	-1.834992e-006	-7.980237e-007	1.481443e-008	1.096965e-005
5.081892960553407e-008	2.957720e-006	-1.823963e-006	-8.012693e-007	1.498326e-008	1.096628e-005
5.086164389124841e-008	2.946762e-006	-1.812989e-006	-8.044882e-007	1.515041e-008	1.096290e-005
5.090435817696274e-008	2.935859e-006	-1.802070e-006	-8.076803e-007	1.531589e-008	1.095950e-005
5.094707246267707e-008	2.925010e-006	-1.791206e-006	-8.108457e-007	1.547969e-008	1.095609e-005
5.098978674839141e-008	2.914217e-006	-1.780397e-006	-8.139844e-007	1.564182e-008	1.095267e-005
5.103250103410574e-008	2.903478e-006	-1.769643e-006	-8.170964e-007	1.580227e-008	1.094923e-005
5.107521531982008e-008	2.892794e-006	-1.758945e-006	-8.201817e-007	1.596104e-008	1.094578e-005
5.107621531982008e-008	2.892545e-006	-1.758695e-006	-8.202537e-007	1.596474e-008	1.094570e-005
5.137621531982042e-008	2.818858e-006	-1.684907e-006	-8.411896e-007	1.703482e-008	1.092111e-005
5.167621531982076e-008	2.747405e-006	-1.613359e-006	-8.609042e-007	1.802949e-008	1.089593e-005
5.197621531982110e-008	2.677986e-006	-1.543851e-006	-8.794208e-007	1.895341e-008	1.087019e-005
5.200850103410685e-008	2.669108e-006	-1.535875e-006	-8.813433e-007	1.904883e-008	1.086738e-005
5.204078674839260e-008	2.661224e-006	-1.528311e-006	-8.832524e-007	1.914348e-008	1.086457e-005
5.207307246267835e-008	2.654334e-006	-1.521157e-006	-8.851482e-007	1.923737e-008	1.086176e-005
5.210535817696411e-008	2.648438e-006	-1.514415e-006	-8.870308e-007	1.933050e-008	1.085894e-005
5.213764389124986e-008	2.643536e-006	-1.508084e-006	-8.889001e-007	1.942286e-008	1.085612e-005
5.216992960553561e-008	2.639628e-006	-1.502164e-006	-8.907561e-007	1.951447e-008	1.085330e-005
5.220221531982136e-008	2.636714e-006	-1.496655e-006	-8.925988e-007	1.960532e-008	1.085047e-005
5.221264389124994e-008	2.642062e-006	-1.496915e-006	-8.931913e-007	1.963453e-008	1.084957e-005
5.222307246267852e-008	2.650828e-006	-1.499657e-006	-8.937826e-007	1.966339e-008	1.084868e-005
5.223350103410711e-008	2.663010e-006	-1.504882e-006	-8.943728e-007	1.969190e-008	1.084779e-005
5.224392960553569e-008	2.678610e-006	-1.512588e-006	-8.949618e-007	1.972006e-008	1.084691e-005
5.225435817696428e-008	2.697627e-006	-1.522777e-006	-8.955497e-007	1.974786e-008	1.084602e-005
5.226478674839285e-008	2.720061e-006	-1.535449e-006	-8.961364e-007	1.977530e-008	1.084514e-005
5.227521531982144e-008	2.745913e-006	-1.550602e-006	-8.967219e-007	1.980240e-008	1.084427e-005
5.227621531982144e-008	2.748508e-006	-1.552290e-006	-8.967780e-007	1.980495e-008	1.084418e-005
5.228635817696431e-008	2.777280e-006	-1.571671e-006	-8.973466e-007	1.983062e-008	1.084333e-005
5.229650103410718e-008	2.806436e-006	-1.593542e-006	-8.979142e-007	1.985543e-008	1.084246e-005
5.230664389125005e-008	2.835977e-006	-1.617903e-006	-8.984809e-007	1.987937e-008	1.084159e-005
5.231678674839291e-008	2.865902e-006	-1.644753e-006	-8.990468e-007	1.990244e-008	1.084070e-005
5.232692960553578e-008	2.896212e-006	-1.674094e-006	-8.996117e-007	1.992464e-008	1.083981e-005
5.233707246267865e-008	2.926906e-006	-1.705924e-006	-9.001758e-007	1.994597e-008	1.083891e-005
5.234721531982152e-008	2.957984e-006	-1.740244e-006	-9.007390e-007	1.996644e-008	1.083800e-005
5.236321531982154e-008	3.003057e-006	-1.798849e-006	-9.016258e-007	1.999611e-008	1.083652e-005
5.237921531982156e-008	3.046074e-006	-1.855298e-006	-9.025103e-007	2.002322e-008	1.083504e-005
5.239521531982158e-008	3.087037e-006	-1.909592e-006	-9.033925e-007	2.004777e-008	1.083356e-005
5.241121531982159e-008	3.125945e-006	-1.961731e-006	-9.042723e-007	2.006976e-008	1.083208e-005
5.242721531982161e-008	3.162799e-006	-2.011715e-006	-9.051498e-007	2.008919e-008	1.083060e-005
5.244321531982163e-008	3.197598e-006	-2.059544e-006	-9.060249e-007	2.010607e-008	1.082912e-005
5.245921531982165e-008	3.230343e-006	-2.105217e-006	-9.068976e-007	2.012038e-008	1.082763e-005
5.247250103410738e-008	3.255896e-006	-2.136420e-006	-9.076203e-007	2.013075e-008	1.082642e-005
5.248578674839310e-008	3.280301e-006	-2.164848e-006	-9.083411e-007	2.014015e-008	1.082522e-005
5.249907246267883e-008	3.303559e-006	-2.190504e-006	-9.090598e-007	2.014859e-008	1.082401e-005
5.251235817696457e-008	3.325669e-006	-2.213386e-006	-9.097766e-007	2.015605e-008	1.082282e-005
5.252564389125030e-008	3.346632e-006	-2.233495e-006	-9.104915e-007	2.016254e-008	1.082163e-005
5.253892960553602e-008	3.366446e-006	-2.250830e-006	-9.112043e-007	2.016807e-008	1.082045e-005
5.255221531982175e-008	3.385114e-006	-2.265392e-006	-9.119153e-007	2.017262e-008	1.081927e-005
5.257621531982178e-008	3.415056e-006	-2.288880e-006	-9.131940e-007	2.017962e-008	1.081714e-005
5.259492960553609e-008	3.434370e-006	-2.303972e-006	-9.141864e-007	2.018357e-008	1.081547e-005
5.261364389125040e-008	3.451146e-006	-2.317609e-006	-9.151744e-007	2.018669e-008	1.081380e-005
5.263235817696470e-008	3.465384e-006	-2.329788e-006	-9.161580e-007	2.018898e-008	1.081212e-005
5.265107246267901e-008	3.477083e-006	-2.340512e-006	-9.171372e-007	2.019044e-008	1.081043e-005
5.266978674839331e-008	3.486245e-006	-2.349780e-006	-9.181120e-007	2.019106e-008	1.080874e-005
5.268850103410762e-008	3.492868e-006	-2.357591e-006	-9.190824e-007	2.019086e-008	1.080704e-005
5.270721531982193e-008	3.496952e-006	-2.363946e-006	-9.200484e-007	2.018982e-008	1.080533e-005
5.272764389125053e-008	3.506193e-006	-2.371071e-006	-9.210977e-007	2.018815e-008	1.080349e-005
5.274807246267912e-008	3.514209e-006	-2.377639e-006	-9.221415e-007	2.018582e-008	1.080164e-005
5.276850103410771e-008	3.521001e-006	-2.383649e-006	-9.231800e-007	2.018286e-008	1.079979e-005
5.278892960553631e-008	3.526568e-006	-2.389103e-006	-9.242131e-007	2.017924e-008	1.079793e-005
5.280935817696490e-008	3.530911e-006	-2.394000e-006	-9.252407e-007	2.017498e-008	1.079606e-005
5.282978674839349e-008	3.534029e-006	-2.398339e-006	-9.262630e-007	2.017008e-008	1.079419e-005
5.285021531982209e-008	3.535922e-006	-2.402122e-006	-9.272798e-007	2.016453e-008	1.079232e-005
5.287621531982212e-008	3.535414e-006	-2.404325e-006	-9.285662e-007	2.015693e-008	1.078993e-005
5.289307246267928e-008	3.534384e-006	-2.404373e-006	-9.293954e-007	2.015159e-008	1.078838e-005
5.290992960553645e-008	3.532993e-006	-2.403714e-006	-9.302210e-007	2.014614e-008	1.078683e-005
5.292678674839360e-008	3.531240e-006	-2.402347e-006	-9.310431e-007	2.014057e-008	1.078529e-005
5.294364389125077e-008	3.529126e-006	-2.400273e-006	-9.318617e-007	2.013488e-008	1.078374e-005
5.296050103410793e-008	3.526651e-006	-2.397491e-006	-9.326767e-007	2.012907e-008	1.078219e-005
5.297735817696510e-008	3.523815e-006	-2.394002e-006	-9.334882e-007	2.012315e-008	1.078064e-005
5.299421531982225e-008	3.520617e-006	-2.389805e-006	-9.342961e-007	2.011711e-008	1.077910e-005
5.305421531982232e-008	3.505708e-006	-2.373161e-006	-9.373294e-007	2.009579e-008	1.077357e-005
5.306035817696519e-008	3.503884e-006	-2.371288e-006	-9.376538e-007	2.009361e-008	1.077300e-005
5.306650103410805e-008	3.502015e-006	-2.369390e-006	-9.379757e-007	2.009144e-008	1.077244e-005
5.307264389125092e-008	3.500101e-006	-2.367467e-006	-9.382951e-007	2.008927e-008	1.077187e-005
5.307878674839378e-008	3.498144e-006	-2.365518e-006	-9.386118e-007	2.008711e-008	1.077130e-005
5.308492960553664e-008	3.496141e-006	-2.363543e-006	-9.389260e-007	2.008494e-008	1.077073e-005
5.309107246267950e-008	3.494095e-006	-2.361542e-006	-9.392376e-007	2.008279e-008	1.077016e-005
5.309721531982237e-008	3.492004e-006	-2.359516e-006	-9.395466e-007	2.008064e-008	1.076959e-005
5.317621531982246e-008	3.462585e-006	-2.331090e-006	-9.434445e-007	2.005364e-008	1.076226e-005
5.347621531982280e-008	3.330420e-006	-2.198475e-006	-9.572589e-007	1.997332e-008	1.073419e-005
5.377621531982314e-008	3.188817e-006	-2.056601e-006	-9.696797e-007	1.993973e-008	1.070573e-005
5.407621531982348e-008	3.049684e-006	-1.917251e-006	-9.809567e-007	1.995486e-008	1.067690e-005
5.437621531982382e-008	2.915646e-006	-1.783015e-006	-9.912350e-007	2.001572e-008	1.064775e-005
5.467621531982416e-008	2.787086e-006	-1.654269e-006	-1.000592e-006	2.011840e-008	1.061827e-005
5.497621531982450e-008	2.663888e-006	-1.530894e-006	-1.009084e-006	2.025899e-008	1.058851e-005
5.527621531982484e-008	2.545831e-006	-1.412670e-006	-1.016753e-006	2.043384e-008	1.055847e-005
5.557621531982518e-008	2.432660e-006	-1.299341e-006	-1.023635e-006	2.063951e-008	1.052818e-005
5.587621531982552e-008	2.324186e-006	-1.190684e-006	-1.029762e-006	2.087288e-008	1.049765e-005
5.617621531982586e-008	2.221306e-006	-1.087714e-006	-1.035163e-006	2.113053e-008	1.046690e-005
5.647621531982620e-008	2.121907e-006	-9.881618e-007	-1.039868e-006	2.140949e-008	1.043595e-005
5.666021531982641e-008	2.062684e-006	-9.288570e-007	-1.042419e-006	2.159035e-008	1.041687e-005
5.666121531982641e-008	2.062366e-006	-9.285385e-007	-1.042437e-006	2.159135e-008	1.041677e-005
5.666149599415547e-008	2.062277e-006	-9.284491e-007	-1.042435e-006	2.159163e-008	1.041674e-005
5.666172819365990e-008	2.062203e-006	-9.283752e-007	-1.042407e-006	2.159186e-008	1.041671e-005
5.666363183605215e-008	2.061597e-006	-9.277697e-007	-1.041609e-006	2.159377e-008	1.041652e-005
5.666553547844440e-008	2.060991e-006	-9.271643e-007	-1.040149e-006	2.159568e-008	1.041632e-005
5.666743912083666e-008	2.060386e-006	-9.265590e-007	-1.038026e-006	2.159759e-008	1.041612e-005
5.666934276322892e-008	2.059781e-006	-9.259539e-007	-1.035242e-006	2.159950e-008	1.041592e-005
5.667124640562117e-008	2.059176e-006	-9.253490e-007	-1.031795e-006	2.160141e-008	1.041572e-005
5.667315004801342e-008	2.058571e-006	-9.247442e-007	-1.027686e-006	2.160332e-008	1.041553e-005
5.667505369040568e-008	2.057966e-006	-9.241395e-007	-1.022914e-006	2.160522e-008	1.041533e-005
5.668248226183426e-008	2.055606e-006	-9.217804e-007	-9.970515e-007	2.161268e-008	1.041456e-005
5.668991083326284e-008	2.053253e-006	-9.194249e-007	-9.622185e-007	2.162009e-008	1.041378e-005
5.669733940469142e-008	2.050906e-006	-9.170729e-007	-9.184155e-007	2.162746e-008	1.041301e-005
5.670476797612000e-008	2.048566e-006	-9.147244e-007	-8.656425e-007	2.163477e-008	1.041224e-005
5.671219654754858e-008	2.046231e-006	-9.123795e-007	-8.038995e-007	2.164204e-008	1.041147e-005
5.671962511897716e-008	2.043903e-006	-9.100381e-007	-7.331865e-007	2.164926e-008	1.041070e-005
5.672705369040574e-008	2.041581e-006	-9.077002e-007	-6.535035e-007	2.165644e-008	1.040992e-005
5.673262511897717e-008	2.039847e-006	-9.059503e-007	-5.889962e-007	2.166175e-008	1.040934e-005
5.673819654754861e-008	2.038120e-006	-9.042047e-007	-5.217436e-007	2.166702e-008	1.040876e-005
5.674376797612004e-008	2.036400e-006	-9.024633e-007	-4.517456e-007	2.167224e-008	1.040819e-005
5.674933940469148e-008	2.034687e-006	-9.007262e-007	-3.790022e-007	2.167742e-008	1.040761e-005
5.675491083326291e-008	2.032980e-006	-8.989933e-007	-3.035134e-007	2.168254e-008	1.040703e-005
5.676048226183435e-008	2.031280e-006	-8.972646e-007	-2.252792e-007	2.168761e-008	1.040645e-005
5.676605369040578e-008	2.029588e-006	-8.955402e-007	-1.442997e-007	2.169264e-008	1.040587e-005
5.677205369040579e-008	2.027774e-006	-8.936902e-007	-5.663698e-008	2.169799e-008	1.040524e-005
5.677648226183437e-008	2.026442e-006	-8.923287e-007	9.245496e-009	2.170189e-008	1.040478e-005
5.678091083326294e-008	2.025115e-006	-8.909715e-007	7.500618e-008	2.170577e-008	1.040432e-005
5.678533940469152e-008	2.023792e-006	-8.896187e-007	1.406451e-007	2.170962e-008	1.040386e-005
5.678976797612010e-008	2.022475e-006	-8.882702e-007	2.061622e-007	2.171343e-008	1.040340e-005
5.679419654754868e-008	2.021163e-006	-8.869261e-007	2.715575e-007	2.171722e-008	1.040294e-005
5.679862511897725e-008	2.019856e-006	-8.855863e-007	3.368311e-007	2.172097e-008	1.040248e-005
5.680305369040583e-008	2.018554e-006	-8.842508e-007	4.019828e-007	2.172469e-008	1.040202e-005
5.680519654754869e-008	2.017926e-006	-8.836065e-007	4.330688e-007	2.172649e-008	1.040179e-005
5.680733940469154e-008	2.017299e-006	-8.829634e-007	4.639267e-007	2.172827e-008	1.040157e-005
5.680948226183441e-008	2.016673e-006	-8.823215e-007	4.945565e-007	2.173005e-008	1.040135e-005
5.681162511897726e-008	2.016048e-006	-8.816808e-007	5.249583e-007	2.173182e-008	1.040112e-005
5.681376797612012e-008	2.015424e-006	-8.810413e-007	5.551322e-007	2.173359e-008	1.040090e-005
5.681591083326298e-008	2.014802e-006	-8.804029e-007	5.850779e-007	2.173535e-008	1.040068e-005
5.681805369040584e-008	2.014180e-006	-8.797657e-007	6.147957e-007	2.173711e-008	1.040045e-005
5.682219654754871e-008	2.012981e-006	-8.785374e-007	6.715267e-007	2.174048e-008	1.040002e-005
5.682633940469156e-008	2.011786e-006	-8.773137e-007	7.269844e-007	2.174384e-008	1.039959e-005
5.683048226183443e-008	2.010594e-006	-8.760948e-007	7.811689e-007	2.174718e-008	1.039916e-005
5.683462511897729e-008	2.009405e-006	-8.748807e-007	8.340802e-007	2.175050e-008	1.039873e-005
5.683876797612015e-008	2.008220e-006	-8.736712e-007	8.857182e-007	2.175380e-008	1.039830e-005
5.684291083326301e-008	2.007038e-006	-8.724664e-007	9.360830e-007	2.175709e-008	1.039786e-005
5.684705369040588e-008	2.005860e-006	-8.712664e-007	9.851746e-007	2.176036e-008	1.039743e-005
5.685562511897731e-008	2.003433e-006	-8.687997e-007	1.081707e-006	2.176707e-008	1.039654e-005
5.686419654754875e-008	2.001014e-006	-8.663514e-007	1.172184e-006	2.177376e-008	1.039565e-005
5.687276797612019e-008	1.998603e-006	-8.639215e-007	1.256606e-006	2.178042e-008	1.039475e-005
5.688133940469163e-008	1.996198e-006	-8.615100e-007	1.334973e-006	2.178706e-008	1.039386e-005
5.688991083326306e-008	1.993801e-006	-8.591168e-007	1.407285e-006	2.179368e-008	1.039296e-005
5.689848226183451e-008	1.991412e-006	-8.567421e-007	1.473542e-006	2.180028e-008	1.039207e-005
5.690705369040594e-008	1.989029e-006	-8.543858e-007	1.533743e-006	2.180686e-008	1.039118e-005
5.691633940469167e-008	1.986451e-006	-8.518519e-007	1.592505e-006	2.181400e-008	1.039021e-005
5.692562511897739e-008	1.983877e-006	-8.493262e-007	1.646531e-006	2.182118e-008	1.038924e-005
5.693491083326311e-008	1.981306e-006	-8.468086e-007	1.695819e-006	2.182839e-008	1.038827e-005
5.694419654754885e-008	1.978738e-006	-8.442993e-007	1.740370e-006	2.183564e-008	1.038730e-005
5.695348226183457e-008	1.976174e-006	-8.417982e-007	1.780185e-006	2.184293e-008	1.038633e-005
5.696276797612029e-008	1.973613e-006	-8.393052e-007	1.815262e-006	2.185025e-008	1.038536e-005
5.697205369040602e-008	1.971056e-006	-8.368205e-007	1.845602e-006	2.185761e-008	1.038439e-005
5.697991083326317e-008	1.968894e-006	-8.347152e-007	1.869023e-006	2.186389e-008	1.038357e-005
5.698776797612032e-008	1.966732e-006	-8.326062e-007	1.890634e-006	2.187021e-008	1.038275e-005
5.699562511897747e-008	1.964572e-006	-8.304935e-007	1.910436e-006	2.187658e-008	1.038193e-005
5.700348226183463e-008	1.962412e-006	-8.283770e-007	1.928428e-006	2.188300e-008	1.038110e-005
5.701133940469177e-008	1.960254e-006	-8.262568e-007	1.944610e-006	2.188946e-008	1.038028e-005
5.701919654754893e-008	1.958096e-006	-8.241328e-007	1.958983e-006	2.189596e-008	1.037946e-005
5.702705369040608e-008	1.955940e-006	-8.220052e-007	1.971546e-006	2.190251e-008	1.037864e-005
5.702948226183466e-008	1.955273e-006	-8.213457e-007	1.975273e-006	2.190454e-008	1.037839e-005
5.703191083326322e-008	1.954606e-006	-8.206857e-007	1.978885e-006	2.190658e-008	1.037813e-005
5.703433940469180e-008	1.953939e-006	-8.200250e-007	1.982383e-006	2.190863e-008	1.037788e-005
5.703676797612038e-008	1.953272e-006	-8.193637e-007	1.985766e-006	2.191068e-008	1.037762e-005
5.703919654754895e-008	1.952605e-006	-8.187018e-007	1.989035e-006	2.191273e-008	1.037737e-005
5.704162511897752e-008	1.951939e-006	-8.180393e-007	1.992189e-006	2.191479e-008	1.037712e-005
5.704405369040610e-008	1.951272e-006	-8.173762e-007	1.995228e-006	2.191686e-008	1.037686e-005
5.704505369040610e-008	1.950997e-006	-8.171029e-007	1.996442e-006	2.191771e-008	1.037676e-005
5.704605369040610e-008	1.950722e-006	-8.168297e-007	1.997609e-006	2.191856e-008	1.037665e-005
5.704805369040610e-008	1.950172e-006	-8.162832e-007	1.999746e-006	2.192027e-008	1.037644e-005
5.705048226183468e-008	1.949504e-006	-8.156190e-007	2.002009e-006	2.192234e-008	1.037619e-005
5.705291083326325e-008	1.948836e-006	-8.149541e-007	2.003975e-006	2.192443e-008	1.037593e-005
5.705533940469182e-008	1.948168e-006	-8.142886e-007	2.005643e-006	2.192651e-008	1.037568e-005
5.705776797612040e-008	1.947500e-006	-8.136224e-007	2.007013e-006	2.192861e-008	1.037543e-005
5.706019654754898e-008	1.946832e-006	-8.129556e-007	2.008086e-006	2.193070e-008	1.037517e-005
5.706262511897755e-008	1.946163e-006	-8.122881e-007	2.008861e-006	2.193281e-008	1.037492e-005
5.706505369040612e-008	1.945495e-006	-8.116199e-007	2.009339e-006	2.193491e-008	1.037466e-005
5.707105369040613e-008	1.943842e-006	-8.099664e-007	2.009388e-006	2.194015e-008	1.037404e-005
5.707205369040613e-008	1.943567e-006	-8.096905e-007	2.009234e-006	2.194102e-008	1.037393e-005
5.707305369040613e-008	1.943291e-006	-8.094144e-007	2.009036e-006	2.194190e-008	1.037383e-005
5.707405369040613e-008	1.943015e-006	-8.091383e-007	2.008796e-006	2.194278e-008	1.037372e-005
5.707439403053550e-008	1.942922e-006	-8.090443e-007	2.008685e-006	2.194307e-008	1.037369e-005
5.707452989330505e-008	1.942884e-006	-8.090067e-007	2.008625e-006	2.194319e-008	1.037367e-005
5.707458657708643e-008	1.942868e-006	-8.089910e-007	2.008611e-006	2.194324e-008	1.037367e-005
5.707459546959767e-008	1.942866e-006	-8.089885e-007	2.008612e-006	2.194325e-008	1.037367e-005
5.707459977603994e-008	1.942865e-006	-8.089874e-007	2.008612e-006	2.194326e-008	1.037367e-005
5.707460578253394e-008	1.942863e-006	-8.089857e-007	2.008611e-006	2.194326e-008	1.037366e-005
5.707461259976746e-008	1.942861e-006	-8.089838e-007	2.008609e-006	2.194327e-008	1.037366e-005
5.707462002751003e-008	1.942859e-006	-8.089818e-007	2.008607e-006	2.194327e-008	1.037366e-005
5.707462683128939e-008	1.942857e-006	-8.089799e-007	2.008606e-006	2.194328e-008	1.037366e-005
5.707463380568870e-008	1.942856e-006	-8.089780e-007	2.008604e-006	2.194329e-008	1.037366e-005
5.707464054474288e-008	1.942854e-006	-8.089761e-007	2.008602e-006	2.194329e-008	1.037366e-005
5.707464753459928e-008	1.942852e-006	-8.089742e-007	2.008600e-006	2.194330e-008	1.037366e-005
5.707465435156843e-008	1.942850e-006	-8.089723e-007	2.008598e-006	2.194330e-008	1.037366e-005
5.707466131501637e-008	1.942848e-006	-8.089704e-007	2.008596e-006	2.194331e-008	1.037366e-005
5.707466814558424e-008	1.942846e-006	-8.089685e-007	2.008594e-006	2.194332e-008	1.037366e-005
5.707467508471667e-008	1.942844e-006	-8.089665e-007	2.008593e-006	2.194332e-008	1.037366e-005
5.707468193316490e-008	1.942842e-006	-8.089647e-007	2.008591e-006	2.194333e-008	1.037366e-005
5.707469008027116e-008	1.942840e-006	-8.089625e-007	2.008589e-006	2.194334e-008	1.037366e-005
5.707469910553859e-008	1.942838e-006	-8.089600e-007	2.008587e-006	2.194334e-008	1.037366e-005
5.707470999439319e-008	1.942834e-006	-8.089569e-007	2.008584e-006	2.194335e-008	1.037365e-005
5.707473790282710e-008	1.942827e-006	-8.089492e-007	2.008577e-006	2.194338e-008	1.037365e-005
5.707485863347601e-008	1.942794e-006	-8.089158e-007	2.008547e-006	2.194348e-008	1.037364e-005
5.707497936412492e-008	1.942760e-006	-8.088824e-007	2.008518e-006	2.194359e-008	1.037363e-005
5.707510009477383e-008	1.942727e-006	-8.088490e-007	2.008488e-006	2.194370e-008	1.037361e-005
5.707522082542274e-008	1.942694e-006	-8.088156e-007	2.008458e-006	2.194380e-008	1.037360e-005
5.707534155607165e-008	1.942661e-006	-8.087822e-007	2.008428e-006	2.194391e-008	1.037359e-005
5.707546228672056e-008	1.942627e-006	-8.087488e-007	2.008398e-006	2.194401e-008	1.037358e-005
5.707558301736947e-008	1.942594e-006	-8.087154e-007	2.008368e-006	2.194412e-008	1.037356e-005
5.707984172568938e-008	1.941421e-006	-8.075361e-007	2.007318e-006	2.194787e-008	1.037312e-005
5.708410043400930e-008	1.940246e-006	-8.063551e-007	2.006269e-006	2.195165e-008	1.037267e-005
5.708835914232920e-008	1.939071e-006	-8.051723e-007	2.005220e-006	2.195544e-008	1.037223e-005
5.709261785064911e-008	1.937894e-006	-8.039878e-007	2.004174e-006	2.195924e-008	1.037178e-005
5.709687655896902e-008	1.936716e-006	-8.028015e-007	2.003128e-006	2.196307e-008	1.037133e-005
5.710113526728893e-008	1.935537e-006	-8.016135e-007	2.002083e-006	2.196691e-008	1.037089e-005
5.710539397560884e-008	1.934357e-006	-8.004237e-007	2.001040e-006	2.197076e-008	1.037044e-005
5.712239397560886e-008	1.929633e-006	-7.956567e-007	1.996882e-006	2.198635e-008	1.036866e-005
5.713939397560888e-008	1.924879e-006	-7.908724e-007	1.992736e-006	2.200215e-008	1.036688e-005
5.715639397560890e-008	1.920095e-006	-7.860708e-007	1.988601e-006	2.201817e-008	1.036510e-005
5.717339397560892e-008	1.915281e-006	-7.812518e-007	1.984478e-006	2.203442e-008	1.036332e-005
5.719039397560894e-008	1.910438e-006	-7.764155e-007	1.980366e-006	2.205089e-008	1.036154e-005
5.720739397560896e-008	1.905565e-006	-7.715618e-007	1.976265e-006	2.206757e-008	1.035975e-005
5.722439397560898e-008	1.900662e-006	-7.666908e-007	1.972176e-006	2.208448e-008	1.035797e-005
5.724139397560899e-008	1.895732e-006	-7.618015e-007	1.968073e-006	2.210157e-008	1.035619e-005
5.725839397560901e-008	1.890790e-006	-7.568915e-007	1.963980e-006	2.211882e-008	1.035440e-005
5.727539397560903e-008	1.885836e-006	-7.519607e-007	1.959896e-006	2.213624e-008	1.035262e-005
5.729239397560905e-008	1.880870e-006	-7.470092e-007	1.955821e-006	2.215382e-008	1.035083e-005
5.730939397560907e-008	1.875893e-006	-7.420369e-007	1.951756e-006	2.217156e-008	1.034905e-005
5.732639397560909e-008	1.870904e-006	-7.370438e-007	1.947700e-006	2.218946e-008	1.034726e-005
5.734339397560911e-008	1.865904e-006	-7.320300e-007	1.943654e-006	2.220752e-008	1.034548e-005
5.734439397560911e-008	1.865610e-006	-7.317348e-007	1.943416e-006	2.220859e-008	1.034537e-005
5.736967968989485e-008	1.857468e-006	-7.239790e-007	1.937422e-006	2.223575e-008	1.034271e-005
5.739496540418060e-008	1.849757e-006	-7.163849e-007	1.931451e-006	2.226317e-008	1.034005e-005
5.742025111846634e-008	1.842476e-006	-7.089525e-007	1.925503e-006	2.229083e-008	1.033739e-005
5.744553683275209e-008	1.835624e-006	-7.016817e-007	1.919577e-006	2.231874e-008	1.033473e-005
5.747082254703783e-008	1.829203e-006	-6.945727e-007	1.913673e-006	2.234690e-008	1.033207e-005
5.749610826132357e-008	1.823213e-006	-6.876254e-007	1.907793e-006	2.237532e-008	1.032941e-005
5.752139397560931e-008	1.817652e-006	-6.808398e-007	1.901935e-006	2.240398e-008	1.032676e-005
5.753125111846646e-008	1.819053e-006	-6.794563e-007	1.899657e-006	2.241516e-008	1.032573e-005
5.754110826132362e-008	1.820156e-006	-6.782821e-007	1.897383e-006	2.242631e-008	1.032470e-005
5.755096540418077e-008	1.820963e-006	-6.773175e-007	1.895111e-006	2.243743e-008	1.032367e-005
5.756082254703793e-008	1.821474e-006	-6.765622e-007	1.892843e-006	2.244851e-008	1.032263e-005
5.757067968989508e-008	1.821687e-006	-6.760164e-007	1.890579e-006	2.245957e-008	1.032160e-005
5.758053683275224e-008	1.821604e-006	-6.756799e-007	1.888317e-006	2.247059e-008	1.032056e-005
5.759039397560939e-008	1.821224e-006	-6.755529e-007	1.886059e-006	2.248159e-008	1.031952e-005
5.759796540418083e-008	1.819556e-006	-6.753699e-007	1.884327e-006	2.248999e-008	1.031871e-005
5.760553683275227e-008	1.817730e-006	-6.751659e-007	1.882596e-006	2.249838e-008	1.031791e-005
5.761310826132370e-008	1.815748e-006	-6.749409e-007	1.880868e-006	2.250674e-008	1.031710e-005
5.762067968989514e-008	1.813608e-006	-6.746948e-007	1.879141e-006	2.251507e-008	1.031630e-005
5.762825111846657e-008	1.811311e-006	-6.744277e-007	1.877416e-006	2.252338e-008	1.031549e-005
5.763582254703802e-008	1.808858e-006	-6.741396e-007	1.875694e-006	2.253166e-008	1.031468e-005
5.764339397560945e-008	1.806247e-006	-6.738305e-007	1.873973e-006	2.253991e-008	1.031387e-005
5.764439397560945e-008	1.805917e-006	-6.737721e-007	1.873746e-006	2.254100e-008	1.031376e-005
5.765496540418089e-008	1.802346e-006	-6.730591e-007	1.871346e-006	2.255247e-008	1.031264e-005
5.766553683275234e-008	1.798979e-006	-6.719806e-007	1.868951e-006	2.256393e-008	1.031151e-005
5.767610826132377e-008	1.795815e-006	-6.705367e-007	1.866559e-006	2.257538e-008	1.031039e-005
5.768667968989521e-008	1.792854e-006	-6.687274e-007	1.864170e-006	2.258682e-008	1.030926e-005
5.769725111846665e-008	1.790097e-006	-6.665526e-007	1.861786e-006	2.259825e-008	1.030815e-005
5.770782254703810e-008	1.787543e-006	-6.640124e-007	1.859405e-006	2.260967e-008	1.030703e-005
5.771839397560954e-008	1.785193e-006	-6.611067e-007	1.857027e-006	2.262108e-008	1.030591e-005
5.773439397560955e-008	1.782597e-006	-6.556105e-007	1.853436e-006	2.263845e-008	1.030423e-005
5.775039397560957e-008	1.779840e-006	-6.501325e-007	1.849853e-006	2.265591e-008	1.030255e-005
5.776639397560959e-008	1.776924e-006	-6.446727e-007	1.846278e-006	2.267347e-008	1.030087e-005
5.778239397560961e-008	1.773847e-006	-6.392311e-007	1.842711e-006	2.269112e-008	1.029919e-005
5.779839397560963e-008	1.770610e-006	-6.338076e-007	1.839152e-006	2.270887e-008	1.029751e-005
5.781439397560964e-008	1.767212e-006	-6.284022e-007	1.835601e-006	2.272671e-008	1.029582e-005
5.783039397560966e-008	1.763655e-006	-6.230151e-007	1.832059e-006	2.274466e-008	1.029414e-005
5.784653683275254e-008	1.758529e-006	-6.187599e-007	1.828493e-006	2.276281e-008	1.029243e-005
5.786267968989541e-008	1.753218e-006	-6.145493e-007	1.824935e-006	2.278098e-008	1.029071e-005
5.787882254703829e-008	1.747719e-006	-6.103835e-007	1.821385e-006	2.279918e-008	1.028900e-005
5.789496540418116e-008	1.742034e-006	-6.062624e-007	1.817843e-006	2.281739e-008	1.028728e-005
5.791110826132404e-008	1.736163e-006	-6.021861e-007	1.814309e-006	2.283562e-008	1.028556e-005
5.792725111846691e-008	1.730105e-006	-5.981544e-007	1.810784e-006	2.285387e-008	1.028384e-005
5.794339397560979e-008	1.723860e-006	-5.941674e-007	1.807266e-006	2.287214e-008	1.028212e-005
5.794439397560979e-008	1.723507e-006	-5.938872e-007	1.807048e-006	2.287328e-008	1.028202e-005
5.795825111846695e-008	1.718829e-006	-5.897407e-007	1.804036e-006	2.288898e-008	1.028055e-005
5.797210826132411e-008	1.714321e-006	-5.854006e-007	1.801029e-006	2.290474e-008	1.027908e-005
5.798596540418127e-008	1.709985e-006	-5.808667e-007	1.798027e-006	2.292057e-008	1.027761e-005
5.799982254703843e-008	1.705819e-006	-5.761391e-007	1.795032e-006	2.293646e-008	1.027614e-005
5.801367968989558e-008	1.701823e-006	-5.712178e-007	1.792043e-006	2.295241e-008	1.027467e-005
5.802753683275275e-008	1.697999e-006	-5.661029e-007	1.789059e-006	2.296843e-008	1.027321e-005
5.804139397560990e-008	1.694345e-006	-5.607941e-007	1.786081e-006	2.298450e-008	1.027175e-005
5.805567968989563e-008	1.690446e-006	-5.554629e-007	1.783017e-006	2.300119e-008	1.027024e-005
5.806996540418136e-008	1.686383e-006	-5.503094e-007	1.779959e-006	2.301794e-008	1.026872e-005
5.808425111846709e-008	1.682155e-006	-5.453337e-007	1.776907e-006	2.303475e-008	1.026721e-005
5.809853683275283e-008	1.677762e-006	-5.405358e-007	1.773861e-006	2.305161e-008	1.026570e-005
5.811282254703856e-008	1.673204e-006	-5.359157e-007	1.770822e-006	2.306854e-008	1.026418e-005
5.812710826132429e-008	1.668481e-006	-5.314734e-007	1.767788e-006	2.308553e-008	1.026266e-005
5.814139397561002e-008	1.663593e-006	-5.272088e-007	1.764761e-006	2.310258e-008	1.026114e-005
5.815596540418146e-008	1.658399e-006	-5.230911e-007	1.761679e-006	2.311998e-008	1.025959e-005
5.817053683275291e-008	1.653288e-006	-5.189219e-007	1.758603e-006	2.313742e-008	1.025804e-005
5.818510826132435e-008	1.648260e-006	-5.147013e-007	1.755533e-006	2.315490e-008	1.025648e-005
5.819967968989579e-008	1.643316e-006	-5.104293e-007	1.752470e-006	2.317241e-008	1.025493e-005
5.821425111846724e-008	1.638454e-006	-5.061058e-007	1.749413e-006	2.318996e-008	1.025338e-005
5.822882254703869e-008	1.633675e-006	-5.017310e-007	1.746362e-006	2.320754e-008	1.025183e-005
5.824339397561013e-008	1.628979e-006	-4.973047e-007	1.743317e-006	2.322516e-008	1.025028e-005
5.824439397561013e-008	1.628669e-006	-4.969907e-007	1.743108e-006	2.322637e-008	1.025017e-005
5.826639397561016e-008	1.622291e-006	-4.896798e-007	1.738523e-006	2.325309e-008	1.024783e-005
5.828839397561018e-008	1.615906e-006	-4.824780e-007	1.733952e-006	2.327994e-008	1.024549e-005
5.831039397561021e-008	1.609513e-006	-4.753854e-007	1.729395e-006	2.330691e-008	1.024316e-005
5.833239397561023e-008	1.603113e-006	-4.684019e-007	1.724851e-006	2.333400e-008	1.024082e-005
5.835439397561026e-008	1.596705e-006	-4.615276e-007	1.720322e-006	2.336121e-008	1.023848e-005
5.837639397561028e-008	1.590289e-006	-4.547624e-007	1.715806e-006	2.338854e-008	1.023613e-005
5.839839397561031e-008	1.583866e-006	-4.481064e-007	1.711304e-006	2.341599e-008	1.023379e-005
5.841910826132462e-008	1.577382e-006	-4.423806e-007	1.707077e-006	2.344188e-008	1.023158e-005
5.843982254703893e-008	1.571014e-006	-4.366281e-007	1.702862e-006	2.346784e-008	1.022937e-005
5.846053683275324e-008	1.564762e-006	-4.308486e-007	1.698660e-006	2.349385e-008	1.022716e-005
5.848125111846754e-008	1.558625e-006	-4.250423e-007	1.694469e-006	2.351992e-008	1.022495e-005
5.850196540418185e-008	1.552604e-006	-4.192091e-007	1.690290e-006	2.354605e-008	1.022274e-005
5.852267968989616e-008	1.546699e-006	-4.133490e-007	1.686123e-006	2.357224e-008	1.022053e-005
5.854339397561047e-008	1.540910e-006	-4.074621e-007	1.681968e-006	2.359849e-008	1.021832e-005
5.854439397561047e-008	1.540638e-006	-4.071722e-007	1.681767e-006	2.359976e-008	1.021821e-005
5.856625111846764e-008	1.534847e-006	-4.007400e-007	1.677396e-006	2.362756e-008	1.021588e-005
5.858810826132481e-008	1.529022e-006	-3.944224e-007	1.673038e-006	2.365544e-008	1.021355e-005
5.860996540418197e-008	1.523163e-006	-3.882193e-007	1.668693e-006	2.368338e-008	1.021122e-005
5.863182254703914e-008	1.517270e-006	-3.821307e-007	1.664361e-006	2.371140e-008	1.020888e-005
5.865367968989631e-008	1.511343e-006	-3.761567e-007	1.660041e-006	2.373948e-008	1.020655e-005
5.867553683275348e-008	1.505382e-006	-3.702972e-007	1.655735e-006	2.376763e-008	1.020421e-005
5.869739397561065e-008	1.499387e-006	-3.645522e-007	1.651441e-006	2.379585e-008	1.020187e-005
5.871825111846781e-008	1.493612e-006	-3.591847e-007	1.647356e-006	2.382281e-008	1.019964e-005
5.873910826132498e-008	1.487925e-006	-3.537910e-007	1.643282e-006	2.384980e-008	1.019741e-005
5.875996540418214e-008	1.482327e-006	-3.483710e-007	1.639220e-006	2.387684e-008	1.019518e-005
5.878082254703931e-008	1.476816e-006	-3.429249e-007	1.635169e-006	2.390393e-008	1.019295e-005
5.880167968989648e-008	1.471394e-006	-3.374525e-007	1.631130e-006	2.393106e-008	1.019072e-005
5.882253683275365e-008	1.466061e-006	-3.319538e-007	1.627102e-006	2.395823e-008	1.018849e-005
5.884339397561081e-008	1.460815e-006	-3.264290e-007	1.623086e-006	2.398545e-008	1.018626e-005
5.884439397561081e-008	1.460564e-006	-3.261648e-007	1.622894e-006	2.398676e-008	1.018615e-005
5.887153683275370e-008	1.453745e-006	-3.190649e-007	1.617685e-006	2.402228e-008	1.018324e-005
5.889867968989659e-008	1.446921e-006	-3.120585e-007	1.612495e-006	2.405787e-008	1.018034e-005
5.892582254703948e-008	1.440092e-006	-3.051456e-007	1.607324e-006	2.409351e-008	1.017743e-005
5.895296540418236e-008	1.433258e-006	-2.983261e-007	1.602172e-006	2.412922e-008	1.017452e-005
5.898010826132525e-008	1.426418e-006	-2.916001e-007	1.597038e-006	2.416498e-008	1.017161e-005
5.900725111846814e-008	1.419574e-006	-2.849675e-007	1.591924e-006	2.420080e-008	1.016870e-005
5.903439397561103e-008	1.412724e-006	-2.784284e-007	1.586829e-006	2.423669e-008	1.016579e-005
5.914439397561115e-008	1.386231e-006	-2.514416e-007	1.566368e-006	2.438262e-008	1.015400e-005
5.918282254703977e-008	1.377007e-006	-2.422824e-007	1.559292e-006	2.443382e-008	1.014987e-005
5.922125111846838e-008	1.367859e-006	-2.331758e-007	1.552252e-006	2.448510e-008	1.014574e-005
5.925967968989700e-008	1.358786e-006	-2.241217e-007	1.545248e-006	2.453645e-008	1.014162e-005
5.929810826132561e-008	1.349790e-006	-2.151201e-007	1.538280e-006	2.458788e-008	1.013749e-005
5.933653683275423e-008	1.340870e-006	-2.061712e-007	1.531348e-006	2.463938e-008	1.013336e-005
5.937496540418284e-008	1.332025e-006	-1.972747e-007	1.524451e-006	2.469096e-008	1.012923e-005
5.941339397561146e-008	1.323256e-006	-1.884309e-007	1.517591e-006	2.474262e-008	1.012510e-005
5.944439397561149e-008	1.316233e-006	-1.813239e-007	1.512082e-006	2.478435e-008	1.012176e-005
5.948453683275439e-008	1.307099e-006	-1.722760e-007	1.504983e-006	2.483844e-008	1.011744e-005
5.952467968989730e-008	1.298037e-006	-1.632694e-007	1.497921e-006	2.489259e-008	1.011312e-005
5.956482254704020e-008	1.289046e-006	-1.543041e-007	1.490897e-006	2.494680e-008	1.010880e-005
5.960496540418309e-008	1.280126e-006	-1.453799e-007	1.483910e-006	2.500106e-008	1.010448e-005
5.964510826132601e-008	1.271278e-006	-1.364971e-007	1.476961e-006	2.505538e-008	1.010016e-005
5.968525111846891e-008	1.262501e-006	-1.276554e-007	1.470049e-006	2.510975e-008	1.009583e-005
5.972539397561180e-008	1.253796e-006	-1.188550e-007	1.463174e-006	2.516418e-008	1.009151e-005
5.974439397561183e-008	1.249670e-006	-1.147296e-007	1.459933e-006	2.518996e-008	1.008946e-005
5.978710826132615e-008	1.240418e-006	-1.055187e-007	1.452676e-006	2.524794e-008	1.008486e-005
5.982982254704050e-008	1.231229e-006	-9.635528e-008	1.445461e-006	2.530596e-008	1.008025e-005
5.987253683275482e-008	1.222101e-006	-8.723930e-008	1.438285e-006	2.536402e-008	1.007564e-005
5.991525111846917e-008	1.213036e-006	-7.817077e-008	1.431150e-006	2.542212e-008	1.007104e-005
5.995796540418350e-008	1.204034e-006	-6.914968e-008	1.424055e-006	2.548026e-008	1.006643e-005
6.000067968989784e-008	1.195093e-006	-6.017603e-008	1.417001e-006	2.553843e-008	1.006182e-005
6.004339397561217e-008	1.186215e-006	-5.124984e-008	1.409987e-006	2.559664e-008	1.005721e-005
6.004439397561217e-008	1.186007e-006	-5.104243e-008	1.409824e-006	2.559801e-008	1.005710e-005
6.008710826132649e-008	1.177155e-006	-4.219434e-008	1.402850e-006	2.565624e-008	1.005248e-005
6.012982254704084e-008	1.168354e-006	-3.339416e-008	1.395916e-006	2.571449e-008	1.004787e-005
6.017253683275517e-008	1.159605e-006	-2.464188e-008	1.389020e-006	2.577276e-008	1.004326e-005
6.021525111846951e-008	1.150906e-006	-1.593750e-008	1.382162e-006	2.583104e-008	1.003864e-005
6.025796540418384e-008	1.142259e-006	-7.281022e-009	1.375344e-006	2.588934e-008	1.003403e-005
6.030067968989818e-008	1.133664e-006	1.327549e-009	1.368563e-006	2.594766e-008	1.002941e-005
6.034339397561251e-008	1.125119e-006	9.888218e-009	1.361822e-006	2.600599e-008	1.002479e-005
6.034439397561251e-008	1.124919e-006	1.008764e-008	1.361665e-006	2.600735e-008	1.002468e-005
6.038710826132684e-008	1.116424e-006	1.860021e-008	1.354961e-006	2.606569e-008	1.002006e-005
6.042982254704118e-008	1.107973e-006	2.706500e-008	1.348295e-006	2.612402e-008	1.001544e-005
6.047253683275551e-008	1.099567e-006	3.548203e-008	1.341664e-006	2.618235e-008	1.001082e-005
6.051525111846985e-008	1.091207e-006	4.385130e-008	1.335071e-006	2.624068e-008	1.000620e-005
6.055796540418418e-008	1.082891e-006	5.217280e-008	1.328514e-006	2.629900e-008	1.000158e-005
6.060067968989852e-008	1.074621e-006	6.044654e-008	1.321994e-006	2.635733e-008	9.996955e-006
6.064339397561285e-008	1.066396e-006	6.867251e-008	1.315511e-006	2.641565e-008	9.992331e-006
6.064439397561285e-008	1.066203e-006	6.886453e-008	1.315359e-006	2.641701e-008	9.992223e-006
6.067039397561288e-008	1.061219e-006	7.385047e-008	1.311431e-006	2.645250e-008	9.989408e-006
6.067139397561288e-008	1.061026e-006	7.404037e-008	1.311280e-006	2.645386e-008	9.989300e-006
6.067167482619513e-008	1.060979e-006	7.410042e-008	1.311237e-006	2.645425e-008	9.989270e-006
6.067177798672906e-008	1.060973e-006	7.413384e-008	1.311222e-006	2.645439e-008	9.989259e-006
6.067185328592612e-008	1.060974e-006	7.416403e-008	1.311211e-006	2.645449e-008	9.989250e-006
6.067193366962395e-008	1.060974e-006	7.419504e-008	1.311199e-006	2.645460e-008	9.989241e-006
6.067194783669967e-008	1.060974e-006	7.420032e-008	1.311196e-006	2.645462e-008	9.989240e-006
6.070825741488981e-008	1.057549e-006	8.458196e-008	1.305734e-006	2.650456e-008	9.985339e-006
6.074456699307995e-008	1.053449e-006	9.422217e-008	1.300297e-006	2.655460e-008	9.981431e-006
6.078087657127009e-008	1.048675e-006	1.031210e-007	1.294886e-006	2.660474e-008	9.977517e-006
6.081718614946022e-008	1.043226e-006	1.112783e-007	1.289500e-006	2.665498e-008	9.973596e-006
6.085349572765036e-008	1.037102e-006	1.186942e-007	1.284140e-006	2.670533e-008	9.969669e-006
6.088980530584049e-008	1.030304e-006	1.253687e-007	1.278805e-006	2.675578e-008	9.965736e-006
6.092611488403063e-008	1.022832e-006	1.313018e-007	1.273496e-006	2.680634e-008	9.961796e-006
6.092711488403064e-008	1.022622e-006	1.314618e-007	1.273350e-006	2.680772e-008	9.961687e-006
6.096411488403068e-008	1.013794e-006	1.372666e-007	1.267966e-006	2.685905e-008	9.957666e-006
6.100111488403072e-008	1.005042e-006	1.424925e-007	1.262608e-006	2.691009e-008	9.953642e-006
6.103811488403076e-008	9.963662e-007	1.471394e-007	1.257276e-006	2.696086e-008	9.949615e-006
6.107511488403080e-008	9.877670e-007	1.512075e-007	1.251969e-006	2.701135e-008	9.945585e-006
6.111211488403085e-008	9.792441e-007	1.546967e-007	1.246687e-006	2.706155e-008	9.941552e-006
6.114911488403089e-008	9.707976e-007	1.576070e-007	1.241431e-006	2.711148e-008	9.937517e-006
6.118611488403093e-008	9.624275e-007	1.599384e-007	1.236201e-006	2.716112e-008	9.933478e-006
6.119182916974522e-008	9.637219e-007	1.593709e-007	1.235395e-006	2.716874e-008	9.932861e-006
6.119754345545952e-008	9.672053e-007	1.580996e-007	1.234590e-006	2.717629e-008	9.932251e-006
6.120325774117380e-008	9.728775e-007	1.561244e-007	1.233786e-006	2.718378e-008	9.931646e-006
6.120897202688810e-008	9.807386e-007	1.534453e-007	1.232982e-006	2.719122e-008	9.931048e-006
6.121468631260239e-008	9.907887e-007	1.500623e-007	1.232179e-006	2.719860e-008	9.930457e-006
6.122040059831669e-008	1.003028e-006	1.459754e-007	1.231376e-006	2.720592e-008	9.929872e-006
6.122611488403097e-008	1.017455e-006	1.411846e-007	1.230574e-006	2.721318e-008	9.929293e-006
6.122711488403098e-008	1.020412e-006	1.402143e-007	1.230434e-006	2.721443e-008	9.929193e-006
6.123840059831671e-008	1.057394e-006	1.278125e-007	1.228851e-006	2.722875e-008	9.928073e-006
6.124968631260243e-008	1.112453e-006	1.102254e-007	1.227271e-006	2.724215e-008	9.927009e-006
6.126097202688816e-008	1.185588e-006	8.745297e-008	1.225693e-006	2.725463e-008	9.926001e-006
6.127225774117388e-008	1.276800e-006	5.949513e-008	1.224118e-006	2.726619e-008	9.925049e-006
6.128354345545961e-008	1.386089e-006	2.635192e-008	1.222544e-006	2.727684e-008	9.924152e-006
6.129482916974533e-008	1.513454e-006	-1.197665e-008	1.220973e-006	2.728656e-008	9.923312e-006
6.130611488403107e-008	1.658896e-006	-5.549058e-008	1.219403e-006	2.729537e-008	9.922528e-006
6.131625774117393e-008	1.812089e-006	-1.006760e-007	1.217995e-006	2.730187e-008	9.921896e-006
6.132640059831681e-008	1.978843e-006	-1.488030e-007	1.216588e-006	2.730683e-008	9.921312e-006
6.133654345545967e-008	2.159161e-006	-1.998716e-007	1.215182e-006	2.731026e-008	9.920776e-006
6.134668631260254e-008	2.353040e-006	-2.538818e-007	1.213779e-006	2.731215e-008	9.920289e-006
6.135682916974540e-008	2.560481e-006	-3.108336e-007	1.212377e-006	2.731250e-008	9.919850e-006
6.136697202688828e-008	2.781485e-006	-3.707270e-007	1.210976e-006	2.731132e-008	9.919459e-006
6.137711488403115e-008	3.016051e-006	-4.335621e-007	1.209578e-006	2.730860e-008	9.919117e-006
6.138997202688831e-008	3.328517e-006	-5.152543e-007	1.207807e-006	2.730229e-008	9.918746e-006
6.140282916974546e-008	3.644631e-006	-5.952987e-007	1.206040e-006	2.729327e-008	9.918405e-006
6.141568631260262e-008	3.964391e-006	-6.736953e-007	1.204275e-006	2.728153e-008	9.918095e-006
6.142854345545978e-008	4.287798e-006	-7.504442e-007	1.202512e-006	2.726707e-008	9.917814e-006
6.144140059831694e-008	4.614852e-006	-8.255452e-007	1.200753e-006	2.724990e-008	9.917564e-006
6.145425774117409e-008	4.945553e-006	-8.989985e-007	1.198996e-006	2.723000e-008	9.917344e-006
6.146711488403125e-008	5.279900e-006	-9.708040e-007	1.197242e-006	2.720739e-008	9.917154e-006
6.147554345545983e-008	5.493525e-006	-1.014673e-006	1.196093e-006	2.719129e-008	9.917024e-006
6.148397202688841e-008	5.704381e-006	-1.056697e-006	1.194946e-006	2.717432e-008	9.916894e-006
6.149240059831700e-008	5.912470e-006	-1.096878e-006	1.193800e-006	2.715648e-008	9.916763e-006
6.150082916974557e-008	6.117790e-006	-1.135216e-006	1.192656e-006	2.713778e-008	9.916631e-006
6.150925774117415e-008	6.320342e-006	-1.171709e-006	1.191512e-006	2.711820e-008	9.916499e-006
6.151768631260273e-008	6.520126e-006	-1.206358e-006	1.190370e-006	2.709774e-008	9.916366e-006
6.152611488403131e-008	6.717142e-006	-1.239164e-006	1.189229e-006	2.707642e-008	9.916232e-006
6.152711488403132e-008	6.740222e-006	-1.242920e-006	1.189093e-006	2.707386e-008	9.916215e-006
6.155125774117420e-008	7.280790e-006	-1.322326e-006	1.185832e-006	2.700656e-008	9.915815e-006
6.157540059831709e-008	7.785604e-006	-1.387417e-006	1.182581e-006	2.693708e-008	9.915342e-006
6.159954345545997e-008	8.254665e-006	-1.438192e-006	1.179340e-006	2.686542e-008	9.914797e-006
6.162368631260285e-008	8.687972e-006	-1.474652e-006	1.176109e-006	2.679159e-008	9.914178e-006
6.164782916974573e-008	9.085527e-006	-1.496796e-006	1.172888e-006	2.671558e-008	9.913486e-006
6.167197202688863e-008	9.447328e-006	-1.504625e-006	1.169677e-006	2.663740e-008	9.912722e-006
6.169611488403151e-008	9.773375e-006	-1.498139e-006	1.166477e-006	2.655704e-008	9.911884e-006
6.171468631260296e-008	1.000913e-005	-1.489947e-006	1.164022e-006	2.649690e-008	9.911197e-006
6.173325774117440e-008	1.023261e-005	-1.478668e-006	1.161573e-006	2.643772e-008	9.910477e-006
6.175182916974585e-008	1.044382e-005	-1.464302e-006	1.159130e-006	2.637949e-008	9.909725e-006
6.177040059831731e-008	1.064275e-005	-1.446849e-006	1.156693e-006	2.632221e-008	9.908939e-006
6.178897202688876e-008	1.082940e-005	-1.426309e-006	1.154262e-006	2.626588e-008	9.908121e-006
6.180754345546021e-008	1.100378e-005	-1.402682e-006	1.151837e-006	2.621051e-008	9.907269e-006
6.182611488403166e-008	1.116588e-005	-1.375967e-006	1.149418e-006	2.615608e-008	9.906385e-006
6.182711488403166e-008	1.117436e-005	-1.374508e-006	1.149288e-006	2.615321e-008	9.906337e-006
6.185182916974596e-008	1.137164e-005	-1.335492e-006	1.146079e-006	2.608334e-008	9.905105e-006
6.187654345546029e-008	1.155513e-005	-1.295061e-006	1.142880e-006	2.601644e-008	9.903826e-006
6.190125774117459e-008	1.172483e-005	-1.253212e-006	1.139691e-006	2.595252e-008	9.902500e-006
6.192597202688891e-008	1.188074e-005	-1.209948e-006	1.136513e-006	2.589158e-008	9.901126e-006
6.195068631260322e-008	1.202285e-005	-1.165267e-006	1.133344e-006	2.583361e-008	9.899706e-006
6.197540059831754e-008	1.215118e-005	-1.119170e-006	1.130186e-006	2.577861e-008	9.898240e-006
6.200011488403185e-008	1.226571e-005	-1.071656e-006	1.127039e-006	2.572659e-008	9.896726e-006
6.200925774117472e-008	1.230634e-005	-1.054428e-006	1.125871e-006	2.570821e-008	9.896157e-006
6.201840059831759e-008	1.234570e-005	-1.037234e-006	1.124703e-006	2.569024e-008	9.895584e-006
6.202754345546046e-008	1.238379e-005	-1.020075e-006	1.123532e-006	2.567271e-008	9.895005e-006
6.203668631260332e-008	1.242060e-005	-1.002949e-006	1.122360e-006	2.565559e-008	9.894421e-006
6.204582916974618e-008	1.245614e-005	-9.858568e-007	1.121186e-006	2.563890e-008	9.893833e-006
6.205497202688906e-008	1.249041e-005	-9.687990e-007	1.120011e-006	2.562263e-008	9.893238e-006
6.206411488403192e-008	1.252341e-005	-9.517752e-007	1.118834e-006	2.560679e-008	9.892639e-006
6.207297202688908e-008	1.255430e-005	-9.353598e-007	1.117700e-006	2.559184e-008	9.892054e-006
6.208182916974623e-008	1.258421e-005	-9.190352e-007	1.116568e-006	2.557728e-008	9.891465e-006
6.209068631260338e-008	1.261314e-005	-9.028015e-007	1.115439e-006	2.556310e-008	9.890871e-006
6.209954345546054e-008	1.264110e-005	-8.866585e-007	1.114312e-006	2.554931e-008	9.890273e-006
6.210840059831770e-008	1.266807e-005	-8.706065e-007	1.113187e-006	2.553589e-008	9.889671e-006
6.211725774117484e-008	1.269407e-005	-8.546452e-007	1.112065e-006	2.552287e-008	9.889065e-006
6.212611488403200e-008	1.271908e-005	-8.387748e-007	1.110945e-006	2.551022e-008	9.888454e-006
6.212711488403200e-008	1.272186e-005	-8.369917e-007	1.110819e-006	2.550882e-008	9.888384e-006
6.216982916974632e-008	1.282588e-005	-7.618726e-007	1.105439e-006	2.545431e-008	9.885367e-006
6.221254345546067e-008	1.291644e-005	-6.902823e-007	1.100093e-006	2.540698e-008	9.882277e-006
6.225525774117500e-008	1.299356e-005	-6.222207e-007	1.094780e-006	2.536683e-008	9.879115e-006
6.229797202688934e-008	1.305722e-005	-5.576878e-007	1.089499e-006	2.533387e-008	9.875880e-006
6.234068631260367e-008	1.310743e-005	-4.966836e-007	1.084252e-006	2.530808e-008	9.872573e-006
6.238340059831801e-008	1.314419e-005	-4.392081e-007	1.079038e-006	2.528948e-008	9.869193e-006
6.242611488403234e-008	1.316749e-005	-3.852614e-007	1.073857e-006	2.527806e-008	9.865741e-006
6.242711488403234e-008	1.316802e-005	-3.840455e-007	1.073736e-006	2.527783e-008	9.865660e-006
6.246982916974667e-008	1.318465e-005	-3.342901e-007	1.068589e-006	2.527194e-008	9.862156e-006
6.251254345546101e-008	1.319546e-005	-2.875922e-007	1.063473e-006	2.527020e-008	9.858609e-006
6.255525774117534e-008	1.320043e-005	-2.439519e-007	1.058387e-006	2.527262e-008	9.855018e-006
6.259797202688968e-008	1.319956e-005	-2.033692e-007	1.053331e-006	2.527918e-008	9.851384e-006
6.264068631260401e-008	1.319287e-005	-1.658440e-007	1.048305e-006	2.528990e-008	9.847706e-006
6.268340059831835e-008	1.318034e-005	-1.313764e-007	1.043310e-006	2.530477e-008	9.843986e-006
6.272611488403268e-008	1.316198e-005	-9.996626e-008	1.038344e-006	2.532379e-008	9.840222e-006
6.272711488403268e-008	1.316154e-005	-9.925203e-008	1.038228e-006	2.532425e-008	9.840132e-006
6.276982916974701e-008	1.314001e-005	-7.035121e-008	1.033292e-006	2.534596e-008	9.836336e-006
6.281254345546135e-008	1.311583e-005	-4.340818e-008	1.028383e-006	2.536968e-008	9.832512e-006
6.285525774117568e-008	1.308899e-005	-1.842294e-008	1.023502e-006	2.539541e-008	9.828661e-006
6.289797202689002e-008	1.305951e-005	4.604510e-009	1.018648e-006	2.542314e-008	9.824782e-006
6.294068631260435e-008	1.302737e-005	2.567418e-008	1.013822e-006	2.545288e-008	9.820875e-006
6.298340059831869e-008	1.299258e-005	4.478606e-008	1.009023e-006	2.548462e-008	9.816941e-006
6.302611488403302e-008	1.295513e-005	6.194015e-008	1.004251e-006	2.551837e-008	9.812979e-006
6.302711488403302e-008	1.295425e-005	6.233148e-008	1.004140e-006	2.551917e-008	9.812887e-006
6.306982916974735e-008	1.291532e-005	7.806397e-008	9.993951e-007	2.555399e-008	9.808904e-006
6.311254345546169e-008	1.287521e-005	9.265830e-008	9.946761e-007	2.558954e-008	9.804903e-006
6.315525774117602e-008	1.283392e-005	1.061145e-007	9.899829e-007	2.562581e-008	9.800883e-006
6.319797202689036e-008	1.279143e-005	1.184325e-007	9.853155e-007	2.566282e-008	9.796846e-006
6.324068631260469e-008	1.274776e-005	1.296124e-007	9.806738e-007	2.570056e-008	9.792789e-006
6.328340059831903e-008	1.270290e-005	1.396542e-007	9.760579e-007	2.573903e-008	9.788715e-006
6.332611488403336e-008	1.265685e-005	1.485578e-007	9.714678e-007	2.577822e-008	9.784621e-006
6.332711488403336e-008	1.265577e-005	1.487610e-007	9.713607e-007	2.577914e-008	9.784525e-006
6.336982916974769e-008	1.260910e-005	1.568811e-007	9.667961e-007	2.581852e-008	9.780417e-006
6.341254345546203e-008	1.256197e-005	1.643667e-007	9.622560e-007	2.585792e-008	9.776295e-006
6.345525774117636e-008	1.251437e-005	1.712180e-007	9.577403e-007	2.589735e-008	9.772160e-006
6.349797202689070e-008	1.246630e-005	1.774350e-007	9.532490e-007	2.593681e-008	9.768012e-006
6.354068631260503e-008	1.241777e-005	1.830177e-007	9.487822e-007	2.597629e-008	9.763851e-006
6.358340059831937e-008	1.236877e-005	1.879659e-007	9.443398e-007	2.601580e-008	9.759676e-006
6.362611488403370e-008	1.231930e-005	1.922799e-007	9.399218e-007	2.605534e-008	9.755488e-006
6.362711488403370e-008	1.231814e-005	1.923782e-007	9.398186e-007	2.605626e-008	9.755390e-006
6.366982916974803e-008	1.226850e-005	1.962670e-007	9.354250e-007	2.609552e-008	9.751191e-006
6.371254345546237e-008	1.221876e-005	1.998103e-007	9.310546e-007	2.613443e-008	9.746981e-006
6.375525774117670e-008	1.216891e-005	2.030079e-007	9.267076e-007	2.617301e-008	9.742762e-006
6.379797202689104e-008	1.211897e-005	2.058600e-007	9.223838e-007	2.621124e-008	9.738532e-006
6.384068631260537e-008	1.206893e-005	2.083665e-007	9.180834e-007	2.624914e-008	9.734292e-006
6.388340059831971e-008	1.201879e-005	2.105275e-007	9.138062e-007	2.628669e-008	9.730043e-006
6.392611488403404e-008	1.196855e-005	2.123429e-007	9.095524e-007	2.632390e-008	9.725783e-006
6.392711488403404e-008	1.196738e-005	2.123840e-007	9.094531e-007	2.632476e-008	9.725683e-006
6.422711488403438e-008	1.161676e-005	2.196193e-007	8.802114e-007	2.657158e-008	9.695525e-006
6.452711488403472e-008	1.127301e-005	2.200652e-007	8.520457e-007	2.679067e-008	9.664998e-006
6.482711488403506e-008	1.093944e-005	2.169768e-007	8.249115e-007	2.697977e-008	9.634158e-006
6.512711488403540e-008	1.061837e-005	2.118876e-007	7.987665e-007	2.713857e-008	9.603050e-006
6.542711488403574e-008	1.030919e-005	2.061872e-007	7.735733e-007	2.726779e-008	9.571703e-006
6.546154345546435e-008	1.027445e-005	2.055149e-007	7.707414e-007	2.728079e-008	9.568092e-006
6.549597202689296e-008	1.023987e-005	2.048400e-007	7.679212e-007	2.729343e-008	9.564477e-006
6.553040059832158e-008	1.020544e-005	2.041625e-007	7.651127e-007	2.730570e-008	9.560861e-006
6.556482916975017e-008	1.017117e-005	2.034824e-007	7.623158e-007	2.731762e-008	9.557241e-006
6.559925774117879e-008	1.013705e-005	2.027996e-007	7.595305e-007	2.732917e-008	9.553619e-006
6.563368631260740e-008	1.010309e-005	2.021142e-007	7.567569e-007	2.734035e-008	9.549995e-006
6.566811488403601e-008	1.006929e-005	2.014263e-007	7.539949e-007	2.735118e-008	9.546367e-006
6.567640059832174e-008	1.006117e-005	2.012610e-007	7.533369e-007	2.735373e-008	9.545494e-006
6.568468631260746e-008	1.005307e-005	2.010948e-007	7.526636e-007	2.735627e-008	9.544620e-006
6.569297202689319e-008	1.004498e-005	2.009279e-007	7.519750e-007	2.735878e-008	9.543747e-006
6.570125774117890e-008	1.003690e-005	2.007602e-007	7.512711e-007	2.736127e-008	9.542873e-006
6.570954345546463e-008	1.002883e-005	2.005916e-007	7.505519e-007	2.736374e-008	9.541999e-006
6.571782916975035e-008	1.002077e-005	2.004222e-007	7.498174e-007	2.736620e-008	9.541125e-006
6.572611488403608e-008	1.001273e-005	2.002520e-007	7.490676e-007	2.736863e-008	9.540251e-006
6.572711488403608e-008	1.001175e-005	2.002313e-007	7.489741e-007	2.736892e-008	9.540146e-006
6.573754345546466e-008	1.000165e-005	2.000147e-007	7.479892e-007	2.737195e-008	9.539045e-006
6.574797202689325e-008	9.991568e-006	1.997937e-007	7.469335e-007	2.737495e-008	9.537945e-006
6.575840059832183e-008	9.981517e-006	1.995684e-007	7.458070e-007	2.737791e-008	9.536844e-006
6.576882916975041e-008	9.971493e-006	1.993388e-007	7.446097e-007	2.738084e-008	9.535743e-006
6.577925774117899e-008	9.961496e-006	1.991048e-007	7.433417e-007	2.738374e-008	9.534642e-006
6.578968631260758e-008	9.951528e-006	1.988665e-007	7.420029e-007	2.738661e-008	9.533541e-006
6.580011488403616e-008	9.941587e-006	1.986239e-007	7.405933e-007	2.738945e-008	9.532439e-006
6.580740059832189e-008	9.934664e-006	1.984507e-007	7.395458e-007	2.739141e-008	9.531670e-006
6.581468631260760e-008	9.927755e-006	1.982753e-007	7.384557e-007	2.739336e-008	9.530900e-006
6.582197202689333e-008	9.920861e-006	1.980976e-007	7.373229e-007	2.739529e-008	9.530130e-006
6.582925774117905e-008	9.913982e-006	1.979178e-007	7.361475e-007	2.739721e-008	9.529361e-006
6.583654345546478e-008	9.907118e-006	1.977359e-007	7.349295e-007	2.739911e-008	9.528591e-006
6.584382916975049e-008	9.900269e-006	1.975517e-007	7.336689e-007	2.740099e-008	9.527821e-006
6.585111488403622e-008	9.893435e-006	1.973653e-007	7.323656e-007	2.740286e-008	9.527051e-006
6.585968631260766e-008	9.885415e-006	1.971435e-007	7.307761e-007	2.740504e-008	9.526145e-006
6.586825774117909e-008	9.877411e-006	1.969203e-007	7.291425e-007	2.740720e-008	9.525239e-006
6.587682916975053e-008	9.869425e-006	1.966958e-007	7.274648e-007	2.740934e-008	9.524332e-006
6.588540059832198e-008	9.861456e-006	1.964699e-007	7.257431e-007	2.741146e-008	9.523426e-006
6.589397202689341e-008	9.853504e-006	1.962427e-007	7.239774e-007	2.741355e-008	9.522520e-006
6.590254345546485e-008	9.845569e-006	1.960141e-007	7.221676e-007	2.741563e-008	9.521613e-006
6.591111488403629e-008	9.837651e-006	1.957842e-007	7.203138e-007	2.741768e-008	9.520706e-006
6.591411488403629e-008	9.834884e-006	1.957039e-007	7.196599e-007	2.741839e-008	9.520389e-006
6.591611488403629e-008	9.833038e-006	1.956504e-007	7.192217e-007	2.741887e-008	9.520177e-006
6.591811488403630e-008	9.831195e-006	1.955968e-007	7.187819e-007	2.741934e-008	9.519966e-006
6.592111488403630e-008	9.828430e-006	1.955165e-007	7.181192e-007	2.742005e-008	9.519648e-006
6.592611488403630e-008	9.823827e-006	1.953825e-007	7.170052e-007	2.742122e-008	9.519119e-006
6.593111488403631e-008	9.819228e-006	1.952487e-007	7.158835e-007	2.742239e-008	9.518590e-006
6.593611488403632e-008	9.814632e-006	1.951151e-007	7.147539e-007	2.742355e-008	9.518060e-006
6.594111488403632e-008	9.810041e-006	1.949817e-007	7.136165e-007	2.742470e-008	9.517531e-006
6.594611488403633e-008	9.805454e-006	1.948484e-007	7.124713e-007	2.742585e-008	9.517002e-006
6.595111488403633e-008	9.800871e-006	1.947154e-007	7.113183e-007	2.742698e-008	9.516473e-006
6.595611488403634e-008	9.796292e-006	1.945826e-007	7.101575e-007	2.742811e-008	9.515944e-006
6.596468631260777e-008	9.788451e-006	1.943557e-007	7.081520e-007	2.743004e-008	9.515036e-006
6.597325774117921e-008	9.780617e-006	1.941307e-007	7.061351e-007	2.743194e-008	9.514129e-006
6.598182916975065e-008	9.772791e-006	1.939076e-007	7.041068e-007	2.743382e-008	9.513221e-006
6.599040059832210e-008	9.764972e-006	1.936864e-007	7.020671e-007	2.743568e-008	9.512313e-006
6.599897202689353e-008	9.757161e-006	1.934672e-007	7.000159e-007	2.743752e-008	9.511405e-006
6.600754345546497e-008	9.749358e-006	1.932498e-007	6.979534e-007	2.743934e-008	9.510497e-006
6.601611488403641e-008	9.741562e-006	1.930344e-007	6.958794e-007	2.744113e-008	9.509588e-006
6.602711488403642e-008	9.731563e-006	1.927620e-007	6.932131e-007	2.744341e-008	9.508423e-006
6.603325774117928e-008	9.725984e-006	1.926117e-007	6.917186e-007	2.744467e-008	9.507772e-006
6.603940059832215e-008	9.720407e-006	1.924627e-007	6.902231e-007	2.744591e-008	9.507120e-006
6.604554345546501e-008	9.714832e-006	1.923151e-007	6.887268e-007	2.744715e-008	9.506469e-006
6.605168631260787e-008	9.709258e-006	1.921689e-007	6.872295e-007	2.744838e-008	9.505818e-006
6.605782916975073e-008	9.703687e-006	1.920241e-007	6.857312e-007	2.744959e-008	9.505166e-006
6.606397202689361e-008	9.698118e-006	1.918806e-007	6.842320e-007	2.745080e-008	9.504515e-006
6.607011488403647e-008	9.692551e-006	1.917385e-007	6.827319e-007	2.745199e-008	9.503864e-006
6.609068631260792e-008	9.673922e-006	1.912746e-007	6.777325e-007	2.745592e-008	9.501681e-006
6.611125774117937e-008	9.655308e-006	1.908250e-007	6.727572e-007	2.745973e-008	9.499498e-006
6.613182916975082e-008	9.636709e-006	1.903897e-007	6.678062e-007	2.746343e-008	9.497314e-006
6.615240059832228e-008	9.618125e-006	1.899686e-007	6.628795e-007	2.746702e-008	9.495129e-006
6.617297202689373e-008	9.599556e-006	1.895618e-007	6.579769e-007	2.747050e-008	9.492943e-006
6.619354345546518e-008	9.581003e-006	1.891693e-007	6.530986e-007	2.747386e-008	9.490756e-006
6.621411488403663e-008	9.562464e-006	1.887911e-007	6.482446e-007	2.747712e-008	9.488569e-006
6.622697202689379e-008	9.550884e-006	1.885599e-007	6.452143e-007	2.747909e-008	9.487202e-006
6.623982916975094e-008	9.539311e-006	1.883322e-007	6.421906e-007	2.748103e-008	9.485834e-006
6.625268631260810e-008	9.527746e-006	1.881080e-007	6.391735e-007	2.748293e-008	9.484466e-006
6.626554345546526e-008	9.516187e-006	1.878873e-007	6.361630e-007	2.748478e-008	9.483097e-006
6.627840059832242e-008	9.504636e-006	1.876701e-007	6.331592e-007	2.748659e-008	9.481728e-006
6.629125774117957e-008	9.493092e-006	1.874565e-007	6.301619e-007	2.748836e-008	9.480359e-006
6.630411488403673e-008	9.481555e-006	1.872463e-007	6.271713e-007	2.749008e-008	9.478989e-006
6.632711488403676e-008	9.460940e-006	1.868757e-007	6.218437e-007	2.749307e-008	9.476539e-006
6.636982916975109e-008	9.421045e-006	1.866416e-007	6.120197e-007	2.749841e-008	9.471980e-006
6.641254345546543e-008	9.382864e-006	1.859720e-007	6.022689e-007	2.750320e-008	9.467423e-006
6.645525774117976e-008	9.346397e-006	1.848669e-007	5.925913e-007	2.750744e-008	9.462868e-006
6.649797202689410e-008	9.311644e-006	1.833263e-007	5.829870e-007	2.751115e-008	9.458315e-006
6.654068631260843e-008	9.278605e-006	1.813502e-007	5.734558e-007	2.751431e-008	9.453765e-006
6.658340059832277e-008	9.247280e-006	1.789386e-007	5.639978e-007	2.751692e-008	9.449216e-006
6.662611488403710e-008	9.217669e-006	1.760915e-007	5.546131e-007	2.751899e-008	9.444670e-006
6.662711488403710e-008	9.216897e-006	1.760598e-007	5.543941e-007	2.751903e-008	9.444564e-006
6.666982916975143e-008	9.182920e-006	1.751707e-007	5.450759e-007	2.752035e-008	9.440004e-006
6.671254345546577e-008	9.148509e-006	1.744502e-007	5.358190e-007	2.752130e-008	9.435440e-006
6.675525774118010e-008	9.113666e-006	1.738981e-007	5.266234e-007	2.752187e-008	9.430872e-006
6.679797202689444e-008	9.078388e-006	1.735146e-007	5.174890e-007	2.752207e-008	9.426299e-006
6.684068631260877e-008	9.042678e-006	1.732995e-007	5.084160e-007	2.752189e-008	9.421722e-006
6.688340059832311e-008	9.006534e-006	1.732529e-007	4.994043e-007	2.752134e-008	9.417141e-006
6.692611488403744e-008	8.969957e-006	1.733749e-007	4.904538e-007	2.752042e-008	9.412555e-006
6.692711488403744e-008	8.969103e-006	1.733756e-007	4.902449e-007	2.752039e-008	9.412447e-006
6.722711488403778e-008	8.713921e-006	1.726685e-007	4.289712e-007	2.750513e-008	9.380155e-006
6.752711488403812e-008	8.469318e-006	1.689285e-007	3.703400e-007	2.747318e-008	9.347758e-006
6.782711488403846e-008	8.238020e-006	1.634706e-007	3.141812e-007	2.742364e-008	9.315293e-006
6.812711488403880e-008	8.018586e-006	1.576514e-007	2.603627e-007	2.735691e-008	9.282778e-006
6.842711488403914e-008	7.809660e-006	1.519986e-007	2.087716e-007	2.727403e-008	9.250225e-006
6.872711488403948e-008	7.610104e-006	1.466750e-007	1.593072e-007	2.717627e-008	9.217646e-006
6.902711488403982e-008	7.419066e-006	1.416828e-007	1.118771e-007	2.706487e-008	9.185051e-006
6.932711488404016e-008	7.235903e-006	1.369762e-007	6.639502e-008	2.694098e-008	9.152448e-006
6.962711488404050e-008	7.060123e-006	1.325041e-007	2.277451e-008	2.680564e-008	9.119850e-006
6.992711488404084e-008	6.891100e-006	1.282830e-007	-1.905870e-008	2.665983e-008	9.087262e-006
6.996540059832660e-008	6.869158e-006	1.280579e-007	-2.427200e-008	2.664053e-008	9.083102e-006
7.000368631261235e-008	6.847875e-006	1.276386e-007	-2.945785e-008	2.662106e-008	9.078944e-006
7.004197202689812e-008	6.827252e-006	1.270252e-007	-3.461626e-008	2.660144e-008	9.074788e-006
7.008025774118387e-008	6.807288e-006	1.262177e-007	-3.974723e-008	2.658166e-008	9.070634e-006
7.011854345546963e-008	6.787984e-006	1.252160e-007	-4.485076e-008	2.656173e-008	9.066482e-006
7.015682916975538e-008	6.769339e-006	1.240202e-007	-4.992686e-008	2.654164e-008	9.062332e-006
7.019511488404114e-008	6.751354e-006	1.226303e-007	-5.497551e-008	2.652139e-008	9.058183e-006
7.019954345546972e-008	6.751105e-006	1.218326e-007	-5.555780e-008	2.651902e-008	9.057709e-006
7.020397202689830e-008	6.751565e-006	1.208032e-007	-5.613974e-008	2.651664e-008	9.057236e-006
7.020840059832688e-008	6.752736e-006	1.195422e-007	-5.672133e-008	2.651423e-008	9.056766e-006
7.021282916975544e-008	6.754617e-006	1.180494e-007	-5.730255e-008	2.651180e-008	9.056298e-006
7.021725774118402e-008	6.757208e-006	1.163250e-007	-5.788343e-008	2.650935e-008	9.055832e-006
7.022168631261260e-008	6.760509e-006	1.143689e-007	-5.846394e-008	2.650688e-008	9.055368e-006
7.022611488404118e-008	6.764521e-006	1.121812e-007	-5.904410e-008	2.650439e-008	9.054907e-006
7.022711488404118e-008	6.765586e-006	1.116369e-007	-5.917506e-008	2.650383e-008	9.054802e-006
7.024540059832692e-008	6.791316e-006	9.887089e-008	-6.156641e-008	2.649397e-008	9.052918e-006
7.026368631261265e-008	6.840986e-006	7.949344e-008	-6.395196e-008	2.648246e-008	9.051114e-006
7.028197202689839e-008	6.914597e-006	5.350460e-008	-6.633169e-008	2.646930e-008	9.049389e-006
7.030025774118412e-008	7.012147e-006	2.090436e-008	-6.870561e-008	2.645450e-008	9.047744e-006
7.031854345546986e-008	7.133637e-006	-1.830726e-008	-7.107371e-008	2.643805e-008	9.046177e-006
7.033682916975559e-008	7.279068e-006	-6.413029e-008	-7.343601e-008	2.641995e-008	9.044690e-006
7.035511488404133e-008	7.448438e-006	-1.165647e-007	-7.579249e-008	2.640020e-008	9.043282e-006
7.036797202689849e-008	7.582022e-006	-1.561364e-007	-7.744604e-008	2.638417e-008	9.042349e-006
7.038082916975564e-008	7.719170e-006	-1.954776e-007	-7.909674e-008	2.636678e-008	9.041437e-006
7.039368631261280e-008	7.859883e-006	-2.345886e-007	-8.074460e-008	2.634803e-008	9.040544e-006
7.040654345546996e-008	8.004160e-006	-2.734691e-007	-8.238962e-008	2.632793e-008	9.039670e-006
7.041940059832712e-008	8.152003e-006	-3.121193e-007	-8.403179e-008	2.630647e-008	9.038817e-006
7.043225774118427e-008	8.303410e-006	-3.505390e-007	-8.567113e-008	2.628365e-008	9.037984e-006
7.044511488404143e-008	8.458383e-006	-3.887284e-007	-8.730762e-008	2.625948e-008	9.037170e-006
7.045668631261287e-008	8.594676e-006	-4.207323e-007	-8.877802e-008	2.623657e-008	9.036439e-006
7.046825774118431e-008	8.728337e-006	-4.509335e-007	-9.024608e-008	2.621285e-008	9.035706e-006
7.047982916975575e-008	8.859363e-006	-4.793322e-007	-9.171182e-008	2.618832e-008	9.034971e-006
7.049140059832720e-008	8.987757e-006	-5.059282e-007	-9.317522e-008	2.616298e-008	9.034236e-006
7.050297202689864e-008	9.113517e-006	-5.307217e-007	-9.463629e-008	2.613684e-008	9.033500e-006
7.051454345547008e-008	9.236643e-006	-5.537125e-007	-9.609503e-008	2.610988e-008	9.032762e-006
7.052611488404152e-008	9.357136e-006	-5.749008e-007	-9.755144e-008	2.608212e-008	9.032024e-006
7.052711488404152e-008	9.367312e-006	-5.766309e-007	-9.767719e-008	2.607971e-008	9.031960e-006
7.055154345547012e-008	9.606087e-006	-6.126207e-007	-1.007437e-007	2.601810e-008	9.030381e-006
7.057597202689872e-008	9.825995e-006	-6.411604e-007	-1.037997e-007	2.595580e-008	9.028760e-006
7.060040059832732e-008	1.002704e-005	-6.622500e-007	-1.068453e-007	2.589281e-008	9.027096e-006
7.062482916975591e-008	1.020921e-005	-6.758896e-007	-1.098805e-007	2.582913e-008	9.025390e-006
7.064925774118451e-008	1.037252e-005	-6.820791e-007	-1.129052e-007	2.576477e-008	9.023642e-006
7.067368631261311e-008	1.051696e-005	-6.808185e-007	-1.159194e-007	2.569971e-008	9.021851e-006
7.069811488404172e-008	1.064253e-005	-6.721078e-007	-1.189232e-007	2.563397e-008	9.020017e-006
7.071640059832746e-008	1.072954e-005	-6.643213e-007	-1.211649e-007	2.558591e-008	9.018623e-006
7.073468631261318e-008	1.081067e-005	-6.551449e-007	-1.234007e-007	2.553854e-008	9.017212e-006
7.075297202689892e-008	1.088593e-005	-6.445787e-007	-1.256308e-007	2.549185e-008	9.015783e-006
7.077125774118465e-008	1.095530e-005	-6.326228e-007	-1.278551e-007	2.544584e-008	9.014337e-006
7.078954345547039e-008	1.101879e-005	-6.192771e-007	-1.300736e-007	2.540051e-008	9.012874e-006
7.080782916975612e-008	1.107640e-005	-6.045416e-007	-1.322863e-007	2.535585e-008	9.011393e-006
7.082611488404186e-008	1.112814e-005	-5.884164e-007	-1.344933e-007	2.531188e-008	9.009895e-006
7.082711488404186e-008	1.113085e-005	-5.875284e-007	-1.346138e-007	2.530951e-008	9.009813e-006
7.085182916975617e-008	1.119186e-005	-5.642299e-007	-1.375868e-007	2.525169e-008	9.007759e-006
7.087654345547049e-008	1.124632e-005	-5.404627e-007	-1.405496e-007	2.519565e-008	9.005681e-006
7.090125774118480e-008	1.129425e-005	-5.162269e-007	-1.435022e-007	2.514139e-008	9.003578e-006
7.092597202689912e-008	1.133564e-005	-4.915224e-007	-1.464445e-007	2.508892e-008	9.001451e-006
7.095068631261343e-008	1.137049e-005	-4.663492e-007	-1.493765e-007	2.503822e-008	8.999300e-006
7.097540059832775e-008	1.139880e-005	-4.407074e-007	-1.522983e-007	2.498931e-008	8.997124e-006
7.100011488404206e-008	1.142056e-005	-4.145969e-007	-1.552099e-007	2.494218e-008	8.994924e-006
7.100925774118492e-008	1.142787e-005	-4.051695e-007	-1.562872e-007	2.492522e-008	8.994106e-006
7.101840059832780e-008	1.143458e-005	-3.957888e-007	-1.573649e-007	2.490850e-008	8.993286e-006
7.102754345547066e-008	1.144072e-005	-3.864547e-007	-1.584428e-007	2.489202e-008	8.992462e-006
7.103668631261353e-008	1.144628e-005	-3.771672e-007	-1.595209e-007	2.487579e-008	8.991636e-006
7.104582916975639e-008	1.145126e-005	-3.679265e-007	-1.605993e-007	2.485979e-008	8.990808e-006
7.105497202689927e-008	1.145566e-005	-3.587323e-007	-1.616780e-007	2.484404e-008	8.989977e-006
7.106411488404213e-008	1.145947e-005	-3.495849e-007	-1.627570e-007	2.482853e-008	8.989143e-006
7.107297202689929e-008	1.146268e-005	-3.407883e-007	-1.637981e-007	2.481373e-008	8.988333e-006
7.108182916975643e-008	1.146546e-005	-3.320621e-007	-1.648374e-007	2.479914e-008	8.987521e-006
7.109068631261359e-008	1.146779e-005	-3.234062e-007	-1.658747e-007	2.478477e-008	8.986707e-006
7.109954345547074e-008	1.146969e-005	-3.148205e-007	-1.669102e-007	2.477061e-008	8.985890e-006
7.110840059832790e-008	1.147115e-005	-3.063051e-007	-1.679437e-007	2.475667e-008	8.985072e-006
7.111725774118504e-008	1.147217e-005	-2.978600e-007	-1.689754e-007	2.474294e-008	8.984251e-006
7.112611488404220e-008	1.147276e-005	-2.894853e-007	-1.700051e-007	2.472943e-008	8.983428e-006
7.112711488404220e-008	1.147280e-005	-2.885454e-007	-1.701213e-007	2.472791e-008	8.983335e-006
7.116982916975653e-008	1.146814e-005	-2.493085e-007	-1.750668e-007	2.466638e-008	8.979330e-006
7.121254345547087e-008	1.145782e-005	-2.122067e-007	-1.799808e-007	2.460873e-008	8.975291e-006
7.125525774118520e-008	1.144184e-005	-1.772398e-007	-1.848633e-007	2.455496e-008	8.971216e-006
7.129797202689954e-008	1.142019e-005	-1.444081e-007	-1.897142e-007	2.450508e-008	8.967106e-006
7.134068631261387e-008	1.139289e-005	-1.137113e-007	-1.945335e-007	2.445908e-008	8.962962e-006
7.138340059832821e-008	1.135992e-005	-8.514960e-008	-1.993213e-007	2.441696e-008	8.958782e-006
7.142611488404254e-008	1.132129e-005	-5.872293e-008	-2.040775e-007	2.437872e-008	8.954567e-006
7.142711488404254e-008	1.132039e-005	-5.812801e-008	-2.041885e-007	2.437785e-008	8.954467e-006
7.146982916975687e-008	1.127936e-005	-3.398132e-008	-2.089128e-007	2.434248e-008	8.950228e-006
7.151254345547121e-008	1.123621e-005	-1.148787e-008	-2.136079e-007	2.430927e-008	8.945969e-006
7.155525774118554e-008	1.119094e-005	9.352360e-009	-2.182737e-007	2.427824e-008	8.941690e-006
7.159797202689988e-008	1.114354e-005	2.853935e-008	-2.229102e-007	2.424936e-008	8.937392e-006
7.164068631261421e-008	1.109402e-005	4.607312e-008	-2.275175e-007	2.422265e-008	8.933073e-006
7.168340059832855e-008	1.104238e-005	6.195365e-008	-2.320955e-007	2.419811e-008	8.928734e-006
7.172611488404288e-008	1.098862e-005	7.618095e-008	-2.366442e-007	2.417574e-008	8.924376e-006
7.172711488404288e-008	1.098736e-005	7.650413e-008	-2.367504e-007	2.417522e-008	8.924274e-006
7.176982916975721e-008	1.093269e-005	8.945573e-008	-2.412707e-007	2.415421e-008	8.919902e-006
7.181254345547155e-008	1.087728e-005	1.014167e-007	-2.457637e-007	2.413424e-008	8.915517e-006
7.185525774118588e-008	1.082114e-005	1.123870e-007	-2.502296e-007	2.411531e-008	8.911121e-006
7.189797202690022e-008	1.076426e-005	1.223667e-007	-2.546682e-007	2.409742e-008	8.906714e-006
7.194068631261455e-008	1.070665e-005	1.313557e-007	-2.590797e-007	2.408057e-008	8.902294e-006
7.198340059832889e-008	1.064830e-005	1.393540e-007	-2.634639e-007	2.406475e-008	8.897863e-006
7.202611488404322e-008	1.058922e-005	1.463618e-007	-2.678210e-007	2.404998e-008	8.893419e-006
7.202711488404322e-008	1.058784e-005	1.465214e-007	-2.679227e-007	2.404964e-008	8.893316e-006
7.206982916975755e-008	1.052854e-005	1.528478e-007	-2.722529e-007	2.403542e-008	8.888864e-006
7.211254345547189e-008	1.046910e-005	1.586311e-007	-2.765573e-007	2.402161e-008	8.884405e-006
7.215525774118622e-008	1.040953e-005	1.638713e-007	-2.808358e-007	2.400821e-008	8.879938e-006
7.219797202690056e-008	1.034982e-005	1.685685e-007	-2.850886e-007	2.399521e-008	8.875465e-006
7.224068631261489e-008	1.028999e-005	1.727226e-007	-2.893155e-007	2.398262e-008	8.870984e-006
7.228340059832923e-008	1.023001e-005	1.763336e-007	-2.935167e-007	2.397043e-008	8.866495e-006
7.232611488404356e-008	1.016991e-005	1.794016e-007	-2.976920e-007	2.395865e-008	8.862000e-006
7.232711488404356e-008	1.016851e-005	1.794713e-007	-2.977895e-007	2.395837e-008	8.861895e-006
7.236982916975789e-008	1.010850e-005	1.821854e-007	-3.019390e-007	2.394674e-008	8.857394e-006
7.241254345547223e-008	1.004864e-005	1.846146e-007	-3.060640e-007	2.393517e-008	8.852888e-006
7.245525774118656e-008	9.988915e-006	1.867589e-007	-3.101643e-007	2.392368e-008	8.848377e-006
7.249797202690090e-008	9.929331e-006	1.886181e-007	-3.142400e-007	2.391226e-008	8.843862e-006
7.254068631261523e-008	9.869886e-006	1.901925e-007	-3.182910e-007	2.390092e-008	8.839342e-006
7.258340059832957e-008	9.810582e-006	1.914818e-007	-3.223174e-007	2.388965e-008	8.834817e-006
7.262611488404390e-008	9.751418e-006	1.924863e-007	-3.263192e-007	2.387846e-008	8.830287e-006
7.262711488404390e-008	9.750036e-006	1.925088e-007	-3.264126e-007	2.387819e-008	8.830181e-006
7.292711488404424e-008	9.341853e-006	1.952381e-007	-3.538468e-007	2.379722e-008	8.798272e-006
7.322711488404458e-008	8.948125e-006	1.928000e-007	-3.801416e-007	2.370976e-008	8.766227e-006
7.328511488404465e-008	8.873833e-006	1.919866e-007	-3.850978e-007	2.369186e-008	8.760019e-006
7.328611488404465e-008	8.872557e-006	1.919719e-007	-3.851829e-007	2.369155e-008	8.759912e-006
